scenario,date,h5_decision_rows,h5_resolved_rows,h5_rate,h5_gate,h10_decision_rows,h10_resolved_rows,h10_rate,h10_gate,consensus_resolved_rows,consensus_rate,consensus_gate
BASELINE,2023-12-28,262,227,0.8664122137404581,False,262,227,0.8664122137404581,False,227,0.8664122137404581,False
BASELINE,2023-12-29,263,227,0.8631178707224335,False,263,227,0.8631178707224335,False,227,0.8631178707224335,False
BASELINE,2024-01-02,265,230,0.8679245283018868,False,265,230,0.8679245283018868,False,230,0.8679245283018868,False
BASELINE,2024-01-03,263,228,0.8669201520912547,False,263,228,0.8669201520912547,False,228,0.8669201520912547,False
BASELINE,2024-01-04,262,227,0.8664122137404581,False,262,227,0.8664122137404581,False,227,0.8664122137404581,False
BASELINE,2024-01-05,260,225,0.8653846153846154,False,260,225,0.8653846153846154,False,225,0.8653846153846154,False
BASELINE,2024-01-08,262,226,0.8625954198473282,False,262,226,0.8625954198473282,False,226,0.8625954198473282,False
BASELINE,2024-01-09,260,224,0.8615384615384616,False,260,224,0.8615384615384616,False,224,0.8615384615384616,False
BASELINE,2024-01-10,258,222,0.8604651162790697,False,258,222,0.8604651162790697,False,222,0.8604651162790697,False
BASELINE,2024-01-11,253,217,0.857707509881423,False,253,217,0.857707509881423,False,217,0.857707509881423,False
BASELINE,2024-01-12,251,216,0.8605577689243028,False,251,216,0.8605577689243028,False,216,0.8605577689243028,False
BASELINE,2024-01-15,250,216,0.864,False,250,216,0.864,False,216,0.864,False
BASELINE,2024-01-16,251,216,0.8605577689243028,False,251,216,0.8605577689243028,False,216,0.8605577689243028,False
BASELINE,2024-01-17,251,216,0.8605577689243028,False,251,216,0.8605577689243028,False,216,0.8605577689243028,False
BASELINE,2024-01-18,251,217,0.8645418326693227,False,251,217,0.8645418326693227,False,217,0.8645418326693227,False
BASELINE,2024-01-19,249,215,0.8634538152610441,False,249,215,0.8634538152610441,False,215,0.8634538152610441,False
BASELINE,2024-01-22,247,213,0.8623481781376519,False,247,213,0.8623481781376519,False,213,0.8623481781376519,False
BASELINE,2024-01-23,247,213,0.8623481781376519,False,247,213,0.8623481781376519,False,213,0.8623481781376519,False
BASELINE,2024-01-24,246,212,0.8617886178861789,False,246,212,0.8617886178861789,False,212,0.8617886178861789,False
BASELINE,2024-01-25,246,212,0.8617886178861789,False,246,212,0.8617886178861789,False,212,0.8617886178861789,False
BASELINE,2024-01-26,246,212,0.8617886178861789,False,246,212,0.8617886178861789,False,212,0.8617886178861789,False
BASELINE,2024-01-29,243,209,0.8600823045267489,False,243,209,0.8600823045267489,False,209,0.8600823045267489,False
BASELINE,2024-01-30,243,209,0.8600823045267489,False,243,209,0.8600823045267489,False,209,0.8600823045267489,False
BASELINE,2024-01-31,242,208,0.859504132231405,False,242,208,0.859504132231405,False,208,0.859504132231405,False
BASELINE,2024-02-01,241,207,0.8589211618257261,False,241,207,0.8589211618257261,False,207,0.8589211618257261,False
BASELINE,2024-02-02,243,209,0.8600823045267489,False,243,209,0.8600823045267489,False,209,0.8600823045267489,False
BASELINE,2024-02-05,241,207,0.8589211618257261,False,241,207,0.8589211618257261,False,207,0.8589211618257261,False
BASELINE,2024-02-06,242,207,0.8553719008264463,False,242,207,0.8553719008264463,False,207,0.8553719008264463,False
BASELINE,2024-02-07,246,210,0.8536585365853658,False,246,210,0.8536585365853658,False,210,0.8536585365853658,False
BASELINE,2024-02-12,242,206,0.8512396694214877,False,242,206,0.8512396694214877,False,206,0.8512396694214877,False
BASELINE,2024-02-13,244,208,0.8524590163934426,False,244,208,0.8524590163934426,False,208,0.8524590163934426,False
BASELINE,2024-02-15,244,208,0.8524590163934426,False,244,208,0.8524590163934426,False,208,0.8524590163934426,False
BASELINE,2024-02-16,243,207,0.8518518518518519,False,243,207,0.8518518518518519,False,207,0.8518518518518519,False
BASELINE,2024-02-19,244,208,0.8524590163934426,False,244,208,0.8524590163934426,False,208,0.8524590163934426,False
BASELINE,2024-02-20,244,208,0.8524590163934426,False,244,208,0.8524590163934426,False,208,0.8524590163934426,False
BASELINE,2024-02-21,245,209,0.8530612244897959,False,245,209,0.8530612244897959,False,209,0.8530612244897959,False
BASELINE,2024-02-22,243,207,0.8518518518518519,False,243,207,0.8518518518518519,False,207,0.8518518518518519,False
BASELINE,2024-02-23,239,204,0.8535564853556485,False,239,204,0.8535564853556485,False,204,0.8535564853556485,False
BASELINE,2024-02-26,236,200,0.847457627118644,False,236,200,0.847457627118644,False,200,0.847457627118644,False
BASELINE,2024-02-27,236,201,0.8516949152542372,False,236,201,0.8516949152542372,False,201,0.8516949152542372,False
BASELINE,2024-02-28,236,201,0.8516949152542372,False,236,201,0.8516949152542372,False,201,0.8516949152542372,False
BASELINE,2024-02-29,237,202,0.8523206751054853,False,237,202,0.8523206751054853,False,202,0.8523206751054853,False
BASELINE,2024-03-01,232,198,0.853448275862069,False,232,198,0.853448275862069,False,198,0.853448275862069,False
BASELINE,2024-03-04,235,201,0.8553191489361702,False,235,201,0.8553191489361702,False,201,0.8553191489361702,False
BASELINE,2024-03-05,236,203,0.8601694915254238,False,236,203,0.8601694915254238,False,203,0.8601694915254238,False
BASELINE,2024-03-06,236,203,0.8601694915254238,False,236,203,0.8601694915254238,False,203,0.8601694915254238,False
BASELINE,2024-03-07,237,203,0.8565400843881856,False,237,203,0.8565400843881856,False,203,0.8565400843881856,False
BASELINE,2024-03-08,238,203,0.8529411764705882,False,238,203,0.8529411764705882,False,203,0.8529411764705882,False
BASELINE,2024-03-13,241,204,0.8464730290456431,False,241,204,0.8464730290456431,False,204,0.8464730290456431,False
BASELINE,2024-03-14,243,206,0.8477366255144033,False,243,206,0.8477366255144033,False,206,0.8477366255144033,False
BASELINE,2024-03-15,240,203,0.8458333333333333,False,240,203,0.8458333333333333,False,203,0.8458333333333333,False
BASELINE,2024-03-18,243,206,0.8477366255144033,False,243,206,0.8477366255144033,False,206,0.8477366255144033,False
BASELINE,2024-03-19,243,206,0.8477366255144033,False,243,206,0.8477366255144033,False,206,0.8477366255144033,False
BASELINE,2024-03-20,242,205,0.8471074380165289,False,242,205,0.8471074380165289,False,205,0.8471074380165289,False
BASELINE,2024-03-21,242,205,0.8471074380165289,False,242,205,0.8471074380165289,False,205,0.8471074380165289,False
BASELINE,2024-03-22,242,205,0.8471074380165289,False,242,205,0.8471074380165289,False,205,0.8471074380165289,False
BASELINE,2024-03-25,243,205,0.8436213991769548,False,243,205,0.8436213991769548,False,205,0.8436213991769548,False
BASELINE,2024-03-26,244,207,0.8483606557377049,False,244,207,0.8483606557377049,False,207,0.8483606557377049,False
BASELINE,2024-03-27,245,207,0.8448979591836735,False,245,207,0.8448979591836735,False,207,0.8448979591836735,False
BASELINE,2024-03-28,244,206,0.8442622950819673,False,244,206,0.8442622950819673,False,206,0.8442622950819673,False
BASELINE,2024-04-01,250,212,0.848,False,250,212,0.848,False,212,0.848,False
BASELINE,2024-04-02,250,212,0.848,False,250,212,0.848,False,212,0.848,False
BASELINE,2024-04-03,251,213,0.848605577689243,False,251,213,0.848605577689243,False,213,0.848605577689243,False
BASELINE,2024-04-04,250,213,0.852,False,250,213,0.852,False,213,0.852,False
BASELINE,2024-04-05,250,213,0.852,False,250,213,0.852,False,213,0.852,False
BASELINE,2024-04-16,250,213,0.852,False,250,213,0.852,False,213,0.852,False
BASELINE,2024-04-17,249,212,0.8514056224899599,False,249,212,0.8514056224899599,False,212,0.8514056224899599,False
BASELINE,2024-04-18,247,210,0.8502024291497976,False,247,210,0.8502024291497976,False,210,0.8502024291497976,False
BASELINE,2024-04-19,246,210,0.8536585365853658,False,246,210,0.8536585365853658,False,210,0.8536585365853658,False
BASELINE,2024-04-22,246,210,0.8536585365853658,False,246,210,0.8536585365853658,False,210,0.8536585365853658,False
BASELINE,2024-04-23,245,209,0.8530612244897959,False,245,209,0.8530612244897959,False,209,0.8530612244897959,False
BASELINE,2024-04-24,245,209,0.8530612244897959,False,245,209,0.8530612244897959,False,209,0.8530612244897959,False
BASELINE,2024-04-25,246,210,0.8536585365853658,False,246,210,0.8536585365853658,False,210,0.8536585365853658,False
BASELINE,2024-04-26,246,210,0.8536585365853658,False,246,210,0.8536585365853658,False,210,0.8536585365853658,False
BASELINE,2024-04-29,246,210,0.8536585365853658,False,246,210,0.8536585365853658,False,210,0.8536585365853658,False
BASELINE,2024-04-30,245,209,0.8530612244897959,False,245,209,0.8530612244897959,False,209,0.8530612244897959,False
BASELINE,2024-05-02,242,206,0.8512396694214877,False,242,206,0.8512396694214877,False,206,0.8512396694214877,False
BASELINE,2024-05-03,240,204,0.85,False,240,204,0.85,False,204,0.85,False
BASELINE,2024-05-06,240,204,0.85,False,240,204,0.85,False,204,0.85,False
BASELINE,2024-05-07,242,206,0.8512396694214877,False,242,206,0.8512396694214877,False,206,0.8512396694214877,False
BASELINE,2024-05-08,242,206,0.8512396694214877,False,242,206,0.8512396694214877,False,206,0.8512396694214877,False
BASELINE,2024-05-13,243,208,0.8559670781893004,False,243,208,0.8559670781893004,False,208,0.8559670781893004,False
BASELINE,2024-05-14,243,208,0.8559670781893004,False,243,208,0.8559670781893004,False,208,0.8559670781893004,False
BASELINE,2024-05-15,242,207,0.8553719008264463,False,242,207,0.8553719008264463,False,207,0.8553719008264463,False
BASELINE,2024-05-16,246,210,0.8536585365853658,False,246,210,0.8536585365853658,False,210,0.8536585365853658,False
BASELINE,2024-05-17,246,210,0.8536585365853658,False,246,210,0.8536585365853658,False,210,0.8536585365853658,False
BASELINE,2024-05-20,245,209,0.8530612244897959,False,245,209,0.8530612244897959,False,209,0.8530612244897959,False
BASELINE,2024-05-21,243,207,0.8518518518518519,False,243,207,0.8518518518518519,False,207,0.8518518518518519,False
BASELINE,2024-05-22,243,207,0.8518518518518519,False,243,207,0.8518518518518519,False,207,0.8518518518518519,False
BASELINE,2024-05-27,243,207,0.8518518518518519,False,243,207,0.8518518518518519,False,207,0.8518518518518519,False
BASELINE,2024-05-28,242,206,0.8512396694214877,False,242,206,0.8512396694214877,False,206,0.8512396694214877,False
BASELINE,2024-05-29,243,207,0.8518518518518519,False,243,207,0.8518518518518519,False,207,0.8518518518518519,False
BASELINE,2024-05-30,242,207,0.8553719008264463,False,242,207,0.8553719008264463,False,207,0.8553719008264463,False
BASELINE,2024-05-31,242,206,0.8512396694214877,False,242,206,0.8512396694214877,False,206,0.8512396694214877,False
BASELINE,2024-06-03,243,208,0.8559670781893004,False,243,207,0.8518518518518519,False,207,0.8518518518518519,False
BASELINE,2024-06-04,240,205,0.8541666666666666,False,240,204,0.85,False,204,0.85,False
BASELINE,2024-06-05,238,203,0.8529411764705882,False,238,201,0.8445378151260504,False,201,0.8445378151260504,False
BASELINE,2024-06-06,238,203,0.8529411764705882,False,238,201,0.8445378151260504,False,201,0.8445378151260504,False
BASELINE,2024-06-07,237,202,0.8523206751054853,False,237,200,0.8438818565400844,False,200,0.8438818565400844,False
BASELINE,2024-06-10,238,202,0.8487394957983193,False,238,201,0.8445378151260504,False,201,0.8445378151260504,False
BASELINE,2024-06-11,238,202,0.8487394957983193,False,238,200,0.8403361344537815,False,200,0.8403361344537815,False
BASELINE,2024-06-12,237,201,0.8481012658227848,False,237,200,0.8438818565400844,False,200,0.8438818565400844,False
BASELINE,2024-06-13,237,201,0.8481012658227848,False,237,200,0.8438818565400844,False,200,0.8438818565400844,False
BASELINE,2024-06-14,238,203,0.8529411764705882,False,238,202,0.8487394957983193,False,202,0.8487394957983193,False
BASELINE,2024-06-19,236,201,0.8516949152542372,False,236,200,0.847457627118644,False,200,0.847457627118644,False
BASELINE,2024-06-20,236,200,0.847457627118644,False,236,200,0.847457627118644,False,200,0.847457627118644,False
BASELINE,2024-06-21,237,201,0.8481012658227848,False,237,201,0.8481012658227848,False,201,0.8481012658227848,False
BASELINE,2024-06-24,237,201,0.8481012658227848,False,237,201,0.8481012658227848,False,201,0.8481012658227848,False
BASELINE,2024-06-25,237,201,0.8481012658227848,False,237,200,0.8438818565400844,False,200,0.8438818565400844,False
BASELINE,2024-06-26,236,202,0.8559322033898306,False,236,201,0.8516949152542372,False,201,0.8516949152542372,False
BASELINE,2024-06-27,238,204,0.8571428571428571,False,238,203,0.8529411764705882,False,203,0.8529411764705882,False
BASELINE,2024-06-28,239,205,0.8577405857740585,False,239,204,0.8535564853556485,False,204,0.8535564853556485,False
BASELINE,2024-07-01,239,205,0.8577405857740585,False,239,204,0.8535564853556485,False,204,0.8535564853556485,False
BASELINE,2024-07-02,241,205,0.8506224066390041,False,241,205,0.8506224066390041,False,205,0.8506224066390041,False
BASELINE,2024-07-03,241,205,0.8506224066390041,False,241,205,0.8506224066390041,False,205,0.8506224066390041,False
BASELINE,2024-07-04,241,204,0.8464730290456431,False,241,204,0.8464730290456431,False,204,0.8464730290456431,False
BASELINE,2024-07-05,242,205,0.8471074380165289,False,242,205,0.8471074380165289,False,205,0.8471074380165289,False
BASELINE,2024-07-08,242,206,0.8512396694214877,False,242,206,0.8512396694214877,False,206,0.8512396694214877,False
BASELINE,2024-07-09,242,205,0.8471074380165289,False,242,205,0.8471074380165289,False,205,0.8471074380165289,False
BASELINE,2024-07-10,242,205,0.8471074380165289,False,242,205,0.8471074380165289,False,205,0.8471074380165289,False
BASELINE,2024-07-11,241,205,0.8506224066390041,False,241,205,0.8506224066390041,False,205,0.8506224066390041,False
BASELINE,2024-07-12,241,204,0.8464730290456431,False,241,204,0.8464730290456431,False,204,0.8464730290456431,False
BASELINE,2024-07-15,241,204,0.8464730290456431,False,241,204,0.8464730290456431,False,204,0.8464730290456431,False
BASELINE,2024-07-16,241,204,0.8464730290456431,False,241,204,0.8464730290456431,False,204,0.8464730290456431,False
BASELINE,2024-07-17,239,202,0.8451882845188284,False,239,202,0.8451882845188284,False,202,0.8451882845188284,False
BASELINE,2024-07-18,240,202,0.8416666666666667,False,240,202,0.8416666666666667,False,202,0.8416666666666667,False
BASELINE,2024-07-19,240,203,0.8458333333333333,False,240,203,0.8458333333333333,False,203,0.8458333333333333,False
BASELINE,2024-07-22,236,199,0.8432203389830508,False,236,199,0.8432203389830508,False,199,0.8432203389830508,False
BASELINE,2024-07-23,236,199,0.8432203389830508,False,236,199,0.8432203389830508,False,199,0.8432203389830508,False
BASELINE,2024-07-24,236,199,0.8432203389830508,False,236,199,0.8432203389830508,False,199,0.8432203389830508,False
BASELINE,2024-07-25,237,200,0.8438818565400844,False,237,200,0.8438818565400844,False,200,0.8438818565400844,False
BASELINE,2024-07-26,238,200,0.8403361344537815,False,238,200,0.8403361344537815,False,200,0.8403361344537815,False
BASELINE,2024-07-29,239,201,0.8410041841004184,False,239,201,0.8410041841004184,False,201,0.8410041841004184,False
BASELINE,2024-07-30,239,201,0.8410041841004184,False,239,201,0.8410041841004184,False,201,0.8410041841004184,False
BASELINE,2024-07-31,242,204,0.8429752066115702,False,242,204,0.8429752066115702,False,204,0.8429752066115702,False
BASELINE,2024-08-01,239,201,0.8410041841004184,False,239,201,0.8410041841004184,False,201,0.8410041841004184,False
BASELINE,2024-08-02,239,201,0.8410041841004184,False,239,201,0.8410041841004184,False,201,0.8410041841004184,False
BASELINE,2024-08-05,241,203,0.8423236514522822,False,241,203,0.8423236514522822,False,203,0.8423236514522822,False
BASELINE,2024-08-06,241,204,0.8464730290456431,False,241,204,0.8464730290456431,False,204,0.8464730290456431,False
BASELINE,2024-08-07,241,204,0.8464730290456431,False,241,204,0.8464730290456431,False,204,0.8464730290456431,False
BASELINE,2024-08-08,242,205,0.8471074380165289,False,242,205,0.8471074380165289,False,205,0.8471074380165289,False
BASELINE,2024-08-09,242,205,0.8471074380165289,False,242,205,0.8471074380165289,False,205,0.8471074380165289,False
BASELINE,2024-08-12,244,206,0.8442622950819673,False,244,206,0.8442622950819673,False,206,0.8442622950819673,False
BASELINE,2024-08-13,244,206,0.8442622950819673,False,244,206,0.8442622950819673,False,206,0.8442622950819673,False
BASELINE,2024-08-14,243,205,0.8436213991769548,False,243,205,0.8436213991769548,False,205,0.8436213991769548,False
BASELINE,2024-08-15,245,207,0.8448979591836735,False,245,207,0.8448979591836735,False,207,0.8448979591836735,False
BASELINE,2024-08-16,246,208,0.8455284552845529,False,246,208,0.8455284552845529,False,208,0.8455284552845529,False
BASELINE,2024-08-19,246,208,0.8455284552845529,False,246,208,0.8455284552845529,False,208,0.8455284552845529,False
BASELINE,2024-08-20,245,207,0.8448979591836735,False,245,207,0.8448979591836735,False,207,0.8448979591836735,False
BASELINE,2024-08-21,244,206,0.8442622950819673,False,244,206,0.8442622950819673,False,206,0.8442622950819673,False
BASELINE,2024-08-22,244,206,0.8442622950819673,False,244,206,0.8442622950819673,False,206,0.8442622950819673,False
BASELINE,2024-08-23,242,205,0.8471074380165289,False,242,205,0.8471074380165289,False,205,0.8471074380165289,False
BASELINE,2024-08-26,243,206,0.8477366255144033,False,243,206,0.8477366255144033,False,206,0.8477366255144033,False
BASELINE,2024-08-27,242,206,0.8512396694214877,False,242,206,0.8512396694214877,False,206,0.8512396694214877,False
BASELINE,2024-08-28,242,206,0.8512396694214877,False,242,206,0.8512396694214877,False,206,0.8512396694214877,False
BASELINE,2024-08-29,243,206,0.8477366255144033,False,243,206,0.8477366255144033,False,206,0.8477366255144033,False
BASELINE,2024-08-30,242,205,0.8471074380165289,False,242,205,0.8471074380165289,False,205,0.8471074380165289,False
BASELINE,2024-09-02,245,208,0.8489795918367347,False,245,208,0.8489795918367347,False,208,0.8489795918367347,False
BASELINE,2024-09-03,247,210,0.8502024291497976,False,247,210,0.8502024291497976,False,210,0.8502024291497976,False
BASELINE,2024-09-04,248,211,0.8508064516129032,False,248,211,0.8508064516129032,False,211,0.8508064516129032,False
BASELINE,2024-09-05,247,210,0.8502024291497976,False,247,210,0.8502024291497976,False,210,0.8502024291497976,False
BASELINE,2024-09-06,242,205,0.8471074380165289,False,242,205,0.8471074380165289,False,205,0.8471074380165289,False
BASELINE,2024-09-09,243,206,0.8477366255144033,False,243,206,0.8477366255144033,False,206,0.8477366255144033,False
BASELINE,2024-09-10,244,207,0.8483606557377049,False,244,207,0.8483606557377049,False,207,0.8483606557377049,False
BASELINE,2024-09-11,245,207,0.8448979591836735,False,245,207,0.8448979591836735,False,207,0.8448979591836735,False
BASELINE,2024-09-12,246,207,0.8414634146341463,False,246,207,0.8414634146341463,False,207,0.8414634146341463,False
BASELINE,2024-09-13,246,207,0.8414634146341463,False,246,207,0.8414634146341463,False,207,0.8414634146341463,False
BASELINE,2024-09-17,248,209,0.842741935483871,False,248,209,0.842741935483871,False,209,0.842741935483871,False
BASELINE,2024-09-18,245,208,0.8489795918367347,False,245,208,0.8489795918367347,False,208,0.8489795918367347,False
BASELINE,2024-09-19,246,208,0.8455284552845529,False,246,208,0.8455284552845529,False,208,0.8455284552845529,False
BASELINE,2024-09-20,246,209,0.8495934959349594,False,246,209,0.8495934959349594,False,209,0.8495934959349594,False
BASELINE,2024-09-23,246,209,0.8495934959349594,False,246,209,0.8495934959349594,False,209,0.8495934959349594,False
BASELINE,2024-09-24,247,209,0.8461538461538461,False,247,209,0.8461538461538461,False,209,0.8461538461538461,False
BASELINE,2024-09-25,246,208,0.8455284552845529,False,246,208,0.8455284552845529,False,208,0.8455284552845529,False
BASELINE,2024-09-26,248,211,0.8508064516129032,False,248,211,0.8508064516129032,False,211,0.8508064516129032,False
BASELINE,2024-09-27,247,210,0.8502024291497976,False,247,210,0.8502024291497976,False,210,0.8502024291497976,False
BASELINE,2024-09-30,248,211,0.8508064516129032,False,248,211,0.8508064516129032,False,211,0.8508064516129032,False
BASELINE,2024-10-01,248,211,0.8508064516129032,False,248,211,0.8508064516129032,False,211,0.8508064516129032,False
BASELINE,2024-10-02,248,210,0.8467741935483871,False,248,210,0.8467741935483871,False,210,0.8467741935483871,False
BASELINE,2024-10-03,247,209,0.8461538461538461,False,247,209,0.8461538461538461,False,209,0.8461538461538461,False
BASELINE,2024-10-04,249,210,0.8433734939759037,False,249,210,0.8433734939759037,False,210,0.8433734939759037,False
BASELINE,2024-10-07,248,209,0.842741935483871,False,248,209,0.842741935483871,False,209,0.842741935483871,False
BASELINE,2024-10-08,246,208,0.8455284552845529,False,246,208,0.8455284552845529,False,208,0.8455284552845529,False
BASELINE,2024-10-09,247,209,0.8461538461538461,False,247,209,0.8461538461538461,False,209,0.8461538461538461,False
BASELINE,2024-10-10,249,210,0.8433734939759037,False,249,210,0.8433734939759037,False,210,0.8433734939759037,False
BASELINE,2024-10-11,249,210,0.8433734939759037,False,249,210,0.8433734939759037,False,210,0.8433734939759037,False
BASELINE,2024-10-14,249,210,0.8433734939759037,False,249,210,0.8433734939759037,False,210,0.8433734939759037,False
BASELINE,2024-10-15,249,210,0.8433734939759037,False,249,210,0.8433734939759037,False,210,0.8433734939759037,False
BASELINE,2024-10-16,249,210,0.8433734939759037,False,249,210,0.8433734939759037,False,210,0.8433734939759037,False
BASELINE,2024-10-17,249,210,0.8433734939759037,False,249,210,0.8433734939759037,False,210,0.8433734939759037,False
BASELINE,2024-10-18,251,212,0.8446215139442231,False,251,212,0.8446215139442231,False,212,0.8446215139442231,False
BASELINE,2024-10-21,250,212,0.848,False,250,212,0.848,False,212,0.848,False
BASELINE,2024-10-22,250,212,0.848,False,250,212,0.848,False,212,0.848,False
BASELINE,2024-10-23,252,214,0.8492063492063492,False,252,214,0.8492063492063492,False,214,0.8492063492063492,False
BASELINE,2024-10-24,251,213,0.848605577689243,False,251,213,0.848605577689243,False,213,0.848605577689243,False
BASELINE,2024-10-25,251,213,0.848605577689243,False,251,213,0.848605577689243,False,213,0.848605577689243,False
BASELINE,2024-10-28,252,212,0.8412698412698413,False,252,211,0.8373015873015873,False,211,0.8373015873015873,False
BASELINE,2024-10-29,254,214,0.84251968503937,False,254,213,0.8385826771653543,False,213,0.8385826771653543,False
BASELINE,2024-10-30,254,214,0.84251968503937,False,254,213,0.8385826771653543,False,213,0.8385826771653543,False
BASELINE,2024-10-31,256,216,0.84375,False,256,215,0.83984375,False,215,0.83984375,False
BASELINE,2024-11-01,257,217,0.8443579766536965,False,257,216,0.8404669260700389,False,216,0.8404669260700389,False
BASELINE,2024-11-04,259,218,0.8416988416988417,False,259,218,0.8416988416988417,False,218,0.8416988416988417,False
BASELINE,2024-11-05,261,219,0.8390804597701149,False,261,219,0.8390804597701149,False,219,0.8390804597701149,False
BASELINE,2024-11-06,262,221,0.8435114503816794,False,262,221,0.8435114503816794,False,221,0.8435114503816794,False
BASELINE,2024-11-07,263,222,0.844106463878327,False,263,222,0.844106463878327,False,222,0.844106463878327,False
BASELINE,2024-11-08,264,224,0.8484848484848485,False,264,224,0.8484848484848485,False,224,0.8484848484848485,False
BASELINE,2024-11-11,264,224,0.8484848484848485,False,264,224,0.8484848484848485,False,224,0.8484848484848485,False
BASELINE,2024-11-12,264,224,0.8484848484848485,False,264,224,0.8484848484848485,False,224,0.8484848484848485,False
BASELINE,2024-11-13,261,222,0.8505747126436781,False,261,222,0.8505747126436781,False,222,0.8505747126436781,False
BASELINE,2024-11-14,260,221,0.85,False,260,221,0.85,False,221,0.85,False
BASELINE,2024-11-15,257,219,0.8521400778210116,False,257,219,0.8521400778210116,False,219,0.8521400778210116,False
BASELINE,2024-11-18,257,219,0.8521400778210116,False,257,219,0.8521400778210116,False,219,0.8521400778210116,False
BASELINE,2024-11-19,258,219,0.8488372093023255,False,258,219,0.8488372093023255,False,219,0.8488372093023255,False
BASELINE,2024-11-20,255,216,0.8470588235294118,False,255,216,0.8470588235294118,False,216,0.8470588235294118,False
BASELINE,2024-11-21,256,216,0.84375,False,256,216,0.84375,False,216,0.84375,False
BASELINE,2024-11-22,252,213,0.8452380952380952,False,252,213,0.8452380952380952,False,213,0.8452380952380952,False
BASELINE,2024-11-25,252,213,0.8452380952380952,False,252,213,0.8452380952380952,False,213,0.8452380952380952,False
BASELINE,2024-11-26,252,212,0.8412698412698413,False,252,212,0.8412698412698413,False,212,0.8412698412698413,False
BASELINE,2024-11-28,252,213,0.8452380952380952,False,252,213,0.8452380952380952,False,213,0.8452380952380952,False
BASELINE,2024-11-29,252,213,0.8452380952380952,False,252,213,0.8452380952380952,False,213,0.8452380952380952,False
BASELINE,2024-12-02,251,211,0.8406374501992032,False,251,211,0.8406374501992032,False,211,0.8406374501992032,False
BASELINE,2024-12-03,249,210,0.8433734939759037,False,249,210,0.8433734939759037,False,210,0.8433734939759037,False
BASELINE,2024-12-04,252,212,0.8412698412698413,False,252,212,0.8412698412698413,False,212,0.8412698412698413,False
BASELINE,2024-12-05,252,212,0.8412698412698413,False,252,212,0.8412698412698413,False,212,0.8412698412698413,False
BASELINE,2024-12-06,251,212,0.8446215139442231,False,251,212,0.8446215139442231,False,212,0.8446215139442231,False
BASELINE,2024-12-09,250,211,0.844,False,250,211,0.844,False,211,0.844,False
BASELINE,2024-12-10,252,213,0.8452380952380952,False,252,213,0.8452380952380952,False,213,0.8452380952380952,False
BASELINE,2024-12-11,255,216,0.8470588235294118,False,255,216,0.8470588235294118,False,216,0.8470588235294118,False
BASELINE,2024-12-12,257,218,0.8482490272373541,False,257,218,0.8482490272373541,False,218,0.8482490272373541,False
BASELINE,2024-12-13,256,217,0.84765625,False,256,216,0.84375,False,216,0.84375,False
BASELINE,2024-12-16,256,217,0.84765625,False,256,216,0.84375,False,216,0.84375,False
BASELINE,2024-12-17,254,216,0.8503937007874016,False,254,215,0.8464566929133859,False,215,0.8464566929133859,False
BASELINE,2024-12-18,255,217,0.8509803921568627,False,255,216,0.8470588235294118,False,216,0.8470588235294118,False
BASELINE,2024-12-19,254,216,0.8503937007874016,False,254,215,0.8464566929133859,False,215,0.8464566929133859,False
BASELINE,2024-12-20,253,214,0.8458498023715415,False,253,214,0.8458498023715415,False,214,0.8458498023715415,False
BASELINE,2024-12-23,249,211,0.8473895582329317,False,249,211,0.8473895582329317,False,211,0.8473895582329317,False
BASELINE,2024-12-24,252,212,0.8412698412698413,False,252,212,0.8412698412698413,False,212,0.8412698412698413,False
BASELINE,2024-12-27,251,211,0.8406374501992032,False,251,211,0.8406374501992032,False,211,0.8406374501992032,False
BASELINE,2024-12-30,248,210,0.8467741935483871,False,248,210,0.8467741935483871,False,210,0.8467741935483871,False
BASELINE,2025-01-02,250,211,0.844,False,250,211,0.844,False,211,0.844,False
BASELINE,2025-01-03,250,211,0.844,False,250,211,0.844,False,211,0.844,False
BASELINE,2025-01-06,248,210,0.8467741935483871,False,248,210,0.8467741935483871,False,210,0.8467741935483871,False
BASELINE,2025-01-07,250,212,0.848,False,250,212,0.848,False,212,0.848,False
BASELINE,2025-01-08,250,212,0.848,False,250,212,0.848,False,212,0.848,False
BASELINE,2025-01-09,246,209,0.8495934959349594,False,246,209,0.8495934959349594,False,209,0.8495934959349594,False
BASELINE,2025-01-10,244,207,0.8483606557377049,False,244,207,0.8483606557377049,False,207,0.8483606557377049,False
BASELINE,2025-01-13,242,205,0.8471074380165289,False,242,205,0.8471074380165289,False,205,0.8471074380165289,False
BASELINE,2025-01-14,240,203,0.8458333333333333,False,240,203,0.8458333333333333,False,203,0.8458333333333333,False
BASELINE,2025-01-15,240,204,0.85,False,240,204,0.85,False,204,0.85,False
BASELINE,2025-01-16,240,204,0.85,False,240,204,0.85,False,204,0.85,False
BASELINE,2025-01-17,239,204,0.8535564853556485,False,239,204,0.8535564853556485,False,204,0.8535564853556485,False
BASELINE,2025-01-20,238,203,0.8529411764705882,False,238,203,0.8529411764705882,False,203,0.8529411764705882,False
BASELINE,2025-01-21,240,205,0.8541666666666666,False,240,205,0.8541666666666666,False,205,0.8541666666666666,False
BASELINE,2025-01-22,240,205,0.8541666666666666,False,240,205,0.8541666666666666,False,205,0.8541666666666666,False
BASELINE,2025-01-23,240,205,0.8541666666666666,False,240,205,0.8541666666666666,False,205,0.8541666666666666,False
BASELINE,2025-01-24,240,205,0.8541666666666666,False,240,205,0.8541666666666666,False,205,0.8541666666666666,False
BASELINE,2025-01-30,240,205,0.8541666666666666,False,240,205,0.8541666666666666,False,205,0.8541666666666666,False
BASELINE,2025-01-31,235,200,0.851063829787234,False,235,200,0.851063829787234,False,200,0.851063829787234,False
BASELINE,2025-02-03,236,202,0.8559322033898306,False,236,202,0.8559322033898306,False,202,0.8559322033898306,False
BASELINE,2025-02-04,230,196,0.8521739130434782,False,230,196,0.8521739130434782,False,196,0.8521739130434782,False
BASELINE,2025-02-05,229,195,0.851528384279476,False,229,195,0.851528384279476,False,195,0.851528384279476,False
BASELINE,2025-02-06,231,198,0.8571428571428571,False,231,198,0.8571428571428571,False,198,0.8571428571428571,False
BASELINE,2025-02-07,234,200,0.8547008547008547,False,234,200,0.8547008547008547,False,200,0.8547008547008547,False
BASELINE,2025-02-10,235,201,0.8553191489361702,False,235,201,0.8553191489361702,False,201,0.8553191489361702,False
BASELINE,2025-02-11,236,202,0.8559322033898306,False,236,202,0.8559322033898306,False,202,0.8559322033898306,False
BASELINE,2025-02-12,235,202,0.8595744680851064,False,235,202,0.8595744680851064,False,202,0.8595744680851064,False
BASELINE,2025-02-13,238,204,0.8571428571428571,False,238,204,0.8571428571428571,False,204,0.8571428571428571,False
BASELINE,2025-02-14,237,203,0.8565400843881856,False,237,203,0.8565400843881856,False,203,0.8565400843881856,False
BASELINE,2025-02-17,232,198,0.853448275862069,False,232,198,0.853448275862069,False,198,0.853448275862069,False
BASELINE,2025-02-18,234,200,0.8547008547008547,False,234,200,0.8547008547008547,False,200,0.8547008547008547,False
BASELINE,2025-02-19,234,201,0.8589743589743589,False,234,201,0.8589743589743589,False,201,0.8589743589743589,False
BASELINE,2025-02-20,234,201,0.8589743589743589,False,234,201,0.8589743589743589,False,201,0.8589743589743589,False
BASELINE,2025-02-21,233,200,0.8583690987124464,False,233,200,0.8583690987124464,False,200,0.8583690987124464,False
BASELINE,2025-02-24,233,199,0.8540772532188842,False,233,199,0.8540772532188842,False,199,0.8540772532188842,False
BASELINE,2025-02-25,230,197,0.8565217391304348,False,230,197,0.8565217391304348,False,197,0.8565217391304348,False
BASELINE,2025-02-26,232,198,0.853448275862069,False,232,198,0.853448275862069,False,198,0.853448275862069,False
BASELINE,2025-02-27,230,196,0.8521739130434782,False,230,196,0.8521739130434782,False,196,0.8521739130434782,False
BASELINE,2025-02-28,231,197,0.8528138528138528,False,231,197,0.8528138528138528,False,197,0.8528138528138528,False
BASELINE,2025-03-03,234,200,0.8547008547008547,False,234,200,0.8547008547008547,False,200,0.8547008547008547,False
BASELINE,2025-03-04,233,200,0.8583690987124464,False,233,200,0.8583690987124464,False,200,0.8583690987124464,False
BASELINE,2025-03-05,236,200,0.847457627118644,False,236,200,0.847457627118644,False,200,0.847457627118644,False
BASELINE,2025-03-06,236,200,0.847457627118644,False,236,200,0.847457627118644,False,200,0.847457627118644,False
BASELINE,2025-03-07,236,200,0.847457627118644,False,236,200,0.847457627118644,False,200,0.847457627118644,False
BASELINE,2025-03-10,234,198,0.8461538461538461,False,234,198,0.8461538461538461,False,198,0.8461538461538461,False
BASELINE,2025-03-11,235,198,0.8425531914893617,False,235,198,0.8425531914893617,False,198,0.8425531914893617,False
BASELINE,2025-03-12,235,198,0.8425531914893617,False,235,198,0.8425531914893617,False,198,0.8425531914893617,False
BASELINE,2025-03-13,235,198,0.8425531914893617,False,235,198,0.8425531914893617,False,198,0.8425531914893617,False
BASELINE,2025-03-14,234,197,0.8418803418803419,False,234,197,0.8418803418803419,False,197,0.8418803418803419,False
BASELINE,2025-03-17,234,197,0.8418803418803419,False,234,197,0.8418803418803419,False,197,0.8418803418803419,False
BASELINE,2025-03-18,234,197,0.8418803418803419,False,234,197,0.8418803418803419,False,197,0.8418803418803419,False
BASELINE,2025-03-19,234,196,0.8376068376068376,False,234,196,0.8376068376068376,False,196,0.8376068376068376,False
BASELINE,2025-03-20,234,196,0.8376068376068376,False,234,196,0.8376068376068376,False,196,0.8376068376068376,False
BASELINE,2025-03-21,233,195,0.8369098712446352,False,233,195,0.8369098712446352,False,195,0.8369098712446352,False
BASELINE,2025-03-24,231,193,0.8354978354978355,False,231,193,0.8354978354978355,False,193,0.8354978354978355,False
BASELINE,2025-03-25,234,195,0.8333333333333334,False,234,195,0.8333333333333334,False,195,0.8333333333333334,False
BASELINE,2025-03-26,232,193,0.8318965517241379,False,232,193,0.8318965517241379,False,193,0.8318965517241379,False
BASELINE,2025-03-27,232,195,0.8405172413793104,False,232,195,0.8405172413793104,False,195,0.8405172413793104,False
BASELINE,2025-04-08,229,193,0.8427947598253275,False,229,193,0.8427947598253275,False,193,0.8427947598253275,False
BASELINE,2025-04-09,228,191,0.8377192982456141,False,228,191,0.8377192982456141,False,191,0.8377192982456141,False
BASELINE,2025-04-10,228,191,0.8377192982456141,False,228,191,0.8377192982456141,False,191,0.8377192982456141,False
BASELINE,2025-04-11,229,192,0.8384279475982532,False,229,192,0.8384279475982532,False,192,0.8384279475982532,False
BASELINE,2025-04-14,229,192,0.8384279475982532,False,229,192,0.8384279475982532,False,192,0.8384279475982532,False
BASELINE,2025-04-15,230,193,0.8391304347826087,False,230,193,0.8391304347826087,False,193,0.8391304347826087,False
BASELINE,2025-04-16,231,194,0.8398268398268398,False,231,194,0.8398268398268398,False,194,0.8398268398268398,False
BASELINE,2025-04-17,229,192,0.8384279475982532,False,229,192,0.8384279475982532,False,192,0.8384279475982532,False
BASELINE,2025-04-21,228,191,0.8377192982456141,False,228,191,0.8377192982456141,False,191,0.8377192982456141,False
BASELINE,2025-04-22,228,191,0.8377192982456141,False,228,191,0.8377192982456141,False,191,0.8377192982456141,False
BASELINE,2025-04-23,226,189,0.8362831858407079,False,226,189,0.8362831858407079,False,189,0.8362831858407079,False
BASELINE,2025-04-24,226,189,0.8362831858407079,False,226,189,0.8362831858407079,False,189,0.8362831858407079,False
BASELINE,2025-04-25,227,190,0.8370044052863436,False,227,190,0.8370044052863436,False,190,0.8370044052863436,False
BASELINE,2025-04-28,225,188,0.8355555555555556,False,225,188,0.8355555555555556,False,188,0.8355555555555556,False
BASELINE,2025-04-29,224,188,0.8392857142857143,False,224,188,0.8392857142857143,False,188,0.8392857142857143,False
BASELINE,2025-04-30,222,187,0.8423423423423423,False,222,187,0.8423423423423423,False,187,0.8423423423423423,False
BASELINE,2025-05-02,226,190,0.8407079646017699,False,226,190,0.8407079646017699,False,190,0.8407079646017699,False
BASELINE,2025-05-05,225,189,0.84,False,225,189,0.84,False,189,0.84,False
BASELINE,2025-05-06,226,190,0.8407079646017699,False,226,190,0.8407079646017699,False,190,0.8407079646017699,False
BASELINE,2025-05-07,225,190,0.8444444444444444,False,225,190,0.8444444444444444,False,190,0.8444444444444444,False
BASELINE,2025-05-08,226,191,0.8451327433628318,False,226,191,0.8451327433628318,False,191,0.8451327433628318,False
BASELINE,2025-05-09,224,189,0.84375,False,224,189,0.84375,False,189,0.84375,False
BASELINE,2025-05-14,223,189,0.8475336322869955,False,223,189,0.8475336322869955,False,189,0.8475336322869955,False
BASELINE,2025-05-15,227,191,0.8414096916299559,False,227,191,0.8414096916299559,False,191,0.8414096916299559,False
BASELINE,2025-05-16,227,191,0.8414096916299559,False,227,191,0.8414096916299559,False,191,0.8414096916299559,False
BASELINE,2025-05-19,228,192,0.8421052631578947,False,228,191,0.8377192982456141,False,191,0.8377192982456141,False
BASELINE,2025-05-20,227,191,0.8414096916299559,False,227,191,0.8414096916299559,False,191,0.8414096916299559,False
BASELINE,2025-05-21,228,191,0.8377192982456141,False,228,189,0.8289473684210527,False,189,0.8289473684210527,False
BASELINE,2025-05-22,229,192,0.8384279475982532,False,229,190,0.8296943231441049,False,190,0.8296943231441049,False
BASELINE,2025-05-23,229,192,0.8384279475982532,False,229,190,0.8296943231441049,False,190,0.8296943231441049,False
BASELINE,2025-05-26,230,194,0.8434782608695652,False,230,192,0.8347826086956521,False,192,0.8347826086956521,False
BASELINE,2025-05-27,233,197,0.8454935622317596,False,233,195,0.8369098712446352,False,195,0.8369098712446352,False
BASELINE,2025-05-28,235,197,0.8382978723404255,False,235,197,0.8382978723404255,False,197,0.8382978723404255,False
BASELINE,2025-06-02,236,198,0.8389830508474576,False,236,198,0.8389830508474576,False,198,0.8389830508474576,False
BASELINE,2025-06-03,235,197,0.8382978723404255,False,235,197,0.8382978723404255,False,197,0.8382978723404255,False
BASELINE,2025-06-04,235,197,0.8382978723404255,False,235,197,0.8382978723404255,False,197,0.8382978723404255,False
BASELINE,2025-06-05,237,201,0.8481012658227848,False,237,201,0.8481012658227848,False,201,0.8481012658227848,False
BASELINE,2025-06-10,238,202,0.8487394957983193,False,238,202,0.8487394957983193,False,202,0.8487394957983193,False
BASELINE,2025-06-11,238,202,0.8487394957983193,False,238,202,0.8487394957983193,False,202,0.8487394957983193,False
BASELINE,2025-06-12,238,203,0.8529411764705882,False,238,203,0.8529411764705882,False,203,0.8529411764705882,False
BASELINE,2025-06-13,241,205,0.8506224066390041,False,241,205,0.8506224066390041,False,205,0.8506224066390041,False
BASELINE,2025-06-16,241,205,0.8506224066390041,False,241,205,0.8506224066390041,False,205,0.8506224066390041,False
BASELINE,2025-06-17,240,206,0.8583333333333333,False,240,205,0.8541666666666666,False,205,0.8541666666666666,False
BASELINE,2025-06-18,239,205,0.8577405857740585,False,239,204,0.8535564853556485,False,204,0.8535564853556485,False
BASELINE,2025-06-19,240,206,0.8583333333333333,False,240,205,0.8541666666666666,False,205,0.8541666666666666,False
BASELINE,2025-06-20,239,206,0.8619246861924686,False,239,204,0.8535564853556485,False,204,0.8535564853556485,False
BASELINE,2025-06-23,239,206,0.8619246861924686,False,239,204,0.8535564853556485,False,204,0.8535564853556485,False
BASELINE,2025-06-24,241,206,0.8547717842323651,False,241,204,0.8464730290456431,False,204,0.8464730290456431,False
BASELINE,2025-06-25,243,208,0.8559670781893004,False,243,206,0.8477366255144033,False,206,0.8477366255144033,False
BASELINE,2025-06-26,244,209,0.8565573770491803,False,244,207,0.8483606557377049,False,207,0.8483606557377049,False
BASELINE,2025-06-30,244,207,0.8483606557377049,False,244,206,0.8442622950819673,False,206,0.8442622950819673,False
BASELINE,2025-07-01,242,207,0.8553719008264463,False,242,206,0.8512396694214877,False,206,0.8512396694214877,False
BASELINE,2025-07-02,241,204,0.8464730290456431,False,241,204,0.8464730290456431,False,204,0.8464730290456431,False
BASELINE,2025-07-03,242,205,0.8471074380165289,False,242,205,0.8471074380165289,False,205,0.8471074380165289,False
BASELINE,2025-07-04,244,208,0.8524590163934426,False,244,208,0.8524590163934426,False,208,0.8524590163934426,False
BASELINE,2025-07-07,242,207,0.8553719008264463,False,242,207,0.8553719008264463,False,207,0.8553719008264463,False
BASELINE,2025-07-08,242,208,0.859504132231405,False,242,208,0.859504132231405,False,208,0.859504132231405,False
BASELINE,2025-07-09,241,207,0.8589211618257261,False,241,207,0.8589211618257261,False,207,0.8589211618257261,False
BASELINE,2025-07-10,242,207,0.8553719008264463,False,242,207,0.8553719008264463,False,207,0.8553719008264463,False
BASELINE,2025-07-11,242,207,0.8553719008264463,False,242,207,0.8553719008264463,False,207,0.8553719008264463,False
BASELINE,2025-07-14,242,207,0.8553719008264463,False,242,207,0.8553719008264463,False,207,0.8553719008264463,False
BASELINE,2025-07-15,244,208,0.8524590163934426,False,244,208,0.8524590163934426,False,208,0.8524590163934426,False
BASELINE,2025-07-16,245,208,0.8489795918367347,False,245,208,0.8489795918367347,False,208,0.8489795918367347,False
BASELINE,2025-07-17,247,209,0.8461538461538461,False,247,209,0.8461538461538461,False,209,0.8461538461538461,False
BASELINE,2025-07-18,248,210,0.8467741935483871,False,248,210,0.8467741935483871,False,210,0.8467741935483871,False
BASELINE,2025-07-21,250,212,0.848,False,250,212,0.848,False,212,0.848,False
BASELINE,2025-07-22,250,212,0.848,False,250,212,0.848,False,212,0.848,False
BASELINE,2025-07-23,250,212,0.848,False,250,212,0.848,False,212,0.848,False
BASELINE,2025-07-24,249,211,0.8473895582329317,False,249,211,0.8473895582329317,False,211,0.8473895582329317,False
BASELINE,2025-07-25,251,213,0.848605577689243,False,251,213,0.848605577689243,False,213,0.848605577689243,False
BASELINE,2025-07-28,252,214,0.8492063492063492,False,252,214,0.8492063492063492,False,214,0.8492063492063492,False
BASELINE,2025-07-29,255,217,0.8509803921568627,False,255,217,0.8509803921568627,False,217,0.8509803921568627,False
BASELINE,2025-07-30,256,219,0.85546875,False,256,219,0.85546875,False,219,0.85546875,False
BASELINE,2025-07-31,256,218,0.8515625,False,256,218,0.8515625,False,218,0.8515625,False
BASELINE,2025-08-01,256,219,0.85546875,False,256,219,0.85546875,False,219,0.85546875,False
BASELINE,2025-08-04,258,221,0.8565891472868217,False,258,221,0.8565891472868217,False,221,0.8565891472868217,False
BASELINE,2025-08-05,259,221,0.8532818532818532,False,259,221,0.8532818532818532,False,221,0.8532818532818532,False
BASELINE,2025-08-06,261,222,0.8505747126436781,False,261,222,0.8505747126436781,False,222,0.8505747126436781,False
BASELINE,2025-08-07,262,224,0.8549618320610687,False,262,224,0.8549618320610687,False,224,0.8549618320610687,False
BASELINE,2025-08-08,267,229,0.8576779026217228,False,267,229,0.8576779026217228,False,229,0.8576779026217228,False
BASELINE,2025-08-11,266,228,0.8571428571428571,False,266,228,0.8571428571428571,False,228,0.8571428571428571,False
BASELINE,2025-08-12,266,227,0.8533834586466166,False,266,227,0.8533834586466166,False,227,0.8533834586466166,False
BASELINE,2025-08-13,267,228,0.8539325842696629,False,267,228,0.8539325842696629,False,228,0.8539325842696629,False
BASELINE,2025-08-14,266,228,0.8571428571428571,False,266,228,0.8571428571428571,False,228,0.8571428571428571,False
BASELINE,2025-08-15,268,229,0.8544776119402985,False,268,229,0.8544776119402985,False,229,0.8544776119402985,False
BASELINE,2025-08-19,267,229,0.8576779026217228,False,267,229,0.8576779026217228,False,229,0.8576779026217228,False
BASELINE,2025-08-20,268,229,0.8544776119402985,False,268,229,0.8544776119402985,False,229,0.8544776119402985,False
BASELINE,2025-08-21,266,227,0.8533834586466166,False,266,227,0.8533834586466166,False,227,0.8533834586466166,False
BASELINE,2025-08-22,268,228,0.8507462686567164,False,268,228,0.8507462686567164,False,228,0.8507462686567164,False
BASELINE,2025-08-25,269,228,0.8475836431226765,False,269,228,0.8475836431226765,False,228,0.8475836431226765,False
BASELINE,2025-08-26,269,226,0.8401486988847584,False,269,226,0.8401486988847584,False,226,0.8401486988847584,False
BASELINE,2025-08-27,273,229,0.8388278388278388,False,273,229,0.8388278388278388,False,229,0.8388278388278388,False
BASELINE,2025-08-28,273,229,0.8388278388278388,False,273,229,0.8388278388278388,False,229,0.8388278388278388,False
BASELINE,2025-08-29,271,228,0.8413284132841329,False,271,228,0.8413284132841329,False,228,0.8413284132841329,False
BASELINE,2025-09-01,275,231,0.84,False,275,231,0.84,False,231,0.84,False
BASELINE,2025-09-02,276,232,0.8405797101449275,False,276,232,0.8405797101449275,False,232,0.8405797101449275,False
BASELINE,2025-09-03,278,234,0.841726618705036,False,278,234,0.841726618705036,False,234,0.841726618705036,False
BASELINE,2025-09-04,279,235,0.8422939068100358,False,279,235,0.8422939068100358,False,235,0.8422939068100358,False
BASELINE,2025-09-08,281,237,0.8434163701067615,False,281,237,0.8434163701067615,False,237,0.8434163701067615,False
BASELINE,2025-09-09,282,238,0.8439716312056738,False,282,238,0.8439716312056738,False,238,0.8439716312056738,False
BASELINE,2025-09-10,283,239,0.8445229681978799,False,283,239,0.8445229681978799,False,239,0.8445229681978799,False
BASELINE,2025-09-11,287,243,0.8466898954703833,False,287,243,0.8466898954703833,False,243,0.8466898954703833,False
BASELINE,2025-09-12,289,245,0.8477508650519031,False,289,245,0.8477508650519031,False,245,0.8477508650519031,False
BASELINE,2025-09-15,289,245,0.8477508650519031,False,289,245,0.8477508650519031,False,245,0.8477508650519031,False
BASELINE,2025-09-16,293,249,0.8498293515358362,False,293,249,0.8498293515358362,False,249,0.8498293515358362,False
BASELINE,2025-09-17,293,248,0.8464163822525598,False,293,248,0.8464163822525598,False,248,0.8464163822525598,False
BASELINE,2025-09-18,298,253,0.8489932885906041,False,298,253,0.8489932885906041,False,253,0.8489932885906041,False
BASELINE,2025-09-19,298,253,0.8489932885906041,False,298,253,0.8489932885906041,False,253,0.8489932885906041,False
BASELINE,2025-09-22,299,255,0.8528428093645485,False,299,255,0.8528428093645485,False,255,0.8528428093645485,False
BASELINE,2025-09-23,304,258,0.8486842105263158,False,304,258,0.8486842105263158,False,258,0.8486842105263158,False
BASELINE,2025-09-24,306,260,0.8496732026143791,False,306,260,0.8496732026143791,False,260,0.8496732026143791,False
BASELINE,2025-09-25,311,264,0.8488745980707395,False,311,264,0.8488745980707395,False,264,0.8488745980707395,False
BASELINE,2025-09-26,311,265,0.8520900321543409,False,311,265,0.8520900321543409,False,265,0.8520900321543409,False
BASELINE,2025-09-29,316,267,0.8449367088607594,False,316,267,0.8449367088607594,False,267,0.8449367088607594,False
BASELINE,2025-09-30,316,268,0.8481012658227848,False,316,268,0.8481012658227848,False,268,0.8481012658227848,False
BASELINE,2025-10-01,323,275,0.8513931888544891,False,323,275,0.8513931888544891,False,275,0.8513931888544891,False
BASELINE,2025-10-02,330,280,0.8484848484848485,False,330,280,0.8484848484848485,False,280,0.8484848484848485,False
BASELINE,2025-10-03,334,284,0.8502994011976048,False,334,284,0.8502994011976048,False,284,0.8502994011976048,False
BASELINE,2025-10-06,332,283,0.8524096385542169,False,332,283,0.8524096385542169,False,283,0.8524096385542169,False
BASELINE,2025-10-07,340,289,0.85,False,340,289,0.85,False,289,0.85,False
BASELINE,2025-10-08,343,291,0.8483965014577259,False,343,291,0.8483965014577259,False,291,0.8483965014577259,False
BASELINE,2025-10-09,348,297,0.853448275862069,False,348,297,0.853448275862069,False,297,0.853448275862069,False
BASELINE,2025-10-10,349,298,0.8538681948424068,False,349,298,0.8538681948424068,False,298,0.8538681948424068,False
BASELINE,2025-10-13,356,304,0.8539325842696629,False,356,304,0.8539325842696629,False,304,0.8539325842696629,False
BASELINE,2025-10-14,361,307,0.850415512465374,False,361,307,0.850415512465374,False,307,0.850415512465374,False
BASELINE,2025-10-15,361,308,0.853185595567867,False,361,308,0.853185595567867,False,308,0.853185595567867,False
BASELINE,2025-10-16,365,311,0.852054794520548,False,365,311,0.852054794520548,False,311,0.852054794520548,False
BASELINE,2025-10-17,367,313,0.8528610354223434,False,367,313,0.8528610354223434,False,313,0.8528610354223434,False
BASELINE,2025-10-20,370,315,0.8513513513513513,False,370,315,0.8513513513513513,False,315,0.8513513513513513,False
BASELINE,2025-10-21,375,319,0.8506666666666667,False,375,319,0.8506666666666667,False,319,0.8506666666666667,False
BASELINE,2025-10-22,376,320,0.851063829787234,False,376,320,0.851063829787234,False,320,0.851063829787234,False
BASELINE,2025-10-23,376,320,0.851063829787234,False,376,320,0.851063829787234,False,320,0.851063829787234,False
BASELINE,2025-10-24,379,323,0.8522427440633246,False,379,323,0.8522427440633246,False,323,0.8522427440633246,False
BASELINE,2025-10-27,381,325,0.8530183727034121,False,381,325,0.8530183727034121,False,325,0.8530183727034121,False
BASELINE,2025-10-28,379,323,0.8522427440633246,False,379,323,0.8522427440633246,False,323,0.8522427440633246,False
BASELINE,2025-10-29,382,326,0.8534031413612565,False,382,326,0.8534031413612565,False,326,0.8534031413612565,False
BASELINE,2025-10-30,388,331,0.8530927835051546,False,388,331,0.8530927835051546,False,331,0.8530927835051546,False
BASELINE,2025-10-31,388,332,0.8556701030927835,False,388,332,0.8556701030927835,False,332,0.8556701030927835,False
BASELINE,2025-11-03,391,334,0.8542199488491049,False,391,334,0.8542199488491049,False,334,0.8542199488491049,False
BASELINE,2025-11-04,394,335,0.850253807106599,False,394,335,0.850253807106599,False,335,0.850253807106599,False
BASELINE,2025-11-05,394,334,0.8477157360406091,False,394,334,0.8477157360406091,False,334,0.8477157360406091,False
BASELINE,2025-11-06,390,332,0.8512820512820513,False,390,332,0.8512820512820513,False,332,0.8512820512820513,False
BASELINE,2025-11-07,391,334,0.8542199488491049,False,391,334,0.8542199488491049,False,334,0.8542199488491049,False
BASELINE,2025-11-10,394,337,0.8553299492385786,False,394,337,0.8553299492385786,False,337,0.8553299492385786,False
BASELINE,2025-11-11,393,336,0.8549618320610687,False,393,336,0.8549618320610687,False,336,0.8549618320610687,False
BASELINE,2025-11-12,393,336,0.8549618320610687,False,393,336,0.8549618320610687,False,336,0.8549618320610687,False
BASELINE,2025-11-13,393,336,0.8549618320610687,False,393,336,0.8549618320610687,False,336,0.8549618320610687,False
BASELINE,2025-11-14,393,336,0.8549618320610687,False,393,336,0.8549618320610687,False,336,0.8549618320610687,False
BASELINE,2025-11-17,393,337,0.8575063613231552,False,393,337,0.8575063613231552,False,337,0.8575063613231552,False
BASELINE,2025-11-18,390,334,0.8564102564102564,False,390,334,0.8564102564102564,False,334,0.8564102564102564,False
BASELINE,2025-11-19,393,336,0.8549618320610687,False,393,336,0.8549618320610687,False,336,0.8549618320610687,False
BASELINE,2025-11-20,392,335,0.8545918367346939,False,392,335,0.8545918367346939,False,335,0.8545918367346939,False
BASELINE,2025-11-21,389,332,0.8534704370179949,False,389,332,0.8534704370179949,False,332,0.8534704370179949,False
BASELINE,2025-11-24,392,334,0.8520408163265306,False,392,334,0.8520408163265306,False,334,0.8520408163265306,False
BASELINE,2025-11-25,394,336,0.8527918781725888,False,394,336,0.8527918781725888,False,336,0.8527918781725888,False
BASELINE,2025-11-26,390,333,0.8538461538461538,False,390,333,0.8538461538461538,False,333,0.8538461538461538,False
BASELINE,2025-11-27,389,332,0.8534704370179949,False,389,332,0.8534704370179949,False,332,0.8534704370179949,False
BASELINE,2025-11-28,389,332,0.8534704370179949,False,389,332,0.8534704370179949,False,332,0.8534704370179949,False
BASELINE,2025-12-01,391,333,0.8516624040920716,False,391,333,0.8516624040920716,False,333,0.8516624040920716,False
BASELINE,2025-12-02,389,332,0.8534704370179949,False,389,332,0.8534704370179949,False,332,0.8534704370179949,False
BASELINE,2025-12-03,393,333,0.8473282442748091,False,393,333,0.8473282442748091,False,333,0.8473282442748091,False
BASELINE,2025-12-04,393,334,0.8498727735368957,False,393,334,0.8498727735368957,False,334,0.8498727735368957,False
BASELINE,2025-12-05,387,330,0.8527131782945736,False,387,330,0.8527131782945736,False,330,0.8527131782945736,False
BASELINE,2025-12-08,390,333,0.8538461538461538,False,390,333,0.8538461538461538,False,333,0.8538461538461538,False
BASELINE,2025-12-09,390,333,0.8538461538461538,False,390,333,0.8538461538461538,False,333,0.8538461538461538,False
BASELINE,2025-12-10,390,332,0.8512820512820513,False,390,332,0.8512820512820513,False,332,0.8512820512820513,False
BASELINE,2025-12-11,391,334,0.8542199488491049,False,391,334,0.8542199488491049,False,334,0.8542199488491049,False
BASELINE,2025-12-12,392,335,0.8545918367346939,False,392,335,0.8545918367346939,False,335,0.8545918367346939,False
BASELINE,2025-12-15,388,331,0.8530927835051546,False,388,331,0.8530927835051546,False,331,0.8530927835051546,False
BASELINE,2025-12-16,386,330,0.8549222797927462,False,386,330,0.8549222797927462,False,330,0.8549222797927462,False
BASELINE,2025-12-17,387,330,0.8527131782945736,False,387,330,0.8527131782945736,False,330,0.8527131782945736,False
BASELINE,2025-12-18,387,329,0.8501291989664083,False,387,329,0.8501291989664083,False,329,0.8501291989664083,False
BASELINE,2025-12-19,388,331,0.8530927835051546,False,388,331,0.8530927835051546,False,331,0.8530927835051546,False
BASELINE,2025-12-22,389,332,0.8534704370179949,False,389,332,0.8534704370179949,False,332,0.8534704370179949,False
BASELINE,2025-12-23,391,334,0.8542199488491049,False,391,334,0.8542199488491049,False,334,0.8542199488491049,False
BASELINE,2025-12-24,390,333,0.8538461538461538,False,390,333,0.8538461538461538,False,333,0.8538461538461538,False
BASELINE,2025-12-29,390,332,0.8512820512820513,False,390,332,0.8512820512820513,False,332,0.8512820512820513,False
BASELINE,2025-12-30,391,333,0.8516624040920716,False,391,333,0.8516624040920716,False,333,0.8516624040920716,False
BASELINE,2026-01-02,388,330,0.8505154639175257,False,388,330,0.8505154639175257,False,330,0.8505154639175257,False
BASELINE,2026-01-05,383,326,0.8511749347258486,False,383,326,0.8511749347258486,False,326,0.8511749347258486,False
BASELINE,2026-01-06,384,326,0.8489583333333334,False,384,326,0.8489583333333334,False,326,0.8489583333333334,False
BASELINE,2026-01-07,384,325,0.8463541666666666,False,384,325,0.8463541666666666,False,325,0.8463541666666666,False
BASELINE,2026-01-08,386,327,0.8471502590673575,False,386,327,0.8471502590673575,False,327,0.8471502590673575,False
BASELINE,2026-01-09,385,326,0.8467532467532467,False,385,326,0.8467532467532467,False,326,0.8467532467532467,False
BASELINE,2026-01-12,386,326,0.844559585492228,False,386,326,0.844559585492228,False,326,0.844559585492228,False
BASELINE,2026-01-13,384,326,0.8489583333333334,False,384,326,0.8489583333333334,False,326,0.8489583333333334,False
BASELINE,2026-01-14,385,327,0.8493506493506493,False,385,327,0.8493506493506493,False,327,0.8493506493506493,False
BASELINE,2026-01-15,387,329,0.8501291989664083,False,387,329,0.8501291989664083,False,329,0.8501291989664083,False
BASELINE,2026-01-19,392,334,0.8520408163265306,False,392,334,0.8520408163265306,False,334,0.8520408163265306,False
BASELINE,2026-01-20,394,335,0.850253807106599,False,394,335,0.850253807106599,False,335,0.850253807106599,False
BASELINE,2026-01-21,400,342,0.855,False,400,342,0.855,False,342,0.855,False
BASELINE,2026-01-22,407,346,0.8501228501228502,False,407,346,0.8501228501228502,False,346,0.8501228501228502,False
BASELINE,2026-01-23,412,352,0.8543689320388349,False,412,352,0.8543689320388349,False,352,0.8543689320388349,False
BASELINE,2026-01-26,410,351,0.8560975609756097,False,410,351,0.8560975609756097,False,351,0.8560975609756097,False
BASELINE,2026-01-27,417,358,0.8585131894484412,False,417,358,0.8585131894484412,False,358,0.8585131894484412,False
BASELINE,2026-01-28,420,361,0.8595238095238096,False,420,361,0.8595238095238096,False,361,0.8595238095238096,False
BASELINE,2026-01-29,424,364,0.8584905660377359,False,424,364,0.8584905660377359,False,364,0.8584905660377359,False
BASELINE,2026-01-30,423,363,0.8581560283687943,False,423,363,0.8581560283687943,False,363,0.8581560283687943,False
BASELINE,2026-02-02,423,363,0.8581560283687943,False,423,363,0.8581560283687943,False,363,0.8581560283687943,False
BASELINE,2026-02-03,425,365,0.8588235294117647,False,425,365,0.8588235294117647,False,365,0.8588235294117647,False
BASELINE,2026-02-04,423,363,0.8581560283687943,False,423,363,0.8581560283687943,False,363,0.8581560283687943,False
BASELINE,2026-02-05,424,364,0.8584905660377359,False,424,364,0.8584905660377359,False,364,0.8584905660377359,False
BASELINE,2026-02-06,427,367,0.8594847775175644,False,427,367,0.8594847775175644,False,367,0.8594847775175644,False
BASELINE,2026-02-09,428,368,0.8598130841121495,False,428,368,0.8598130841121495,False,368,0.8598130841121495,False
BASELINE,2026-02-10,428,368,0.8598130841121495,False,428,368,0.8598130841121495,False,368,0.8598130841121495,False
BASELINE,2026-02-11,427,366,0.8571428571428571,False,427,366,0.8571428571428571,False,366,0.8571428571428571,False
BASELINE,2026-02-12,426,365,0.8568075117370892,False,426,365,0.8568075117370892,False,365,0.8568075117370892,False
BASELINE,2026-02-13,429,368,0.8578088578088578,False,429,368,0.8578088578088578,False,368,0.8578088578088578,False
BASELINE,2026-02-18,427,365,0.8548009367681498,False,427,365,0.8548009367681498,False,365,0.8548009367681498,False
BASELINE,2026-02-19,427,366,0.8571428571428571,False,427,366,0.8571428571428571,False,366,0.8571428571428571,False
BASELINE,2026-02-20,427,366,0.8571428571428571,False,427,366,0.8571428571428571,False,366,0.8571428571428571,False
BASELINE,2026-02-23,425,364,0.8564705882352941,False,425,364,0.8564705882352941,False,364,0.8564705882352941,False
BASELINE,2026-02-24,431,369,0.8561484918793504,False,431,369,0.8561484918793504,False,369,0.8561484918793504,False
BASELINE,2026-02-25,431,369,0.8561484918793504,False,431,369,0.8561484918793504,False,369,0.8561484918793504,False
BASELINE,2026-02-26,428,367,0.8574766355140186,False,428,367,0.8574766355140186,False,367,0.8574766355140186,False
BASELINE,2026-02-27,428,367,0.8574766355140186,False,428,367,0.8574766355140186,False,367,0.8574766355140186,False
BASELINE,2026-03-02,427,366,0.8571428571428571,False,427,366,0.8571428571428571,False,366,0.8571428571428571,False
BASELINE,2026-03-03,431,369,0.8561484918793504,False,431,369,0.8561484918793504,False,369,0.8561484918793504,False
BASELINE,2026-03-04,433,372,0.859122401847575,False,433,372,0.859122401847575,False,372,0.859122401847575,False
BASELINE,2026-03-05,429,367,0.8554778554778555,False,429,367,0.8554778554778555,False,367,0.8554778554778555,False
BASELINE,2026-03-06,426,364,0.8544600938967136,False,426,364,0.8544600938967136,False,364,0.8544600938967136,False
BASELINE,2026-03-09,422,359,0.8507109004739336,False,422,359,0.8507109004739336,False,359,0.8507109004739336,False
BASELINE,2026-03-10,416,354,0.8509615384615384,False,416,354,0.8509615384615384,False,354,0.8509615384615384,False
BASELINE,2026-03-11,414,352,0.8502415458937198,False,414,352,0.8502415458937198,False,352,0.8502415458937198,False
BASELINE,2026-03-12,416,353,0.8485576923076923,False,416,353,0.8485576923076923,False,353,0.8485576923076923,False
BASELINE,2026-03-13,414,351,0.8478260869565217,False,414,351,0.8478260869565217,False,351,0.8478260869565217,False
BASELINE,2026-03-16,411,348,0.8467153284671532,False,411,348,0.8467153284671532,False,348,0.8467153284671532,False
BASELINE,2026-03-17,407,345,0.8476658476658476,False,407,345,0.8476658476658476,False,345,0.8476658476658476,False
BASELINE,2026-03-25,407,345,0.8476658476658476,False,407,345,0.8476658476658476,False,345,0.8476658476658476,False
BASELINE,2026-03-26,402,340,0.845771144278607,False,402,340,0.845771144278607,False,340,0.845771144278607,False
BASELINE,2026-03-27,399,337,0.8446115288220551,False,399,337,0.8446115288220551,False,337,0.8446115288220551,False
BASELINE,2026-03-30,396,334,0.8434343434343434,False,396,334,0.8434343434343434,False,334,0.8434343434343434,False
BASELINE,2026-03-31,395,333,0.8430379746835444,False,395,333,0.8430379746835444,False,333,0.8430379746835444,False
BASELINE,2026-04-01,390,330,0.8461538461538461,False,390,330,0.8461538461538461,False,330,0.8461538461538461,False
BASELINE,2026-04-02,390,330,0.8461538461538461,False,390,330,0.8461538461538461,False,330,0.8461538461538461,False
BASELINE,2026-04-06,389,329,0.8457583547557841,False,389,329,0.8457583547557841,False,329,0.8457583547557841,False
BASELINE,2026-04-07,388,328,0.845360824742268,False,388,328,0.845360824742268,False,328,0.845360824742268,False
BASELINE,2026-04-08,387,327,0.8449612403100775,False,387,327,0.8449612403100775,False,327,0.8449612403100775,False
BASELINE,2026-04-09,387,327,0.8449612403100775,False,387,327,0.8449612403100775,False,327,0.8449612403100775,False
BASELINE,2026-04-10,385,325,0.8441558441558441,False,385,325,0.8441558441558441,False,325,0.8441558441558441,False
BASELINE,2026-04-13,381,322,0.8451443569553806,False,381,322,0.8451443569553806,False,322,0.8451443569553806,False
BASELINE,2026-04-14,380,320,0.8421052631578947,False,380,320,0.8421052631578947,False,320,0.8421052631578947,False
BASELINE,2026-04-15,376,316,0.8404255319148937,False,376,316,0.8404255319148937,False,316,0.8404255319148937,False
BASELINE,2026-04-16,376,315,0.8377659574468085,False,376,315,0.8377659574468085,False,315,0.8377659574468085,False
BASELINE,2026-04-17,376,315,0.8377659574468085,False,376,315,0.8377659574468085,False,315,0.8377659574468085,False
BASELINE,2026-04-20,375,314,0.8373333333333334,False,375,314,0.8373333333333334,False,314,0.8373333333333334,False
BASELINE,2026-04-21,376,315,0.8377659574468085,False,376,315,0.8377659574468085,False,315,0.8377659574468085,False
BASELINE,2026-04-22,375,314,0.8373333333333334,False,375,314,0.8373333333333334,False,314,0.8373333333333334,False
BASELINE,2026-04-23,373,312,0.8364611260053619,False,373,312,0.8364611260053619,False,312,0.8364611260053619,False
BASELINE,2026-04-24,371,310,0.8355795148247979,False,371,310,0.8355795148247979,False,310,0.8355795148247979,False
BASELINE,2026-04-27,371,310,0.8355795148247979,False,371,310,0.8355795148247979,False,310,0.8355795148247979,False
BASELINE,2026-04-28,369,308,0.8346883468834688,False,369,308,0.8346883468834688,False,308,0.8346883468834688,False
BASELINE,2026-04-29,366,305,0.8333333333333334,False,366,305,0.8333333333333334,False,305,0.8333333333333334,False
BASELINE,2026-04-30,364,303,0.8324175824175825,False,364,303,0.8324175824175825,False,303,0.8324175824175825,False
BASELINE,2026-05-04,365,304,0.8328767123287671,False,365,304,0.8328767123287671,False,304,0.8328767123287671,False
BASELINE,2026-05-05,362,302,0.8342541436464088,False,362,302,0.8342541436464088,False,302,0.8342541436464088,False
BASELINE,2026-05-06,363,304,0.837465564738292,False,363,304,0.837465564738292,False,304,0.837465564738292,False
BASELINE,2026-05-07,362,303,0.8370165745856354,False,362,303,0.8370165745856354,False,303,0.8370165745856354,False
BASELINE,2026-05-08,361,302,0.8365650969529086,False,361,301,0.8337950138504155,False,301,0.8337950138504155,False
BASELINE,2026-05-11,362,303,0.8370165745856354,False,362,302,0.8342541436464088,False,302,0.8342541436464088,False
BASELINE,2026-05-12,361,302,0.8365650969529086,False,361,301,0.8337950138504155,False,301,0.8337950138504155,False
BASELINE,2026-05-13,362,303,0.8370165745856354,False,362,302,0.8342541436464088,False,302,0.8342541436464088,False
BASELINE,2026-05-18,361,303,0.8393351800554016,False,361,302,0.8365650969529086,False,302,0.8365650969529086,False
BASELINE,2026-05-19,359,300,0.8356545961002786,False,359,300,0.8356545961002786,False,300,0.8356545961002786,False
BASELINE,2026-05-20,356,297,0.8342696629213483,False,356,297,0.8342696629213483,False,297,0.8342696629213483,False
BASELINE,2026-05-21,355,296,0.8338028169014085,False,355,296,0.8338028169014085,False,296,0.8338028169014085,False
BASELINE,2026-05-22,353,294,0.8328611898016998,False,353,294,0.8328611898016998,False,294,0.8328611898016998,False
BASELINE,2026-05-25,350,292,0.8342857142857143,False,350,292,0.8342857142857143,False,292,0.8342857142857143,False
BASELINE,2026-05-26,348,291,0.8362068965517241,False,348,291,0.8362068965517241,False,291,0.8362068965517241,False
BASELINE,2026-05-29,346,289,0.8352601156069365,False,346,289,0.8352601156069365,False,289,0.8352601156069365,False
BASELINE,2026-06-02,343,287,0.8367346938775511,False,343,287,0.8367346938775511,False,287,0.8367346938775511,False
BASELINE,2026-06-03,339,283,0.8348082595870207,False,339,283,0.8348082595870207,False,283,0.8348082595870207,False
BASELINE,2026-06-04,337,283,0.8397626112759644,False,337,283,0.8397626112759644,False,283,0.8397626112759644,False
BASELINE,2026-06-05,334,279,0.8353293413173652,False,334,279,0.8353293413173652,False,279,0.8353293413173652,False
BASELINE,2026-06-08,332,278,0.8373493975903614,False,332,278,0.8373493975903614,False,278,0.8373493975903614,False
BASELINE,2026-06-09,330,276,0.8363636363636363,False,330,276,0.8363636363636363,False,276,0.8363636363636363,False
BASELINE,2026-06-10,329,276,0.8389057750759878,False,329,276,0.8389057750759878,False,276,0.8389057750759878,False
BASELINE,2026-06-11,329,276,0.8389057750759878,False,329,276,0.8389057750759878,False,276,0.8389057750759878,False
BASELINE,2026-06-12,326,273,0.8374233128834356,False,326,273,0.8374233128834356,False,273,0.8374233128834356,False
BASELINE,2026-06-15,328,275,0.8384146341463414,False,328,275,0.8384146341463414,False,275,0.8384146341463414,False
BASELINE,2026-06-17,328,274,0.8353658536585366,False,328,274,0.8353658536585366,False,274,0.8353658536585366,False
BASELINE,2026-06-18,327,273,0.8348623853211009,False,327,273,0.8348623853211009,False,273,0.8348623853211009,False
BASELINE,2026-06-19,325,271,0.8338461538461538,False,325,271,0.8338461538461538,False,271,0.8338461538461538,False
BASELINE,2026-06-22,322,270,0.8385093167701864,False,322,270,0.8385093167701864,False,270,0.8385093167701864,False
BASELINE,2026-06-23,323,271,0.8390092879256966,False,323,270,0.8359133126934984,False,270,0.8359133126934984,False
BASELINE,2026-06-24,323,271,0.8390092879256966,False,323,270,0.8359133126934984,False,270,0.8359133126934984,False
BASELINE,2026-06-25,321,269,0.838006230529595,False,321,264,0.822429906542056,False,264,0.822429906542056,False
BASELINE,2026-06-26,320,268,0.8375,False,320,263,0.821875,False,263,0.821875,False
BASELINE,2026-06-29,318,267,0.839622641509434,False,318,262,0.8238993710691824,False,262,0.8238993710691824,False
BASELINE,2026-06-30,314,262,0.8343949044585988,False,314,258,0.821656050955414,False,258,0.821656050955414,False
BASELINE,2026-07-01,314,262,0.8343949044585988,False,314,259,0.8248407643312102,False,259,0.8248407643312102,False
BASELINE,2026-07-02,312,257,0.8237179487179487,False,312,257,0.8237179487179487,False,257,0.8237179487179487,False
BASELINE,2026-07-03,314,259,0.8248407643312102,False,314,259,0.8248407643312102,False,259,0.8248407643312102,False
BASELINE,2026-07-06,311,257,0.8263665594855305,False,311,257,0.8263665594855305,False,257,0.8263665594855305,False
BASELINE,2026-07-07,312,257,0.8237179487179487,False,312,257,0.8237179487179487,False,257,0.8237179487179487,False
BASELINE,2026-07-08,312,261,0.8365384615384616,False,312,261,0.8365384615384616,False,261,0.8365384615384616,False
BASELINE,2026-07-09,312,261,0.8365384615384616,False,312,261,0.8365384615384616,False,261,0.8365384615384616,False
BASELINE,2026-07-10,312,261,0.8365384615384616,False,312,261,0.8365384615384616,False,261,0.8365384615384616,False
BASELINE,2026-07-13,311,260,0.8360128617363344,False,311,260,0.8360128617363344,False,260,0.8360128617363344,False
BASELINE,2026-07-14,309,258,0.8349514563106796,False,309,258,0.8349514563106796,False,258,0.8349514563106796,False
BASELINE,2026-07-15,308,258,0.8376623376623377,False,308,258,0.8376623376623377,False,258,0.8376623376623377,False
BASELINE,2026-07-16,306,257,0.8398692810457516,False,306,257,0.8398692810457516,False,257,0.8398692810457516,False
BASELINE,2026-07-17,303,255,0.8415841584158416,False,303,255,0.8415841584158416,False,255,0.8415841584158416,False
SCHEDULE_UNKNOWN_RESOLVED_CEILING,2023-12-28,262,241,0.9198473282442748,True,262,241,0.9198473282442748,True,241,0.9198473282442748,True
SCHEDULE_UNKNOWN_RESOLVED_CEILING,2023-12-29,263,241,0.9163498098859315,True,263,241,0.9163498098859315,True,241,0.9163498098859315,True
SCHEDULE_UNKNOWN_RESOLVED_CEILING,2024-01-02,265,244,0.9207547169811321,True,265,244,0.9207547169811321,True,244,0.9207547169811321,True
SCHEDULE_UNKNOWN_RESOLVED_CEILING,2024-01-03,263,242,0.9201520912547528,True,263,242,0.9201520912547528,True,242,0.9201520912547528,True
SCHEDULE_UNKNOWN_RESOLVED_CEILING,2024-01-04,262,241,0.9198473282442748,True,262,241,0.9198473282442748,True,241,0.9198473282442748,True
SCHEDULE_UNKNOWN_RESOLVED_CEILING,2024-01-05,260,239,0.9192307692307692,True,260,239,0.9192307692307692,True,239,0.9192307692307692,True
SCHEDULE_UNKNOWN_RESOLVED_CEILING,2024-01-08,262,241,0.9198473282442748,True,262,241,0.9198473282442748,True,241,0.9198473282442748,True
SCHEDULE_UNKNOWN_RESOLVED_CEILING,2024-01-09,260,239,0.9192307692307692,True,260,239,0.9192307692307692,True,239,0.9192307692307692,True
SCHEDULE_UNKNOWN_RESOLVED_CEILING,2024-01-10,258,237,0.9186046511627907,True,258,237,0.9186046511627907,True,237,0.9186046511627907,True
SCHEDULE_UNKNOWN_RESOLVED_CEILING,2024-01-11,253,232,0.9169960474308301,True,253,232,0.9169960474308301,True,232,0.9169960474308301,True
SCHEDULE_UNKNOWN_RESOLVED_CEILING,2024-01-12,251,231,0.9203187250996016,True,251,231,0.9203187250996016,True,231,0.9203187250996016,True
SCHEDULE_UNKNOWN_RESOLVED_CEILING,2024-01-15,250,231,0.924,True,250,231,0.924,True,231,0.924,True
SCHEDULE_UNKNOWN_RESOLVED_CEILING,2024-01-16,251,232,0.9243027888446215,True,251,232,0.9243027888446215,True,232,0.9243027888446215,True
SCHEDULE_UNKNOWN_RESOLVED_CEILING,2024-01-17,251,232,0.9243027888446215,True,251,232,0.9243027888446215,True,232,0.9243027888446215,True
SCHEDULE_UNKNOWN_RESOLVED_CEILING,2024-01-18,251,232,0.9243027888446215,True,251,232,0.9243027888446215,True,232,0.9243027888446215,True
SCHEDULE_UNKNOWN_RESOLVED_CEILING,2024-01-19,249,230,0.9236947791164659,True,249,230,0.9236947791164659,True,230,0.9236947791164659,True
SCHEDULE_UNKNOWN_RESOLVED_CEILING,2024-01-22,247,228,0.9230769230769231,True,247,228,0.9230769230769231,True,228,0.9230769230769231,True
SCHEDULE_UNKNOWN_RESOLVED_CEILING,2024-01-23,247,228,0.9230769230769231,True,247,228,0.9230769230769231,True,228,0.9230769230769231,True
SCHEDULE_UNKNOWN_RESOLVED_CEILING,2024-01-24,246,227,0.9227642276422764,True,246,227,0.9227642276422764,True,227,0.9227642276422764,True
SCHEDULE_UNKNOWN_RESOLVED_CEILING,2024-01-25,246,227,0.9227642276422764,True,246,227,0.9227642276422764,True,227,0.9227642276422764,True
SCHEDULE_UNKNOWN_RESOLVED_CEILING,2024-01-26,246,227,0.9227642276422764,True,246,227,0.9227642276422764,True,227,0.9227642276422764,True
SCHEDULE_UNKNOWN_RESOLVED_CEILING,2024-01-29,243,224,0.9218106995884774,True,243,224,0.9218106995884774,True,224,0.9218106995884774,True
SCHEDULE_UNKNOWN_RESOLVED_CEILING,2024-01-30,243,224,0.9218106995884774,True,243,224,0.9218106995884774,True,224,0.9218106995884774,True
SCHEDULE_UNKNOWN_RESOLVED_CEILING,2024-01-31,242,223,0.9214876033057852,True,242,223,0.9214876033057852,True,223,0.9214876033057852,True
SCHEDULE_UNKNOWN_RESOLVED_CEILING,2024-02-01,241,222,0.921161825726141,True,241,222,0.921161825726141,True,222,0.921161825726141,True
SCHEDULE_UNKNOWN_RESOLVED_CEILING,2024-02-02,243,224,0.9218106995884774,True,243,224,0.9218106995884774,True,224,0.9218106995884774,True
SCHEDULE_UNKNOWN_RESOLVED_CEILING,2024-02-05,241,222,0.921161825726141,True,241,222,0.921161825726141,True,222,0.921161825726141,True
SCHEDULE_UNKNOWN_RESOLVED_CEILING,2024-02-06,242,222,0.9173553719008265,True,242,222,0.9173553719008265,True,222,0.9173553719008265,True
SCHEDULE_UNKNOWN_RESOLVED_CEILING,2024-02-07,246,225,0.9146341463414634,True,246,225,0.9146341463414634,True,225,0.9146341463414634,True
SCHEDULE_UNKNOWN_RESOLVED_CEILING,2024-02-12,242,221,0.9132231404958677,True,242,221,0.9132231404958677,True,221,0.9132231404958677,True
SCHEDULE_UNKNOWN_RESOLVED_CEILING,2024-02-13,244,223,0.9139344262295082,True,244,223,0.9139344262295082,True,223,0.9139344262295082,True
SCHEDULE_UNKNOWN_RESOLVED_CEILING,2024-02-15,244,223,0.9139344262295082,True,244,223,0.9139344262295082,True,223,0.9139344262295082,True
SCHEDULE_UNKNOWN_RESOLVED_CEILING,2024-02-16,243,222,0.9135802469135802,True,243,222,0.9135802469135802,True,222,0.9135802469135802,True
SCHEDULE_UNKNOWN_RESOLVED_CEILING,2024-02-19,244,223,0.9139344262295082,True,244,223,0.9139344262295082,True,223,0.9139344262295082,True
SCHEDULE_UNKNOWN_RESOLVED_CEILING,2024-02-20,244,223,0.9139344262295082,True,244,223,0.9139344262295082,True,223,0.9139344262295082,True
SCHEDULE_UNKNOWN_RESOLVED_CEILING,2024-02-21,245,224,0.9142857142857143,True,245,224,0.9142857142857143,True,224,0.9142857142857143,True
SCHEDULE_UNKNOWN_RESOLVED_CEILING,2024-02-22,243,222,0.9135802469135802,True,243,222,0.9135802469135802,True,222,0.9135802469135802,True
SCHEDULE_UNKNOWN_RESOLVED_CEILING,2024-02-23,239,218,0.9121338912133892,True,239,218,0.9121338912133892,True,218,0.9121338912133892,True
SCHEDULE_UNKNOWN_RESOLVED_CEILING,2024-02-26,236,214,0.9067796610169492,True,236,214,0.9067796610169492,True,214,0.9067796610169492,True
SCHEDULE_UNKNOWN_RESOLVED_CEILING,2024-02-27,236,215,0.9110169491525424,True,236,215,0.9110169491525424,True,215,0.9110169491525424,True
SCHEDULE_UNKNOWN_RESOLVED_CEILING,2024-02-28,236,215,0.9110169491525424,True,236,215,0.9110169491525424,True,215,0.9110169491525424,True
SCHEDULE_UNKNOWN_RESOLVED_CEILING,2024-02-29,237,216,0.9113924050632911,True,237,216,0.9113924050632911,True,216,0.9113924050632911,True
SCHEDULE_UNKNOWN_RESOLVED_CEILING,2024-03-01,232,211,0.9094827586206896,True,232,211,0.9094827586206896,True,211,0.9094827586206896,True
SCHEDULE_UNKNOWN_RESOLVED_CEILING,2024-03-04,235,214,0.9106382978723404,True,235,214,0.9106382978723404,True,214,0.9106382978723404,True
SCHEDULE_UNKNOWN_RESOLVED_CEILING,2024-03-05,236,216,0.9152542372881356,True,236,216,0.9152542372881356,True,216,0.9152542372881356,True
SCHEDULE_UNKNOWN_RESOLVED_CEILING,2024-03-06,236,215,0.9110169491525424,True,236,215,0.9110169491525424,True,215,0.9110169491525424,True
SCHEDULE_UNKNOWN_RESOLVED_CEILING,2024-03-07,237,215,0.9071729957805907,True,237,215,0.9071729957805907,True,215,0.9071729957805907,True
SCHEDULE_UNKNOWN_RESOLVED_CEILING,2024-03-08,238,215,0.9033613445378151,True,238,215,0.9033613445378151,True,215,0.9033613445378151,True
SCHEDULE_UNKNOWN_RESOLVED_CEILING,2024-03-13,241,217,0.9004149377593361,True,241,217,0.9004149377593361,True,217,0.9004149377593361,True
SCHEDULE_UNKNOWN_RESOLVED_CEILING,2024-03-14,243,219,0.9012345679012346,True,243,219,0.9012345679012346,True,219,0.9012345679012346,True
SCHEDULE_UNKNOWN_RESOLVED_CEILING,2024-03-15,240,216,0.9,True,240,216,0.9,True,216,0.9,True
SCHEDULE_UNKNOWN_RESOLVED_CEILING,2024-03-18,243,219,0.9012345679012346,True,243,219,0.9012345679012346,True,219,0.9012345679012346,True
SCHEDULE_UNKNOWN_RESOLVED_CEILING,2024-03-19,243,219,0.9012345679012346,True,243,219,0.9012345679012346,True,219,0.9012345679012346,True
SCHEDULE_UNKNOWN_RESOLVED_CEILING,2024-03-20,242,218,0.9008264462809917,True,242,218,0.9008264462809917,True,218,0.9008264462809917,True
SCHEDULE_UNKNOWN_RESOLVED_CEILING,2024-03-21,242,218,0.9008264462809917,True,242,218,0.9008264462809917,True,218,0.9008264462809917,True
SCHEDULE_UNKNOWN_RESOLVED_CEILING,2024-03-22,242,218,0.9008264462809917,True,242,218,0.9008264462809917,True,218,0.9008264462809917,True
SCHEDULE_UNKNOWN_RESOLVED_CEILING,2024-03-25,243,219,0.9012345679012346,True,243,219,0.9012345679012346,True,219,0.9012345679012346,True
SCHEDULE_UNKNOWN_RESOLVED_CEILING,2024-03-26,244,220,0.9016393442622951,True,244,220,0.9016393442622951,True,220,0.9016393442622951,True
SCHEDULE_UNKNOWN_RESOLVED_CEILING,2024-03-27,245,220,0.8979591836734694,False,245,220,0.8979591836734694,False,220,0.8979591836734694,False
SCHEDULE_UNKNOWN_RESOLVED_CEILING,2024-03-28,244,219,0.8975409836065574,False,244,219,0.8975409836065574,False,219,0.8975409836065574,False
SCHEDULE_UNKNOWN_RESOLVED_CEILING,2024-04-01,250,225,0.9,True,250,225,0.9,True,225,0.9,True
SCHEDULE_UNKNOWN_RESOLVED_CEILING,2024-04-02,250,225,0.9,True,250,225,0.9,True,225,0.9,True
SCHEDULE_UNKNOWN_RESOLVED_CEILING,2024-04-03,251,226,0.900398406374502,True,251,226,0.900398406374502,True,226,0.900398406374502,True
SCHEDULE_UNKNOWN_RESOLVED_CEILING,2024-04-04,250,226,0.904,True,250,226,0.904,True,226,0.904,True
SCHEDULE_UNKNOWN_RESOLVED_CEILING,2024-04-05,250,226,0.904,True,250,226,0.904,True,226,0.904,True
SCHEDULE_UNKNOWN_RESOLVED_CEILING,2024-04-16,250,226,0.904,True,250,226,0.904,True,226,0.904,True
SCHEDULE_UNKNOWN_RESOLVED_CEILING,2024-04-17,249,225,0.9036144578313253,True,249,225,0.9036144578313253,True,225,0.9036144578313253,True
SCHEDULE_UNKNOWN_RESOLVED_CEILING,2024-04-18,247,223,0.902834008097166,True,247,223,0.902834008097166,True,223,0.902834008097166,True
SCHEDULE_UNKNOWN_RESOLVED_CEILING,2024-04-19,246,222,0.9024390243902439,True,246,222,0.9024390243902439,True,222,0.9024390243902439,True
SCHEDULE_UNKNOWN_RESOLVED_CEILING,2024-04-22,246,222,0.9024390243902439,True,246,222,0.9024390243902439,True,222,0.9024390243902439,True
SCHEDULE_UNKNOWN_RESOLVED_CEILING,2024-04-23,245,221,0.9020408163265307,True,245,221,0.9020408163265307,True,221,0.9020408163265307,True
SCHEDULE_UNKNOWN_RESOLVED_CEILING,2024-04-24,245,221,0.9020408163265307,True,245,221,0.9020408163265307,True,221,0.9020408163265307,True
SCHEDULE_UNKNOWN_RESOLVED_CEILING,2024-04-25,246,222,0.9024390243902439,True,246,222,0.9024390243902439,True,222,0.9024390243902439,True
SCHEDULE_UNKNOWN_RESOLVED_CEILING,2024-04-26,246,222,0.9024390243902439,True,246,222,0.9024390243902439,True,222,0.9024390243902439,True
SCHEDULE_UNKNOWN_RESOLVED_CEILING,2024-04-29,246,222,0.9024390243902439,True,246,222,0.9024390243902439,True,222,0.9024390243902439,True
SCHEDULE_UNKNOWN_RESOLVED_CEILING,2024-04-30,245,221,0.9020408163265307,True,245,221,0.9020408163265307,True,221,0.9020408163265307,True
SCHEDULE_UNKNOWN_RESOLVED_CEILING,2024-05-02,242,218,0.9008264462809917,True,242,218,0.9008264462809917,True,218,0.9008264462809917,True
SCHEDULE_UNKNOWN_RESOLVED_CEILING,2024-05-03,240,216,0.9,True,240,216,0.9,True,216,0.9,True
SCHEDULE_UNKNOWN_RESOLVED_CEILING,2024-05-06,240,216,0.9,True,240,216,0.9,True,216,0.9,True
SCHEDULE_UNKNOWN_RESOLVED_CEILING,2024-05-07,242,218,0.9008264462809917,True,242,218,0.9008264462809917,True,218,0.9008264462809917,True
SCHEDULE_UNKNOWN_RESOLVED_CEILING,2024-05-08,242,218,0.9008264462809917,True,242,218,0.9008264462809917,True,218,0.9008264462809917,True
SCHEDULE_UNKNOWN_RESOLVED_CEILING,2024-05-13,243,220,0.9053497942386831,True,243,220,0.9053497942386831,True,220,0.9053497942386831,True
SCHEDULE_UNKNOWN_RESOLVED_CEILING,2024-05-14,243,220,0.9053497942386831,True,243,220,0.9053497942386831,True,220,0.9053497942386831,True
SCHEDULE_UNKNOWN_RESOLVED_CEILING,2024-05-15,242,220,0.9090909090909091,True,242,220,0.9090909090909091,True,220,0.9090909090909091,True
SCHEDULE_UNKNOWN_RESOLVED_CEILING,2024-05-16,246,223,0.9065040650406504,True,246,223,0.9065040650406504,True,223,0.9065040650406504,True
SCHEDULE_UNKNOWN_RESOLVED_CEILING,2024-05-17,246,223,0.9065040650406504,True,246,223,0.9065040650406504,True,223,0.9065040650406504,True
SCHEDULE_UNKNOWN_RESOLVED_CEILING,2024-05-20,245,222,0.9061224489795918,True,245,222,0.9061224489795918,True,222,0.9061224489795918,True
SCHEDULE_UNKNOWN_RESOLVED_CEILING,2024-05-21,243,220,0.9053497942386831,True,243,220,0.9053497942386831,True,220,0.9053497942386831,True
SCHEDULE_UNKNOWN_RESOLVED_CEILING,2024-05-22,243,220,0.9053497942386831,True,243,220,0.9053497942386831,True,220,0.9053497942386831,True
SCHEDULE_UNKNOWN_RESOLVED_CEILING,2024-05-27,243,220,0.9053497942386831,True,243,220,0.9053497942386831,True,220,0.9053497942386831,True
SCHEDULE_UNKNOWN_RESOLVED_CEILING,2024-05-28,242,219,0.9049586776859504,True,242,219,0.9049586776859504,True,219,0.9049586776859504,True
SCHEDULE_UNKNOWN_RESOLVED_CEILING,2024-05-29,243,220,0.9053497942386831,True,243,220,0.9053497942386831,True,220,0.9053497942386831,True
SCHEDULE_UNKNOWN_RESOLVED_CEILING,2024-05-30,242,220,0.9090909090909091,True,242,220,0.9090909090909091,True,220,0.9090909090909091,True
SCHEDULE_UNKNOWN_RESOLVED_CEILING,2024-05-31,242,219,0.9049586776859504,True,242,219,0.9049586776859504,True,219,0.9049586776859504,True
SCHEDULE_UNKNOWN_RESOLVED_CEILING,2024-06-03,243,221,0.9094650205761317,True,243,220,0.9053497942386831,True,220,0.9053497942386831,True
SCHEDULE_UNKNOWN_RESOLVED_CEILING,2024-06-04,240,218,0.9083333333333333,True,240,217,0.9041666666666667,True,217,0.9041666666666667,True
SCHEDULE_UNKNOWN_RESOLVED_CEILING,2024-06-05,238,216,0.907563025210084,True,238,214,0.8991596638655462,False,214,0.8991596638655462,False
SCHEDULE_UNKNOWN_RESOLVED_CEILING,2024-06-06,238,216,0.907563025210084,True,238,214,0.8991596638655462,False,214,0.8991596638655462,False
SCHEDULE_UNKNOWN_RESOLVED_CEILING,2024-06-07,237,215,0.9071729957805907,True,237,213,0.8987341772151899,False,213,0.8987341772151899,False
SCHEDULE_UNKNOWN_RESOLVED_CEILING,2024-06-10,238,215,0.9033613445378151,True,238,214,0.8991596638655462,False,214,0.8991596638655462,False
SCHEDULE_UNKNOWN_RESOLVED_CEILING,2024-06-11,238,215,0.9033613445378151,True,238,213,0.8949579831932774,False,213,0.8949579831932774,False
SCHEDULE_UNKNOWN_RESOLVED_CEILING,2024-06-12,237,214,0.9029535864978903,True,237,213,0.8987341772151899,False,213,0.8987341772151899,False
SCHEDULE_UNKNOWN_RESOLVED_CEILING,2024-06-13,237,214,0.9029535864978903,True,237,213,0.8987341772151899,False,213,0.8987341772151899,False
SCHEDULE_UNKNOWN_RESOLVED_CEILING,2024-06-14,238,216,0.907563025210084,True,238,215,0.9033613445378151,True,215,0.9033613445378151,True
SCHEDULE_UNKNOWN_RESOLVED_CEILING,2024-06-19,236,214,0.9067796610169492,True,236,213,0.902542372881356,True,213,0.902542372881356,True
SCHEDULE_UNKNOWN_RESOLVED_CEILING,2024-06-20,236,213,0.902542372881356,True,236,213,0.902542372881356,True,213,0.902542372881356,True
SCHEDULE_UNKNOWN_RESOLVED_CEILING,2024-06-21,237,214,0.9029535864978903,True,237,214,0.9029535864978903,True,214,0.9029535864978903,True
SCHEDULE_UNKNOWN_RESOLVED_CEILING,2024-06-24,237,214,0.9029535864978903,True,237,214,0.9029535864978903,True,214,0.9029535864978903,True
SCHEDULE_UNKNOWN_RESOLVED_CEILING,2024-06-25,237,214,0.9029535864978903,True,237,213,0.8987341772151899,False,213,0.8987341772151899,False
SCHEDULE_UNKNOWN_RESOLVED_CEILING,2024-06-26,236,214,0.9067796610169492,True,236,213,0.902542372881356,True,213,0.902542372881356,True
SCHEDULE_UNKNOWN_RESOLVED_CEILING,2024-06-27,238,216,0.907563025210084,True,238,215,0.9033613445378151,True,215,0.9033613445378151,True
SCHEDULE_UNKNOWN_RESOLVED_CEILING,2024-06-28,239,217,0.9079497907949791,True,239,216,0.9037656903765691,True,216,0.9037656903765691,True
SCHEDULE_UNKNOWN_RESOLVED_CEILING,2024-07-01,239,217,0.9079497907949791,True,239,216,0.9037656903765691,True,216,0.9037656903765691,True
SCHEDULE_UNKNOWN_RESOLVED_CEILING,2024-07-02,241,217,0.9004149377593361,True,241,217,0.9004149377593361,True,217,0.9004149377593361,True
SCHEDULE_UNKNOWN_RESOLVED_CEILING,2024-07-03,241,217,0.9004149377593361,True,241,217,0.9004149377593361,True,217,0.9004149377593361,True
SCHEDULE_UNKNOWN_RESOLVED_CEILING,2024-07-04,241,217,0.9004149377593361,True,241,217,0.9004149377593361,True,217,0.9004149377593361,True
SCHEDULE_UNKNOWN_RESOLVED_CEILING,2024-07-05,242,218,0.9008264462809917,True,242,218,0.9008264462809917,True,218,0.9008264462809917,True
SCHEDULE_UNKNOWN_RESOLVED_CEILING,2024-07-08,242,219,0.9049586776859504,True,242,219,0.9049586776859504,True,219,0.9049586776859504,True
SCHEDULE_UNKNOWN_RESOLVED_CEILING,2024-07-09,242,219,0.9049586776859504,True,242,219,0.9049586776859504,True,219,0.9049586776859504,True
SCHEDULE_UNKNOWN_RESOLVED_CEILING,2024-07-10,242,219,0.9049586776859504,True,242,219,0.9049586776859504,True,219,0.9049586776859504,True
SCHEDULE_UNKNOWN_RESOLVED_CEILING,2024-07-11,241,218,0.9045643153526971,True,241,218,0.9045643153526971,True,218,0.9045643153526971,True
SCHEDULE_UNKNOWN_RESOLVED_CEILING,2024-07-12,241,218,0.9045643153526971,True,241,218,0.9045643153526971,True,218,0.9045643153526971,True
SCHEDULE_UNKNOWN_RESOLVED_CEILING,2024-07-15,241,218,0.9045643153526971,True,241,218,0.9045643153526971,True,218,0.9045643153526971,True
SCHEDULE_UNKNOWN_RESOLVED_CEILING,2024-07-16,241,218,0.9045643153526971,True,241,218,0.9045643153526971,True,218,0.9045643153526971,True
SCHEDULE_UNKNOWN_RESOLVED_CEILING,2024-07-17,239,216,0.9037656903765691,True,239,216,0.9037656903765691,True,216,0.9037656903765691,True
SCHEDULE_UNKNOWN_RESOLVED_CEILING,2024-07-18,240,217,0.9041666666666667,True,240,217,0.9041666666666667,True,217,0.9041666666666667,True
SCHEDULE_UNKNOWN_RESOLVED_CEILING,2024-07-19,240,218,0.9083333333333333,True,240,218,0.9083333333333333,True,218,0.9083333333333333,True
SCHEDULE_UNKNOWN_RESOLVED_CEILING,2024-07-22,236,214,0.9067796610169492,True,236,214,0.9067796610169492,True,214,0.9067796610169492,True
SCHEDULE_UNKNOWN_RESOLVED_CEILING,2024-07-23,236,214,0.9067796610169492,True,236,214,0.9067796610169492,True,214,0.9067796610169492,True
SCHEDULE_UNKNOWN_RESOLVED_CEILING,2024-07-24,236,214,0.9067796610169492,True,236,214,0.9067796610169492,True,214,0.9067796610169492,True
SCHEDULE_UNKNOWN_RESOLVED_CEILING,2024-07-25,237,215,0.9071729957805907,True,237,215,0.9071729957805907,True,215,0.9071729957805907,True
SCHEDULE_UNKNOWN_RESOLVED_CEILING,2024-07-26,238,216,0.907563025210084,True,238,216,0.907563025210084,True,216,0.907563025210084,True
SCHEDULE_UNKNOWN_RESOLVED_CEILING,2024-07-29,239,217,0.9079497907949791,True,239,217,0.9079497907949791,True,217,0.9079497907949791,True
SCHEDULE_UNKNOWN_RESOLVED_CEILING,2024-07-30,239,217,0.9079497907949791,True,239,217,0.9079497907949791,True,217,0.9079497907949791,True
SCHEDULE_UNKNOWN_RESOLVED_CEILING,2024-07-31,242,220,0.9090909090909091,True,242,220,0.9090909090909091,True,220,0.9090909090909091,True
SCHEDULE_UNKNOWN_RESOLVED_CEILING,2024-08-01,239,217,0.9079497907949791,True,239,217,0.9079497907949791,True,217,0.9079497907949791,True
SCHEDULE_UNKNOWN_RESOLVED_CEILING,2024-08-02,239,217,0.9079497907949791,True,239,217,0.9079497907949791,True,217,0.9079497907949791,True
SCHEDULE_UNKNOWN_RESOLVED_CEILING,2024-08-05,241,219,0.9087136929460581,True,241,219,0.9087136929460581,True,219,0.9087136929460581,True
SCHEDULE_UNKNOWN_RESOLVED_CEILING,2024-08-06,241,219,0.9087136929460581,True,241,219,0.9087136929460581,True,219,0.9087136929460581,True
SCHEDULE_UNKNOWN_RESOLVED_CEILING,2024-08-07,241,219,0.9087136929460581,True,241,219,0.9087136929460581,True,219,0.9087136929460581,True
SCHEDULE_UNKNOWN_RESOLVED_CEILING,2024-08-08,242,220,0.9090909090909091,True,242,220,0.9090909090909091,True,220,0.9090909090909091,True
SCHEDULE_UNKNOWN_RESOLVED_CEILING,2024-08-09,242,220,0.9090909090909091,True,242,220,0.9090909090909091,True,220,0.9090909090909091,True
SCHEDULE_UNKNOWN_RESOLVED_CEILING,2024-08-12,244,222,0.9098360655737705,True,244,222,0.9098360655737705,True,222,0.9098360655737705,True
SCHEDULE_UNKNOWN_RESOLVED_CEILING,2024-08-13,244,222,0.9098360655737705,True,244,222,0.9098360655737705,True,222,0.9098360655737705,True
SCHEDULE_UNKNOWN_RESOLVED_CEILING,2024-08-14,243,221,0.9094650205761317,True,243,221,0.9094650205761317,True,221,0.9094650205761317,True
SCHEDULE_UNKNOWN_RESOLVED_CEILING,2024-08-15,245,223,0.9102040816326531,True,245,223,0.9102040816326531,True,223,0.9102040816326531,True
SCHEDULE_UNKNOWN_RESOLVED_CEILING,2024-08-16,246,224,0.9105691056910569,True,246,224,0.9105691056910569,True,224,0.9105691056910569,True
SCHEDULE_UNKNOWN_RESOLVED_CEILING,2024-08-19,246,224,0.9105691056910569,True,246,224,0.9105691056910569,True,224,0.9105691056910569,True
SCHEDULE_UNKNOWN_RESOLVED_CEILING,2024-08-20,245,223,0.9102040816326531,True,245,223,0.9102040816326531,True,223,0.9102040816326531,True
SCHEDULE_UNKNOWN_RESOLVED_CEILING,2024-08-21,244,222,0.9098360655737705,True,244,222,0.9098360655737705,True,222,0.9098360655737705,True
SCHEDULE_UNKNOWN_RESOLVED_CEILING,2024-08-22,244,222,0.9098360655737705,True,244,222,0.9098360655737705,True,222,0.9098360655737705,True
SCHEDULE_UNKNOWN_RESOLVED_CEILING,2024-08-23,242,221,0.9132231404958677,True,242,221,0.9132231404958677,True,221,0.9132231404958677,True
SCHEDULE_UNKNOWN_RESOLVED_CEILING,2024-08-26,243,222,0.9135802469135802,True,243,222,0.9135802469135802,True,222,0.9135802469135802,True
SCHEDULE_UNKNOWN_RESOLVED_CEILING,2024-08-27,242,222,0.9173553719008265,True,242,222,0.9173553719008265,True,222,0.9173553719008265,True
SCHEDULE_UNKNOWN_RESOLVED_CEILING,2024-08-28,242,221,0.9132231404958677,True,242,221,0.9132231404958677,True,221,0.9132231404958677,True
SCHEDULE_UNKNOWN_RESOLVED_CEILING,2024-08-29,243,222,0.9135802469135802,True,243,222,0.9135802469135802,True,222,0.9135802469135802,True
SCHEDULE_UNKNOWN_RESOLVED_CEILING,2024-08-30,242,221,0.9132231404958677,True,242,221,0.9132231404958677,True,221,0.9132231404958677,True
SCHEDULE_UNKNOWN_RESOLVED_CEILING,2024-09-02,245,224,0.9142857142857143,True,245,224,0.9142857142857143,True,224,0.9142857142857143,True
SCHEDULE_UNKNOWN_RESOLVED_CEILING,2024-09-03,247,226,0.9149797570850202,True,247,226,0.9149797570850202,True,226,0.9149797570850202,True
SCHEDULE_UNKNOWN_RESOLVED_CEILING,2024-09-04,248,227,0.9153225806451613,True,248,227,0.9153225806451613,True,227,0.9153225806451613,True
SCHEDULE_UNKNOWN_RESOLVED_CEILING,2024-09-05,247,226,0.9149797570850202,True,247,226,0.9149797570850202,True,226,0.9149797570850202,True
SCHEDULE_UNKNOWN_RESOLVED_CEILING,2024-09-06,242,221,0.9132231404958677,True,242,221,0.9132231404958677,True,221,0.9132231404958677,True
SCHEDULE_UNKNOWN_RESOLVED_CEILING,2024-09-09,243,222,0.9135802469135802,True,243,222,0.9135802469135802,True,222,0.9135802469135802,True
SCHEDULE_UNKNOWN_RESOLVED_CEILING,2024-09-10,244,223,0.9139344262295082,True,244,223,0.9139344262295082,True,223,0.9139344262295082,True
SCHEDULE_UNKNOWN_RESOLVED_CEILING,2024-09-11,245,223,0.9102040816326531,True,245,223,0.9102040816326531,True,223,0.9102040816326531,True
SCHEDULE_UNKNOWN_RESOLVED_CEILING,2024-09-12,246,224,0.9105691056910569,True,246,224,0.9105691056910569,True,224,0.9105691056910569,True
SCHEDULE_UNKNOWN_RESOLVED_CEILING,2024-09-13,246,224,0.9105691056910569,True,246,224,0.9105691056910569,True,224,0.9105691056910569,True
SCHEDULE_UNKNOWN_RESOLVED_CEILING,2024-09-17,248,226,0.9112903225806451,True,248,226,0.9112903225806451,True,226,0.9112903225806451,True
SCHEDULE_UNKNOWN_RESOLVED_CEILING,2024-09-18,245,224,0.9142857142857143,True,245,224,0.9142857142857143,True,224,0.9142857142857143,True
SCHEDULE_UNKNOWN_RESOLVED_CEILING,2024-09-19,246,224,0.9105691056910569,True,246,224,0.9105691056910569,True,224,0.9105691056910569,True
SCHEDULE_UNKNOWN_RESOLVED_CEILING,2024-09-20,246,225,0.9146341463414634,True,246,225,0.9146341463414634,True,225,0.9146341463414634,True
SCHEDULE_UNKNOWN_RESOLVED_CEILING,2024-09-23,246,225,0.9146341463414634,True,246,225,0.9146341463414634,True,225,0.9146341463414634,True
SCHEDULE_UNKNOWN_RESOLVED_CEILING,2024-09-24,247,225,0.9109311740890689,True,247,225,0.9109311740890689,True,225,0.9109311740890689,True
SCHEDULE_UNKNOWN_RESOLVED_CEILING,2024-09-25,246,224,0.9105691056910569,True,246,224,0.9105691056910569,True,224,0.9105691056910569,True
SCHEDULE_UNKNOWN_RESOLVED_CEILING,2024-09-26,248,227,0.9153225806451613,True,248,227,0.9153225806451613,True,227,0.9153225806451613,True
SCHEDULE_UNKNOWN_RESOLVED_CEILING,2024-09-27,247,226,0.9149797570850202,True,247,226,0.9149797570850202,True,226,0.9149797570850202,True
SCHEDULE_UNKNOWN_RESOLVED_CEILING,2024-09-30,248,227,0.9153225806451613,True,248,227,0.9153225806451613,True,227,0.9153225806451613,True
SCHEDULE_UNKNOWN_RESOLVED_CEILING,2024-10-01,248,227,0.9153225806451613,True,248,227,0.9153225806451613,True,227,0.9153225806451613,True
SCHEDULE_UNKNOWN_RESOLVED_CEILING,2024-10-02,248,227,0.9153225806451613,True,248,227,0.9153225806451613,True,227,0.9153225806451613,True
SCHEDULE_UNKNOWN_RESOLVED_CEILING,2024-10-03,247,226,0.9149797570850202,True,247,226,0.9149797570850202,True,226,0.9149797570850202,True
SCHEDULE_UNKNOWN_RESOLVED_CEILING,2024-10-04,249,227,0.9116465863453815,True,249,227,0.9116465863453815,True,227,0.9116465863453815,True
SCHEDULE_UNKNOWN_RESOLVED_CEILING,2024-10-07,248,226,0.9112903225806451,True,248,226,0.9112903225806451,True,226,0.9112903225806451,True
SCHEDULE_UNKNOWN_RESOLVED_CEILING,2024-10-08,246,224,0.9105691056910569,True,246,224,0.9105691056910569,True,224,0.9105691056910569,True
SCHEDULE_UNKNOWN_RESOLVED_CEILING,2024-10-09,247,225,0.9109311740890689,True,247,225,0.9109311740890689,True,225,0.9109311740890689,True
SCHEDULE_UNKNOWN_RESOLVED_CEILING,2024-10-10,249,227,0.9116465863453815,True,249,227,0.9116465863453815,True,227,0.9116465863453815,True
SCHEDULE_UNKNOWN_RESOLVED_CEILING,2024-10-11,249,227,0.9116465863453815,True,249,227,0.9116465863453815,True,227,0.9116465863453815,True
SCHEDULE_UNKNOWN_RESOLVED_CEILING,2024-10-14,249,227,0.9116465863453815,True,249,227,0.9116465863453815,True,227,0.9116465863453815,True
SCHEDULE_UNKNOWN_RESOLVED_CEILING,2024-10-15,249,227,0.9116465863453815,True,249,227,0.9116465863453815,True,227,0.9116465863453815,True
SCHEDULE_UNKNOWN_RESOLVED_CEILING,2024-10-16,249,227,0.9116465863453815,True,249,227,0.9116465863453815,True,227,0.9116465863453815,True
SCHEDULE_UNKNOWN_RESOLVED_CEILING,2024-10-17,249,227,0.9116465863453815,True,249,227,0.9116465863453815,True,227,0.9116465863453815,True
SCHEDULE_UNKNOWN_RESOLVED_CEILING,2024-10-18,251,229,0.9123505976095617,True,251,229,0.9123505976095617,True,229,0.9123505976095617,True
SCHEDULE_UNKNOWN_RESOLVED_CEILING,2024-10-21,250,228,0.912,True,250,228,0.912,True,228,0.912,True
SCHEDULE_UNKNOWN_RESOLVED_CEILING,2024-10-22,250,228,0.912,True,250,228,0.912,True,228,0.912,True
SCHEDULE_UNKNOWN_RESOLVED_CEILING,2024-10-23,252,230,0.9126984126984127,True,252,230,0.9126984126984127,True,230,0.9126984126984127,True
SCHEDULE_UNKNOWN_RESOLVED_CEILING,2024-10-24,251,229,0.9123505976095617,True,251,229,0.9123505976095617,True,229,0.9123505976095617,True
SCHEDULE_UNKNOWN_RESOLVED_CEILING,2024-10-25,251,229,0.9123505976095617,True,251,229,0.9123505976095617,True,229,0.9123505976095617,True
SCHEDULE_UNKNOWN_RESOLVED_CEILING,2024-10-28,252,230,0.9126984126984127,True,252,229,0.9087301587301587,True,229,0.9087301587301587,True
SCHEDULE_UNKNOWN_RESOLVED_CEILING,2024-10-29,254,232,0.9133858267716536,True,254,231,0.9094488188976378,True,231,0.9094488188976378,True
SCHEDULE_UNKNOWN_RESOLVED_CEILING,2024-10-30,254,232,0.9133858267716536,True,254,231,0.9094488188976378,True,231,0.9094488188976378,True
SCHEDULE_UNKNOWN_RESOLVED_CEILING,2024-10-31,256,234,0.9140625,True,256,233,0.91015625,True,233,0.91015625,True
SCHEDULE_UNKNOWN_RESOLVED_CEILING,2024-11-01,257,235,0.914396887159533,True,257,234,0.9105058365758755,True,234,0.9105058365758755,True
SCHEDULE_UNKNOWN_RESOLVED_CEILING,2024-11-04,259,236,0.9111969111969112,True,259,236,0.9111969111969112,True,236,0.9111969111969112,True
SCHEDULE_UNKNOWN_RESOLVED_CEILING,2024-11-05,261,238,0.9118773946360154,True,261,238,0.9118773946360154,True,238,0.9118773946360154,True
SCHEDULE_UNKNOWN_RESOLVED_CEILING,2024-11-06,262,239,0.9122137404580153,True,262,239,0.9122137404580153,True,239,0.9122137404580153,True
SCHEDULE_UNKNOWN_RESOLVED_CEILING,2024-11-07,263,240,0.9125475285171103,True,263,240,0.9125475285171103,True,240,0.9125475285171103,True
SCHEDULE_UNKNOWN_RESOLVED_CEILING,2024-11-08,264,242,0.9166666666666666,True,264,242,0.9166666666666666,True,242,0.9166666666666666,True
SCHEDULE_UNKNOWN_RESOLVED_CEILING,2024-11-11,264,242,0.9166666666666666,True,264,242,0.9166666666666666,True,242,0.9166666666666666,True
SCHEDULE_UNKNOWN_RESOLVED_CEILING,2024-11-12,264,242,0.9166666666666666,True,264,242,0.9166666666666666,True,242,0.9166666666666666,True
SCHEDULE_UNKNOWN_RESOLVED_CEILING,2024-11-13,261,239,0.9157088122605364,True,261,239,0.9157088122605364,True,239,0.9157088122605364,True
SCHEDULE_UNKNOWN_RESOLVED_CEILING,2024-11-14,260,238,0.9153846153846154,True,260,238,0.9153846153846154,True,238,0.9153846153846154,True
SCHEDULE_UNKNOWN_RESOLVED_CEILING,2024-11-15,257,236,0.9182879377431906,True,257,236,0.9182879377431906,True,236,0.9182879377431906,True
SCHEDULE_UNKNOWN_RESOLVED_CEILING,2024-11-18,257,237,0.9221789883268483,True,257,237,0.9221789883268483,True,237,0.9221789883268483,True
SCHEDULE_UNKNOWN_RESOLVED_CEILING,2024-11-19,258,237,0.9186046511627907,True,258,237,0.9186046511627907,True,237,0.9186046511627907,True
SCHEDULE_UNKNOWN_RESOLVED_CEILING,2024-11-20,255,234,0.9176470588235294,True,255,234,0.9176470588235294,True,234,0.9176470588235294,True
SCHEDULE_UNKNOWN_RESOLVED_CEILING,2024-11-21,256,235,0.91796875,True,256,235,0.91796875,True,235,0.91796875,True
SCHEDULE_UNKNOWN_RESOLVED_CEILING,2024-11-22,252,231,0.9166666666666666,True,252,231,0.9166666666666666,True,231,0.9166666666666666,True
SCHEDULE_UNKNOWN_RESOLVED_CEILING,2024-11-25,252,231,0.9166666666666666,True,252,231,0.9166666666666666,True,231,0.9166666666666666,True
SCHEDULE_UNKNOWN_RESOLVED_CEILING,2024-11-26,252,231,0.9166666666666666,True,252,231,0.9166666666666666,True,231,0.9166666666666666,True
SCHEDULE_UNKNOWN_RESOLVED_CEILING,2024-11-28,252,231,0.9166666666666666,True,252,231,0.9166666666666666,True,231,0.9166666666666666,True
SCHEDULE_UNKNOWN_RESOLVED_CEILING,2024-11-29,252,231,0.9166666666666666,True,252,231,0.9166666666666666,True,231,0.9166666666666666,True
SCHEDULE_UNKNOWN_RESOLVED_CEILING,2024-12-02,251,230,0.9163346613545816,True,251,230,0.9163346613545816,True,230,0.9163346613545816,True
SCHEDULE_UNKNOWN_RESOLVED_CEILING,2024-12-03,249,228,0.9156626506024096,True,249,228,0.9156626506024096,True,228,0.9156626506024096,True
SCHEDULE_UNKNOWN_RESOLVED_CEILING,2024-12-04,252,231,0.9166666666666666,True,252,231,0.9166666666666666,True,231,0.9166666666666666,True
SCHEDULE_UNKNOWN_RESOLVED_CEILING,2024-12-05,252,231,0.9166666666666666,True,252,231,0.9166666666666666,True,231,0.9166666666666666,True
SCHEDULE_UNKNOWN_RESOLVED_CEILING,2024-12-06,251,230,0.9163346613545816,True,251,230,0.9163346613545816,True,230,0.9163346613545816,True
SCHEDULE_UNKNOWN_RESOLVED_CEILING,2024-12-09,250,229,0.916,True,250,229,0.916,True,229,0.916,True
SCHEDULE_UNKNOWN_RESOLVED_CEILING,2024-12-10,252,231,0.9166666666666666,True,252,231,0.9166666666666666,True,231,0.9166666666666666,True
SCHEDULE_UNKNOWN_RESOLVED_CEILING,2024-12-11,255,234,0.9176470588235294,True,255,234,0.9176470588235294,True,234,0.9176470588235294,True
SCHEDULE_UNKNOWN_RESOLVED_CEILING,2024-12-12,257,236,0.9182879377431906,True,257,236,0.9182879377431906,True,236,0.9182879377431906,True
SCHEDULE_UNKNOWN_RESOLVED_CEILING,2024-12-13,256,235,0.91796875,True,256,234,0.9140625,True,234,0.9140625,True
SCHEDULE_UNKNOWN_RESOLVED_CEILING,2024-12-16,256,235,0.91796875,True,256,234,0.9140625,True,234,0.9140625,True
SCHEDULE_UNKNOWN_RESOLVED_CEILING,2024-12-17,254,233,0.9173228346456693,True,254,232,0.9133858267716536,True,232,0.9133858267716536,True
SCHEDULE_UNKNOWN_RESOLVED_CEILING,2024-12-18,255,234,0.9176470588235294,True,255,233,0.9137254901960784,True,233,0.9137254901960784,True
SCHEDULE_UNKNOWN_RESOLVED_CEILING,2024-12-19,254,233,0.9173228346456693,True,254,232,0.9133858267716536,True,232,0.9133858267716536,True
SCHEDULE_UNKNOWN_RESOLVED_CEILING,2024-12-20,253,231,0.9130434782608695,True,253,231,0.9130434782608695,True,231,0.9130434782608695,True
SCHEDULE_UNKNOWN_RESOLVED_CEILING,2024-12-23,249,228,0.9156626506024096,True,249,228,0.9156626506024096,True,228,0.9156626506024096,True
SCHEDULE_UNKNOWN_RESOLVED_CEILING,2024-12-24,252,230,0.9126984126984127,True,252,230,0.9126984126984127,True,230,0.9126984126984127,True
SCHEDULE_UNKNOWN_RESOLVED_CEILING,2024-12-27,251,229,0.9123505976095617,True,251,229,0.9123505976095617,True,229,0.9123505976095617,True
SCHEDULE_UNKNOWN_RESOLVED_CEILING,2024-12-30,248,227,0.9153225806451613,True,248,227,0.9153225806451613,True,227,0.9153225806451613,True
SCHEDULE_UNKNOWN_RESOLVED_CEILING,2025-01-02,250,229,0.916,True,250,229,0.916,True,229,0.916,True
SCHEDULE_UNKNOWN_RESOLVED_CEILING,2025-01-03,250,229,0.916,True,250,229,0.916,True,229,0.916,True
SCHEDULE_UNKNOWN_RESOLVED_CEILING,2025-01-06,248,228,0.9193548387096774,True,248,228,0.9193548387096774,True,228,0.9193548387096774,True
SCHEDULE_UNKNOWN_RESOLVED_CEILING,2025-01-07,250,230,0.92,True,250,230,0.92,True,230,0.92,True
SCHEDULE_UNKNOWN_RESOLVED_CEILING,2025-01-08,250,230,0.92,True,250,230,0.92,True,230,0.92,True
SCHEDULE_UNKNOWN_RESOLVED_CEILING,2025-01-09,246,227,0.9227642276422764,True,246,227,0.9227642276422764,True,227,0.9227642276422764,True
SCHEDULE_UNKNOWN_RESOLVED_CEILING,2025-01-10,244,225,0.9221311475409836,True,244,225,0.9221311475409836,True,225,0.9221311475409836,True
SCHEDULE_UNKNOWN_RESOLVED_CEILING,2025-01-13,242,223,0.9214876033057852,True,242,223,0.9214876033057852,True,223,0.9214876033057852,True
SCHEDULE_UNKNOWN_RESOLVED_CEILING,2025-01-14,240,221,0.9208333333333333,True,240,221,0.9208333333333333,True,221,0.9208333333333333,True
SCHEDULE_UNKNOWN_RESOLVED_CEILING,2025-01-15,240,222,0.925,True,240,222,0.925,True,222,0.925,True
SCHEDULE_UNKNOWN_RESOLVED_CEILING,2025-01-16,240,222,0.925,True,240,222,0.925,True,222,0.925,True
SCHEDULE_UNKNOWN_RESOLVED_CEILING,2025-01-17,239,221,0.9246861924686193,True,239,221,0.9246861924686193,True,221,0.9246861924686193,True
SCHEDULE_UNKNOWN_RESOLVED_CEILING,2025-01-20,238,220,0.9243697478991597,True,238,220,0.9243697478991597,True,220,0.9243697478991597,True
SCHEDULE_UNKNOWN_RESOLVED_CEILING,2025-01-21,240,222,0.925,True,240,222,0.925,True,222,0.925,True
SCHEDULE_UNKNOWN_RESOLVED_CEILING,2025-01-22,240,222,0.925,True,240,222,0.925,True,222,0.925,True
SCHEDULE_UNKNOWN_RESOLVED_CEILING,2025-01-23,240,222,0.925,True,240,222,0.925,True,222,0.925,True
SCHEDULE_UNKNOWN_RESOLVED_CEILING,2025-01-24,240,222,0.925,True,240,222,0.925,True,222,0.925,True
SCHEDULE_UNKNOWN_RESOLVED_CEILING,2025-01-30,240,222,0.925,True,240,222,0.925,True,222,0.925,True
SCHEDULE_UNKNOWN_RESOLVED_CEILING,2025-01-31,235,217,0.9234042553191489,True,235,217,0.9234042553191489,True,217,0.9234042553191489,True
SCHEDULE_UNKNOWN_RESOLVED_CEILING,2025-02-03,236,218,0.923728813559322,True,236,218,0.923728813559322,True,218,0.923728813559322,True
SCHEDULE_UNKNOWN_RESOLVED_CEILING,2025-02-04,230,212,0.9217391304347826,True,230,212,0.9217391304347826,True,212,0.9217391304347826,True
SCHEDULE_UNKNOWN_RESOLVED_CEILING,2025-02-05,229,211,0.9213973799126638,True,229,211,0.9213973799126638,True,211,0.9213973799126638,True
SCHEDULE_UNKNOWN_RESOLVED_CEILING,2025-02-06,231,213,0.922077922077922,True,231,213,0.922077922077922,True,213,0.922077922077922,True
SCHEDULE_UNKNOWN_RESOLVED_CEILING,2025-02-07,234,216,0.9230769230769231,True,234,216,0.9230769230769231,True,216,0.9230769230769231,True
SCHEDULE_UNKNOWN_RESOLVED_CEILING,2025-02-10,235,217,0.9234042553191489,True,235,217,0.9234042553191489,True,217,0.9234042553191489,True
SCHEDULE_UNKNOWN_RESOLVED_CEILING,2025-02-11,236,218,0.923728813559322,True,236,218,0.923728813559322,True,218,0.923728813559322,True
SCHEDULE_UNKNOWN_RESOLVED_CEILING,2025-02-12,235,217,0.9234042553191489,True,235,217,0.9234042553191489,True,217,0.9234042553191489,True
SCHEDULE_UNKNOWN_RESOLVED_CEILING,2025-02-13,238,220,0.9243697478991597,True,238,220,0.9243697478991597,True,220,0.9243697478991597,True
SCHEDULE_UNKNOWN_RESOLVED_CEILING,2025-02-14,237,219,0.9240506329113924,True,237,219,0.9240506329113924,True,219,0.9240506329113924,True
SCHEDULE_UNKNOWN_RESOLVED_CEILING,2025-02-17,232,214,0.9224137931034483,True,232,214,0.9224137931034483,True,214,0.9224137931034483,True
SCHEDULE_UNKNOWN_RESOLVED_CEILING,2025-02-18,234,216,0.9230769230769231,True,234,216,0.9230769230769231,True,216,0.9230769230769231,True
SCHEDULE_UNKNOWN_RESOLVED_CEILING,2025-02-19,234,216,0.9230769230769231,True,234,216,0.9230769230769231,True,216,0.9230769230769231,True
SCHEDULE_UNKNOWN_RESOLVED_CEILING,2025-02-20,234,216,0.9230769230769231,True,234,216,0.9230769230769231,True,216,0.9230769230769231,True
SCHEDULE_UNKNOWN_RESOLVED_CEILING,2025-02-21,233,215,0.9227467811158798,True,233,215,0.9227467811158798,True,215,0.9227467811158798,True
SCHEDULE_UNKNOWN_RESOLVED_CEILING,2025-02-24,233,215,0.9227467811158798,True,233,215,0.9227467811158798,True,215,0.9227467811158798,True
SCHEDULE_UNKNOWN_RESOLVED_CEILING,2025-02-25,230,212,0.9217391304347826,True,230,212,0.9217391304347826,True,212,0.9217391304347826,True
SCHEDULE_UNKNOWN_RESOLVED_CEILING,2025-02-26,232,214,0.9224137931034483,True,232,214,0.9224137931034483,True,214,0.9224137931034483,True
SCHEDULE_UNKNOWN_RESOLVED_CEILING,2025-02-27,230,212,0.9217391304347826,True,230,212,0.9217391304347826,True,212,0.9217391304347826,True
SCHEDULE_UNKNOWN_RESOLVED_CEILING,2025-02-28,231,213,0.922077922077922,True,231,213,0.922077922077922,True,213,0.922077922077922,True
SCHEDULE_UNKNOWN_RESOLVED_CEILING,2025-03-03,234,216,0.9230769230769231,True,234,216,0.9230769230769231,True,216,0.9230769230769231,True
SCHEDULE_UNKNOWN_RESOLVED_CEILING,2025-03-04,233,215,0.9227467811158798,True,233,215,0.9227467811158798,True,215,0.9227467811158798,True
SCHEDULE_UNKNOWN_RESOLVED_CEILING,2025-03-05,236,217,0.9194915254237288,True,236,217,0.9194915254237288,True,217,0.9194915254237288,True
SCHEDULE_UNKNOWN_RESOLVED_CEILING,2025-03-06,236,217,0.9194915254237288,True,236,217,0.9194915254237288,True,217,0.9194915254237288,True
SCHEDULE_UNKNOWN_RESOLVED_CEILING,2025-03-07,236,217,0.9194915254237288,True,236,217,0.9194915254237288,True,217,0.9194915254237288,True
SCHEDULE_UNKNOWN_RESOLVED_CEILING,2025-03-10,234,215,0.9188034188034188,True,234,215,0.9188034188034188,True,215,0.9188034188034188,True
SCHEDULE_UNKNOWN_RESOLVED_CEILING,2025-03-11,235,216,0.9191489361702128,True,235,216,0.9191489361702128,True,216,0.9191489361702128,True
SCHEDULE_UNKNOWN_RESOLVED_CEILING,2025-03-12,235,216,0.9191489361702128,True,235,216,0.9191489361702128,True,216,0.9191489361702128,True
SCHEDULE_UNKNOWN_RESOLVED_CEILING,2025-03-13,235,216,0.9191489361702128,True,235,216,0.9191489361702128,True,216,0.9191489361702128,True
SCHEDULE_UNKNOWN_RESOLVED_CEILING,2025-03-14,234,215,0.9188034188034188,True,234,215,0.9188034188034188,True,215,0.9188034188034188,True
SCHEDULE_UNKNOWN_RESOLVED_CEILING,2025-03-17,234,215,0.9188034188034188,True,234,215,0.9188034188034188,True,215,0.9188034188034188,True
SCHEDULE_UNKNOWN_RESOLVED_CEILING,2025-03-18,234,215,0.9188034188034188,True,234,215,0.9188034188034188,True,215,0.9188034188034188,True
SCHEDULE_UNKNOWN_RESOLVED_CEILING,2025-03-19,234,215,0.9188034188034188,True,234,215,0.9188034188034188,True,215,0.9188034188034188,True
SCHEDULE_UNKNOWN_RESOLVED_CEILING,2025-03-20,234,215,0.9188034188034188,True,234,215,0.9188034188034188,True,215,0.9188034188034188,True
SCHEDULE_UNKNOWN_RESOLVED_CEILING,2025-03-21,233,214,0.9184549356223176,True,233,214,0.9184549356223176,True,214,0.9184549356223176,True
SCHEDULE_UNKNOWN_RESOLVED_CEILING,2025-03-24,231,212,0.9177489177489178,True,231,212,0.9177489177489178,True,212,0.9177489177489178,True
SCHEDULE_UNKNOWN_RESOLVED_CEILING,2025-03-25,234,215,0.9188034188034188,True,234,215,0.9188034188034188,True,215,0.9188034188034188,True
SCHEDULE_UNKNOWN_RESOLVED_CEILING,2025-03-26,232,213,0.9181034482758621,True,232,213,0.9181034482758621,True,213,0.9181034482758621,True
SCHEDULE_UNKNOWN_RESOLVED_CEILING,2025-03-27,232,214,0.9224137931034483,True,232,214,0.9224137931034483,True,214,0.9224137931034483,True
SCHEDULE_UNKNOWN_RESOLVED_CEILING,2025-04-08,229,212,0.925764192139738,True,229,212,0.925764192139738,True,212,0.925764192139738,True
SCHEDULE_UNKNOWN_RESOLVED_CEILING,2025-04-09,228,211,0.9254385964912281,True,228,211,0.9254385964912281,True,211,0.9254385964912281,True
SCHEDULE_UNKNOWN_RESOLVED_CEILING,2025-04-10,228,211,0.9254385964912281,True,228,211,0.9254385964912281,True,211,0.9254385964912281,True
SCHEDULE_UNKNOWN_RESOLVED_CEILING,2025-04-11,229,212,0.925764192139738,True,229,212,0.925764192139738,True,212,0.925764192139738,True
SCHEDULE_UNKNOWN_RESOLVED_CEILING,2025-04-14,229,212,0.925764192139738,True,229,212,0.925764192139738,True,212,0.925764192139738,True
SCHEDULE_UNKNOWN_RESOLVED_CEILING,2025-04-15,230,213,0.9260869565217391,True,230,213,0.9260869565217391,True,213,0.9260869565217391,True
SCHEDULE_UNKNOWN_RESOLVED_CEILING,2025-04-16,231,214,0.9264069264069265,True,231,214,0.9264069264069265,True,214,0.9264069264069265,True
SCHEDULE_UNKNOWN_RESOLVED_CEILING,2025-04-17,229,212,0.925764192139738,True,229,212,0.925764192139738,True,212,0.925764192139738,True
SCHEDULE_UNKNOWN_RESOLVED_CEILING,2025-04-21,228,211,0.9254385964912281,True,228,211,0.9254385964912281,True,211,0.9254385964912281,True
SCHEDULE_UNKNOWN_RESOLVED_CEILING,2025-04-22,228,211,0.9254385964912281,True,228,211,0.9254385964912281,True,211,0.9254385964912281,True
SCHEDULE_UNKNOWN_RESOLVED_CEILING,2025-04-23,226,209,0.9247787610619469,True,226,209,0.9247787610619469,True,209,0.9247787610619469,True
SCHEDULE_UNKNOWN_RESOLVED_CEILING,2025-04-24,226,209,0.9247787610619469,True,226,209,0.9247787610619469,True,209,0.9247787610619469,True
SCHEDULE_UNKNOWN_RESOLVED_CEILING,2025-04-25,227,210,0.9251101321585903,True,227,210,0.9251101321585903,True,210,0.9251101321585903,True
SCHEDULE_UNKNOWN_RESOLVED_CEILING,2025-04-28,225,208,0.9244444444444444,True,225,208,0.9244444444444444,True,208,0.9244444444444444,True
SCHEDULE_UNKNOWN_RESOLVED_CEILING,2025-04-29,224,207,0.9241071428571429,True,224,207,0.9241071428571429,True,207,0.9241071428571429,True
SCHEDULE_UNKNOWN_RESOLVED_CEILING,2025-04-30,222,205,0.9234234234234234,True,222,205,0.9234234234234234,True,205,0.9234234234234234,True
SCHEDULE_UNKNOWN_RESOLVED_CEILING,2025-05-02,226,209,0.9247787610619469,True,226,209,0.9247787610619469,True,209,0.9247787610619469,True
SCHEDULE_UNKNOWN_RESOLVED_CEILING,2025-05-05,225,208,0.9244444444444444,True,225,208,0.9244444444444444,True,208,0.9244444444444444,True
SCHEDULE_UNKNOWN_RESOLVED_CEILING,2025-05-06,226,209,0.9247787610619469,True,226,209,0.9247787610619469,True,209,0.9247787610619469,True
SCHEDULE_UNKNOWN_RESOLVED_CEILING,2025-05-07,225,208,0.9244444444444444,True,225,208,0.9244444444444444,True,208,0.9244444444444444,True
SCHEDULE_UNKNOWN_RESOLVED_CEILING,2025-05-08,226,209,0.9247787610619469,True,226,209,0.9247787610619469,True,209,0.9247787610619469,True
SCHEDULE_UNKNOWN_RESOLVED_CEILING,2025-05-09,224,207,0.9241071428571429,True,224,207,0.9241071428571429,True,207,0.9241071428571429,True
SCHEDULE_UNKNOWN_RESOLVED_CEILING,2025-05-14,223,206,0.9237668161434978,True,223,206,0.9237668161434978,True,206,0.9237668161434978,True
SCHEDULE_UNKNOWN_RESOLVED_CEILING,2025-05-15,227,209,0.920704845814978,True,227,209,0.920704845814978,True,209,0.920704845814978,True
SCHEDULE_UNKNOWN_RESOLVED_CEILING,2025-05-16,227,209,0.920704845814978,True,227,209,0.920704845814978,True,209,0.920704845814978,True
SCHEDULE_UNKNOWN_RESOLVED_CEILING,2025-05-19,228,210,0.9210526315789473,True,228,209,0.9166666666666666,True,209,0.9166666666666666,True
SCHEDULE_UNKNOWN_RESOLVED_CEILING,2025-05-20,227,208,0.9162995594713657,True,227,208,0.9162995594713657,True,208,0.9162995594713657,True
SCHEDULE_UNKNOWN_RESOLVED_CEILING,2025-05-21,228,209,0.9166666666666666,True,228,207,0.9078947368421053,True,207,0.9078947368421053,True
SCHEDULE_UNKNOWN_RESOLVED_CEILING,2025-05-22,229,210,0.9170305676855895,True,229,208,0.9082969432314411,True,208,0.9082969432314411,True
SCHEDULE_UNKNOWN_RESOLVED_CEILING,2025-05-23,229,210,0.9170305676855895,True,229,208,0.9082969432314411,True,208,0.9082969432314411,True
SCHEDULE_UNKNOWN_RESOLVED_CEILING,2025-05-26,230,212,0.9217391304347826,True,230,210,0.9130434782608695,True,210,0.9130434782608695,True
SCHEDULE_UNKNOWN_RESOLVED_CEILING,2025-05-27,233,215,0.9227467811158798,True,233,213,0.9141630901287554,True,213,0.9141630901287554,True
SCHEDULE_UNKNOWN_RESOLVED_CEILING,2025-05-28,235,215,0.9148936170212766,True,235,215,0.9148936170212766,True,215,0.9148936170212766,True
SCHEDULE_UNKNOWN_RESOLVED_CEILING,2025-06-02,236,216,0.9152542372881356,True,236,216,0.9152542372881356,True,216,0.9152542372881356,True
SCHEDULE_UNKNOWN_RESOLVED_CEILING,2025-06-03,235,215,0.9148936170212766,True,235,215,0.9148936170212766,True,215,0.9148936170212766,True
SCHEDULE_UNKNOWN_RESOLVED_CEILING,2025-06-04,235,215,0.9148936170212766,True,235,215,0.9148936170212766,True,215,0.9148936170212766,True
SCHEDULE_UNKNOWN_RESOLVED_CEILING,2025-06-05,237,219,0.9240506329113924,True,237,219,0.9240506329113924,True,219,0.9240506329113924,True
SCHEDULE_UNKNOWN_RESOLVED_CEILING,2025-06-10,238,220,0.9243697478991597,True,238,220,0.9243697478991597,True,220,0.9243697478991597,True
SCHEDULE_UNKNOWN_RESOLVED_CEILING,2025-06-11,238,220,0.9243697478991597,True,238,220,0.9243697478991597,True,220,0.9243697478991597,True
SCHEDULE_UNKNOWN_RESOLVED_CEILING,2025-06-12,238,220,0.9243697478991597,True,238,220,0.9243697478991597,True,220,0.9243697478991597,True
SCHEDULE_UNKNOWN_RESOLVED_CEILING,2025-06-13,241,223,0.9253112033195021,True,241,223,0.9253112033195021,True,223,0.9253112033195021,True
SCHEDULE_UNKNOWN_RESOLVED_CEILING,2025-06-16,241,223,0.9253112033195021,True,241,223,0.9253112033195021,True,223,0.9253112033195021,True
SCHEDULE_UNKNOWN_RESOLVED_CEILING,2025-06-17,240,222,0.925,True,240,221,0.9208333333333333,True,221,0.9208333333333333,True
SCHEDULE_UNKNOWN_RESOLVED_CEILING,2025-06-18,239,221,0.9246861924686193,True,239,220,0.9205020920502092,True,220,0.9205020920502092,True
SCHEDULE_UNKNOWN_RESOLVED_CEILING,2025-06-19,240,221,0.9208333333333333,True,240,220,0.9166666666666666,True,220,0.9166666666666666,True
SCHEDULE_UNKNOWN_RESOLVED_CEILING,2025-06-20,239,220,0.9205020920502092,True,239,218,0.9121338912133892,True,218,0.9121338912133892,True
SCHEDULE_UNKNOWN_RESOLVED_CEILING,2025-06-23,239,220,0.9205020920502092,True,239,218,0.9121338912133892,True,218,0.9121338912133892,True
SCHEDULE_UNKNOWN_RESOLVED_CEILING,2025-06-24,241,220,0.9128630705394191,True,241,218,0.9045643153526971,True,218,0.9045643153526971,True
SCHEDULE_UNKNOWN_RESOLVED_CEILING,2025-06-25,243,222,0.9135802469135802,True,243,220,0.9053497942386831,True,220,0.9053497942386831,True
SCHEDULE_UNKNOWN_RESOLVED_CEILING,2025-06-26,244,223,0.9139344262295082,True,244,221,0.9057377049180327,True,221,0.9057377049180327,True
SCHEDULE_UNKNOWN_RESOLVED_CEILING,2025-06-30,244,222,0.9098360655737705,True,244,221,0.9057377049180327,True,221,0.9057377049180327,True
SCHEDULE_UNKNOWN_RESOLVED_CEILING,2025-07-01,242,222,0.9173553719008265,True,242,221,0.9132231404958677,True,221,0.9132231404958677,True
SCHEDULE_UNKNOWN_RESOLVED_CEILING,2025-07-02,241,219,0.9087136929460581,True,241,219,0.9087136929460581,True,219,0.9087136929460581,True
SCHEDULE_UNKNOWN_RESOLVED_CEILING,2025-07-03,242,220,0.9090909090909091,True,242,220,0.9090909090909091,True,220,0.9090909090909091,True
SCHEDULE_UNKNOWN_RESOLVED_CEILING,2025-07-04,244,223,0.9139344262295082,True,244,223,0.9139344262295082,True,223,0.9139344262295082,True
SCHEDULE_UNKNOWN_RESOLVED_CEILING,2025-07-07,242,222,0.9173553719008265,True,242,222,0.9173553719008265,True,222,0.9173553719008265,True
SCHEDULE_UNKNOWN_RESOLVED_CEILING,2025-07-08,242,223,0.9214876033057852,True,242,223,0.9214876033057852,True,223,0.9214876033057852,True
SCHEDULE_UNKNOWN_RESOLVED_CEILING,2025-07-09,241,222,0.921161825726141,True,241,222,0.921161825726141,True,222,0.921161825726141,True
SCHEDULE_UNKNOWN_RESOLVED_CEILING,2025-07-10,242,222,0.9173553719008265,True,242,222,0.9173553719008265,True,222,0.9173553719008265,True
SCHEDULE_UNKNOWN_RESOLVED_CEILING,2025-07-11,242,222,0.9173553719008265,True,242,222,0.9173553719008265,True,222,0.9173553719008265,True
SCHEDULE_UNKNOWN_RESOLVED_CEILING,2025-07-14,242,222,0.9173553719008265,True,242,222,0.9173553719008265,True,222,0.9173553719008265,True
SCHEDULE_UNKNOWN_RESOLVED_CEILING,2025-07-15,244,224,0.9180327868852459,True,244,224,0.9180327868852459,True,224,0.9180327868852459,True
SCHEDULE_UNKNOWN_RESOLVED_CEILING,2025-07-16,245,224,0.9142857142857143,True,245,224,0.9142857142857143,True,224,0.9142857142857143,True
SCHEDULE_UNKNOWN_RESOLVED_CEILING,2025-07-17,247,226,0.9149797570850202,True,247,226,0.9149797570850202,True,226,0.9149797570850202,True
SCHEDULE_UNKNOWN_RESOLVED_CEILING,2025-07-18,248,227,0.9153225806451613,True,248,227,0.9153225806451613,True,227,0.9153225806451613,True
SCHEDULE_UNKNOWN_RESOLVED_CEILING,2025-07-21,250,229,0.916,True,250,229,0.916,True,229,0.916,True
SCHEDULE_UNKNOWN_RESOLVED_CEILING,2025-07-22,250,229,0.916,True,250,229,0.916,True,229,0.916,True
SCHEDULE_UNKNOWN_RESOLVED_CEILING,2025-07-23,250,229,0.916,True,250,229,0.916,True,229,0.916,True
SCHEDULE_UNKNOWN_RESOLVED_CEILING,2025-07-24,249,228,0.9156626506024096,True,249,228,0.9156626506024096,True,228,0.9156626506024096,True
SCHEDULE_UNKNOWN_RESOLVED_CEILING,2025-07-25,251,230,0.9163346613545816,True,251,230,0.9163346613545816,True,230,0.9163346613545816,True
SCHEDULE_UNKNOWN_RESOLVED_CEILING,2025-07-28,252,231,0.9166666666666666,True,252,231,0.9166666666666666,True,231,0.9166666666666666,True
SCHEDULE_UNKNOWN_RESOLVED_CEILING,2025-07-29,255,234,0.9176470588235294,True,255,234,0.9176470588235294,True,234,0.9176470588235294,True
SCHEDULE_UNKNOWN_RESOLVED_CEILING,2025-07-30,256,235,0.91796875,True,256,235,0.91796875,True,235,0.91796875,True
SCHEDULE_UNKNOWN_RESOLVED_CEILING,2025-07-31,256,235,0.91796875,True,256,235,0.91796875,True,235,0.91796875,True
SCHEDULE_UNKNOWN_RESOLVED_CEILING,2025-08-01,256,235,0.91796875,True,256,235,0.91796875,True,235,0.91796875,True
SCHEDULE_UNKNOWN_RESOLVED_CEILING,2025-08-04,258,238,0.9224806201550387,True,258,238,0.9224806201550387,True,238,0.9224806201550387,True
SCHEDULE_UNKNOWN_RESOLVED_CEILING,2025-08-05,259,238,0.918918918918919,True,259,238,0.918918918918919,True,238,0.918918918918919,True
SCHEDULE_UNKNOWN_RESOLVED_CEILING,2025-08-06,261,239,0.9157088122605364,True,261,239,0.9157088122605364,True,239,0.9157088122605364,True
SCHEDULE_UNKNOWN_RESOLVED_CEILING,2025-08-07,262,241,0.9198473282442748,True,262,241,0.9198473282442748,True,241,0.9198473282442748,True
SCHEDULE_UNKNOWN_RESOLVED_CEILING,2025-08-08,267,246,0.9213483146067416,True,267,246,0.9213483146067416,True,246,0.9213483146067416,True
SCHEDULE_UNKNOWN_RESOLVED_CEILING,2025-08-11,266,245,0.9210526315789473,True,266,245,0.9210526315789473,True,245,0.9210526315789473,True
SCHEDULE_UNKNOWN_RESOLVED_CEILING,2025-08-12,266,245,0.9210526315789473,True,266,245,0.9210526315789473,True,245,0.9210526315789473,True
SCHEDULE_UNKNOWN_RESOLVED_CEILING,2025-08-13,267,246,0.9213483146067416,True,267,246,0.9213483146067416,True,246,0.9213483146067416,True
SCHEDULE_UNKNOWN_RESOLVED_CEILING,2025-08-14,266,245,0.9210526315789473,True,266,245,0.9210526315789473,True,245,0.9210526315789473,True
SCHEDULE_UNKNOWN_RESOLVED_CEILING,2025-08-15,268,247,0.9216417910447762,True,268,247,0.9216417910447762,True,247,0.9216417910447762,True
SCHEDULE_UNKNOWN_RESOLVED_CEILING,2025-08-19,267,246,0.9213483146067416,True,267,246,0.9213483146067416,True,246,0.9213483146067416,True
SCHEDULE_UNKNOWN_RESOLVED_CEILING,2025-08-20,268,246,0.917910447761194,True,268,246,0.917910447761194,True,246,0.917910447761194,True
SCHEDULE_UNKNOWN_RESOLVED_CEILING,2025-08-21,266,244,0.9172932330827067,True,266,244,0.9172932330827067,True,244,0.9172932330827067,True
SCHEDULE_UNKNOWN_RESOLVED_CEILING,2025-08-22,268,246,0.917910447761194,True,268,246,0.917910447761194,True,246,0.917910447761194,True
SCHEDULE_UNKNOWN_RESOLVED_CEILING,2025-08-25,269,247,0.9182156133828996,True,269,247,0.9182156133828996,True,247,0.9182156133828996,True
SCHEDULE_UNKNOWN_RESOLVED_CEILING,2025-08-26,269,247,0.9182156133828996,True,269,247,0.9182156133828996,True,247,0.9182156133828996,True
SCHEDULE_UNKNOWN_RESOLVED_CEILING,2025-08-27,273,251,0.9194139194139194,True,273,251,0.9194139194139194,True,251,0.9194139194139194,True
SCHEDULE_UNKNOWN_RESOLVED_CEILING,2025-08-28,273,251,0.9194139194139194,True,273,251,0.9194139194139194,True,251,0.9194139194139194,True
SCHEDULE_UNKNOWN_RESOLVED_CEILING,2025-08-29,271,250,0.922509225092251,True,271,250,0.922509225092251,True,250,0.922509225092251,True
SCHEDULE_UNKNOWN_RESOLVED_CEILING,2025-09-01,275,253,0.92,True,275,253,0.92,True,253,0.92,True
SCHEDULE_UNKNOWN_RESOLVED_CEILING,2025-09-02,276,254,0.9202898550724637,True,276,254,0.9202898550724637,True,254,0.9202898550724637,True
SCHEDULE_UNKNOWN_RESOLVED_CEILING,2025-09-03,278,256,0.920863309352518,True,278,256,0.920863309352518,True,256,0.920863309352518,True
SCHEDULE_UNKNOWN_RESOLVED_CEILING,2025-09-04,279,257,0.921146953405018,True,279,257,0.921146953405018,True,257,0.921146953405018,True
SCHEDULE_UNKNOWN_RESOLVED_CEILING,2025-09-08,281,259,0.9217081850533808,True,281,259,0.9217081850533808,True,259,0.9217081850533808,True
SCHEDULE_UNKNOWN_RESOLVED_CEILING,2025-09-09,282,260,0.9219858156028369,True,282,260,0.9219858156028369,True,260,0.9219858156028369,True
SCHEDULE_UNKNOWN_RESOLVED_CEILING,2025-09-10,283,261,0.9222614840989399,True,283,261,0.9222614840989399,True,261,0.9222614840989399,True
SCHEDULE_UNKNOWN_RESOLVED_CEILING,2025-09-11,287,265,0.9233449477351916,True,287,265,0.9233449477351916,True,265,0.9233449477351916,True
SCHEDULE_UNKNOWN_RESOLVED_CEILING,2025-09-12,289,268,0.9273356401384083,True,289,268,0.9273356401384083,True,268,0.9273356401384083,True
SCHEDULE_UNKNOWN_RESOLVED_CEILING,2025-09-15,289,268,0.9273356401384083,True,289,268,0.9273356401384083,True,268,0.9273356401384083,True
SCHEDULE_UNKNOWN_RESOLVED_CEILING,2025-09-16,293,272,0.9283276450511946,True,293,272,0.9283276450511946,True,272,0.9283276450511946,True
SCHEDULE_UNKNOWN_RESOLVED_CEILING,2025-09-17,293,271,0.9249146757679181,True,293,271,0.9249146757679181,True,271,0.9249146757679181,True
SCHEDULE_UNKNOWN_RESOLVED_CEILING,2025-09-18,298,276,0.9261744966442953,True,298,276,0.9261744966442953,True,276,0.9261744966442953,True
SCHEDULE_UNKNOWN_RESOLVED_CEILING,2025-09-19,298,276,0.9261744966442953,True,298,276,0.9261744966442953,True,276,0.9261744966442953,True
SCHEDULE_UNKNOWN_RESOLVED_CEILING,2025-09-22,299,278,0.9297658862876255,True,299,278,0.9297658862876255,True,278,0.9297658862876255,True
SCHEDULE_UNKNOWN_RESOLVED_CEILING,2025-09-23,304,282,0.9276315789473685,True,304,282,0.9276315789473685,True,282,0.9276315789473685,True
SCHEDULE_UNKNOWN_RESOLVED_CEILING,2025-09-24,306,284,0.9281045751633987,True,306,284,0.9281045751633987,True,284,0.9281045751633987,True
SCHEDULE_UNKNOWN_RESOLVED_CEILING,2025-09-25,311,288,0.9260450160771704,True,311,288,0.9260450160771704,True,288,0.9260450160771704,True
SCHEDULE_UNKNOWN_RESOLVED_CEILING,2025-09-26,311,287,0.9228295819935691,True,311,287,0.9228295819935691,True,287,0.9228295819935691,True
SCHEDULE_UNKNOWN_RESOLVED_CEILING,2025-09-29,316,291,0.9208860759493671,True,316,291,0.9208860759493671,True,291,0.9208860759493671,True
SCHEDULE_UNKNOWN_RESOLVED_CEILING,2025-09-30,316,291,0.9208860759493671,True,316,291,0.9208860759493671,True,291,0.9208860759493671,True
SCHEDULE_UNKNOWN_RESOLVED_CEILING,2025-10-01,323,298,0.9226006191950464,True,323,298,0.9226006191950464,True,298,0.9226006191950464,True
SCHEDULE_UNKNOWN_RESOLVED_CEILING,2025-10-02,330,303,0.9181818181818182,True,330,303,0.9181818181818182,True,303,0.9181818181818182,True
SCHEDULE_UNKNOWN_RESOLVED_CEILING,2025-10-03,334,307,0.9191616766467066,True,334,307,0.9191616766467066,True,307,0.9191616766467066,True
SCHEDULE_UNKNOWN_RESOLVED_CEILING,2025-10-06,332,305,0.9186746987951807,True,332,305,0.9186746987951807,True,305,0.9186746987951807,True
SCHEDULE_UNKNOWN_RESOLVED_CEILING,2025-10-07,340,311,0.9147058823529411,True,340,311,0.9147058823529411,True,311,0.9147058823529411,True
SCHEDULE_UNKNOWN_RESOLVED_CEILING,2025-10-08,343,314,0.9154518950437318,True,343,314,0.9154518950437318,True,314,0.9154518950437318,True
SCHEDULE_UNKNOWN_RESOLVED_CEILING,2025-10-09,348,319,0.9166666666666666,True,348,319,0.9166666666666666,True,319,0.9166666666666666,True
SCHEDULE_UNKNOWN_RESOLVED_CEILING,2025-10-10,349,320,0.9169054441260746,True,349,320,0.9169054441260746,True,320,0.9169054441260746,True
SCHEDULE_UNKNOWN_RESOLVED_CEILING,2025-10-13,356,326,0.9157303370786517,True,356,326,0.9157303370786517,True,326,0.9157303370786517,True
SCHEDULE_UNKNOWN_RESOLVED_CEILING,2025-10-14,361,330,0.9141274238227147,True,361,330,0.9141274238227147,True,330,0.9141274238227147,True
SCHEDULE_UNKNOWN_RESOLVED_CEILING,2025-10-15,361,331,0.9168975069252078,True,361,331,0.9168975069252078,True,331,0.9168975069252078,True
SCHEDULE_UNKNOWN_RESOLVED_CEILING,2025-10-16,365,334,0.915068493150685,True,365,334,0.915068493150685,True,334,0.915068493150685,True
SCHEDULE_UNKNOWN_RESOLVED_CEILING,2025-10-17,367,336,0.9155313351498637,True,367,336,0.9155313351498637,True,336,0.9155313351498637,True
SCHEDULE_UNKNOWN_RESOLVED_CEILING,2025-10-20,370,339,0.9162162162162162,True,370,339,0.9162162162162162,True,339,0.9162162162162162,True
SCHEDULE_UNKNOWN_RESOLVED_CEILING,2025-10-21,375,343,0.9146666666666666,True,375,343,0.9146666666666666,True,343,0.9146666666666666,True
SCHEDULE_UNKNOWN_RESOLVED_CEILING,2025-10-22,376,344,0.9148936170212766,True,376,344,0.9148936170212766,True,344,0.9148936170212766,True
SCHEDULE_UNKNOWN_RESOLVED_CEILING,2025-10-23,376,344,0.9148936170212766,True,376,344,0.9148936170212766,True,344,0.9148936170212766,True
SCHEDULE_UNKNOWN_RESOLVED_CEILING,2025-10-24,379,347,0.9155672823218998,True,379,347,0.9155672823218998,True,347,0.9155672823218998,True
SCHEDULE_UNKNOWN_RESOLVED_CEILING,2025-10-27,381,349,0.916010498687664,True,381,349,0.916010498687664,True,349,0.916010498687664,True
SCHEDULE_UNKNOWN_RESOLVED_CEILING,2025-10-28,379,347,0.9155672823218998,True,379,347,0.9155672823218998,True,347,0.9155672823218998,True
SCHEDULE_UNKNOWN_RESOLVED_CEILING,2025-10-29,382,350,0.9162303664921466,True,382,350,0.9162303664921466,True,350,0.9162303664921466,True
SCHEDULE_UNKNOWN_RESOLVED_CEILING,2025-10-30,388,355,0.9149484536082474,True,388,355,0.9149484536082474,True,355,0.9149484536082474,True
SCHEDULE_UNKNOWN_RESOLVED_CEILING,2025-10-31,388,356,0.9175257731958762,True,388,356,0.9175257731958762,True,356,0.9175257731958762,True
SCHEDULE_UNKNOWN_RESOLVED_CEILING,2025-11-03,391,358,0.9156010230179028,True,391,358,0.9156010230179028,True,358,0.9156010230179028,True
SCHEDULE_UNKNOWN_RESOLVED_CEILING,2025-11-04,394,359,0.9111675126903553,True,394,359,0.9111675126903553,True,359,0.9111675126903553,True
SCHEDULE_UNKNOWN_RESOLVED_CEILING,2025-11-05,394,358,0.9086294416243654,True,394,358,0.9086294416243654,True,358,0.9086294416243654,True
SCHEDULE_UNKNOWN_RESOLVED_CEILING,2025-11-06,390,356,0.9128205128205128,True,390,356,0.9128205128205128,True,356,0.9128205128205128,True
SCHEDULE_UNKNOWN_RESOLVED_CEILING,2025-11-07,391,358,0.9156010230179028,True,391,358,0.9156010230179028,True,358,0.9156010230179028,True
SCHEDULE_UNKNOWN_RESOLVED_CEILING,2025-11-10,394,362,0.9187817258883249,True,394,362,0.9187817258883249,True,362,0.9187817258883249,True
SCHEDULE_UNKNOWN_RESOLVED_CEILING,2025-11-11,393,361,0.9185750636132316,True,393,361,0.9185750636132316,True,361,0.9185750636132316,True
SCHEDULE_UNKNOWN_RESOLVED_CEILING,2025-11-12,393,361,0.9185750636132316,True,393,361,0.9185750636132316,True,361,0.9185750636132316,True
SCHEDULE_UNKNOWN_RESOLVED_CEILING,2025-11-13,393,361,0.9185750636132316,True,393,361,0.9185750636132316,True,361,0.9185750636132316,True
SCHEDULE_UNKNOWN_RESOLVED_CEILING,2025-11-14,393,361,0.9185750636132316,True,393,361,0.9185750636132316,True,361,0.9185750636132316,True
SCHEDULE_UNKNOWN_RESOLVED_CEILING,2025-11-17,393,361,0.9185750636132316,True,393,361,0.9185750636132316,True,361,0.9185750636132316,True
SCHEDULE_UNKNOWN_RESOLVED_CEILING,2025-11-18,390,358,0.9179487179487179,True,390,358,0.9179487179487179,True,358,0.9179487179487179,True
SCHEDULE_UNKNOWN_RESOLVED_CEILING,2025-11-19,393,361,0.9185750636132316,True,393,361,0.9185750636132316,True,361,0.9185750636132316,True
SCHEDULE_UNKNOWN_RESOLVED_CEILING,2025-11-20,392,360,0.9183673469387755,True,392,360,0.9183673469387755,True,360,0.9183673469387755,True
SCHEDULE_UNKNOWN_RESOLVED_CEILING,2025-11-21,389,357,0.9177377892030848,True,389,357,0.9177377892030848,True,357,0.9177377892030848,True
SCHEDULE_UNKNOWN_RESOLVED_CEILING,2025-11-24,392,360,0.9183673469387755,True,392,360,0.9183673469387755,True,360,0.9183673469387755,True
SCHEDULE_UNKNOWN_RESOLVED_CEILING,2025-11-25,394,361,0.916243654822335,True,394,361,0.916243654822335,True,361,0.916243654822335,True
SCHEDULE_UNKNOWN_RESOLVED_CEILING,2025-11-26,390,358,0.9179487179487179,True,390,358,0.9179487179487179,True,358,0.9179487179487179,True
SCHEDULE_UNKNOWN_RESOLVED_CEILING,2025-11-27,389,357,0.9177377892030848,True,389,357,0.9177377892030848,True,357,0.9177377892030848,True
SCHEDULE_UNKNOWN_RESOLVED_CEILING,2025-11-28,389,357,0.9177377892030848,True,389,357,0.9177377892030848,True,357,0.9177377892030848,True
SCHEDULE_UNKNOWN_RESOLVED_CEILING,2025-12-01,391,358,0.9156010230179028,True,391,358,0.9156010230179028,True,358,0.9156010230179028,True
SCHEDULE_UNKNOWN_RESOLVED_CEILING,2025-12-02,389,357,0.9177377892030848,True,389,357,0.9177377892030848,True,357,0.9177377892030848,True
SCHEDULE_UNKNOWN_RESOLVED_CEILING,2025-12-03,393,360,0.916030534351145,True,393,360,0.916030534351145,True,360,0.916030534351145,True
SCHEDULE_UNKNOWN_RESOLVED_CEILING,2025-12-04,393,360,0.916030534351145,True,393,360,0.916030534351145,True,360,0.916030534351145,True
SCHEDULE_UNKNOWN_RESOLVED_CEILING,2025-12-05,387,355,0.917312661498708,True,387,355,0.917312661498708,True,355,0.917312661498708,True
SCHEDULE_UNKNOWN_RESOLVED_CEILING,2025-12-08,390,359,0.9205128205128205,True,390,359,0.9205128205128205,True,359,0.9205128205128205,True
SCHEDULE_UNKNOWN_RESOLVED_CEILING,2025-12-09,390,359,0.9205128205128205,True,390,359,0.9205128205128205,True,359,0.9205128205128205,True
SCHEDULE_UNKNOWN_RESOLVED_CEILING,2025-12-10,390,359,0.9205128205128205,True,390,359,0.9205128205128205,True,359,0.9205128205128205,True
SCHEDULE_UNKNOWN_RESOLVED_CEILING,2025-12-11,391,360,0.9207161125319693,True,391,360,0.9207161125319693,True,360,0.9207161125319693,True
SCHEDULE_UNKNOWN_RESOLVED_CEILING,2025-12-12,392,361,0.9209183673469388,True,392,361,0.9209183673469388,True,361,0.9209183673469388,True
SCHEDULE_UNKNOWN_RESOLVED_CEILING,2025-12-15,388,357,0.9201030927835051,True,388,357,0.9201030927835051,True,357,0.9201030927835051,True
SCHEDULE_UNKNOWN_RESOLVED_CEILING,2025-12-16,386,356,0.9222797927461139,True,386,356,0.9222797927461139,True,356,0.9222797927461139,True
SCHEDULE_UNKNOWN_RESOLVED_CEILING,2025-12-17,387,356,0.9198966408268734,True,387,356,0.9198966408268734,True,356,0.9198966408268734,True
SCHEDULE_UNKNOWN_RESOLVED_CEILING,2025-12-18,387,355,0.917312661498708,True,387,355,0.917312661498708,True,355,0.917312661498708,True
SCHEDULE_UNKNOWN_RESOLVED_CEILING,2025-12-19,388,357,0.9201030927835051,True,388,357,0.9201030927835051,True,357,0.9201030927835051,True
SCHEDULE_UNKNOWN_RESOLVED_CEILING,2025-12-22,389,358,0.9203084832904884,True,389,358,0.9203084832904884,True,358,0.9203084832904884,True
SCHEDULE_UNKNOWN_RESOLVED_CEILING,2025-12-23,391,360,0.9207161125319693,True,391,360,0.9207161125319693,True,360,0.9207161125319693,True
SCHEDULE_UNKNOWN_RESOLVED_CEILING,2025-12-24,390,359,0.9205128205128205,True,390,359,0.9205128205128205,True,359,0.9205128205128205,True
SCHEDULE_UNKNOWN_RESOLVED_CEILING,2025-12-29,390,358,0.9179487179487179,True,390,358,0.9179487179487179,True,358,0.9179487179487179,True
SCHEDULE_UNKNOWN_RESOLVED_CEILING,2025-12-30,391,359,0.9181585677749361,True,391,359,0.9181585677749361,True,359,0.9181585677749361,True
SCHEDULE_UNKNOWN_RESOLVED_CEILING,2026-01-02,388,356,0.9175257731958762,True,388,356,0.9175257731958762,True,356,0.9175257731958762,True
SCHEDULE_UNKNOWN_RESOLVED_CEILING,2026-01-05,383,352,0.9190600522193212,True,383,352,0.9190600522193212,True,352,0.9190600522193212,True
SCHEDULE_UNKNOWN_RESOLVED_CEILING,2026-01-06,384,352,0.9166666666666666,True,384,352,0.9166666666666666,True,352,0.9166666666666666,True
SCHEDULE_UNKNOWN_RESOLVED_CEILING,2026-01-07,384,351,0.9140625,True,384,351,0.9140625,True,351,0.9140625,True
SCHEDULE_UNKNOWN_RESOLVED_CEILING,2026-01-08,386,353,0.9145077720207254,True,386,353,0.9145077720207254,True,353,0.9145077720207254,True
SCHEDULE_UNKNOWN_RESOLVED_CEILING,2026-01-09,385,352,0.9142857142857143,True,385,352,0.9142857142857143,True,352,0.9142857142857143,True
SCHEDULE_UNKNOWN_RESOLVED_CEILING,2026-01-12,386,352,0.9119170984455959,True,386,352,0.9119170984455959,True,352,0.9119170984455959,True
SCHEDULE_UNKNOWN_RESOLVED_CEILING,2026-01-13,384,351,0.9140625,True,384,351,0.9140625,True,351,0.9140625,True
SCHEDULE_UNKNOWN_RESOLVED_CEILING,2026-01-14,385,352,0.9142857142857143,True,385,352,0.9142857142857143,True,352,0.9142857142857143,True
SCHEDULE_UNKNOWN_RESOLVED_CEILING,2026-01-15,387,354,0.9147286821705426,True,387,354,0.9147286821705426,True,354,0.9147286821705426,True
SCHEDULE_UNKNOWN_RESOLVED_CEILING,2026-01-19,392,359,0.9158163265306123,True,392,359,0.9158163265306123,True,359,0.9158163265306123,True
SCHEDULE_UNKNOWN_RESOLVED_CEILING,2026-01-20,394,360,0.9137055837563451,True,394,360,0.9137055837563451,True,360,0.9137055837563451,True
SCHEDULE_UNKNOWN_RESOLVED_CEILING,2026-01-21,400,368,0.92,True,400,368,0.92,True,368,0.92,True
SCHEDULE_UNKNOWN_RESOLVED_CEILING,2026-01-22,407,372,0.914004914004914,True,407,372,0.914004914004914,True,372,0.914004914004914,True
SCHEDULE_UNKNOWN_RESOLVED_CEILING,2026-01-23,412,379,0.9199029126213593,True,412,379,0.9199029126213593,True,379,0.9199029126213593,True
SCHEDULE_UNKNOWN_RESOLVED_CEILING,2026-01-26,410,377,0.9195121951219513,True,410,377,0.9195121951219513,True,377,0.9195121951219513,True
SCHEDULE_UNKNOWN_RESOLVED_CEILING,2026-01-27,417,384,0.920863309352518,True,417,384,0.920863309352518,True,384,0.920863309352518,True
SCHEDULE_UNKNOWN_RESOLVED_CEILING,2026-01-28,420,387,0.9214285714285714,True,420,387,0.9214285714285714,True,387,0.9214285714285714,True
SCHEDULE_UNKNOWN_RESOLVED_CEILING,2026-01-29,424,390,0.9198113207547169,True,424,390,0.9198113207547169,True,390,0.9198113207547169,True
SCHEDULE_UNKNOWN_RESOLVED_CEILING,2026-01-30,423,389,0.9196217494089834,True,423,389,0.9196217494089834,True,389,0.9196217494089834,True
SCHEDULE_UNKNOWN_RESOLVED_CEILING,2026-02-02,423,389,0.9196217494089834,True,423,389,0.9196217494089834,True,389,0.9196217494089834,True
SCHEDULE_UNKNOWN_RESOLVED_CEILING,2026-02-03,425,391,0.92,True,425,391,0.92,True,391,0.92,True
SCHEDULE_UNKNOWN_RESOLVED_CEILING,2026-02-04,423,389,0.9196217494089834,True,423,389,0.9196217494089834,True,389,0.9196217494089834,True
SCHEDULE_UNKNOWN_RESOLVED_CEILING,2026-02-05,424,390,0.9198113207547169,True,424,390,0.9198113207547169,True,390,0.9198113207547169,True
SCHEDULE_UNKNOWN_RESOLVED_CEILING,2026-02-06,427,393,0.9203747072599532,True,427,393,0.9203747072599532,True,393,0.9203747072599532,True
SCHEDULE_UNKNOWN_RESOLVED_CEILING,2026-02-09,428,394,0.9205607476635514,True,428,394,0.9205607476635514,True,394,0.9205607476635514,True
SCHEDULE_UNKNOWN_RESOLVED_CEILING,2026-02-10,428,394,0.9205607476635514,True,428,394,0.9205607476635514,True,394,0.9205607476635514,True
SCHEDULE_UNKNOWN_RESOLVED_CEILING,2026-02-11,427,392,0.9180327868852459,True,427,392,0.9180327868852459,True,392,0.9180327868852459,True
SCHEDULE_UNKNOWN_RESOLVED_CEILING,2026-02-12,426,391,0.9178403755868545,True,426,391,0.9178403755868545,True,391,0.9178403755868545,True
SCHEDULE_UNKNOWN_RESOLVED_CEILING,2026-02-13,429,394,0.9184149184149184,True,429,394,0.9184149184149184,True,394,0.9184149184149184,True
SCHEDULE_UNKNOWN_RESOLVED_CEILING,2026-02-18,427,391,0.9156908665105387,True,427,391,0.9156908665105387,True,391,0.9156908665105387,True
SCHEDULE_UNKNOWN_RESOLVED_CEILING,2026-02-19,427,392,0.9180327868852459,True,427,392,0.9180327868852459,True,392,0.9180327868852459,True
SCHEDULE_UNKNOWN_RESOLVED_CEILING,2026-02-20,427,392,0.9180327868852459,True,427,392,0.9180327868852459,True,392,0.9180327868852459,True
SCHEDULE_UNKNOWN_RESOLVED_CEILING,2026-02-23,425,390,0.9176470588235294,True,425,390,0.9176470588235294,True,390,0.9176470588235294,True
SCHEDULE_UNKNOWN_RESOLVED_CEILING,2026-02-24,431,396,0.9187935034802784,True,431,396,0.9187935034802784,True,396,0.9187935034802784,True
SCHEDULE_UNKNOWN_RESOLVED_CEILING,2026-02-25,431,396,0.9187935034802784,True,431,396,0.9187935034802784,True,396,0.9187935034802784,True
SCHEDULE_UNKNOWN_RESOLVED_CEILING,2026-02-26,428,394,0.9205607476635514,True,428,394,0.9205607476635514,True,394,0.9205607476635514,True
SCHEDULE_UNKNOWN_RESOLVED_CEILING,2026-02-27,428,394,0.9205607476635514,True,428,394,0.9205607476635514,True,394,0.9205607476635514,True
SCHEDULE_UNKNOWN_RESOLVED_CEILING,2026-03-02,427,393,0.9203747072599532,True,427,393,0.9203747072599532,True,393,0.9203747072599532,True
SCHEDULE_UNKNOWN_RESOLVED_CEILING,2026-03-03,431,396,0.9187935034802784,True,431,396,0.9187935034802784,True,396,0.9187935034802784,True
SCHEDULE_UNKNOWN_RESOLVED_CEILING,2026-03-04,433,399,0.9214780600461894,True,433,399,0.9214780600461894,True,399,0.9214780600461894,True
SCHEDULE_UNKNOWN_RESOLVED_CEILING,2026-03-05,429,395,0.9207459207459208,True,429,395,0.9207459207459208,True,395,0.9207459207459208,True
SCHEDULE_UNKNOWN_RESOLVED_CEILING,2026-03-06,426,392,0.92018779342723,True,426,392,0.92018779342723,True,392,0.92018779342723,True
SCHEDULE_UNKNOWN_RESOLVED_CEILING,2026-03-09,422,387,0.9170616113744076,True,422,387,0.9170616113744076,True,387,0.9170616113744076,True
SCHEDULE_UNKNOWN_RESOLVED_CEILING,2026-03-10,416,382,0.9182692307692307,True,416,382,0.9182692307692307,True,382,0.9182692307692307,True
SCHEDULE_UNKNOWN_RESOLVED_CEILING,2026-03-11,414,380,0.9178743961352657,True,414,380,0.9178743961352657,True,380,0.9178743961352657,True
SCHEDULE_UNKNOWN_RESOLVED_CEILING,2026-03-12,416,381,0.9158653846153846,True,416,381,0.9158653846153846,True,381,0.9158653846153846,True
SCHEDULE_UNKNOWN_RESOLVED_CEILING,2026-03-13,414,379,0.9154589371980676,True,414,379,0.9154589371980676,True,379,0.9154589371980676,True
SCHEDULE_UNKNOWN_RESOLVED_CEILING,2026-03-16,411,376,0.9148418491484185,True,411,376,0.9148418491484185,True,376,0.9148418491484185,True
SCHEDULE_UNKNOWN_RESOLVED_CEILING,2026-03-17,407,373,0.9164619164619164,True,407,373,0.9164619164619164,True,373,0.9164619164619164,True
SCHEDULE_UNKNOWN_RESOLVED_CEILING,2026-03-25,407,373,0.9164619164619164,True,407,373,0.9164619164619164,True,373,0.9164619164619164,True
SCHEDULE_UNKNOWN_RESOLVED_CEILING,2026-03-26,402,368,0.9154228855721394,True,402,368,0.9154228855721394,True,368,0.9154228855721394,True
SCHEDULE_UNKNOWN_RESOLVED_CEILING,2026-03-27,399,365,0.9147869674185464,True,399,365,0.9147869674185464,True,365,0.9147869674185464,True
SCHEDULE_UNKNOWN_RESOLVED_CEILING,2026-03-30,396,362,0.9141414141414141,True,396,362,0.9141414141414141,True,362,0.9141414141414141,True
SCHEDULE_UNKNOWN_RESOLVED_CEILING,2026-03-31,395,361,0.9139240506329114,True,395,361,0.9139240506329114,True,361,0.9139240506329114,True
SCHEDULE_UNKNOWN_RESOLVED_CEILING,2026-04-01,390,356,0.9128205128205128,True,390,356,0.9128205128205128,True,356,0.9128205128205128,True
SCHEDULE_UNKNOWN_RESOLVED_CEILING,2026-04-02,390,356,0.9128205128205128,True,390,356,0.9128205128205128,True,356,0.9128205128205128,True
SCHEDULE_UNKNOWN_RESOLVED_CEILING,2026-04-06,389,355,0.9125964010282777,True,389,355,0.9125964010282777,True,355,0.9125964010282777,True
SCHEDULE_UNKNOWN_RESOLVED_CEILING,2026-04-07,388,354,0.9123711340206185,True,388,354,0.9123711340206185,True,354,0.9123711340206185,True
SCHEDULE_UNKNOWN_RESOLVED_CEILING,2026-04-08,387,353,0.9121447028423773,True,387,353,0.9121447028423773,True,353,0.9121447028423773,True
SCHEDULE_UNKNOWN_RESOLVED_CEILING,2026-04-09,387,353,0.9121447028423773,True,387,353,0.9121447028423773,True,353,0.9121447028423773,True
SCHEDULE_UNKNOWN_RESOLVED_CEILING,2026-04-10,385,351,0.9116883116883117,True,385,351,0.9116883116883117,True,351,0.9116883116883117,True
SCHEDULE_UNKNOWN_RESOLVED_CEILING,2026-04-13,381,347,0.910761154855643,True,381,347,0.910761154855643,True,347,0.910761154855643,True
SCHEDULE_UNKNOWN_RESOLVED_CEILING,2026-04-14,380,346,0.9105263157894737,True,380,346,0.9105263157894737,True,346,0.9105263157894737,True
SCHEDULE_UNKNOWN_RESOLVED_CEILING,2026-04-15,376,342,0.9095744680851063,True,376,342,0.9095744680851063,True,342,0.9095744680851063,True
SCHEDULE_UNKNOWN_RESOLVED_CEILING,2026-04-16,376,342,0.9095744680851063,True,376,342,0.9095744680851063,True,342,0.9095744680851063,True
SCHEDULE_UNKNOWN_RESOLVED_CEILING,2026-04-17,376,342,0.9095744680851063,True,376,342,0.9095744680851063,True,342,0.9095744680851063,True
SCHEDULE_UNKNOWN_RESOLVED_CEILING,2026-04-20,375,341,0.9093333333333333,True,375,341,0.9093333333333333,True,341,0.9093333333333333,True
SCHEDULE_UNKNOWN_RESOLVED_CEILING,2026-04-21,376,342,0.9095744680851063,True,376,342,0.9095744680851063,True,342,0.9095744680851063,True
SCHEDULE_UNKNOWN_RESOLVED_CEILING,2026-04-22,375,341,0.9093333333333333,True,375,341,0.9093333333333333,True,341,0.9093333333333333,True
SCHEDULE_UNKNOWN_RESOLVED_CEILING,2026-04-23,373,339,0.9088471849865952,True,373,339,0.9088471849865952,True,339,0.9088471849865952,True
SCHEDULE_UNKNOWN_RESOLVED_CEILING,2026-04-24,371,337,0.9083557951482479,True,371,337,0.9083557951482479,True,337,0.9083557951482479,True
SCHEDULE_UNKNOWN_RESOLVED_CEILING,2026-04-27,371,337,0.9083557951482479,True,371,337,0.9083557951482479,True,337,0.9083557951482479,True
SCHEDULE_UNKNOWN_RESOLVED_CEILING,2026-04-28,369,335,0.907859078590786,True,369,335,0.907859078590786,True,335,0.907859078590786,True
SCHEDULE_UNKNOWN_RESOLVED_CEILING,2026-04-29,366,332,0.907103825136612,True,366,332,0.907103825136612,True,332,0.907103825136612,True
SCHEDULE_UNKNOWN_RESOLVED_CEILING,2026-04-30,364,330,0.9065934065934066,True,364,330,0.9065934065934066,True,330,0.9065934065934066,True
SCHEDULE_UNKNOWN_RESOLVED_CEILING,2026-05-04,365,331,0.9068493150684932,True,365,331,0.9068493150684932,True,331,0.9068493150684932,True
SCHEDULE_UNKNOWN_RESOLVED_CEILING,2026-05-05,362,329,0.9088397790055248,True,362,329,0.9088397790055248,True,329,0.9088397790055248,True
SCHEDULE_UNKNOWN_RESOLVED_CEILING,2026-05-06,363,331,0.9118457300275482,True,363,331,0.9118457300275482,True,331,0.9118457300275482,True
SCHEDULE_UNKNOWN_RESOLVED_CEILING,2026-05-07,362,330,0.9116022099447514,True,362,330,0.9116022099447514,True,330,0.9116022099447514,True
SCHEDULE_UNKNOWN_RESOLVED_CEILING,2026-05-08,361,329,0.9113573407202216,True,361,328,0.9085872576177285,True,328,0.9085872576177285,True
SCHEDULE_UNKNOWN_RESOLVED_CEILING,2026-05-11,362,330,0.9116022099447514,True,362,329,0.9088397790055248,True,329,0.9088397790055248,True
SCHEDULE_UNKNOWN_RESOLVED_CEILING,2026-05-12,361,329,0.9113573407202216,True,361,328,0.9085872576177285,True,328,0.9085872576177285,True
SCHEDULE_UNKNOWN_RESOLVED_CEILING,2026-05-13,362,330,0.9116022099447514,True,362,329,0.9088397790055248,True,329,0.9088397790055248,True
SCHEDULE_UNKNOWN_RESOLVED_CEILING,2026-05-18,361,330,0.9141274238227147,True,361,329,0.9113573407202216,True,329,0.9113573407202216,True
SCHEDULE_UNKNOWN_RESOLVED_CEILING,2026-05-19,359,327,0.9108635097493036,True,359,327,0.9108635097493036,True,327,0.9108635097493036,True
SCHEDULE_UNKNOWN_RESOLVED_CEILING,2026-05-20,356,324,0.9101123595505618,True,356,324,0.9101123595505618,True,324,0.9101123595505618,True
SCHEDULE_UNKNOWN_RESOLVED_CEILING,2026-05-21,355,323,0.9098591549295775,True,355,323,0.9098591549295775,True,323,0.9098591549295775,True
SCHEDULE_UNKNOWN_RESOLVED_CEILING,2026-05-22,353,321,0.9093484419263456,True,353,321,0.9093484419263456,True,321,0.9093484419263456,True
SCHEDULE_UNKNOWN_RESOLVED_CEILING,2026-05-25,350,319,0.9114285714285715,True,350,319,0.9114285714285715,True,319,0.9114285714285715,True
SCHEDULE_UNKNOWN_RESOLVED_CEILING,2026-05-26,348,317,0.9109195402298851,True,348,317,0.9109195402298851,True,317,0.9109195402298851,True
SCHEDULE_UNKNOWN_RESOLVED_CEILING,2026-05-29,346,315,0.9104046242774566,True,346,315,0.9104046242774566,True,315,0.9104046242774566,True
SCHEDULE_UNKNOWN_RESOLVED_CEILING,2026-06-02,343,313,0.9125364431486881,True,343,313,0.9125364431486881,True,313,0.9125364431486881,True
SCHEDULE_UNKNOWN_RESOLVED_CEILING,2026-06-03,339,309,0.911504424778761,True,339,309,0.911504424778761,True,309,0.911504424778761,True
SCHEDULE_UNKNOWN_RESOLVED_CEILING,2026-06-04,337,308,0.913946587537092,True,337,308,0.913946587537092,True,308,0.913946587537092,True
SCHEDULE_UNKNOWN_RESOLVED_CEILING,2026-06-05,334,305,0.9131736526946108,True,334,305,0.9131736526946108,True,305,0.9131736526946108,True
SCHEDULE_UNKNOWN_RESOLVED_CEILING,2026-06-08,332,303,0.9126506024096386,True,332,303,0.9126506024096386,True,303,0.9126506024096386,True
SCHEDULE_UNKNOWN_RESOLVED_CEILING,2026-06-09,330,301,0.9121212121212121,True,330,301,0.9121212121212121,True,301,0.9121212121212121,True
SCHEDULE_UNKNOWN_RESOLVED_CEILING,2026-06-10,329,301,0.9148936170212766,True,329,301,0.9148936170212766,True,301,0.9148936170212766,True
SCHEDULE_UNKNOWN_RESOLVED_CEILING,2026-06-11,329,301,0.9148936170212766,True,329,301,0.9148936170212766,True,301,0.9148936170212766,True
SCHEDULE_UNKNOWN_RESOLVED_CEILING,2026-06-12,326,298,0.9141104294478528,True,326,298,0.9141104294478528,True,298,0.9141104294478528,True
SCHEDULE_UNKNOWN_RESOLVED_CEILING,2026-06-15,328,300,0.9146341463414634,True,328,300,0.9146341463414634,True,300,0.9146341463414634,True
SCHEDULE_UNKNOWN_RESOLVED_CEILING,2026-06-17,328,299,0.9115853658536586,True,328,299,0.9115853658536586,True,299,0.9115853658536586,True
SCHEDULE_UNKNOWN_RESOLVED_CEILING,2026-06-18,327,298,0.9113149847094801,True,327,298,0.9113149847094801,True,298,0.9113149847094801,True
SCHEDULE_UNKNOWN_RESOLVED_CEILING,2026-06-19,325,296,0.9107692307692308,True,325,296,0.9107692307692308,True,296,0.9107692307692308,True
SCHEDULE_UNKNOWN_RESOLVED_CEILING,2026-06-22,322,294,0.9130434782608695,True,322,294,0.9130434782608695,True,294,0.9130434782608695,True
SCHEDULE_UNKNOWN_RESOLVED_CEILING,2026-06-23,323,295,0.913312693498452,True,323,294,0.9102167182662538,True,294,0.9102167182662538,True
SCHEDULE_UNKNOWN_RESOLVED_CEILING,2026-06-24,323,295,0.913312693498452,True,323,294,0.9102167182662538,True,294,0.9102167182662538,True
SCHEDULE_UNKNOWN_RESOLVED_CEILING,2026-06-25,321,293,0.9127725856697819,True,321,288,0.897196261682243,False,288,0.897196261682243,False
SCHEDULE_UNKNOWN_RESOLVED_CEILING,2026-06-26,320,292,0.9125,True,320,287,0.896875,False,287,0.896875,False
SCHEDULE_UNKNOWN_RESOLVED_CEILING,2026-06-29,318,291,0.9150943396226415,True,318,286,0.89937106918239,False,286,0.89937106918239,False
SCHEDULE_UNKNOWN_RESOLVED_CEILING,2026-06-30,314,286,0.910828025477707,True,314,282,0.8980891719745223,False,282,0.8980891719745223,False
SCHEDULE_UNKNOWN_RESOLVED_CEILING,2026-07-01,314,286,0.910828025477707,True,314,283,0.9012738853503185,True,283,0.9012738853503185,True
SCHEDULE_UNKNOWN_RESOLVED_CEILING,2026-07-02,312,281,0.9006410256410257,True,312,281,0.9006410256410257,True,281,0.9006410256410257,True
SCHEDULE_UNKNOWN_RESOLVED_CEILING,2026-07-03,314,283,0.9012738853503185,True,314,283,0.9012738853503185,True,283,0.9012738853503185,True
SCHEDULE_UNKNOWN_RESOLVED_CEILING,2026-07-06,311,281,0.9035369774919614,True,311,281,0.9035369774919614,True,281,0.9035369774919614,True
SCHEDULE_UNKNOWN_RESOLVED_CEILING,2026-07-07,312,281,0.9006410256410257,True,312,281,0.9006410256410257,True,281,0.9006410256410257,True
SCHEDULE_UNKNOWN_RESOLVED_CEILING,2026-07-08,312,285,0.9134615384615384,True,312,285,0.9134615384615384,True,285,0.9134615384615384,True
SCHEDULE_UNKNOWN_RESOLVED_CEILING,2026-07-09,312,285,0.9134615384615384,True,312,285,0.9134615384615384,True,285,0.9134615384615384,True
SCHEDULE_UNKNOWN_RESOLVED_CEILING,2026-07-10,312,285,0.9134615384615384,True,312,285,0.9134615384615384,True,285,0.9134615384615384,True
SCHEDULE_UNKNOWN_RESOLVED_CEILING,2026-07-13,311,284,0.9131832797427653,True,311,284,0.9131832797427653,True,284,0.9131832797427653,True
SCHEDULE_UNKNOWN_RESOLVED_CEILING,2026-07-14,309,282,0.912621359223301,True,309,282,0.912621359223301,True,282,0.912621359223301,True
SCHEDULE_UNKNOWN_RESOLVED_CEILING,2026-07-15,308,281,0.9123376623376623,True,308,281,0.9123376623376623,True,281,0.9123376623376623,True
SCHEDULE_UNKNOWN_RESOLVED_CEILING,2026-07-16,306,279,0.9117647058823529,True,306,279,0.9117647058823529,True,279,0.9117647058823529,True
SCHEDULE_UNKNOWN_RESOLVED_CEILING,2026-07-17,303,277,0.9141914191419142,True,303,277,0.9141914191419142,True,277,0.9141914191419142,True
KSEI_COVERAGE_RESOLVED_CEILING,2023-12-28,262,246,0.9389312977099237,True,262,246,0.9389312977099237,True,246,0.9389312977099237,True
KSEI_COVERAGE_RESOLVED_CEILING,2023-12-29,263,247,0.9391634980988594,True,263,247,0.9391634980988594,True,247,0.9391634980988594,True
KSEI_COVERAGE_RESOLVED_CEILING,2024-01-02,265,250,0.9433962264150944,True,265,250,0.9433962264150944,True,250,0.9433962264150944,True
KSEI_COVERAGE_RESOLVED_CEILING,2024-01-03,263,248,0.9429657794676806,True,263,248,0.9429657794676806,True,248,0.9429657794676806,True
KSEI_COVERAGE_RESOLVED_CEILING,2024-01-04,262,247,0.9427480916030534,True,262,247,0.9427480916030534,True,247,0.9427480916030534,True
KSEI_COVERAGE_RESOLVED_CEILING,2024-01-05,260,245,0.9423076923076923,True,260,245,0.9423076923076923,True,245,0.9423076923076923,True
KSEI_COVERAGE_RESOLVED_CEILING,2024-01-08,262,246,0.9389312977099237,True,262,246,0.9389312977099237,True,246,0.9389312977099237,True
KSEI_COVERAGE_RESOLVED_CEILING,2024-01-09,260,244,0.9384615384615385,True,260,244,0.9384615384615385,True,244,0.9384615384615385,True
KSEI_COVERAGE_RESOLVED_CEILING,2024-01-10,258,242,0.937984496124031,True,258,242,0.937984496124031,True,242,0.937984496124031,True
KSEI_COVERAGE_RESOLVED_CEILING,2024-01-11,253,237,0.9367588932806324,True,253,237,0.9367588932806324,True,237,0.9367588932806324,True
KSEI_COVERAGE_RESOLVED_CEILING,2024-01-12,251,235,0.9362549800796812,True,251,235,0.9362549800796812,True,235,0.9362549800796812,True
KSEI_COVERAGE_RESOLVED_CEILING,2024-01-15,250,234,0.936,True,250,234,0.936,True,234,0.936,True
KSEI_COVERAGE_RESOLVED_CEILING,2024-01-16,251,234,0.9322709163346613,True,251,234,0.9322709163346613,True,234,0.9322709163346613,True
KSEI_COVERAGE_RESOLVED_CEILING,2024-01-17,251,234,0.9322709163346613,True,251,234,0.9322709163346613,True,234,0.9322709163346613,True
KSEI_COVERAGE_RESOLVED_CEILING,2024-01-18,251,235,0.9362549800796812,True,251,235,0.9362549800796812,True,235,0.9362549800796812,True
KSEI_COVERAGE_RESOLVED_CEILING,2024-01-19,249,233,0.9357429718875502,True,249,233,0.9357429718875502,True,233,0.9357429718875502,True
KSEI_COVERAGE_RESOLVED_CEILING,2024-01-22,247,231,0.9352226720647774,True,247,231,0.9352226720647774,True,231,0.9352226720647774,True
KSEI_COVERAGE_RESOLVED_CEILING,2024-01-23,247,231,0.9352226720647774,True,247,231,0.9352226720647774,True,231,0.9352226720647774,True
KSEI_COVERAGE_RESOLVED_CEILING,2024-01-24,246,230,0.9349593495934959,True,246,230,0.9349593495934959,True,230,0.9349593495934959,True
KSEI_COVERAGE_RESOLVED_CEILING,2024-01-25,246,230,0.9349593495934959,True,246,230,0.9349593495934959,True,230,0.9349593495934959,True
KSEI_COVERAGE_RESOLVED_CEILING,2024-01-26,246,230,0.9349593495934959,True,246,230,0.9349593495934959,True,230,0.9349593495934959,True
KSEI_COVERAGE_RESOLVED_CEILING,2024-01-29,243,227,0.934156378600823,True,243,227,0.934156378600823,True,227,0.934156378600823,True
KSEI_COVERAGE_RESOLVED_CEILING,2024-01-30,243,227,0.934156378600823,True,243,227,0.934156378600823,True,227,0.934156378600823,True
KSEI_COVERAGE_RESOLVED_CEILING,2024-01-31,242,226,0.9338842975206612,True,242,226,0.9338842975206612,True,226,0.9338842975206612,True
KSEI_COVERAGE_RESOLVED_CEILING,2024-02-01,241,225,0.9336099585062241,True,241,225,0.9336099585062241,True,225,0.9336099585062241,True
KSEI_COVERAGE_RESOLVED_CEILING,2024-02-02,243,227,0.934156378600823,True,243,227,0.934156378600823,True,227,0.934156378600823,True
KSEI_COVERAGE_RESOLVED_CEILING,2024-02-05,241,225,0.9336099585062241,True,241,225,0.9336099585062241,True,225,0.9336099585062241,True
KSEI_COVERAGE_RESOLVED_CEILING,2024-02-06,242,226,0.9338842975206612,True,242,226,0.9338842975206612,True,226,0.9338842975206612,True
KSEI_COVERAGE_RESOLVED_CEILING,2024-02-07,246,230,0.9349593495934959,True,246,230,0.9349593495934959,True,230,0.9349593495934959,True
KSEI_COVERAGE_RESOLVED_CEILING,2024-02-12,242,226,0.9338842975206612,True,242,226,0.9338842975206612,True,226,0.9338842975206612,True
KSEI_COVERAGE_RESOLVED_CEILING,2024-02-13,244,228,0.9344262295081968,True,244,228,0.9344262295081968,True,228,0.9344262295081968,True
KSEI_COVERAGE_RESOLVED_CEILING,2024-02-15,244,228,0.9344262295081968,True,244,228,0.9344262295081968,True,228,0.9344262295081968,True
KSEI_COVERAGE_RESOLVED_CEILING,2024-02-16,243,227,0.934156378600823,True,243,227,0.934156378600823,True,227,0.934156378600823,True
KSEI_COVERAGE_RESOLVED_CEILING,2024-02-19,244,228,0.9344262295081968,True,244,228,0.9344262295081968,True,228,0.9344262295081968,True
KSEI_COVERAGE_RESOLVED_CEILING,2024-02-20,244,228,0.9344262295081968,True,244,228,0.9344262295081968,True,228,0.9344262295081968,True
KSEI_COVERAGE_RESOLVED_CEILING,2024-02-21,245,229,0.9346938775510204,True,245,229,0.9346938775510204,True,229,0.9346938775510204,True
KSEI_COVERAGE_RESOLVED_CEILING,2024-02-22,243,227,0.934156378600823,True,243,227,0.934156378600823,True,227,0.934156378600823,True
KSEI_COVERAGE_RESOLVED_CEILING,2024-02-23,239,224,0.9372384937238494,True,239,224,0.9372384937238494,True,224,0.9372384937238494,True
KSEI_COVERAGE_RESOLVED_CEILING,2024-02-26,236,221,0.9364406779661016,True,236,221,0.9364406779661016,True,221,0.9364406779661016,True
KSEI_COVERAGE_RESOLVED_CEILING,2024-02-27,236,221,0.9364406779661016,True,236,221,0.9364406779661016,True,221,0.9364406779661016,True
KSEI_COVERAGE_RESOLVED_CEILING,2024-02-28,236,221,0.9364406779661016,True,236,221,0.9364406779661016,True,221,0.9364406779661016,True
KSEI_COVERAGE_RESOLVED_CEILING,2024-02-29,237,222,0.9367088607594937,True,237,222,0.9367088607594937,True,222,0.9367088607594937,True
KSEI_COVERAGE_RESOLVED_CEILING,2024-03-01,232,218,0.9396551724137931,True,232,218,0.9396551724137931,True,218,0.9396551724137931,True
KSEI_COVERAGE_RESOLVED_CEILING,2024-03-04,235,221,0.9404255319148936,True,235,221,0.9404255319148936,True,221,0.9404255319148936,True
KSEI_COVERAGE_RESOLVED_CEILING,2024-03-05,236,222,0.940677966101695,True,236,222,0.940677966101695,True,222,0.940677966101695,True
KSEI_COVERAGE_RESOLVED_CEILING,2024-03-06,236,223,0.9449152542372882,True,236,223,0.9449152542372882,True,223,0.9449152542372882,True
KSEI_COVERAGE_RESOLVED_CEILING,2024-03-07,237,224,0.9451476793248945,True,237,224,0.9451476793248945,True,224,0.9451476793248945,True
KSEI_COVERAGE_RESOLVED_CEILING,2024-03-08,238,225,0.9453781512605042,True,238,225,0.9453781512605042,True,225,0.9453781512605042,True
KSEI_COVERAGE_RESOLVED_CEILING,2024-03-13,241,227,0.941908713692946,True,241,227,0.941908713692946,True,227,0.941908713692946,True
KSEI_COVERAGE_RESOLVED_CEILING,2024-03-14,243,229,0.9423868312757202,True,243,229,0.9423868312757202,True,229,0.9423868312757202,True
KSEI_COVERAGE_RESOLVED_CEILING,2024-03-15,240,226,0.9416666666666667,True,240,226,0.9416666666666667,True,226,0.9416666666666667,True
KSEI_COVERAGE_RESOLVED_CEILING,2024-03-18,243,229,0.9423868312757202,True,243,229,0.9423868312757202,True,229,0.9423868312757202,True
KSEI_COVERAGE_RESOLVED_CEILING,2024-03-19,243,229,0.9423868312757202,True,243,229,0.9423868312757202,True,229,0.9423868312757202,True
KSEI_COVERAGE_RESOLVED_CEILING,2024-03-20,242,228,0.9421487603305785,True,242,228,0.9421487603305785,True,228,0.9421487603305785,True
KSEI_COVERAGE_RESOLVED_CEILING,2024-03-21,242,228,0.9421487603305785,True,242,228,0.9421487603305785,True,228,0.9421487603305785,True
KSEI_COVERAGE_RESOLVED_CEILING,2024-03-22,242,228,0.9421487603305785,True,242,228,0.9421487603305785,True,228,0.9421487603305785,True
KSEI_COVERAGE_RESOLVED_CEILING,2024-03-25,243,228,0.9382716049382716,True,243,228,0.9382716049382716,True,228,0.9382716049382716,True
KSEI_COVERAGE_RESOLVED_CEILING,2024-03-26,244,230,0.9426229508196722,True,244,230,0.9426229508196722,True,230,0.9426229508196722,True
KSEI_COVERAGE_RESOLVED_CEILING,2024-03-27,245,231,0.9428571428571428,True,245,231,0.9428571428571428,True,231,0.9428571428571428,True
KSEI_COVERAGE_RESOLVED_CEILING,2024-03-28,244,230,0.9426229508196722,True,244,230,0.9426229508196722,True,230,0.9426229508196722,True
KSEI_COVERAGE_RESOLVED_CEILING,2024-04-01,250,236,0.944,True,250,236,0.944,True,236,0.944,True
KSEI_COVERAGE_RESOLVED_CEILING,2024-04-02,250,236,0.944,True,250,236,0.944,True,236,0.944,True
KSEI_COVERAGE_RESOLVED_CEILING,2024-04-03,251,237,0.9442231075697212,True,251,237,0.9442231075697212,True,237,0.9442231075697212,True
KSEI_COVERAGE_RESOLVED_CEILING,2024-04-04,250,236,0.944,True,250,236,0.944,True,236,0.944,True
KSEI_COVERAGE_RESOLVED_CEILING,2024-04-05,250,236,0.944,True,250,236,0.944,True,236,0.944,True
KSEI_COVERAGE_RESOLVED_CEILING,2024-04-16,250,236,0.944,True,250,236,0.944,True,236,0.944,True
KSEI_COVERAGE_RESOLVED_CEILING,2024-04-17,249,235,0.9437751004016064,True,249,235,0.9437751004016064,True,235,0.9437751004016064,True
KSEI_COVERAGE_RESOLVED_CEILING,2024-04-18,247,233,0.9433198380566802,True,247,233,0.9433198380566802,True,233,0.9433198380566802,True
KSEI_COVERAGE_RESOLVED_CEILING,2024-04-19,246,233,0.9471544715447154,True,246,233,0.9471544715447154,True,233,0.9471544715447154,True
KSEI_COVERAGE_RESOLVED_CEILING,2024-04-22,246,233,0.9471544715447154,True,246,233,0.9471544715447154,True,233,0.9471544715447154,True
KSEI_COVERAGE_RESOLVED_CEILING,2024-04-23,245,232,0.9469387755102041,True,245,232,0.9469387755102041,True,232,0.9469387755102041,True
KSEI_COVERAGE_RESOLVED_CEILING,2024-04-24,245,232,0.9469387755102041,True,245,232,0.9469387755102041,True,232,0.9469387755102041,True
KSEI_COVERAGE_RESOLVED_CEILING,2024-04-25,246,233,0.9471544715447154,True,246,233,0.9471544715447154,True,233,0.9471544715447154,True
KSEI_COVERAGE_RESOLVED_CEILING,2024-04-26,246,233,0.9471544715447154,True,246,233,0.9471544715447154,True,233,0.9471544715447154,True
KSEI_COVERAGE_RESOLVED_CEILING,2024-04-29,246,233,0.9471544715447154,True,246,233,0.9471544715447154,True,233,0.9471544715447154,True
KSEI_COVERAGE_RESOLVED_CEILING,2024-04-30,245,232,0.9469387755102041,True,245,232,0.9469387755102041,True,232,0.9469387755102041,True
KSEI_COVERAGE_RESOLVED_CEILING,2024-05-02,242,229,0.9462809917355371,True,242,229,0.9462809917355371,True,229,0.9462809917355371,True
KSEI_COVERAGE_RESOLVED_CEILING,2024-05-03,240,227,0.9458333333333333,True,240,227,0.9458333333333333,True,227,0.9458333333333333,True
KSEI_COVERAGE_RESOLVED_CEILING,2024-05-06,240,227,0.9458333333333333,True,240,227,0.9458333333333333,True,227,0.9458333333333333,True
KSEI_COVERAGE_RESOLVED_CEILING,2024-05-07,242,229,0.9462809917355371,True,242,229,0.9462809917355371,True,229,0.9462809917355371,True
KSEI_COVERAGE_RESOLVED_CEILING,2024-05-08,242,229,0.9462809917355371,True,242,229,0.9462809917355371,True,229,0.9462809917355371,True
KSEI_COVERAGE_RESOLVED_CEILING,2024-05-13,243,230,0.9465020576131687,True,243,230,0.9465020576131687,True,230,0.9465020576131687,True
KSEI_COVERAGE_RESOLVED_CEILING,2024-05-14,243,230,0.9465020576131687,True,243,230,0.9465020576131687,True,230,0.9465020576131687,True
KSEI_COVERAGE_RESOLVED_CEILING,2024-05-15,242,228,0.9421487603305785,True,242,228,0.9421487603305785,True,228,0.9421487603305785,True
KSEI_COVERAGE_RESOLVED_CEILING,2024-05-16,246,232,0.943089430894309,True,246,232,0.943089430894309,True,232,0.943089430894309,True
KSEI_COVERAGE_RESOLVED_CEILING,2024-05-17,246,232,0.943089430894309,True,246,232,0.943089430894309,True,232,0.943089430894309,True
KSEI_COVERAGE_RESOLVED_CEILING,2024-05-20,245,231,0.9428571428571428,True,245,231,0.9428571428571428,True,231,0.9428571428571428,True
KSEI_COVERAGE_RESOLVED_CEILING,2024-05-21,243,229,0.9423868312757202,True,243,229,0.9423868312757202,True,229,0.9423868312757202,True
KSEI_COVERAGE_RESOLVED_CEILING,2024-05-22,243,229,0.9423868312757202,True,243,229,0.9423868312757202,True,229,0.9423868312757202,True
KSEI_COVERAGE_RESOLVED_CEILING,2024-05-27,243,229,0.9423868312757202,True,243,229,0.9423868312757202,True,229,0.9423868312757202,True
KSEI_COVERAGE_RESOLVED_CEILING,2024-05-28,242,228,0.9421487603305785,True,242,228,0.9421487603305785,True,228,0.9421487603305785,True
KSEI_COVERAGE_RESOLVED_CEILING,2024-05-29,243,229,0.9423868312757202,True,243,229,0.9423868312757202,True,229,0.9423868312757202,True
KSEI_COVERAGE_RESOLVED_CEILING,2024-05-30,242,228,0.9421487603305785,True,242,228,0.9421487603305785,True,228,0.9421487603305785,True
KSEI_COVERAGE_RESOLVED_CEILING,2024-05-31,242,228,0.9421487603305785,True,242,228,0.9421487603305785,True,228,0.9421487603305785,True
KSEI_COVERAGE_RESOLVED_CEILING,2024-06-03,243,229,0.9423868312757202,True,243,228,0.9382716049382716,True,228,0.9382716049382716,True
KSEI_COVERAGE_RESOLVED_CEILING,2024-06-04,240,226,0.9416666666666667,True,240,225,0.9375,True,225,0.9375,True
KSEI_COVERAGE_RESOLVED_CEILING,2024-06-05,238,224,0.9411764705882353,True,238,222,0.9327731092436975,True,222,0.9327731092436975,True
KSEI_COVERAGE_RESOLVED_CEILING,2024-06-06,238,224,0.9411764705882353,True,238,222,0.9327731092436975,True,222,0.9327731092436975,True
KSEI_COVERAGE_RESOLVED_CEILING,2024-06-07,237,223,0.9409282700421941,True,237,221,0.9324894514767933,True,221,0.9324894514767933,True
KSEI_COVERAGE_RESOLVED_CEILING,2024-06-10,238,223,0.9369747899159664,True,238,222,0.9327731092436975,True,222,0.9327731092436975,True
KSEI_COVERAGE_RESOLVED_CEILING,2024-06-11,238,223,0.9369747899159664,True,238,221,0.9285714285714286,True,221,0.9285714285714286,True
KSEI_COVERAGE_RESOLVED_CEILING,2024-06-12,237,221,0.9324894514767933,True,237,220,0.9282700421940928,True,220,0.9282700421940928,True
KSEI_COVERAGE_RESOLVED_CEILING,2024-06-13,237,221,0.9324894514767933,True,237,220,0.9282700421940928,True,220,0.9282700421940928,True
KSEI_COVERAGE_RESOLVED_CEILING,2024-06-14,238,223,0.9369747899159664,True,238,222,0.9327731092436975,True,222,0.9327731092436975,True
KSEI_COVERAGE_RESOLVED_CEILING,2024-06-19,236,221,0.9364406779661016,True,236,220,0.9322033898305084,True,220,0.9322033898305084,True
KSEI_COVERAGE_RESOLVED_CEILING,2024-06-20,236,221,0.9364406779661016,True,236,221,0.9364406779661016,True,221,0.9364406779661016,True
KSEI_COVERAGE_RESOLVED_CEILING,2024-06-21,237,222,0.9367088607594937,True,237,222,0.9367088607594937,True,222,0.9367088607594937,True
KSEI_COVERAGE_RESOLVED_CEILING,2024-06-24,237,222,0.9367088607594937,True,237,222,0.9367088607594937,True,222,0.9367088607594937,True
KSEI_COVERAGE_RESOLVED_CEILING,2024-06-25,237,222,0.9367088607594937,True,237,221,0.9324894514767933,True,221,0.9324894514767933,True
KSEI_COVERAGE_RESOLVED_CEILING,2024-06-26,236,223,0.9449152542372882,True,236,222,0.940677966101695,True,222,0.940677966101695,True
KSEI_COVERAGE_RESOLVED_CEILING,2024-06-27,238,225,0.9453781512605042,True,238,224,0.9411764705882353,True,224,0.9411764705882353,True
KSEI_COVERAGE_RESOLVED_CEILING,2024-06-28,239,226,0.9456066945606695,True,239,225,0.9414225941422594,True,225,0.9414225941422594,True
KSEI_COVERAGE_RESOLVED_CEILING,2024-07-01,239,226,0.9456066945606695,True,239,225,0.9414225941422594,True,225,0.9414225941422594,True
KSEI_COVERAGE_RESOLVED_CEILING,2024-07-02,241,227,0.941908713692946,True,241,227,0.941908713692946,True,227,0.941908713692946,True
KSEI_COVERAGE_RESOLVED_CEILING,2024-07-03,241,227,0.941908713692946,True,241,227,0.941908713692946,True,227,0.941908713692946,True
KSEI_COVERAGE_RESOLVED_CEILING,2024-07-04,241,226,0.9377593360995851,True,241,226,0.9377593360995851,True,226,0.9377593360995851,True
KSEI_COVERAGE_RESOLVED_CEILING,2024-07-05,242,227,0.9380165289256198,True,242,227,0.9380165289256198,True,227,0.9380165289256198,True
KSEI_COVERAGE_RESOLVED_CEILING,2024-07-08,242,228,0.9421487603305785,True,242,228,0.9421487603305785,True,228,0.9421487603305785,True
KSEI_COVERAGE_RESOLVED_CEILING,2024-07-09,242,227,0.9380165289256198,True,242,227,0.9380165289256198,True,227,0.9380165289256198,True
KSEI_COVERAGE_RESOLVED_CEILING,2024-07-10,242,227,0.9380165289256198,True,242,227,0.9380165289256198,True,227,0.9380165289256198,True
KSEI_COVERAGE_RESOLVED_CEILING,2024-07-11,241,227,0.941908713692946,True,241,227,0.941908713692946,True,227,0.941908713692946,True
KSEI_COVERAGE_RESOLVED_CEILING,2024-07-12,241,226,0.9377593360995851,True,241,226,0.9377593360995851,True,226,0.9377593360995851,True
KSEI_COVERAGE_RESOLVED_CEILING,2024-07-15,241,226,0.9377593360995851,True,241,226,0.9377593360995851,True,226,0.9377593360995851,True
KSEI_COVERAGE_RESOLVED_CEILING,2024-07-16,241,226,0.9377593360995851,True,241,226,0.9377593360995851,True,226,0.9377593360995851,True
KSEI_COVERAGE_RESOLVED_CEILING,2024-07-17,239,224,0.9372384937238494,True,239,224,0.9372384937238494,True,224,0.9372384937238494,True
KSEI_COVERAGE_RESOLVED_CEILING,2024-07-18,240,224,0.9333333333333333,True,240,224,0.9333333333333333,True,224,0.9333333333333333,True
KSEI_COVERAGE_RESOLVED_CEILING,2024-07-19,240,224,0.9333333333333333,True,240,224,0.9333333333333333,True,224,0.9333333333333333,True
KSEI_COVERAGE_RESOLVED_CEILING,2024-07-22,236,220,0.9322033898305084,True,236,220,0.9322033898305084,True,220,0.9322033898305084,True
KSEI_COVERAGE_RESOLVED_CEILING,2024-07-23,236,220,0.9322033898305084,True,236,220,0.9322033898305084,True,220,0.9322033898305084,True
KSEI_COVERAGE_RESOLVED_CEILING,2024-07-24,236,220,0.9322033898305084,True,236,220,0.9322033898305084,True,220,0.9322033898305084,True
KSEI_COVERAGE_RESOLVED_CEILING,2024-07-25,237,221,0.9324894514767933,True,237,221,0.9324894514767933,True,221,0.9324894514767933,True
KSEI_COVERAGE_RESOLVED_CEILING,2024-07-26,238,221,0.9285714285714286,True,238,221,0.9285714285714286,True,221,0.9285714285714286,True
KSEI_COVERAGE_RESOLVED_CEILING,2024-07-29,239,222,0.9288702928870293,True,239,222,0.9288702928870293,True,222,0.9288702928870293,True
KSEI_COVERAGE_RESOLVED_CEILING,2024-07-30,239,222,0.9288702928870293,True,239,222,0.9288702928870293,True,222,0.9288702928870293,True
KSEI_COVERAGE_RESOLVED_CEILING,2024-07-31,242,225,0.9297520661157025,True,242,225,0.9297520661157025,True,225,0.9297520661157025,True
KSEI_COVERAGE_RESOLVED_CEILING,2024-08-01,239,222,0.9288702928870293,True,239,222,0.9288702928870293,True,222,0.9288702928870293,True
KSEI_COVERAGE_RESOLVED_CEILING,2024-08-02,239,222,0.9288702928870293,True,239,222,0.9288702928870293,True,222,0.9288702928870293,True
KSEI_COVERAGE_RESOLVED_CEILING,2024-08-05,241,224,0.9294605809128631,True,241,224,0.9294605809128631,True,224,0.9294605809128631,True
KSEI_COVERAGE_RESOLVED_CEILING,2024-08-06,241,225,0.9336099585062241,True,241,225,0.9336099585062241,True,225,0.9336099585062241,True
KSEI_COVERAGE_RESOLVED_CEILING,2024-08-07,241,225,0.9336099585062241,True,241,225,0.9336099585062241,True,225,0.9336099585062241,True
KSEI_COVERAGE_RESOLVED_CEILING,2024-08-08,242,226,0.9338842975206612,True,242,226,0.9338842975206612,True,226,0.9338842975206612,True
KSEI_COVERAGE_RESOLVED_CEILING,2024-08-09,242,226,0.9338842975206612,True,242,226,0.9338842975206612,True,226,0.9338842975206612,True
KSEI_COVERAGE_RESOLVED_CEILING,2024-08-12,244,227,0.930327868852459,True,244,227,0.930327868852459,True,227,0.930327868852459,True
KSEI_COVERAGE_RESOLVED_CEILING,2024-08-13,244,227,0.930327868852459,True,244,227,0.930327868852459,True,227,0.930327868852459,True
KSEI_COVERAGE_RESOLVED_CEILING,2024-08-14,243,226,0.9300411522633745,True,243,226,0.9300411522633745,True,226,0.9300411522633745,True
KSEI_COVERAGE_RESOLVED_CEILING,2024-08-15,245,228,0.9306122448979591,True,245,228,0.9306122448979591,True,228,0.9306122448979591,True
KSEI_COVERAGE_RESOLVED_CEILING,2024-08-16,246,229,0.9308943089430894,True,246,229,0.9308943089430894,True,229,0.9308943089430894,True
KSEI_COVERAGE_RESOLVED_CEILING,2024-08-19,246,229,0.9308943089430894,True,246,229,0.9308943089430894,True,229,0.9308943089430894,True
KSEI_COVERAGE_RESOLVED_CEILING,2024-08-20,245,228,0.9306122448979591,True,245,228,0.9306122448979591,True,228,0.9306122448979591,True
KSEI_COVERAGE_RESOLVED_CEILING,2024-08-21,244,227,0.930327868852459,True,244,227,0.930327868852459,True,227,0.930327868852459,True
KSEI_COVERAGE_RESOLVED_CEILING,2024-08-22,244,227,0.930327868852459,True,244,227,0.930327868852459,True,227,0.930327868852459,True
KSEI_COVERAGE_RESOLVED_CEILING,2024-08-23,242,225,0.9297520661157025,True,242,225,0.9297520661157025,True,225,0.9297520661157025,True
KSEI_COVERAGE_RESOLVED_CEILING,2024-08-26,243,226,0.9300411522633745,True,243,226,0.9300411522633745,True,226,0.9300411522633745,True
KSEI_COVERAGE_RESOLVED_CEILING,2024-08-27,242,225,0.9297520661157025,True,242,225,0.9297520661157025,True,225,0.9297520661157025,True
KSEI_COVERAGE_RESOLVED_CEILING,2024-08-28,242,226,0.9338842975206612,True,242,226,0.9338842975206612,True,226,0.9338842975206612,True
KSEI_COVERAGE_RESOLVED_CEILING,2024-08-29,243,226,0.9300411522633745,True,243,226,0.9300411522633745,True,226,0.9300411522633745,True
KSEI_COVERAGE_RESOLVED_CEILING,2024-08-30,242,225,0.9297520661157025,True,242,225,0.9297520661157025,True,225,0.9297520661157025,True
KSEI_COVERAGE_RESOLVED_CEILING,2024-09-02,245,228,0.9306122448979591,True,245,228,0.9306122448979591,True,228,0.9306122448979591,True
KSEI_COVERAGE_RESOLVED_CEILING,2024-09-03,247,230,0.9311740890688259,True,247,230,0.9311740890688259,True,230,0.9311740890688259,True
KSEI_COVERAGE_RESOLVED_CEILING,2024-09-04,248,231,0.9314516129032258,True,248,231,0.9314516129032258,True,231,0.9314516129032258,True
KSEI_COVERAGE_RESOLVED_CEILING,2024-09-05,247,230,0.9311740890688259,True,247,230,0.9311740890688259,True,230,0.9311740890688259,True
KSEI_COVERAGE_RESOLVED_CEILING,2024-09-06,242,225,0.9297520661157025,True,242,225,0.9297520661157025,True,225,0.9297520661157025,True
KSEI_COVERAGE_RESOLVED_CEILING,2024-09-09,243,226,0.9300411522633745,True,243,226,0.9300411522633745,True,226,0.9300411522633745,True
KSEI_COVERAGE_RESOLVED_CEILING,2024-09-10,244,227,0.930327868852459,True,244,227,0.930327868852459,True,227,0.930327868852459,True
KSEI_COVERAGE_RESOLVED_CEILING,2024-09-11,245,228,0.9306122448979591,True,245,228,0.9306122448979591,True,228,0.9306122448979591,True
KSEI_COVERAGE_RESOLVED_CEILING,2024-09-12,246,228,0.926829268292683,True,246,228,0.926829268292683,True,228,0.926829268292683,True
KSEI_COVERAGE_RESOLVED_CEILING,2024-09-13,246,228,0.926829268292683,True,246,228,0.926829268292683,True,228,0.926829268292683,True
KSEI_COVERAGE_RESOLVED_CEILING,2024-09-17,248,230,0.9274193548387096,True,248,230,0.9274193548387096,True,230,0.9274193548387096,True
KSEI_COVERAGE_RESOLVED_CEILING,2024-09-18,245,228,0.9306122448979591,True,245,228,0.9306122448979591,True,228,0.9306122448979591,True
KSEI_COVERAGE_RESOLVED_CEILING,2024-09-19,246,229,0.9308943089430894,True,246,229,0.9308943089430894,True,229,0.9308943089430894,True
KSEI_COVERAGE_RESOLVED_CEILING,2024-09-20,246,229,0.9308943089430894,True,246,229,0.9308943089430894,True,229,0.9308943089430894,True
KSEI_COVERAGE_RESOLVED_CEILING,2024-09-23,246,229,0.9308943089430894,True,246,229,0.9308943089430894,True,229,0.9308943089430894,True
KSEI_COVERAGE_RESOLVED_CEILING,2024-09-24,247,230,0.9311740890688259,True,247,230,0.9311740890688259,True,230,0.9311740890688259,True
KSEI_COVERAGE_RESOLVED_CEILING,2024-09-25,246,229,0.9308943089430894,True,246,229,0.9308943089430894,True,229,0.9308943089430894,True
KSEI_COVERAGE_RESOLVED_CEILING,2024-09-26,248,231,0.9314516129032258,True,248,231,0.9314516129032258,True,231,0.9314516129032258,True
KSEI_COVERAGE_RESOLVED_CEILING,2024-09-27,247,230,0.9311740890688259,True,247,230,0.9311740890688259,True,230,0.9311740890688259,True
KSEI_COVERAGE_RESOLVED_CEILING,2024-09-30,248,231,0.9314516129032258,True,248,231,0.9314516129032258,True,231,0.9314516129032258,True
KSEI_COVERAGE_RESOLVED_CEILING,2024-10-01,248,231,0.9314516129032258,True,248,231,0.9314516129032258,True,231,0.9314516129032258,True
KSEI_COVERAGE_RESOLVED_CEILING,2024-10-02,248,230,0.9274193548387096,True,248,230,0.9274193548387096,True,230,0.9274193548387096,True
KSEI_COVERAGE_RESOLVED_CEILING,2024-10-03,247,229,0.9271255060728745,True,247,229,0.9271255060728745,True,229,0.9271255060728745,True
KSEI_COVERAGE_RESOLVED_CEILING,2024-10-04,249,231,0.927710843373494,True,249,231,0.927710843373494,True,231,0.927710843373494,True
KSEI_COVERAGE_RESOLVED_CEILING,2024-10-07,248,230,0.9274193548387096,True,248,230,0.9274193548387096,True,230,0.9274193548387096,True
KSEI_COVERAGE_RESOLVED_CEILING,2024-10-08,246,229,0.9308943089430894,True,246,229,0.9308943089430894,True,229,0.9308943089430894,True
KSEI_COVERAGE_RESOLVED_CEILING,2024-10-09,247,230,0.9311740890688259,True,247,230,0.9311740890688259,True,230,0.9311740890688259,True
KSEI_COVERAGE_RESOLVED_CEILING,2024-10-10,249,231,0.927710843373494,True,249,231,0.927710843373494,True,231,0.927710843373494,True
KSEI_COVERAGE_RESOLVED_CEILING,2024-10-11,249,231,0.927710843373494,True,249,231,0.927710843373494,True,231,0.927710843373494,True
KSEI_COVERAGE_RESOLVED_CEILING,2024-10-14,249,231,0.927710843373494,True,249,231,0.927710843373494,True,231,0.927710843373494,True
KSEI_COVERAGE_RESOLVED_CEILING,2024-10-15,249,231,0.927710843373494,True,249,231,0.927710843373494,True,231,0.927710843373494,True
KSEI_COVERAGE_RESOLVED_CEILING,2024-10-16,249,231,0.927710843373494,True,249,231,0.927710843373494,True,231,0.927710843373494,True
KSEI_COVERAGE_RESOLVED_CEILING,2024-10-17,249,231,0.927710843373494,True,249,231,0.927710843373494,True,231,0.927710843373494,True
KSEI_COVERAGE_RESOLVED_CEILING,2024-10-18,251,233,0.9282868525896414,True,251,233,0.9282868525896414,True,233,0.9282868525896414,True
KSEI_COVERAGE_RESOLVED_CEILING,2024-10-21,250,233,0.932,True,250,233,0.932,True,233,0.932,True
KSEI_COVERAGE_RESOLVED_CEILING,2024-10-22,250,233,0.932,True,250,233,0.932,True,233,0.932,True
KSEI_COVERAGE_RESOLVED_CEILING,2024-10-23,252,235,0.9325396825396826,True,252,235,0.9325396825396826,True,235,0.9325396825396826,True
KSEI_COVERAGE_RESOLVED_CEILING,2024-10-24,251,234,0.9322709163346613,True,251,234,0.9322709163346613,True,234,0.9322709163346613,True
KSEI_COVERAGE_RESOLVED_CEILING,2024-10-25,251,234,0.9322709163346613,True,251,234,0.9322709163346613,True,234,0.9322709163346613,True
KSEI_COVERAGE_RESOLVED_CEILING,2024-10-28,252,233,0.9246031746031746,True,252,232,0.9206349206349206,True,232,0.9206349206349206,True
KSEI_COVERAGE_RESOLVED_CEILING,2024-10-29,254,235,0.9251968503937008,True,254,234,0.9212598425196851,True,234,0.9212598425196851,True
KSEI_COVERAGE_RESOLVED_CEILING,2024-10-30,254,235,0.9251968503937008,True,254,234,0.9212598425196851,True,234,0.9212598425196851,True
KSEI_COVERAGE_RESOLVED_CEILING,2024-10-31,256,237,0.92578125,True,256,236,0.921875,True,236,0.921875,True
KSEI_COVERAGE_RESOLVED_CEILING,2024-11-01,257,238,0.9260700389105059,True,257,237,0.9221789883268483,True,237,0.9221789883268483,True
KSEI_COVERAGE_RESOLVED_CEILING,2024-11-04,259,239,0.9227799227799228,True,259,239,0.9227799227799228,True,239,0.9227799227799228,True
KSEI_COVERAGE_RESOLVED_CEILING,2024-11-05,261,240,0.9195402298850575,True,261,240,0.9195402298850575,True,240,0.9195402298850575,True
KSEI_COVERAGE_RESOLVED_CEILING,2024-11-06,262,242,0.9236641221374046,True,262,242,0.9236641221374046,True,242,0.9236641221374046,True
KSEI_COVERAGE_RESOLVED_CEILING,2024-11-07,263,243,0.9239543726235742,True,263,243,0.9239543726235742,True,243,0.9239543726235742,True
KSEI_COVERAGE_RESOLVED_CEILING,2024-11-08,264,245,0.928030303030303,True,264,245,0.928030303030303,True,245,0.928030303030303,True
KSEI_COVERAGE_RESOLVED_CEILING,2024-11-11,264,245,0.928030303030303,True,264,245,0.928030303030303,True,245,0.928030303030303,True
KSEI_COVERAGE_RESOLVED_CEILING,2024-11-12,264,245,0.928030303030303,True,264,245,0.928030303030303,True,245,0.928030303030303,True
KSEI_COVERAGE_RESOLVED_CEILING,2024-11-13,261,243,0.9310344827586207,True,261,243,0.9310344827586207,True,243,0.9310344827586207,True
KSEI_COVERAGE_RESOLVED_CEILING,2024-11-14,260,242,0.9307692307692308,True,260,242,0.9307692307692308,True,242,0.9307692307692308,True
KSEI_COVERAGE_RESOLVED_CEILING,2024-11-15,257,239,0.9299610894941635,True,257,239,0.9299610894941635,True,239,0.9299610894941635,True
KSEI_COVERAGE_RESOLVED_CEILING,2024-11-18,257,238,0.9260700389105059,True,257,238,0.9260700389105059,True,238,0.9260700389105059,True
KSEI_COVERAGE_RESOLVED_CEILING,2024-11-19,258,239,0.9263565891472868,True,258,239,0.9263565891472868,True,239,0.9263565891472868,True
KSEI_COVERAGE_RESOLVED_CEILING,2024-11-20,255,236,0.9254901960784314,True,255,236,0.9254901960784314,True,236,0.9254901960784314,True
KSEI_COVERAGE_RESOLVED_CEILING,2024-11-21,256,236,0.921875,True,256,236,0.921875,True,236,0.921875,True
KSEI_COVERAGE_RESOLVED_CEILING,2024-11-22,252,233,0.9246031746031746,True,252,233,0.9246031746031746,True,233,0.9246031746031746,True
KSEI_COVERAGE_RESOLVED_CEILING,2024-11-25,252,233,0.9246031746031746,True,252,233,0.9246031746031746,True,233,0.9246031746031746,True
KSEI_COVERAGE_RESOLVED_CEILING,2024-11-26,252,232,0.9206349206349206,True,252,232,0.9206349206349206,True,232,0.9206349206349206,True
KSEI_COVERAGE_RESOLVED_CEILING,2024-11-28,252,233,0.9246031746031746,True,252,233,0.9246031746031746,True,233,0.9246031746031746,True
KSEI_COVERAGE_RESOLVED_CEILING,2024-11-29,252,233,0.9246031746031746,True,252,233,0.9246031746031746,True,233,0.9246031746031746,True
KSEI_COVERAGE_RESOLVED_CEILING,2024-12-02,251,231,0.9203187250996016,True,251,231,0.9203187250996016,True,231,0.9203187250996016,True
KSEI_COVERAGE_RESOLVED_CEILING,2024-12-03,249,230,0.9236947791164659,True,249,230,0.9236947791164659,True,230,0.9236947791164659,True
KSEI_COVERAGE_RESOLVED_CEILING,2024-12-04,252,232,0.9206349206349206,True,252,232,0.9206349206349206,True,232,0.9206349206349206,True
KSEI_COVERAGE_RESOLVED_CEILING,2024-12-05,252,232,0.9206349206349206,True,252,232,0.9206349206349206,True,232,0.9206349206349206,True
KSEI_COVERAGE_RESOLVED_CEILING,2024-12-06,251,232,0.9243027888446215,True,251,232,0.9243027888446215,True,232,0.9243027888446215,True
KSEI_COVERAGE_RESOLVED_CEILING,2024-12-09,250,231,0.924,True,250,231,0.924,True,231,0.924,True
KSEI_COVERAGE_RESOLVED_CEILING,2024-12-10,252,233,0.9246031746031746,True,252,233,0.9246031746031746,True,233,0.9246031746031746,True
KSEI_COVERAGE_RESOLVED_CEILING,2024-12-11,255,236,0.9254901960784314,True,255,236,0.9254901960784314,True,236,0.9254901960784314,True
KSEI_COVERAGE_RESOLVED_CEILING,2024-12-12,257,238,0.9260700389105059,True,257,238,0.9260700389105059,True,238,0.9260700389105059,True
KSEI_COVERAGE_RESOLVED_CEILING,2024-12-13,256,237,0.92578125,True,256,236,0.921875,True,236,0.921875,True
KSEI_COVERAGE_RESOLVED_CEILING,2024-12-16,256,237,0.92578125,True,256,236,0.921875,True,236,0.921875,True
KSEI_COVERAGE_RESOLVED_CEILING,2024-12-17,254,236,0.9291338582677166,True,254,235,0.9251968503937008,True,235,0.9251968503937008,True
KSEI_COVERAGE_RESOLVED_CEILING,2024-12-18,255,237,0.9294117647058824,True,255,236,0.9254901960784314,True,236,0.9254901960784314,True
KSEI_COVERAGE_RESOLVED_CEILING,2024-12-19,254,236,0.9291338582677166,True,254,235,0.9251968503937008,True,235,0.9251968503937008,True
KSEI_COVERAGE_RESOLVED_CEILING,2024-12-20,253,234,0.924901185770751,True,253,234,0.924901185770751,True,234,0.924901185770751,True
KSEI_COVERAGE_RESOLVED_CEILING,2024-12-23,249,230,0.9236947791164659,True,249,230,0.9236947791164659,True,230,0.9236947791164659,True
KSEI_COVERAGE_RESOLVED_CEILING,2024-12-24,252,232,0.9206349206349206,True,252,232,0.9206349206349206,True,232,0.9206349206349206,True
KSEI_COVERAGE_RESOLVED_CEILING,2024-12-27,251,231,0.9203187250996016,True,251,231,0.9203187250996016,True,231,0.9203187250996016,True
KSEI_COVERAGE_RESOLVED_CEILING,2024-12-30,248,230,0.9274193548387096,True,248,230,0.9274193548387096,True,230,0.9274193548387096,True
KSEI_COVERAGE_RESOLVED_CEILING,2025-01-02,250,231,0.924,True,250,231,0.924,True,231,0.924,True
KSEI_COVERAGE_RESOLVED_CEILING,2025-01-03,250,231,0.924,True,250,231,0.924,True,231,0.924,True
KSEI_COVERAGE_RESOLVED_CEILING,2025-01-06,248,229,0.9233870967741935,True,248,229,0.9233870967741935,True,229,0.9233870967741935,True
KSEI_COVERAGE_RESOLVED_CEILING,2025-01-07,250,231,0.924,True,250,231,0.924,True,231,0.924,True
KSEI_COVERAGE_RESOLVED_CEILING,2025-01-08,250,231,0.924,True,250,231,0.924,True,231,0.924,True
KSEI_COVERAGE_RESOLVED_CEILING,2025-01-09,246,227,0.9227642276422764,True,246,227,0.9227642276422764,True,227,0.9227642276422764,True
KSEI_COVERAGE_RESOLVED_CEILING,2025-01-10,244,225,0.9221311475409836,True,244,225,0.9221311475409836,True,225,0.9221311475409836,True
KSEI_COVERAGE_RESOLVED_CEILING,2025-01-13,242,223,0.9214876033057852,True,242,223,0.9214876033057852,True,223,0.9214876033057852,True
KSEI_COVERAGE_RESOLVED_CEILING,2025-01-14,240,221,0.9208333333333333,True,240,221,0.9208333333333333,True,221,0.9208333333333333,True
KSEI_COVERAGE_RESOLVED_CEILING,2025-01-15,240,221,0.9208333333333333,True,240,221,0.9208333333333333,True,221,0.9208333333333333,True
KSEI_COVERAGE_RESOLVED_CEILING,2025-01-16,240,221,0.9208333333333333,True,240,221,0.9208333333333333,True,221,0.9208333333333333,True
KSEI_COVERAGE_RESOLVED_CEILING,2025-01-17,239,221,0.9246861924686193,True,239,221,0.9246861924686193,True,221,0.9246861924686193,True
KSEI_COVERAGE_RESOLVED_CEILING,2025-01-20,238,220,0.9243697478991597,True,238,220,0.9243697478991597,True,220,0.9243697478991597,True
KSEI_COVERAGE_RESOLVED_CEILING,2025-01-21,240,222,0.925,True,240,222,0.925,True,222,0.925,True
KSEI_COVERAGE_RESOLVED_CEILING,2025-01-22,240,222,0.925,True,240,222,0.925,True,222,0.925,True
KSEI_COVERAGE_RESOLVED_CEILING,2025-01-23,240,222,0.925,True,240,222,0.925,True,222,0.925,True
KSEI_COVERAGE_RESOLVED_CEILING,2025-01-24,240,222,0.925,True,240,222,0.925,True,222,0.925,True
KSEI_COVERAGE_RESOLVED_CEILING,2025-01-30,240,222,0.925,True,240,222,0.925,True,222,0.925,True
KSEI_COVERAGE_RESOLVED_CEILING,2025-01-31,235,217,0.9234042553191489,True,235,217,0.9234042553191489,True,217,0.9234042553191489,True
KSEI_COVERAGE_RESOLVED_CEILING,2025-02-03,236,219,0.9279661016949152,True,236,219,0.9279661016949152,True,219,0.9279661016949152,True
KSEI_COVERAGE_RESOLVED_CEILING,2025-02-04,230,213,0.9260869565217391,True,230,213,0.9260869565217391,True,213,0.9260869565217391,True
KSEI_COVERAGE_RESOLVED_CEILING,2025-02-05,229,212,0.925764192139738,True,229,212,0.925764192139738,True,212,0.925764192139738,True
KSEI_COVERAGE_RESOLVED_CEILING,2025-02-06,231,215,0.9307359307359307,True,231,215,0.9307359307359307,True,215,0.9307359307359307,True
KSEI_COVERAGE_RESOLVED_CEILING,2025-02-07,234,217,0.9273504273504274,True,234,217,0.9273504273504274,True,217,0.9273504273504274,True
KSEI_COVERAGE_RESOLVED_CEILING,2025-02-10,235,218,0.9276595744680851,True,235,218,0.9276595744680851,True,218,0.9276595744680851,True
KSEI_COVERAGE_RESOLVED_CEILING,2025-02-11,236,219,0.9279661016949152,True,236,219,0.9279661016949152,True,219,0.9279661016949152,True
KSEI_COVERAGE_RESOLVED_CEILING,2025-02-12,235,219,0.9319148936170213,True,235,219,0.9319148936170213,True,219,0.9319148936170213,True
KSEI_COVERAGE_RESOLVED_CEILING,2025-02-13,238,221,0.9285714285714286,True,238,221,0.9285714285714286,True,221,0.9285714285714286,True
KSEI_COVERAGE_RESOLVED_CEILING,2025-02-14,237,220,0.9282700421940928,True,237,220,0.9282700421940928,True,220,0.9282700421940928,True
KSEI_COVERAGE_RESOLVED_CEILING,2025-02-17,232,215,0.9267241379310345,True,232,215,0.9267241379310345,True,215,0.9267241379310345,True
KSEI_COVERAGE_RESOLVED_CEILING,2025-02-18,234,217,0.9273504273504274,True,234,217,0.9273504273504274,True,217,0.9273504273504274,True
KSEI_COVERAGE_RESOLVED_CEILING,2025-02-19,234,218,0.9316239316239316,True,234,218,0.9316239316239316,True,218,0.9316239316239316,True
KSEI_COVERAGE_RESOLVED_CEILING,2025-02-20,234,218,0.9316239316239316,True,234,218,0.9316239316239316,True,218,0.9316239316239316,True
KSEI_COVERAGE_RESOLVED_CEILING,2025-02-21,233,217,0.9313304721030042,True,233,217,0.9313304721030042,True,217,0.9313304721030042,True
KSEI_COVERAGE_RESOLVED_CEILING,2025-02-24,233,216,0.927038626609442,True,233,216,0.927038626609442,True,216,0.927038626609442,True
KSEI_COVERAGE_RESOLVED_CEILING,2025-02-25,230,214,0.9304347826086956,True,230,214,0.9304347826086956,True,214,0.9304347826086956,True
KSEI_COVERAGE_RESOLVED_CEILING,2025-02-26,232,215,0.9267241379310345,True,232,215,0.9267241379310345,True,215,0.9267241379310345,True
KSEI_COVERAGE_RESOLVED_CEILING,2025-02-27,230,213,0.9260869565217391,True,230,213,0.9260869565217391,True,213,0.9260869565217391,True
KSEI_COVERAGE_RESOLVED_CEILING,2025-02-28,231,214,0.9264069264069265,True,231,214,0.9264069264069265,True,214,0.9264069264069265,True
KSEI_COVERAGE_RESOLVED_CEILING,2025-03-03,234,217,0.9273504273504274,True,234,217,0.9273504273504274,True,217,0.9273504273504274,True
KSEI_COVERAGE_RESOLVED_CEILING,2025-03-04,233,217,0.9313304721030042,True,233,217,0.9313304721030042,True,217,0.9313304721030042,True
KSEI_COVERAGE_RESOLVED_CEILING,2025-03-05,236,218,0.923728813559322,True,236,218,0.923728813559322,True,218,0.923728813559322,True
KSEI_COVERAGE_RESOLVED_CEILING,2025-03-06,236,218,0.923728813559322,True,236,218,0.923728813559322,True,218,0.923728813559322,True
KSEI_COVERAGE_RESOLVED_CEILING,2025-03-07,236,218,0.923728813559322,True,236,218,0.923728813559322,True,218,0.923728813559322,True
KSEI_COVERAGE_RESOLVED_CEILING,2025-03-10,234,216,0.9230769230769231,True,234,216,0.9230769230769231,True,216,0.9230769230769231,True
KSEI_COVERAGE_RESOLVED_CEILING,2025-03-11,235,216,0.9191489361702128,True,235,216,0.9191489361702128,True,216,0.9191489361702128,True
KSEI_COVERAGE_RESOLVED_CEILING,2025-03-12,235,216,0.9191489361702128,True,235,216,0.9191489361702128,True,216,0.9191489361702128,True
KSEI_COVERAGE_RESOLVED_CEILING,2025-03-13,235,216,0.9191489361702128,True,235,216,0.9191489361702128,True,216,0.9191489361702128,True
KSEI_COVERAGE_RESOLVED_CEILING,2025-03-14,234,215,0.9188034188034188,True,234,215,0.9188034188034188,True,215,0.9188034188034188,True
KSEI_COVERAGE_RESOLVED_CEILING,2025-03-17,234,215,0.9188034188034188,True,234,215,0.9188034188034188,True,215,0.9188034188034188,True
KSEI_COVERAGE_RESOLVED_CEILING,2025-03-18,234,215,0.9188034188034188,True,234,215,0.9188034188034188,True,215,0.9188034188034188,True
KSEI_COVERAGE_RESOLVED_CEILING,2025-03-19,234,214,0.9145299145299145,True,234,214,0.9145299145299145,True,214,0.9145299145299145,True
KSEI_COVERAGE_RESOLVED_CEILING,2025-03-20,234,214,0.9145299145299145,True,234,214,0.9145299145299145,True,214,0.9145299145299145,True
KSEI_COVERAGE_RESOLVED_CEILING,2025-03-21,233,213,0.9141630901287554,True,233,213,0.9141630901287554,True,213,0.9141630901287554,True
KSEI_COVERAGE_RESOLVED_CEILING,2025-03-24,231,211,0.9134199134199135,True,231,211,0.9134199134199135,True,211,0.9134199134199135,True
KSEI_COVERAGE_RESOLVED_CEILING,2025-03-25,234,213,0.9102564102564102,True,234,213,0.9102564102564102,True,213,0.9102564102564102,True
KSEI_COVERAGE_RESOLVED_CEILING,2025-03-26,232,211,0.9094827586206896,True,232,211,0.9094827586206896,True,211,0.9094827586206896,True
KSEI_COVERAGE_RESOLVED_CEILING,2025-03-27,232,212,0.9137931034482759,True,232,212,0.9137931034482759,True,212,0.9137931034482759,True
KSEI_COVERAGE_RESOLVED_CEILING,2025-04-08,229,209,0.9126637554585153,True,229,209,0.9126637554585153,True,209,0.9126637554585153,True
KSEI_COVERAGE_RESOLVED_CEILING,2025-04-09,228,207,0.9078947368421053,True,228,207,0.9078947368421053,True,207,0.9078947368421053,True
KSEI_COVERAGE_RESOLVED_CEILING,2025-04-10,228,207,0.9078947368421053,True,228,207,0.9078947368421053,True,207,0.9078947368421053,True
KSEI_COVERAGE_RESOLVED_CEILING,2025-04-11,229,208,0.9082969432314411,True,229,208,0.9082969432314411,True,208,0.9082969432314411,True
KSEI_COVERAGE_RESOLVED_CEILING,2025-04-14,229,208,0.9082969432314411,True,229,208,0.9082969432314411,True,208,0.9082969432314411,True
KSEI_COVERAGE_RESOLVED_CEILING,2025-04-15,230,209,0.908695652173913,True,230,209,0.908695652173913,True,209,0.908695652173913,True
KSEI_COVERAGE_RESOLVED_CEILING,2025-04-16,231,210,0.9090909090909091,True,231,210,0.9090909090909091,True,210,0.9090909090909091,True
KSEI_COVERAGE_RESOLVED_CEILING,2025-04-17,229,208,0.9082969432314411,True,229,208,0.9082969432314411,True,208,0.9082969432314411,True
KSEI_COVERAGE_RESOLVED_CEILING,2025-04-21,228,207,0.9078947368421053,True,228,207,0.9078947368421053,True,207,0.9078947368421053,True
KSEI_COVERAGE_RESOLVED_CEILING,2025-04-22,228,207,0.9078947368421053,True,228,207,0.9078947368421053,True,207,0.9078947368421053,True
KSEI_COVERAGE_RESOLVED_CEILING,2025-04-23,226,205,0.9070796460176991,True,226,205,0.9070796460176991,True,205,0.9070796460176991,True
KSEI_COVERAGE_RESOLVED_CEILING,2025-04-24,226,205,0.9070796460176991,True,226,205,0.9070796460176991,True,205,0.9070796460176991,True
KSEI_COVERAGE_RESOLVED_CEILING,2025-04-25,227,206,0.9074889867841409,True,227,206,0.9074889867841409,True,206,0.9074889867841409,True
KSEI_COVERAGE_RESOLVED_CEILING,2025-04-28,225,204,0.9066666666666666,True,225,204,0.9066666666666666,True,204,0.9066666666666666,True
KSEI_COVERAGE_RESOLVED_CEILING,2025-04-29,224,204,0.9107142857142857,True,224,204,0.9107142857142857,True,204,0.9107142857142857,True
KSEI_COVERAGE_RESOLVED_CEILING,2025-04-30,222,203,0.9144144144144144,True,222,203,0.9144144144144144,True,203,0.9144144144144144,True
KSEI_COVERAGE_RESOLVED_CEILING,2025-05-02,226,206,0.911504424778761,True,226,206,0.911504424778761,True,206,0.911504424778761,True
KSEI_COVERAGE_RESOLVED_CEILING,2025-05-05,225,205,0.9111111111111111,True,225,205,0.9111111111111111,True,205,0.9111111111111111,True
KSEI_COVERAGE_RESOLVED_CEILING,2025-05-06,226,206,0.911504424778761,True,226,206,0.911504424778761,True,206,0.911504424778761,True
KSEI_COVERAGE_RESOLVED_CEILING,2025-05-07,225,206,0.9155555555555556,True,225,206,0.9155555555555556,True,206,0.9155555555555556,True
KSEI_COVERAGE_RESOLVED_CEILING,2025-05-08,226,207,0.915929203539823,True,226,207,0.915929203539823,True,207,0.915929203539823,True
KSEI_COVERAGE_RESOLVED_CEILING,2025-05-09,224,205,0.9151785714285714,True,224,205,0.9151785714285714,True,205,0.9151785714285714,True
KSEI_COVERAGE_RESOLVED_CEILING,2025-05-14,223,205,0.9192825112107623,True,223,205,0.9192825112107623,True,205,0.9192825112107623,True
KSEI_COVERAGE_RESOLVED_CEILING,2025-05-15,227,208,0.9162995594713657,True,227,208,0.9162995594713657,True,208,0.9162995594713657,True
KSEI_COVERAGE_RESOLVED_CEILING,2025-05-16,227,208,0.9162995594713657,True,227,208,0.9162995594713657,True,208,0.9162995594713657,True
KSEI_COVERAGE_RESOLVED_CEILING,2025-05-19,228,209,0.9166666666666666,True,228,208,0.9122807017543859,True,208,0.9122807017543859,True
KSEI_COVERAGE_RESOLVED_CEILING,2025-05-20,227,208,0.9162995594713657,True,227,208,0.9162995594713657,True,208,0.9162995594713657,True
KSEI_COVERAGE_RESOLVED_CEILING,2025-05-21,228,208,0.9122807017543859,True,228,206,0.9035087719298246,True,206,0.9035087719298246,True
KSEI_COVERAGE_RESOLVED_CEILING,2025-05-22,229,209,0.9126637554585153,True,229,207,0.9039301310043668,True,207,0.9039301310043668,True
KSEI_COVERAGE_RESOLVED_CEILING,2025-05-23,229,209,0.9126637554585153,True,229,207,0.9039301310043668,True,207,0.9039301310043668,True
KSEI_COVERAGE_RESOLVED_CEILING,2025-05-26,230,211,0.9173913043478261,True,230,209,0.908695652173913,True,209,0.908695652173913,True
KSEI_COVERAGE_RESOLVED_CEILING,2025-05-27,233,214,0.9184549356223176,True,233,212,0.9098712446351931,True,212,0.9098712446351931,True
KSEI_COVERAGE_RESOLVED_CEILING,2025-05-28,235,214,0.9106382978723404,True,235,214,0.9106382978723404,True,214,0.9106382978723404,True
KSEI_COVERAGE_RESOLVED_CEILING,2025-06-02,236,215,0.9110169491525424,True,236,215,0.9110169491525424,True,215,0.9110169491525424,True
KSEI_COVERAGE_RESOLVED_CEILING,2025-06-03,235,214,0.9106382978723404,True,235,214,0.9106382978723404,True,214,0.9106382978723404,True
KSEI_COVERAGE_RESOLVED_CEILING,2025-06-04,235,214,0.9106382978723404,True,235,214,0.9106382978723404,True,214,0.9106382978723404,True
KSEI_COVERAGE_RESOLVED_CEILING,2025-06-05,237,218,0.919831223628692,True,237,218,0.919831223628692,True,218,0.919831223628692,True
KSEI_COVERAGE_RESOLVED_CEILING,2025-06-10,238,219,0.9201680672268907,True,238,219,0.9201680672268907,True,219,0.9201680672268907,True
KSEI_COVERAGE_RESOLVED_CEILING,2025-06-11,238,219,0.9201680672268907,True,238,219,0.9201680672268907,True,219,0.9201680672268907,True
KSEI_COVERAGE_RESOLVED_CEILING,2025-06-12,238,220,0.9243697478991597,True,238,220,0.9243697478991597,True,220,0.9243697478991597,True
KSEI_COVERAGE_RESOLVED_CEILING,2025-06-13,241,222,0.921161825726141,True,241,222,0.921161825726141,True,222,0.921161825726141,True
KSEI_COVERAGE_RESOLVED_CEILING,2025-06-16,241,222,0.921161825726141,True,241,222,0.921161825726141,True,222,0.921161825726141,True
KSEI_COVERAGE_RESOLVED_CEILING,2025-06-17,240,223,0.9291666666666667,True,240,222,0.925,True,222,0.925,True
KSEI_COVERAGE_RESOLVED_CEILING,2025-06-18,239,222,0.9288702928870293,True,239,221,0.9246861924686193,True,221,0.9246861924686193,True
KSEI_COVERAGE_RESOLVED_CEILING,2025-06-19,240,224,0.9333333333333333,True,240,223,0.9291666666666667,True,223,0.9291666666666667,True
KSEI_COVERAGE_RESOLVED_CEILING,2025-06-20,239,224,0.9372384937238494,True,239,222,0.9288702928870293,True,222,0.9288702928870293,True
KSEI_COVERAGE_RESOLVED_CEILING,2025-06-23,239,224,0.9372384937238494,True,239,222,0.9288702928870293,True,222,0.9288702928870293,True
KSEI_COVERAGE_RESOLVED_CEILING,2025-06-24,241,225,0.9336099585062241,True,241,223,0.9253112033195021,True,223,0.9253112033195021,True
KSEI_COVERAGE_RESOLVED_CEILING,2025-06-25,243,227,0.934156378600823,True,243,225,0.9259259259259259,True,225,0.9259259259259259,True
KSEI_COVERAGE_RESOLVED_CEILING,2025-06-26,244,228,0.9344262295081968,True,244,226,0.9262295081967213,True,226,0.9262295081967213,True
KSEI_COVERAGE_RESOLVED_CEILING,2025-06-30,244,226,0.9262295081967213,True,244,225,0.9221311475409836,True,225,0.9221311475409836,True
KSEI_COVERAGE_RESOLVED_CEILING,2025-07-01,242,225,0.9297520661157025,True,242,224,0.9256198347107438,True,224,0.9256198347107438,True
KSEI_COVERAGE_RESOLVED_CEILING,2025-07-02,241,223,0.9253112033195021,True,241,223,0.9253112033195021,True,223,0.9253112033195021,True
KSEI_COVERAGE_RESOLVED_CEILING,2025-07-03,242,224,0.9256198347107438,True,242,224,0.9256198347107438,True,224,0.9256198347107438,True
KSEI_COVERAGE_RESOLVED_CEILING,2025-07-04,244,227,0.930327868852459,True,244,227,0.930327868852459,True,227,0.930327868852459,True
KSEI_COVERAGE_RESOLVED_CEILING,2025-07-07,242,225,0.9297520661157025,True,242,225,0.9297520661157025,True,225,0.9297520661157025,True
KSEI_COVERAGE_RESOLVED_CEILING,2025-07-08,242,226,0.9338842975206612,True,242,226,0.9338842975206612,True,226,0.9338842975206612,True
KSEI_COVERAGE_RESOLVED_CEILING,2025-07-09,241,225,0.9336099585062241,True,241,225,0.9336099585062241,True,225,0.9336099585062241,True
KSEI_COVERAGE_RESOLVED_CEILING,2025-07-10,242,226,0.9338842975206612,True,242,226,0.9338842975206612,True,226,0.9338842975206612,True
KSEI_COVERAGE_RESOLVED_CEILING,2025-07-11,242,226,0.9338842975206612,True,242,226,0.9338842975206612,True,226,0.9338842975206612,True
KSEI_COVERAGE_RESOLVED_CEILING,2025-07-14,242,226,0.9338842975206612,True,242,226,0.9338842975206612,True,226,0.9338842975206612,True
KSEI_COVERAGE_RESOLVED_CEILING,2025-07-15,244,227,0.930327868852459,True,244,227,0.930327868852459,True,227,0.930327868852459,True
KSEI_COVERAGE_RESOLVED_CEILING,2025-07-16,245,228,0.9306122448979591,True,245,228,0.9306122448979591,True,228,0.9306122448979591,True
KSEI_COVERAGE_RESOLVED_CEILING,2025-07-17,247,229,0.9271255060728745,True,247,229,0.9271255060728745,True,229,0.9271255060728745,True
KSEI_COVERAGE_RESOLVED_CEILING,2025-07-18,248,230,0.9274193548387096,True,248,230,0.9274193548387096,True,230,0.9274193548387096,True
KSEI_COVERAGE_RESOLVED_CEILING,2025-07-21,250,232,0.928,True,250,232,0.928,True,232,0.928,True
KSEI_COVERAGE_RESOLVED_CEILING,2025-07-22,250,232,0.928,True,250,232,0.928,True,232,0.928,True
KSEI_COVERAGE_RESOLVED_CEILING,2025-07-23,250,232,0.928,True,250,232,0.928,True,232,0.928,True
KSEI_COVERAGE_RESOLVED_CEILING,2025-07-24,249,231,0.927710843373494,True,249,231,0.927710843373494,True,231,0.927710843373494,True
KSEI_COVERAGE_RESOLVED_CEILING,2025-07-25,251,233,0.9282868525896414,True,251,233,0.9282868525896414,True,233,0.9282868525896414,True
KSEI_COVERAGE_RESOLVED_CEILING,2025-07-28,252,234,0.9285714285714286,True,252,234,0.9285714285714286,True,234,0.9285714285714286,True
KSEI_COVERAGE_RESOLVED_CEILING,2025-07-29,255,237,0.9294117647058824,True,255,237,0.9294117647058824,True,237,0.9294117647058824,True
KSEI_COVERAGE_RESOLVED_CEILING,2025-07-30,256,239,0.93359375,True,256,239,0.93359375,True,239,0.93359375,True
KSEI_COVERAGE_RESOLVED_CEILING,2025-07-31,256,238,0.9296875,True,256,238,0.9296875,True,238,0.9296875,True
KSEI_COVERAGE_RESOLVED_CEILING,2025-08-01,256,239,0.93359375,True,256,239,0.93359375,True,239,0.93359375,True
KSEI_COVERAGE_RESOLVED_CEILING,2025-08-04,258,240,0.9302325581395349,True,258,240,0.9302325581395349,True,240,0.9302325581395349,True
KSEI_COVERAGE_RESOLVED_CEILING,2025-08-05,259,241,0.9305019305019305,True,259,241,0.9305019305019305,True,241,0.9305019305019305,True
KSEI_COVERAGE_RESOLVED_CEILING,2025-08-06,261,243,0.9310344827586207,True,261,243,0.9310344827586207,True,243,0.9310344827586207,True
KSEI_COVERAGE_RESOLVED_CEILING,2025-08-07,262,244,0.9312977099236641,True,262,244,0.9312977099236641,True,244,0.9312977099236641,True
KSEI_COVERAGE_RESOLVED_CEILING,2025-08-08,267,249,0.9325842696629213,True,267,249,0.9325842696629213,True,249,0.9325842696629213,True
KSEI_COVERAGE_RESOLVED_CEILING,2025-08-11,266,248,0.9323308270676691,True,266,248,0.9323308270676691,True,248,0.9323308270676691,True
KSEI_COVERAGE_RESOLVED_CEILING,2025-08-12,266,247,0.9285714285714286,True,266,247,0.9285714285714286,True,247,0.9285714285714286,True
KSEI_COVERAGE_RESOLVED_CEILING,2025-08-13,267,248,0.9288389513108615,True,267,248,0.9288389513108615,True,248,0.9288389513108615,True
KSEI_COVERAGE_RESOLVED_CEILING,2025-08-14,266,248,0.9323308270676691,True,266,248,0.9323308270676691,True,248,0.9323308270676691,True
KSEI_COVERAGE_RESOLVED_CEILING,2025-08-15,268,249,0.9291044776119403,True,268,249,0.9291044776119403,True,249,0.9291044776119403,True
KSEI_COVERAGE_RESOLVED_CEILING,2025-08-19,267,249,0.9325842696629213,True,267,249,0.9325842696629213,True,249,0.9325842696629213,True
KSEI_COVERAGE_RESOLVED_CEILING,2025-08-20,268,250,0.9328358208955224,True,268,250,0.9328358208955224,True,250,0.9328358208955224,True
KSEI_COVERAGE_RESOLVED_CEILING,2025-08-21,266,248,0.9323308270676691,True,266,248,0.9323308270676691,True,248,0.9323308270676691,True
KSEI_COVERAGE_RESOLVED_CEILING,2025-08-22,268,249,0.9291044776119403,True,268,249,0.9291044776119403,True,249,0.9291044776119403,True
KSEI_COVERAGE_RESOLVED_CEILING,2025-08-25,269,249,0.9256505576208178,True,269,249,0.9256505576208178,True,249,0.9256505576208178,True
KSEI_COVERAGE_RESOLVED_CEILING,2025-08-26,269,247,0.9182156133828996,True,269,247,0.9182156133828996,True,247,0.9182156133828996,True
KSEI_COVERAGE_RESOLVED_CEILING,2025-08-27,273,250,0.9157509157509157,True,273,250,0.9157509157509157,True,250,0.9157509157509157,True
KSEI_COVERAGE_RESOLVED_CEILING,2025-08-28,273,250,0.9157509157509157,True,273,250,0.9157509157509157,True,250,0.9157509157509157,True
KSEI_COVERAGE_RESOLVED_CEILING,2025-08-29,271,248,0.915129151291513,True,271,248,0.915129151291513,True,248,0.915129151291513,True
KSEI_COVERAGE_RESOLVED_CEILING,2025-09-01,275,252,0.9163636363636364,True,275,252,0.9163636363636364,True,252,0.9163636363636364,True
KSEI_COVERAGE_RESOLVED_CEILING,2025-09-02,276,253,0.9166666666666666,True,276,253,0.9166666666666666,True,253,0.9166666666666666,True
KSEI_COVERAGE_RESOLVED_CEILING,2025-09-03,278,255,0.9172661870503597,True,278,255,0.9172661870503597,True,255,0.9172661870503597,True
KSEI_COVERAGE_RESOLVED_CEILING,2025-09-04,279,256,0.9175627240143369,True,279,256,0.9175627240143369,True,256,0.9175627240143369,True
KSEI_COVERAGE_RESOLVED_CEILING,2025-09-08,281,258,0.9181494661921709,True,281,258,0.9181494661921709,True,258,0.9181494661921709,True
KSEI_COVERAGE_RESOLVED_CEILING,2025-09-09,282,259,0.9184397163120568,True,282,259,0.9184397163120568,True,259,0.9184397163120568,True
KSEI_COVERAGE_RESOLVED_CEILING,2025-09-10,283,260,0.9187279151943463,True,283,260,0.9187279151943463,True,260,0.9187279151943463,True
KSEI_COVERAGE_RESOLVED_CEILING,2025-09-11,287,264,0.9198606271777003,True,287,264,0.9198606271777003,True,264,0.9198606271777003,True
KSEI_COVERAGE_RESOLVED_CEILING,2025-09-12,289,265,0.916955017301038,True,289,265,0.916955017301038,True,265,0.916955017301038,True
KSEI_COVERAGE_RESOLVED_CEILING,2025-09-15,289,265,0.916955017301038,True,289,265,0.916955017301038,True,265,0.916955017301038,True
KSEI_COVERAGE_RESOLVED_CEILING,2025-09-16,293,269,0.9180887372013652,True,293,269,0.9180887372013652,True,269,0.9180887372013652,True
KSEI_COVERAGE_RESOLVED_CEILING,2025-09-17,293,269,0.9180887372013652,True,293,269,0.9180887372013652,True,269,0.9180887372013652,True
KSEI_COVERAGE_RESOLVED_CEILING,2025-09-18,298,274,0.9194630872483222,True,298,274,0.9194630872483222,True,274,0.9194630872483222,True
KSEI_COVERAGE_RESOLVED_CEILING,2025-09-19,298,274,0.9194630872483222,True,298,274,0.9194630872483222,True,274,0.9194630872483222,True
KSEI_COVERAGE_RESOLVED_CEILING,2025-09-22,299,275,0.919732441471572,True,299,275,0.919732441471572,True,275,0.919732441471572,True
KSEI_COVERAGE_RESOLVED_CEILING,2025-09-23,304,279,0.9177631578947368,True,304,279,0.9177631578947368,True,279,0.9177631578947368,True
KSEI_COVERAGE_RESOLVED_CEILING,2025-09-24,306,281,0.9183006535947712,True,306,281,0.9183006535947712,True,281,0.9183006535947712,True
KSEI_COVERAGE_RESOLVED_CEILING,2025-09-25,311,286,0.9196141479099679,True,311,286,0.9196141479099679,True,286,0.9196141479099679,True
KSEI_COVERAGE_RESOLVED_CEILING,2025-09-26,311,288,0.9260450160771704,True,311,288,0.9260450160771704,True,288,0.9260450160771704,True
KSEI_COVERAGE_RESOLVED_CEILING,2025-09-29,316,291,0.9208860759493671,True,316,291,0.9208860759493671,True,291,0.9208860759493671,True
KSEI_COVERAGE_RESOLVED_CEILING,2025-09-30,316,292,0.9240506329113924,True,316,292,0.9240506329113924,True,292,0.9240506329113924,True
KSEI_COVERAGE_RESOLVED_CEILING,2025-10-01,323,299,0.9256965944272446,True,323,299,0.9256965944272446,True,299,0.9256965944272446,True
KSEI_COVERAGE_RESOLVED_CEILING,2025-10-02,330,306,0.9272727272727272,True,330,306,0.9272727272727272,True,306,0.9272727272727272,True
KSEI_COVERAGE_RESOLVED_CEILING,2025-10-03,334,310,0.9281437125748503,True,334,310,0.9281437125748503,True,310,0.9281437125748503,True
KSEI_COVERAGE_RESOLVED_CEILING,2025-10-06,332,309,0.9307228915662651,True,332,309,0.9307228915662651,True,309,0.9307228915662651,True
KSEI_COVERAGE_RESOLVED_CEILING,2025-10-07,340,317,0.9323529411764706,True,340,317,0.9323529411764706,True,317,0.9323529411764706,True
KSEI_COVERAGE_RESOLVED_CEILING,2025-10-08,343,319,0.9300291545189504,True,343,319,0.9300291545189504,True,319,0.9300291545189504,True
KSEI_COVERAGE_RESOLVED_CEILING,2025-10-09,348,325,0.9339080459770115,True,348,325,0.9339080459770115,True,325,0.9339080459770115,True
KSEI_COVERAGE_RESOLVED_CEILING,2025-10-10,349,326,0.9340974212034384,True,349,326,0.9340974212034384,True,326,0.9340974212034384,True
KSEI_COVERAGE_RESOLVED_CEILING,2025-10-13,356,333,0.9353932584269663,True,356,333,0.9353932584269663,True,333,0.9353932584269663,True
KSEI_COVERAGE_RESOLVED_CEILING,2025-10-14,361,337,0.9335180055401662,True,361,337,0.9335180055401662,True,337,0.9335180055401662,True
KSEI_COVERAGE_RESOLVED_CEILING,2025-10-15,361,337,0.9335180055401662,True,361,337,0.9335180055401662,True,337,0.9335180055401662,True
KSEI_COVERAGE_RESOLVED_CEILING,2025-10-16,365,341,0.9342465753424658,True,365,341,0.9342465753424658,True,341,0.9342465753424658,True
KSEI_COVERAGE_RESOLVED_CEILING,2025-10-17,367,343,0.9346049046321526,True,367,343,0.9346049046321526,True,343,0.9346049046321526,True
KSEI_COVERAGE_RESOLVED_CEILING,2025-10-20,370,345,0.9324324324324325,True,370,345,0.9324324324324325,True,345,0.9324324324324325,True
KSEI_COVERAGE_RESOLVED_CEILING,2025-10-21,375,350,0.9333333333333333,True,375,350,0.9333333333333333,True,350,0.9333333333333333,True
KSEI_COVERAGE_RESOLVED_CEILING,2025-10-22,376,351,0.9335106382978723,True,376,351,0.9335106382978723,True,351,0.9335106382978723,True
KSEI_COVERAGE_RESOLVED_CEILING,2025-10-23,376,351,0.9335106382978723,True,376,351,0.9335106382978723,True,351,0.9335106382978723,True
KSEI_COVERAGE_RESOLVED_CEILING,2025-10-24,379,354,0.9340369393139841,True,379,354,0.9340369393139841,True,354,0.9340369393139841,True
KSEI_COVERAGE_RESOLVED_CEILING,2025-10-27,381,356,0.9343832020997376,True,381,356,0.9343832020997376,True,356,0.9343832020997376,True
KSEI_COVERAGE_RESOLVED_CEILING,2025-10-28,379,354,0.9340369393139841,True,379,354,0.9340369393139841,True,354,0.9340369393139841,True
KSEI_COVERAGE_RESOLVED_CEILING,2025-10-29,382,357,0.9345549738219895,True,382,357,0.9345549738219895,True,357,0.9345549738219895,True
KSEI_COVERAGE_RESOLVED_CEILING,2025-10-30,388,363,0.9355670103092784,True,388,363,0.9355670103092784,True,363,0.9355670103092784,True
KSEI_COVERAGE_RESOLVED_CEILING,2025-10-31,388,363,0.9355670103092784,True,388,363,0.9355670103092784,True,363,0.9355670103092784,True
KSEI_COVERAGE_RESOLVED_CEILING,2025-11-03,391,366,0.9360613810741688,True,391,366,0.9360613810741688,True,366,0.9360613810741688,True
KSEI_COVERAGE_RESOLVED_CEILING,2025-11-04,394,369,0.9365482233502538,True,394,369,0.9365482233502538,True,369,0.9365482233502538,True
KSEI_COVERAGE_RESOLVED_CEILING,2025-11-05,394,369,0.9365482233502538,True,394,369,0.9365482233502538,True,369,0.9365482233502538,True
KSEI_COVERAGE_RESOLVED_CEILING,2025-11-06,390,365,0.9358974358974359,True,390,365,0.9358974358974359,True,365,0.9358974358974359,True
KSEI_COVERAGE_RESOLVED_CEILING,2025-11-07,391,366,0.9360613810741688,True,391,366,0.9360613810741688,True,366,0.9360613810741688,True
KSEI_COVERAGE_RESOLVED_CEILING,2025-11-10,394,368,0.934010152284264,True,394,368,0.934010152284264,True,368,0.934010152284264,True
KSEI_COVERAGE_RESOLVED_CEILING,2025-11-11,393,367,0.9338422391857506,True,393,367,0.9338422391857506,True,367,0.9338422391857506,True
KSEI_COVERAGE_RESOLVED_CEILING,2025-11-12,393,367,0.9338422391857506,True,393,367,0.9338422391857506,True,367,0.9338422391857506,True
KSEI_COVERAGE_RESOLVED_CEILING,2025-11-13,393,367,0.9338422391857506,True,393,367,0.9338422391857506,True,367,0.9338422391857506,True
KSEI_COVERAGE_RESOLVED_CEILING,2025-11-14,393,367,0.9338422391857506,True,393,367,0.9338422391857506,True,367,0.9338422391857506,True
KSEI_COVERAGE_RESOLVED_CEILING,2025-11-17,393,368,0.9363867684478372,True,393,368,0.9363867684478372,True,368,0.9363867684478372,True
KSEI_COVERAGE_RESOLVED_CEILING,2025-11-18,390,365,0.9358974358974359,True,390,365,0.9358974358974359,True,365,0.9358974358974359,True
KSEI_COVERAGE_RESOLVED_CEILING,2025-11-19,393,367,0.9338422391857506,True,393,367,0.9338422391857506,True,367,0.9338422391857506,True
KSEI_COVERAGE_RESOLVED_CEILING,2025-11-20,392,366,0.9336734693877551,True,392,366,0.9336734693877551,True,366,0.9336734693877551,True
KSEI_COVERAGE_RESOLVED_CEILING,2025-11-21,389,363,0.9331619537275064,True,389,363,0.9331619537275064,True,363,0.9331619537275064,True
KSEI_COVERAGE_RESOLVED_CEILING,2025-11-24,392,365,0.9311224489795918,True,392,365,0.9311224489795918,True,365,0.9311224489795918,True
KSEI_COVERAGE_RESOLVED_CEILING,2025-11-25,394,368,0.934010152284264,True,394,368,0.934010152284264,True,368,0.934010152284264,True
KSEI_COVERAGE_RESOLVED_CEILING,2025-11-26,390,364,0.9333333333333333,True,390,364,0.9333333333333333,True,364,0.9333333333333333,True
KSEI_COVERAGE_RESOLVED_CEILING,2025-11-27,389,363,0.9331619537275064,True,389,363,0.9331619537275064,True,363,0.9331619537275064,True
KSEI_COVERAGE_RESOLVED_CEILING,2025-11-28,389,363,0.9331619537275064,True,389,363,0.9331619537275064,True,363,0.9331619537275064,True
KSEI_COVERAGE_RESOLVED_CEILING,2025-12-01,391,365,0.9335038363171355,True,391,365,0.9335038363171355,True,365,0.9335038363171355,True
KSEI_COVERAGE_RESOLVED_CEILING,2025-12-02,389,363,0.9331619537275064,True,389,363,0.9331619537275064,True,363,0.9331619537275064,True
KSEI_COVERAGE_RESOLVED_CEILING,2025-12-03,393,365,0.9287531806615776,True,393,365,0.9287531806615776,True,365,0.9287531806615776,True
KSEI_COVERAGE_RESOLVED_CEILING,2025-12-04,393,366,0.9312977099236641,True,393,366,0.9312977099236641,True,366,0.9312977099236641,True
KSEI_COVERAGE_RESOLVED_CEILING,2025-12-05,387,361,0.9328165374677002,True,387,361,0.9328165374677002,True,361,0.9328165374677002,True
KSEI_COVERAGE_RESOLVED_CEILING,2025-12-08,390,363,0.9307692307692308,True,390,363,0.9307692307692308,True,363,0.9307692307692308,True
KSEI_COVERAGE_RESOLVED_CEILING,2025-12-09,390,363,0.9307692307692308,True,390,363,0.9307692307692308,True,363,0.9307692307692308,True
KSEI_COVERAGE_RESOLVED_CEILING,2025-12-10,390,362,0.9282051282051282,True,390,362,0.9282051282051282,True,362,0.9282051282051282,True
KSEI_COVERAGE_RESOLVED_CEILING,2025-12-11,391,364,0.9309462915601023,True,391,364,0.9309462915601023,True,364,0.9309462915601023,True
KSEI_COVERAGE_RESOLVED_CEILING,2025-12-12,392,365,0.9311224489795918,True,392,365,0.9311224489795918,True,365,0.9311224489795918,True
KSEI_COVERAGE_RESOLVED_CEILING,2025-12-15,388,361,0.9304123711340206,True,388,361,0.9304123711340206,True,361,0.9304123711340206,True
KSEI_COVERAGE_RESOLVED_CEILING,2025-12-16,386,359,0.9300518134715026,True,386,359,0.9300518134715026,True,359,0.9300518134715026,True
KSEI_COVERAGE_RESOLVED_CEILING,2025-12-17,387,360,0.9302325581395349,True,387,360,0.9302325581395349,True,360,0.9302325581395349,True
KSEI_COVERAGE_RESOLVED_CEILING,2025-12-18,387,360,0.9302325581395349,True,387,360,0.9302325581395349,True,360,0.9302325581395349,True
KSEI_COVERAGE_RESOLVED_CEILING,2025-12-19,388,361,0.9304123711340206,True,388,361,0.9304123711340206,True,361,0.9304123711340206,True
KSEI_COVERAGE_RESOLVED_CEILING,2025-12-22,389,362,0.9305912596401028,True,389,362,0.9305912596401028,True,362,0.9305912596401028,True
KSEI_COVERAGE_RESOLVED_CEILING,2025-12-23,391,364,0.9309462915601023,True,391,364,0.9309462915601023,True,364,0.9309462915601023,True
KSEI_COVERAGE_RESOLVED_CEILING,2025-12-24,390,363,0.9307692307692308,True,390,363,0.9307692307692308,True,363,0.9307692307692308,True
KSEI_COVERAGE_RESOLVED_CEILING,2025-12-29,390,363,0.9307692307692308,True,390,363,0.9307692307692308,True,363,0.9307692307692308,True
KSEI_COVERAGE_RESOLVED_CEILING,2025-12-30,391,364,0.9309462915601023,True,391,364,0.9309462915601023,True,364,0.9309462915601023,True
KSEI_COVERAGE_RESOLVED_CEILING,2026-01-02,388,361,0.9304123711340206,True,388,361,0.9304123711340206,True,361,0.9304123711340206,True
KSEI_COVERAGE_RESOLVED_CEILING,2026-01-05,383,356,0.9295039164490861,True,383,356,0.9295039164490861,True,356,0.9295039164490861,True
KSEI_COVERAGE_RESOLVED_CEILING,2026-01-06,384,357,0.9296875,True,384,357,0.9296875,True,357,0.9296875,True
KSEI_COVERAGE_RESOLVED_CEILING,2026-01-07,384,357,0.9296875,True,384,357,0.9296875,True,357,0.9296875,True
KSEI_COVERAGE_RESOLVED_CEILING,2026-01-08,386,359,0.9300518134715026,True,386,359,0.9300518134715026,True,359,0.9300518134715026,True
KSEI_COVERAGE_RESOLVED_CEILING,2026-01-09,385,358,0.9298701298701298,True,385,358,0.9298701298701298,True,358,0.9298701298701298,True
KSEI_COVERAGE_RESOLVED_CEILING,2026-01-12,386,359,0.9300518134715026,True,386,359,0.9300518134715026,True,359,0.9300518134715026,True
KSEI_COVERAGE_RESOLVED_CEILING,2026-01-13,384,358,0.9322916666666666,True,384,358,0.9322916666666666,True,358,0.9322916666666666,True
KSEI_COVERAGE_RESOLVED_CEILING,2026-01-14,385,359,0.9324675324675324,True,385,359,0.9324675324675324,True,359,0.9324675324675324,True
KSEI_COVERAGE_RESOLVED_CEILING,2026-01-15,387,361,0.9328165374677002,True,387,361,0.9328165374677002,True,361,0.9328165374677002,True
KSEI_COVERAGE_RESOLVED_CEILING,2026-01-19,392,366,0.9336734693877551,True,392,366,0.9336734693877551,True,366,0.9336734693877551,True
KSEI_COVERAGE_RESOLVED_CEILING,2026-01-20,394,368,0.934010152284264,True,394,368,0.934010152284264,True,368,0.934010152284264,True
KSEI_COVERAGE_RESOLVED_CEILING,2026-01-21,400,373,0.9325,True,400,373,0.9325,True,373,0.9325,True
KSEI_COVERAGE_RESOLVED_CEILING,2026-01-22,407,380,0.9336609336609336,True,407,380,0.9336609336609336,True,380,0.9336609336609336,True
KSEI_COVERAGE_RESOLVED_CEILING,2026-01-23,412,384,0.9320388349514563,True,412,384,0.9320388349514563,True,384,0.9320388349514563,True
KSEI_COVERAGE_RESOLVED_CEILING,2026-01-26,410,383,0.9341463414634147,True,410,383,0.9341463414634147,True,383,0.9341463414634147,True
KSEI_COVERAGE_RESOLVED_CEILING,2026-01-27,417,390,0.935251798561151,True,417,390,0.935251798561151,True,390,0.935251798561151,True
KSEI_COVERAGE_RESOLVED_CEILING,2026-01-28,420,393,0.9357142857142857,True,420,393,0.9357142857142857,True,393,0.9357142857142857,True
KSEI_COVERAGE_RESOLVED_CEILING,2026-01-29,424,397,0.9363207547169812,True,424,397,0.9363207547169812,True,397,0.9363207547169812,True
KSEI_COVERAGE_RESOLVED_CEILING,2026-01-30,423,396,0.9361702127659575,True,423,396,0.9361702127659575,True,396,0.9361702127659575,True
KSEI_COVERAGE_RESOLVED_CEILING,2026-02-02,423,396,0.9361702127659575,True,423,396,0.9361702127659575,True,396,0.9361702127659575,True
KSEI_COVERAGE_RESOLVED_CEILING,2026-02-03,425,398,0.9364705882352942,True,425,398,0.9364705882352942,True,398,0.9364705882352942,True
KSEI_COVERAGE_RESOLVED_CEILING,2026-02-04,423,396,0.9361702127659575,True,423,396,0.9361702127659575,True,396,0.9361702127659575,True
KSEI_COVERAGE_RESOLVED_CEILING,2026-02-05,424,397,0.9363207547169812,True,424,397,0.9363207547169812,True,397,0.9363207547169812,True
KSEI_COVERAGE_RESOLVED_CEILING,2026-02-06,427,400,0.936768149882904,True,427,400,0.936768149882904,True,400,0.936768149882904,True
KSEI_COVERAGE_RESOLVED_CEILING,2026-02-09,428,401,0.9369158878504673,True,428,401,0.9369158878504673,True,401,0.9369158878504673,True
KSEI_COVERAGE_RESOLVED_CEILING,2026-02-10,428,401,0.9369158878504673,True,428,401,0.9369158878504673,True,401,0.9369158878504673,True
KSEI_COVERAGE_RESOLVED_CEILING,2026-02-11,427,400,0.936768149882904,True,427,400,0.936768149882904,True,400,0.936768149882904,True
KSEI_COVERAGE_RESOLVED_CEILING,2026-02-12,426,399,0.9366197183098591,True,426,399,0.9366197183098591,True,399,0.9366197183098591,True
KSEI_COVERAGE_RESOLVED_CEILING,2026-02-13,429,402,0.9370629370629371,True,429,402,0.9370629370629371,True,402,0.9370629370629371,True
KSEI_COVERAGE_RESOLVED_CEILING,2026-02-18,427,400,0.936768149882904,True,427,400,0.936768149882904,True,400,0.936768149882904,True
KSEI_COVERAGE_RESOLVED_CEILING,2026-02-19,427,400,0.936768149882904,True,427,400,0.936768149882904,True,400,0.936768149882904,True
KSEI_COVERAGE_RESOLVED_CEILING,2026-02-20,427,400,0.936768149882904,True,427,400,0.936768149882904,True,400,0.936768149882904,True
KSEI_COVERAGE_RESOLVED_CEILING,2026-02-23,425,398,0.9364705882352942,True,425,398,0.9364705882352942,True,398,0.9364705882352942,True
KSEI_COVERAGE_RESOLVED_CEILING,2026-02-24,431,403,0.9350348027842227,True,431,403,0.9350348027842227,True,403,0.9350348027842227,True
KSEI_COVERAGE_RESOLVED_CEILING,2026-02-25,431,403,0.9350348027842227,True,431,403,0.9350348027842227,True,403,0.9350348027842227,True
KSEI_COVERAGE_RESOLVED_CEILING,2026-02-26,428,400,0.9345794392523364,True,428,400,0.9345794392523364,True,400,0.9345794392523364,True
KSEI_COVERAGE_RESOLVED_CEILING,2026-02-27,428,400,0.9345794392523364,True,428,400,0.9345794392523364,True,400,0.9345794392523364,True
KSEI_COVERAGE_RESOLVED_CEILING,2026-03-02,427,399,0.9344262295081968,True,427,399,0.9344262295081968,True,399,0.9344262295081968,True
KSEI_COVERAGE_RESOLVED_CEILING,2026-03-03,431,403,0.9350348027842227,True,431,403,0.9350348027842227,True,403,0.9350348027842227,True
KSEI_COVERAGE_RESOLVED_CEILING,2026-03-04,433,405,0.9353348729792148,True,433,405,0.9353348729792148,True,405,0.9353348729792148,True
KSEI_COVERAGE_RESOLVED_CEILING,2026-03-05,429,400,0.9324009324009324,True,429,400,0.9324009324009324,True,400,0.9324009324009324,True
KSEI_COVERAGE_RESOLVED_CEILING,2026-03-06,426,397,0.931924882629108,True,426,397,0.931924882629108,True,397,0.931924882629108,True
KSEI_COVERAGE_RESOLVED_CEILING,2026-03-09,422,393,0.9312796208530806,True,422,393,0.9312796208530806,True,393,0.9312796208530806,True
KSEI_COVERAGE_RESOLVED_CEILING,2026-03-10,416,387,0.9302884615384616,True,416,387,0.9302884615384616,True,387,0.9302884615384616,True
KSEI_COVERAGE_RESOLVED_CEILING,2026-03-11,414,385,0.9299516908212561,True,414,385,0.9299516908212561,True,385,0.9299516908212561,True
KSEI_COVERAGE_RESOLVED_CEILING,2026-03-12,416,387,0.9302884615384616,True,416,387,0.9302884615384616,True,387,0.9302884615384616,True
KSEI_COVERAGE_RESOLVED_CEILING,2026-03-13,414,385,0.9299516908212561,True,414,385,0.9299516908212561,True,385,0.9299516908212561,True
KSEI_COVERAGE_RESOLVED_CEILING,2026-03-16,411,382,0.9294403892944039,True,411,382,0.9294403892944039,True,382,0.9294403892944039,True
KSEI_COVERAGE_RESOLVED_CEILING,2026-03-17,407,378,0.9287469287469288,True,407,378,0.9287469287469288,True,378,0.9287469287469288,True
KSEI_COVERAGE_RESOLVED_CEILING,2026-03-25,407,378,0.9287469287469288,True,407,378,0.9287469287469288,True,378,0.9287469287469288,True
KSEI_COVERAGE_RESOLVED_CEILING,2026-03-26,402,373,0.927860696517413,True,402,373,0.927860696517413,True,373,0.927860696517413,True
KSEI_COVERAGE_RESOLVED_CEILING,2026-03-27,399,370,0.9273182957393483,True,399,370,0.9273182957393483,True,370,0.9273182957393483,True
KSEI_COVERAGE_RESOLVED_CEILING,2026-03-30,396,367,0.9267676767676768,True,396,367,0.9267676767676768,True,367,0.9267676767676768,True
KSEI_COVERAGE_RESOLVED_CEILING,2026-03-31,395,366,0.9265822784810127,True,395,366,0.9265822784810127,True,366,0.9265822784810127,True
KSEI_COVERAGE_RESOLVED_CEILING,2026-04-01,390,363,0.9307692307692308,True,390,363,0.9307692307692308,True,363,0.9307692307692308,True
KSEI_COVERAGE_RESOLVED_CEILING,2026-04-02,390,363,0.9307692307692308,True,390,363,0.9307692307692308,True,363,0.9307692307692308,True
KSEI_COVERAGE_RESOLVED_CEILING,2026-04-06,389,362,0.9305912596401028,True,389,362,0.9305912596401028,True,362,0.9305912596401028,True
KSEI_COVERAGE_RESOLVED_CEILING,2026-04-07,388,361,0.9304123711340206,True,388,361,0.9304123711340206,True,361,0.9304123711340206,True
KSEI_COVERAGE_RESOLVED_CEILING,2026-04-08,387,360,0.9302325581395349,True,387,360,0.9302325581395349,True,360,0.9302325581395349,True
KSEI_COVERAGE_RESOLVED_CEILING,2026-04-09,387,360,0.9302325581395349,True,387,360,0.9302325581395349,True,360,0.9302325581395349,True
KSEI_COVERAGE_RESOLVED_CEILING,2026-04-10,385,358,0.9298701298701298,True,385,358,0.9298701298701298,True,358,0.9298701298701298,True
KSEI_COVERAGE_RESOLVED_CEILING,2026-04-13,381,355,0.931758530183727,True,381,355,0.931758530183727,True,355,0.931758530183727,True
KSEI_COVERAGE_RESOLVED_CEILING,2026-04-14,380,353,0.9289473684210526,True,380,353,0.9289473684210526,True,353,0.9289473684210526,True
KSEI_COVERAGE_RESOLVED_CEILING,2026-04-15,376,349,0.9281914893617021,True,376,349,0.9281914893617021,True,349,0.9281914893617021,True
KSEI_COVERAGE_RESOLVED_CEILING,2026-04-16,376,348,0.925531914893617,True,376,348,0.925531914893617,True,348,0.925531914893617,True
KSEI_COVERAGE_RESOLVED_CEILING,2026-04-17,376,348,0.925531914893617,True,376,348,0.925531914893617,True,348,0.925531914893617,True
KSEI_COVERAGE_RESOLVED_CEILING,2026-04-20,375,347,0.9253333333333333,True,375,347,0.9253333333333333,True,347,0.9253333333333333,True
KSEI_COVERAGE_RESOLVED_CEILING,2026-04-21,376,348,0.925531914893617,True,376,348,0.925531914893617,True,348,0.925531914893617,True
KSEI_COVERAGE_RESOLVED_CEILING,2026-04-22,375,347,0.9253333333333333,True,375,347,0.9253333333333333,True,347,0.9253333333333333,True
KSEI_COVERAGE_RESOLVED_CEILING,2026-04-23,373,345,0.9249329758713136,True,373,345,0.9249329758713136,True,345,0.9249329758713136,True
KSEI_COVERAGE_RESOLVED_CEILING,2026-04-24,371,343,0.9245283018867925,True,371,343,0.9245283018867925,True,343,0.9245283018867925,True
KSEI_COVERAGE_RESOLVED_CEILING,2026-04-27,371,343,0.9245283018867925,True,371,343,0.9245283018867925,True,343,0.9245283018867925,True
KSEI_COVERAGE_RESOLVED_CEILING,2026-04-28,369,341,0.924119241192412,True,369,341,0.924119241192412,True,341,0.924119241192412,True
KSEI_COVERAGE_RESOLVED_CEILING,2026-04-29,366,338,0.9234972677595629,True,366,338,0.9234972677595629,True,338,0.9234972677595629,True
KSEI_COVERAGE_RESOLVED_CEILING,2026-04-30,364,336,0.9230769230769231,True,364,336,0.9230769230769231,True,336,0.9230769230769231,True
KSEI_COVERAGE_RESOLVED_CEILING,2026-05-04,365,337,0.9232876712328767,True,365,337,0.9232876712328767,True,337,0.9232876712328767,True
KSEI_COVERAGE_RESOLVED_CEILING,2026-05-05,362,334,0.9226519337016574,True,362,334,0.9226519337016574,True,334,0.9226519337016574,True
KSEI_COVERAGE_RESOLVED_CEILING,2026-05-06,363,335,0.9228650137741047,True,363,335,0.9228650137741047,True,335,0.9228650137741047,True
KSEI_COVERAGE_RESOLVED_CEILING,2026-05-07,362,334,0.9226519337016574,True,362,334,0.9226519337016574,True,334,0.9226519337016574,True
KSEI_COVERAGE_RESOLVED_CEILING,2026-05-08,361,333,0.9224376731301939,True,361,332,0.9196675900277008,True,332,0.9196675900277008,True
KSEI_COVERAGE_RESOLVED_CEILING,2026-05-11,362,334,0.9226519337016574,True,362,333,0.919889502762431,True,333,0.919889502762431,True
KSEI_COVERAGE_RESOLVED_CEILING,2026-05-12,361,333,0.9224376731301939,True,361,332,0.9196675900277008,True,332,0.9196675900277008,True
KSEI_COVERAGE_RESOLVED_CEILING,2026-05-13,362,334,0.9226519337016574,True,362,333,0.919889502762431,True,333,0.919889502762431,True
KSEI_COVERAGE_RESOLVED_CEILING,2026-05-18,361,333,0.9224376731301939,True,361,332,0.9196675900277008,True,332,0.9196675900277008,True
KSEI_COVERAGE_RESOLVED_CEILING,2026-05-19,359,330,0.9192200557103064,True,359,330,0.9192200557103064,True,330,0.9192200557103064,True
KSEI_COVERAGE_RESOLVED_CEILING,2026-05-20,356,327,0.9185393258426966,True,356,327,0.9185393258426966,True,327,0.9185393258426966,True
KSEI_COVERAGE_RESOLVED_CEILING,2026-05-21,355,326,0.9183098591549296,True,355,326,0.9183098591549296,True,326,0.9183098591549296,True
KSEI_COVERAGE_RESOLVED_CEILING,2026-05-22,353,324,0.9178470254957507,True,353,324,0.9178470254957507,True,324,0.9178470254957507,True
KSEI_COVERAGE_RESOLVED_CEILING,2026-05-25,350,322,0.92,True,350,322,0.92,True,322,0.92,True
KSEI_COVERAGE_RESOLVED_CEILING,2026-05-26,348,321,0.9224137931034483,True,348,321,0.9224137931034483,True,321,0.9224137931034483,True
KSEI_COVERAGE_RESOLVED_CEILING,2026-05-29,346,319,0.9219653179190751,True,346,319,0.9219653179190751,True,319,0.9219653179190751,True
KSEI_COVERAGE_RESOLVED_CEILING,2026-06-02,343,316,0.9212827988338192,True,343,316,0.9212827988338192,True,316,0.9212827988338192,True
KSEI_COVERAGE_RESOLVED_CEILING,2026-06-03,339,312,0.9203539823008849,True,339,312,0.9203539823008849,True,312,0.9203539823008849,True
KSEI_COVERAGE_RESOLVED_CEILING,2026-06-04,337,311,0.9228486646884273,True,337,311,0.9228486646884273,True,311,0.9228486646884273,True
KSEI_COVERAGE_RESOLVED_CEILING,2026-06-05,334,307,0.9191616766467066,True,334,307,0.9191616766467066,True,307,0.9191616766467066,True
KSEI_COVERAGE_RESOLVED_CEILING,2026-06-08,332,306,0.9216867469879518,True,332,306,0.9216867469879518,True,306,0.9216867469879518,True
KSEI_COVERAGE_RESOLVED_CEILING,2026-06-09,330,304,0.9212121212121213,True,330,304,0.9212121212121213,True,304,0.9212121212121213,True
KSEI_COVERAGE_RESOLVED_CEILING,2026-06-10,329,303,0.9209726443768997,True,329,303,0.9209726443768997,True,303,0.9209726443768997,True
KSEI_COVERAGE_RESOLVED_CEILING,2026-06-11,329,303,0.9209726443768997,True,329,303,0.9209726443768997,True,303,0.9209726443768997,True
KSEI_COVERAGE_RESOLVED_CEILING,2026-06-12,326,300,0.9202453987730062,True,326,300,0.9202453987730062,True,300,0.9202453987730062,True
KSEI_COVERAGE_RESOLVED_CEILING,2026-06-15,328,302,0.9207317073170732,True,328,302,0.9207317073170732,True,302,0.9207317073170732,True
KSEI_COVERAGE_RESOLVED_CEILING,2026-06-17,328,302,0.9207317073170732,True,328,302,0.9207317073170732,True,302,0.9207317073170732,True
KSEI_COVERAGE_RESOLVED_CEILING,2026-06-18,327,301,0.9204892966360856,True,327,301,0.9204892966360856,True,301,0.9204892966360856,True
KSEI_COVERAGE_RESOLVED_CEILING,2026-06-19,325,299,0.92,True,325,299,0.92,True,299,0.92,True
KSEI_COVERAGE_RESOLVED_CEILING,2026-06-22,322,297,0.922360248447205,True,322,297,0.922360248447205,True,297,0.922360248447205,True
KSEI_COVERAGE_RESOLVED_CEILING,2026-06-23,323,298,0.9226006191950464,True,323,297,0.9195046439628483,True,297,0.9195046439628483,True
KSEI_COVERAGE_RESOLVED_CEILING,2026-06-24,323,298,0.9226006191950464,True,323,297,0.9195046439628483,True,297,0.9195046439628483,True
KSEI_COVERAGE_RESOLVED_CEILING,2026-06-25,321,296,0.9221183800623053,True,321,291,0.9065420560747663,True,291,0.9065420560747663,True
KSEI_COVERAGE_RESOLVED_CEILING,2026-06-26,320,295,0.921875,True,320,290,0.90625,True,290,0.90625,True
KSEI_COVERAGE_RESOLVED_CEILING,2026-06-29,318,293,0.9213836477987422,True,318,288,0.9056603773584906,True,288,0.9056603773584906,True
KSEI_COVERAGE_RESOLVED_CEILING,2026-06-30,314,288,0.9171974522292994,True,314,284,0.9044585987261147,True,284,0.9044585987261147,True
KSEI_COVERAGE_RESOLVED_CEILING,2026-07-01,314,288,0.9171974522292994,True,314,285,0.9076433121019108,True,285,0.9076433121019108,True
KSEI_COVERAGE_RESOLVED_CEILING,2026-07-02,312,283,0.907051282051282,True,312,283,0.907051282051282,True,283,0.907051282051282,True
KSEI_COVERAGE_RESOLVED_CEILING,2026-07-03,314,285,0.9076433121019108,True,314,285,0.9076433121019108,True,285,0.9076433121019108,True
KSEI_COVERAGE_RESOLVED_CEILING,2026-07-06,311,283,0.909967845659164,True,311,283,0.909967845659164,True,283,0.909967845659164,True
KSEI_COVERAGE_RESOLVED_CEILING,2026-07-07,312,283,0.907051282051282,True,312,283,0.907051282051282,True,283,0.907051282051282,True
KSEI_COVERAGE_RESOLVED_CEILING,2026-07-08,312,287,0.9198717948717948,True,312,287,0.9198717948717948,True,287,0.9198717948717948,True
KSEI_COVERAGE_RESOLVED_CEILING,2026-07-09,312,287,0.9198717948717948,True,312,287,0.9198717948717948,True,287,0.9198717948717948,True
KSEI_COVERAGE_RESOLVED_CEILING,2026-07-10,312,287,0.9198717948717948,True,312,287,0.9198717948717948,True,287,0.9198717948717948,True
KSEI_COVERAGE_RESOLVED_CEILING,2026-07-13,311,286,0.9196141479099679,True,311,286,0.9196141479099679,True,286,0.9196141479099679,True
KSEI_COVERAGE_RESOLVED_CEILING,2026-07-14,309,284,0.919093851132686,True,309,284,0.919093851132686,True,284,0.919093851132686,True
KSEI_COVERAGE_RESOLVED_CEILING,2026-07-15,308,284,0.922077922077922,True,308,284,0.922077922077922,True,284,0.922077922077922,True
KSEI_COVERAGE_RESOLVED_CEILING,2026-07-16,306,283,0.9248366013071896,True,306,283,0.9248366013071896,True,283,0.9248366013071896,True
KSEI_COVERAGE_RESOLVED_CEILING,2026-07-17,303,280,0.9240924092409241,True,303,280,0.9240924092409241,True,280,0.9240924092409241,True
ALL_COVERAGE_RESOLVED_CEILING,2023-12-28,262,247,0.9427480916030534,True,262,247,0.9427480916030534,True,247,0.9427480916030534,True
ALL_COVERAGE_RESOLVED_CEILING,2023-12-29,263,248,0.9429657794676806,True,263,248,0.9429657794676806,True,248,0.9429657794676806,True
ALL_COVERAGE_RESOLVED_CEILING,2024-01-02,265,251,0.9471698113207547,True,265,251,0.9471698113207547,True,251,0.9471698113207547,True
ALL_COVERAGE_RESOLVED_CEILING,2024-01-03,263,249,0.9467680608365019,True,263,249,0.9467680608365019,True,249,0.9467680608365019,True
ALL_COVERAGE_RESOLVED_CEILING,2024-01-04,262,248,0.9465648854961832,True,262,248,0.9465648854961832,True,248,0.9465648854961832,True
ALL_COVERAGE_RESOLVED_CEILING,2024-01-05,260,246,0.9461538461538461,True,260,246,0.9461538461538461,True,246,0.9461538461538461,True
ALL_COVERAGE_RESOLVED_CEILING,2024-01-08,262,247,0.9427480916030534,True,262,247,0.9427480916030534,True,247,0.9427480916030534,True
ALL_COVERAGE_RESOLVED_CEILING,2024-01-09,260,245,0.9423076923076923,True,260,245,0.9423076923076923,True,245,0.9423076923076923,True
ALL_COVERAGE_RESOLVED_CEILING,2024-01-10,258,243,0.9418604651162791,True,258,243,0.9418604651162791,True,243,0.9418604651162791,True
ALL_COVERAGE_RESOLVED_CEILING,2024-01-11,253,238,0.9407114624505929,True,253,238,0.9407114624505929,True,238,0.9407114624505929,True
ALL_COVERAGE_RESOLVED_CEILING,2024-01-12,251,236,0.9402390438247012,True,251,236,0.9402390438247012,True,236,0.9402390438247012,True
ALL_COVERAGE_RESOLVED_CEILING,2024-01-15,250,235,0.94,True,250,235,0.94,True,235,0.94,True
ALL_COVERAGE_RESOLVED_CEILING,2024-01-16,251,235,0.9362549800796812,True,251,235,0.9362549800796812,True,235,0.9362549800796812,True
ALL_COVERAGE_RESOLVED_CEILING,2024-01-17,251,235,0.9362549800796812,True,251,235,0.9362549800796812,True,235,0.9362549800796812,True
ALL_COVERAGE_RESOLVED_CEILING,2024-01-18,251,236,0.9402390438247012,True,251,236,0.9402390438247012,True,236,0.9402390438247012,True
ALL_COVERAGE_RESOLVED_CEILING,2024-01-19,249,234,0.9397590361445783,True,249,234,0.9397590361445783,True,234,0.9397590361445783,True
ALL_COVERAGE_RESOLVED_CEILING,2024-01-22,247,232,0.9392712550607287,True,247,232,0.9392712550607287,True,232,0.9392712550607287,True
ALL_COVERAGE_RESOLVED_CEILING,2024-01-23,247,232,0.9392712550607287,True,247,232,0.9392712550607287,True,232,0.9392712550607287,True
ALL_COVERAGE_RESOLVED_CEILING,2024-01-24,246,231,0.9390243902439024,True,246,231,0.9390243902439024,True,231,0.9390243902439024,True
ALL_COVERAGE_RESOLVED_CEILING,2024-01-25,246,231,0.9390243902439024,True,246,231,0.9390243902439024,True,231,0.9390243902439024,True
ALL_COVERAGE_RESOLVED_CEILING,2024-01-26,246,231,0.9390243902439024,True,246,231,0.9390243902439024,True,231,0.9390243902439024,True
ALL_COVERAGE_RESOLVED_CEILING,2024-01-29,243,228,0.9382716049382716,True,243,228,0.9382716049382716,True,228,0.9382716049382716,True
ALL_COVERAGE_RESOLVED_CEILING,2024-01-30,243,228,0.9382716049382716,True,243,228,0.9382716049382716,True,228,0.9382716049382716,True
ALL_COVERAGE_RESOLVED_CEILING,2024-01-31,242,227,0.9380165289256198,True,242,227,0.9380165289256198,True,227,0.9380165289256198,True
ALL_COVERAGE_RESOLVED_CEILING,2024-02-01,241,226,0.9377593360995851,True,241,226,0.9377593360995851,True,226,0.9377593360995851,True
ALL_COVERAGE_RESOLVED_CEILING,2024-02-02,243,228,0.9382716049382716,True,243,228,0.9382716049382716,True,228,0.9382716049382716,True
ALL_COVERAGE_RESOLVED_CEILING,2024-02-05,241,226,0.9377593360995851,True,241,226,0.9377593360995851,True,226,0.9377593360995851,True
ALL_COVERAGE_RESOLVED_CEILING,2024-02-06,242,227,0.9380165289256198,True,242,227,0.9380165289256198,True,227,0.9380165289256198,True
ALL_COVERAGE_RESOLVED_CEILING,2024-02-07,246,231,0.9390243902439024,True,246,231,0.9390243902439024,True,231,0.9390243902439024,True
ALL_COVERAGE_RESOLVED_CEILING,2024-02-12,242,227,0.9380165289256198,True,242,227,0.9380165289256198,True,227,0.9380165289256198,True
ALL_COVERAGE_RESOLVED_CEILING,2024-02-13,244,229,0.9385245901639344,True,244,229,0.9385245901639344,True,229,0.9385245901639344,True
ALL_COVERAGE_RESOLVED_CEILING,2024-02-15,244,229,0.9385245901639344,True,244,229,0.9385245901639344,True,229,0.9385245901639344,True
ALL_COVERAGE_RESOLVED_CEILING,2024-02-16,243,228,0.9382716049382716,True,243,228,0.9382716049382716,True,228,0.9382716049382716,True
ALL_COVERAGE_RESOLVED_CEILING,2024-02-19,244,229,0.9385245901639344,True,244,229,0.9385245901639344,True,229,0.9385245901639344,True
ALL_COVERAGE_RESOLVED_CEILING,2024-02-20,244,229,0.9385245901639344,True,244,229,0.9385245901639344,True,229,0.9385245901639344,True
ALL_COVERAGE_RESOLVED_CEILING,2024-02-21,245,230,0.9387755102040817,True,245,230,0.9387755102040817,True,230,0.9387755102040817,True
ALL_COVERAGE_RESOLVED_CEILING,2024-02-22,243,228,0.9382716049382716,True,243,228,0.9382716049382716,True,228,0.9382716049382716,True
ALL_COVERAGE_RESOLVED_CEILING,2024-02-23,239,225,0.9414225941422594,True,239,225,0.9414225941422594,True,225,0.9414225941422594,True
ALL_COVERAGE_RESOLVED_CEILING,2024-02-26,236,222,0.940677966101695,True,236,222,0.940677966101695,True,222,0.940677966101695,True
ALL_COVERAGE_RESOLVED_CEILING,2024-02-27,236,222,0.940677966101695,True,236,222,0.940677966101695,True,222,0.940677966101695,True
ALL_COVERAGE_RESOLVED_CEILING,2024-02-28,236,222,0.940677966101695,True,236,222,0.940677966101695,True,222,0.940677966101695,True
ALL_COVERAGE_RESOLVED_CEILING,2024-02-29,237,223,0.9409282700421941,True,237,223,0.9409282700421941,True,223,0.9409282700421941,True
ALL_COVERAGE_RESOLVED_CEILING,2024-03-01,232,219,0.9439655172413793,True,232,219,0.9439655172413793,True,219,0.9439655172413793,True
ALL_COVERAGE_RESOLVED_CEILING,2024-03-04,235,222,0.9446808510638298,True,235,222,0.9446808510638298,True,222,0.9446808510638298,True
ALL_COVERAGE_RESOLVED_CEILING,2024-03-05,236,223,0.9449152542372882,True,236,223,0.9449152542372882,True,223,0.9449152542372882,True
ALL_COVERAGE_RESOLVED_CEILING,2024-03-06,236,224,0.9491525423728814,True,236,224,0.9491525423728814,True,224,0.9491525423728814,True
ALL_COVERAGE_RESOLVED_CEILING,2024-03-07,237,225,0.9493670886075949,True,237,225,0.9493670886075949,True,225,0.9493670886075949,True
ALL_COVERAGE_RESOLVED_CEILING,2024-03-08,238,226,0.9495798319327731,True,238,226,0.9495798319327731,True,226,0.9495798319327731,True
ALL_COVERAGE_RESOLVED_CEILING,2024-03-13,241,228,0.946058091286307,True,241,228,0.946058091286307,True,228,0.946058091286307,True
ALL_COVERAGE_RESOLVED_CEILING,2024-03-14,243,230,0.9465020576131687,True,243,230,0.9465020576131687,True,230,0.9465020576131687,True
ALL_COVERAGE_RESOLVED_CEILING,2024-03-15,240,227,0.9458333333333333,True,240,227,0.9458333333333333,True,227,0.9458333333333333,True
ALL_COVERAGE_RESOLVED_CEILING,2024-03-18,243,230,0.9465020576131687,True,243,230,0.9465020576131687,True,230,0.9465020576131687,True
ALL_COVERAGE_RESOLVED_CEILING,2024-03-19,243,230,0.9465020576131687,True,243,230,0.9465020576131687,True,230,0.9465020576131687,True
ALL_COVERAGE_RESOLVED_CEILING,2024-03-20,242,229,0.9462809917355371,True,242,229,0.9462809917355371,True,229,0.9462809917355371,True
ALL_COVERAGE_RESOLVED_CEILING,2024-03-21,242,229,0.9462809917355371,True,242,229,0.9462809917355371,True,229,0.9462809917355371,True
ALL_COVERAGE_RESOLVED_CEILING,2024-03-22,242,229,0.9462809917355371,True,242,229,0.9462809917355371,True,229,0.9462809917355371,True
ALL_COVERAGE_RESOLVED_CEILING,2024-03-25,243,229,0.9423868312757202,True,243,229,0.9423868312757202,True,229,0.9423868312757202,True
ALL_COVERAGE_RESOLVED_CEILING,2024-03-26,244,231,0.9467213114754098,True,244,231,0.9467213114754098,True,231,0.9467213114754098,True
ALL_COVERAGE_RESOLVED_CEILING,2024-03-27,245,232,0.9469387755102041,True,245,232,0.9469387755102041,True,232,0.9469387755102041,True
ALL_COVERAGE_RESOLVED_CEILING,2024-03-28,244,231,0.9467213114754098,True,244,231,0.9467213114754098,True,231,0.9467213114754098,True
ALL_COVERAGE_RESOLVED_CEILING,2024-04-01,250,237,0.948,True,250,237,0.948,True,237,0.948,True
ALL_COVERAGE_RESOLVED_CEILING,2024-04-02,250,237,0.948,True,250,237,0.948,True,237,0.948,True
ALL_COVERAGE_RESOLVED_CEILING,2024-04-03,251,238,0.9482071713147411,True,251,238,0.9482071713147411,True,238,0.9482071713147411,True
ALL_COVERAGE_RESOLVED_CEILING,2024-04-04,250,237,0.948,True,250,237,0.948,True,237,0.948,True
ALL_COVERAGE_RESOLVED_CEILING,2024-04-05,250,237,0.948,True,250,237,0.948,True,237,0.948,True
ALL_COVERAGE_RESOLVED_CEILING,2024-04-16,250,237,0.948,True,250,237,0.948,True,237,0.948,True
ALL_COVERAGE_RESOLVED_CEILING,2024-04-17,249,236,0.9477911646586346,True,249,236,0.9477911646586346,True,236,0.9477911646586346,True
ALL_COVERAGE_RESOLVED_CEILING,2024-04-18,247,234,0.9473684210526315,True,247,234,0.9473684210526315,True,234,0.9473684210526315,True
ALL_COVERAGE_RESOLVED_CEILING,2024-04-19,246,234,0.9512195121951219,True,246,234,0.9512195121951219,True,234,0.9512195121951219,True
ALL_COVERAGE_RESOLVED_CEILING,2024-04-22,246,234,0.9512195121951219,True,246,234,0.9512195121951219,True,234,0.9512195121951219,True
ALL_COVERAGE_RESOLVED_CEILING,2024-04-23,245,233,0.9510204081632653,True,245,233,0.9510204081632653,True,233,0.9510204081632653,True
ALL_COVERAGE_RESOLVED_CEILING,2024-04-24,245,233,0.9510204081632653,True,245,233,0.9510204081632653,True,233,0.9510204081632653,True
ALL_COVERAGE_RESOLVED_CEILING,2024-04-25,246,234,0.9512195121951219,True,246,234,0.9512195121951219,True,234,0.9512195121951219,True
ALL_COVERAGE_RESOLVED_CEILING,2024-04-26,246,234,0.9512195121951219,True,246,234,0.9512195121951219,True,234,0.9512195121951219,True
ALL_COVERAGE_RESOLVED_CEILING,2024-04-29,246,234,0.9512195121951219,True,246,234,0.9512195121951219,True,234,0.9512195121951219,True
ALL_COVERAGE_RESOLVED_CEILING,2024-04-30,245,233,0.9510204081632653,True,245,233,0.9510204081632653,True,233,0.9510204081632653,True
ALL_COVERAGE_RESOLVED_CEILING,2024-05-02,242,230,0.9504132231404959,True,242,230,0.9504132231404959,True,230,0.9504132231404959,True
ALL_COVERAGE_RESOLVED_CEILING,2024-05-03,240,228,0.95,True,240,228,0.95,True,228,0.95,True
ALL_COVERAGE_RESOLVED_CEILING,2024-05-06,240,228,0.95,True,240,228,0.95,True,228,0.95,True
ALL_COVERAGE_RESOLVED_CEILING,2024-05-07,242,230,0.9504132231404959,True,242,230,0.9504132231404959,True,230,0.9504132231404959,True
ALL_COVERAGE_RESOLVED_CEILING,2024-05-08,242,230,0.9504132231404959,True,242,230,0.9504132231404959,True,230,0.9504132231404959,True
ALL_COVERAGE_RESOLVED_CEILING,2024-05-13,243,231,0.9506172839506173,True,243,231,0.9506172839506173,True,231,0.9506172839506173,True
ALL_COVERAGE_RESOLVED_CEILING,2024-05-14,243,231,0.9506172839506173,True,243,231,0.9506172839506173,True,231,0.9506172839506173,True
ALL_COVERAGE_RESOLVED_CEILING,2024-05-15,242,229,0.9462809917355371,True,242,229,0.9462809917355371,True,229,0.9462809917355371,True
ALL_COVERAGE_RESOLVED_CEILING,2024-05-16,246,233,0.9471544715447154,True,246,233,0.9471544715447154,True,233,0.9471544715447154,True
ALL_COVERAGE_RESOLVED_CEILING,2024-05-17,246,233,0.9471544715447154,True,246,233,0.9471544715447154,True,233,0.9471544715447154,True
ALL_COVERAGE_RESOLVED_CEILING,2024-05-20,245,232,0.9469387755102041,True,245,232,0.9469387755102041,True,232,0.9469387755102041,True
ALL_COVERAGE_RESOLVED_CEILING,2024-05-21,243,230,0.9465020576131687,True,243,230,0.9465020576131687,True,230,0.9465020576131687,True
ALL_COVERAGE_RESOLVED_CEILING,2024-05-22,243,230,0.9465020576131687,True,243,230,0.9465020576131687,True,230,0.9465020576131687,True
ALL_COVERAGE_RESOLVED_CEILING,2024-05-27,243,230,0.9465020576131687,True,243,230,0.9465020576131687,True,230,0.9465020576131687,True
ALL_COVERAGE_RESOLVED_CEILING,2024-05-28,242,229,0.9462809917355371,True,242,229,0.9462809917355371,True,229,0.9462809917355371,True
ALL_COVERAGE_RESOLVED_CEILING,2024-05-29,243,230,0.9465020576131687,True,243,230,0.9465020576131687,True,230,0.9465020576131687,True
ALL_COVERAGE_RESOLVED_CEILING,2024-05-30,242,229,0.9462809917355371,True,242,229,0.9462809917355371,True,229,0.9462809917355371,True
ALL_COVERAGE_RESOLVED_CEILING,2024-05-31,242,229,0.9462809917355371,True,242,229,0.9462809917355371,True,229,0.9462809917355371,True
ALL_COVERAGE_RESOLVED_CEILING,2024-06-03,243,230,0.9465020576131687,True,243,229,0.9423868312757202,True,229,0.9423868312757202,True
ALL_COVERAGE_RESOLVED_CEILING,2024-06-04,240,227,0.9458333333333333,True,240,226,0.9416666666666667,True,226,0.9416666666666667,True
ALL_COVERAGE_RESOLVED_CEILING,2024-06-05,238,225,0.9453781512605042,True,238,223,0.9369747899159664,True,223,0.9369747899159664,True
ALL_COVERAGE_RESOLVED_CEILING,2024-06-06,238,225,0.9453781512605042,True,238,223,0.9369747899159664,True,223,0.9369747899159664,True
ALL_COVERAGE_RESOLVED_CEILING,2024-06-07,237,224,0.9451476793248945,True,237,222,0.9367088607594937,True,222,0.9367088607594937,True
ALL_COVERAGE_RESOLVED_CEILING,2024-06-10,238,224,0.9411764705882353,True,238,223,0.9369747899159664,True,223,0.9369747899159664,True
ALL_COVERAGE_RESOLVED_CEILING,2024-06-11,238,224,0.9411764705882353,True,238,222,0.9327731092436975,True,222,0.9327731092436975,True
ALL_COVERAGE_RESOLVED_CEILING,2024-06-12,237,222,0.9367088607594937,True,237,221,0.9324894514767933,True,221,0.9324894514767933,True
ALL_COVERAGE_RESOLVED_CEILING,2024-06-13,237,222,0.9367088607594937,True,237,221,0.9324894514767933,True,221,0.9324894514767933,True
ALL_COVERAGE_RESOLVED_CEILING,2024-06-14,238,224,0.9411764705882353,True,238,223,0.9369747899159664,True,223,0.9369747899159664,True
ALL_COVERAGE_RESOLVED_CEILING,2024-06-19,236,222,0.940677966101695,True,236,221,0.9364406779661016,True,221,0.9364406779661016,True
ALL_COVERAGE_RESOLVED_CEILING,2024-06-20,236,222,0.940677966101695,True,236,222,0.940677966101695,True,222,0.940677966101695,True
ALL_COVERAGE_RESOLVED_CEILING,2024-06-21,237,223,0.9409282700421941,True,237,223,0.9409282700421941,True,223,0.9409282700421941,True
ALL_COVERAGE_RESOLVED_CEILING,2024-06-24,237,223,0.9409282700421941,True,237,223,0.9409282700421941,True,223,0.9409282700421941,True
ALL_COVERAGE_RESOLVED_CEILING,2024-06-25,237,223,0.9409282700421941,True,237,222,0.9367088607594937,True,222,0.9367088607594937,True
ALL_COVERAGE_RESOLVED_CEILING,2024-06-26,236,224,0.9491525423728814,True,236,223,0.9449152542372882,True,223,0.9449152542372882,True
ALL_COVERAGE_RESOLVED_CEILING,2024-06-27,238,226,0.9495798319327731,True,238,225,0.9453781512605042,True,225,0.9453781512605042,True
ALL_COVERAGE_RESOLVED_CEILING,2024-06-28,239,227,0.9497907949790795,True,239,226,0.9456066945606695,True,226,0.9456066945606695,True
ALL_COVERAGE_RESOLVED_CEILING,2024-07-01,239,227,0.9497907949790795,True,239,226,0.9456066945606695,True,226,0.9456066945606695,True
ALL_COVERAGE_RESOLVED_CEILING,2024-07-02,241,228,0.946058091286307,True,241,228,0.946058091286307,True,228,0.946058091286307,True
ALL_COVERAGE_RESOLVED_CEILING,2024-07-03,241,228,0.946058091286307,True,241,228,0.946058091286307,True,228,0.946058091286307,True
ALL_COVERAGE_RESOLVED_CEILING,2024-07-04,241,227,0.941908713692946,True,241,227,0.941908713692946,True,227,0.941908713692946,True
ALL_COVERAGE_RESOLVED_CEILING,2024-07-05,242,228,0.9421487603305785,True,242,228,0.9421487603305785,True,228,0.9421487603305785,True
ALL_COVERAGE_RESOLVED_CEILING,2024-07-08,242,229,0.9462809917355371,True,242,229,0.9462809917355371,True,229,0.9462809917355371,True
ALL_COVERAGE_RESOLVED_CEILING,2024-07-09,242,228,0.9421487603305785,True,242,228,0.9421487603305785,True,228,0.9421487603305785,True
ALL_COVERAGE_RESOLVED_CEILING,2024-07-10,242,228,0.9421487603305785,True,242,228,0.9421487603305785,True,228,0.9421487603305785,True
ALL_COVERAGE_RESOLVED_CEILING,2024-07-11,241,228,0.946058091286307,True,241,228,0.946058091286307,True,228,0.946058091286307,True
ALL_COVERAGE_RESOLVED_CEILING,2024-07-12,241,227,0.941908713692946,True,241,227,0.941908713692946,True,227,0.941908713692946,True
ALL_COVERAGE_RESOLVED_CEILING,2024-07-15,241,227,0.941908713692946,True,241,227,0.941908713692946,True,227,0.941908713692946,True
ALL_COVERAGE_RESOLVED_CEILING,2024-07-16,241,227,0.941908713692946,True,241,227,0.941908713692946,True,227,0.941908713692946,True
ALL_COVERAGE_RESOLVED_CEILING,2024-07-17,239,225,0.9414225941422594,True,239,225,0.9414225941422594,True,225,0.9414225941422594,True
ALL_COVERAGE_RESOLVED_CEILING,2024-07-18,240,225,0.9375,True,240,225,0.9375,True,225,0.9375,True
ALL_COVERAGE_RESOLVED_CEILING,2024-07-19,240,225,0.9375,True,240,225,0.9375,True,225,0.9375,True
ALL_COVERAGE_RESOLVED_CEILING,2024-07-22,236,221,0.9364406779661016,True,236,221,0.9364406779661016,True,221,0.9364406779661016,True
ALL_COVERAGE_RESOLVED_CEILING,2024-07-23,236,221,0.9364406779661016,True,236,221,0.9364406779661016,True,221,0.9364406779661016,True
ALL_COVERAGE_RESOLVED_CEILING,2024-07-24,236,221,0.9364406779661016,True,236,221,0.9364406779661016,True,221,0.9364406779661016,True
ALL_COVERAGE_RESOLVED_CEILING,2024-07-25,237,222,0.9367088607594937,True,237,222,0.9367088607594937,True,222,0.9367088607594937,True
ALL_COVERAGE_RESOLVED_CEILING,2024-07-26,238,222,0.9327731092436975,True,238,222,0.9327731092436975,True,222,0.9327731092436975,True
ALL_COVERAGE_RESOLVED_CEILING,2024-07-29,239,223,0.9330543933054394,True,239,223,0.9330543933054394,True,223,0.9330543933054394,True
ALL_COVERAGE_RESOLVED_CEILING,2024-07-30,239,223,0.9330543933054394,True,239,223,0.9330543933054394,True,223,0.9330543933054394,True
ALL_COVERAGE_RESOLVED_CEILING,2024-07-31,242,226,0.9338842975206612,True,242,226,0.9338842975206612,True,226,0.9338842975206612,True
ALL_COVERAGE_RESOLVED_CEILING,2024-08-01,239,223,0.9330543933054394,True,239,223,0.9330543933054394,True,223,0.9330543933054394,True
ALL_COVERAGE_RESOLVED_CEILING,2024-08-02,239,223,0.9330543933054394,True,239,223,0.9330543933054394,True,223,0.9330543933054394,True
ALL_COVERAGE_RESOLVED_CEILING,2024-08-05,241,225,0.9336099585062241,True,241,225,0.9336099585062241,True,225,0.9336099585062241,True
ALL_COVERAGE_RESOLVED_CEILING,2024-08-06,241,226,0.9377593360995851,True,241,226,0.9377593360995851,True,226,0.9377593360995851,True
ALL_COVERAGE_RESOLVED_CEILING,2024-08-07,241,226,0.9377593360995851,True,241,226,0.9377593360995851,True,226,0.9377593360995851,True
ALL_COVERAGE_RESOLVED_CEILING,2024-08-08,242,227,0.9380165289256198,True,242,227,0.9380165289256198,True,227,0.9380165289256198,True
ALL_COVERAGE_RESOLVED_CEILING,2024-08-09,242,227,0.9380165289256198,True,242,227,0.9380165289256198,True,227,0.9380165289256198,True
ALL_COVERAGE_RESOLVED_CEILING,2024-08-12,244,228,0.9344262295081968,True,244,228,0.9344262295081968,True,228,0.9344262295081968,True
ALL_COVERAGE_RESOLVED_CEILING,2024-08-13,244,228,0.9344262295081968,True,244,228,0.9344262295081968,True,228,0.9344262295081968,True
ALL_COVERAGE_RESOLVED_CEILING,2024-08-14,243,227,0.934156378600823,True,243,227,0.934156378600823,True,227,0.934156378600823,True
ALL_COVERAGE_RESOLVED_CEILING,2024-08-15,245,229,0.9346938775510204,True,245,229,0.9346938775510204,True,229,0.9346938775510204,True
ALL_COVERAGE_RESOLVED_CEILING,2024-08-16,246,230,0.9349593495934959,True,246,230,0.9349593495934959,True,230,0.9349593495934959,True
ALL_COVERAGE_RESOLVED_CEILING,2024-08-19,246,230,0.9349593495934959,True,246,230,0.9349593495934959,True,230,0.9349593495934959,True
ALL_COVERAGE_RESOLVED_CEILING,2024-08-20,245,229,0.9346938775510204,True,245,229,0.9346938775510204,True,229,0.9346938775510204,True
ALL_COVERAGE_RESOLVED_CEILING,2024-08-21,244,228,0.9344262295081968,True,244,228,0.9344262295081968,True,228,0.9344262295081968,True
ALL_COVERAGE_RESOLVED_CEILING,2024-08-22,244,228,0.9344262295081968,True,244,228,0.9344262295081968,True,228,0.9344262295081968,True
ALL_COVERAGE_RESOLVED_CEILING,2024-08-23,242,226,0.9338842975206612,True,242,226,0.9338842975206612,True,226,0.9338842975206612,True
ALL_COVERAGE_RESOLVED_CEILING,2024-08-26,243,227,0.934156378600823,True,243,227,0.934156378600823,True,227,0.934156378600823,True
ALL_COVERAGE_RESOLVED_CEILING,2024-08-27,242,226,0.9338842975206612,True,242,226,0.9338842975206612,True,226,0.9338842975206612,True
ALL_COVERAGE_RESOLVED_CEILING,2024-08-28,242,227,0.9380165289256198,True,242,227,0.9380165289256198,True,227,0.9380165289256198,True
ALL_COVERAGE_RESOLVED_CEILING,2024-08-29,243,227,0.934156378600823,True,243,227,0.934156378600823,True,227,0.934156378600823,True
ALL_COVERAGE_RESOLVED_CEILING,2024-08-30,242,226,0.9338842975206612,True,242,226,0.9338842975206612,True,226,0.9338842975206612,True
ALL_COVERAGE_RESOLVED_CEILING,2024-09-02,245,229,0.9346938775510204,True,245,229,0.9346938775510204,True,229,0.9346938775510204,True
ALL_COVERAGE_RESOLVED_CEILING,2024-09-03,247,231,0.9352226720647774,True,247,231,0.9352226720647774,True,231,0.9352226720647774,True
ALL_COVERAGE_RESOLVED_CEILING,2024-09-04,248,232,0.9354838709677419,True,248,232,0.9354838709677419,True,232,0.9354838709677419,True
ALL_COVERAGE_RESOLVED_CEILING,2024-09-05,247,231,0.9352226720647774,True,247,231,0.9352226720647774,True,231,0.9352226720647774,True
ALL_COVERAGE_RESOLVED_CEILING,2024-09-06,242,226,0.9338842975206612,True,242,226,0.9338842975206612,True,226,0.9338842975206612,True
ALL_COVERAGE_RESOLVED_CEILING,2024-09-09,243,227,0.934156378600823,True,243,227,0.934156378600823,True,227,0.934156378600823,True
ALL_COVERAGE_RESOLVED_CEILING,2024-09-10,244,228,0.9344262295081968,True,244,228,0.9344262295081968,True,228,0.9344262295081968,True
ALL_COVERAGE_RESOLVED_CEILING,2024-09-11,245,229,0.9346938775510204,True,245,229,0.9346938775510204,True,229,0.9346938775510204,True
ALL_COVERAGE_RESOLVED_CEILING,2024-09-12,246,229,0.9308943089430894,True,246,229,0.9308943089430894,True,229,0.9308943089430894,True
ALL_COVERAGE_RESOLVED_CEILING,2024-09-13,246,229,0.9308943089430894,True,246,229,0.9308943089430894,True,229,0.9308943089430894,True
ALL_COVERAGE_RESOLVED_CEILING,2024-09-17,248,231,0.9314516129032258,True,248,231,0.9314516129032258,True,231,0.9314516129032258,True
ALL_COVERAGE_RESOLVED_CEILING,2024-09-18,245,229,0.9346938775510204,True,245,229,0.9346938775510204,True,229,0.9346938775510204,True
ALL_COVERAGE_RESOLVED_CEILING,2024-09-19,246,230,0.9349593495934959,True,246,230,0.9349593495934959,True,230,0.9349593495934959,True
ALL_COVERAGE_RESOLVED_CEILING,2024-09-20,246,230,0.9349593495934959,True,246,230,0.9349593495934959,True,230,0.9349593495934959,True
ALL_COVERAGE_RESOLVED_CEILING,2024-09-23,246,230,0.9349593495934959,True,246,230,0.9349593495934959,True,230,0.9349593495934959,True
ALL_COVERAGE_RESOLVED_CEILING,2024-09-24,247,231,0.9352226720647774,True,247,231,0.9352226720647774,True,231,0.9352226720647774,True
ALL_COVERAGE_RESOLVED_CEILING,2024-09-25,246,230,0.9349593495934959,True,246,230,0.9349593495934959,True,230,0.9349593495934959,True
ALL_COVERAGE_RESOLVED_CEILING,2024-09-26,248,232,0.9354838709677419,True,248,232,0.9354838709677419,True,232,0.9354838709677419,True
ALL_COVERAGE_RESOLVED_CEILING,2024-09-27,247,231,0.9352226720647774,True,247,231,0.9352226720647774,True,231,0.9352226720647774,True
ALL_COVERAGE_RESOLVED_CEILING,2024-09-30,248,232,0.9354838709677419,True,248,232,0.9354838709677419,True,232,0.9354838709677419,True
ALL_COVERAGE_RESOLVED_CEILING,2024-10-01,248,232,0.9354838709677419,True,248,232,0.9354838709677419,True,232,0.9354838709677419,True
ALL_COVERAGE_RESOLVED_CEILING,2024-10-02,248,231,0.9314516129032258,True,248,231,0.9314516129032258,True,231,0.9314516129032258,True
ALL_COVERAGE_RESOLVED_CEILING,2024-10-03,247,230,0.9311740890688259,True,247,230,0.9311740890688259,True,230,0.9311740890688259,True
ALL_COVERAGE_RESOLVED_CEILING,2024-10-04,249,232,0.9317269076305221,True,249,232,0.9317269076305221,True,232,0.9317269076305221,True
ALL_COVERAGE_RESOLVED_CEILING,2024-10-07,248,231,0.9314516129032258,True,248,231,0.9314516129032258,True,231,0.9314516129032258,True
ALL_COVERAGE_RESOLVED_CEILING,2024-10-08,246,230,0.9349593495934959,True,246,230,0.9349593495934959,True,230,0.9349593495934959,True
ALL_COVERAGE_RESOLVED_CEILING,2024-10-09,247,231,0.9352226720647774,True,247,231,0.9352226720647774,True,231,0.9352226720647774,True
ALL_COVERAGE_RESOLVED_CEILING,2024-10-10,249,232,0.9317269076305221,True,249,232,0.9317269076305221,True,232,0.9317269076305221,True
ALL_COVERAGE_RESOLVED_CEILING,2024-10-11,249,232,0.9317269076305221,True,249,232,0.9317269076305221,True,232,0.9317269076305221,True
ALL_COVERAGE_RESOLVED_CEILING,2024-10-14,249,232,0.9317269076305221,True,249,232,0.9317269076305221,True,232,0.9317269076305221,True
ALL_COVERAGE_RESOLVED_CEILING,2024-10-15,249,232,0.9317269076305221,True,249,232,0.9317269076305221,True,232,0.9317269076305221,True
ALL_COVERAGE_RESOLVED_CEILING,2024-10-16,249,232,0.9317269076305221,True,249,232,0.9317269076305221,True,232,0.9317269076305221,True
ALL_COVERAGE_RESOLVED_CEILING,2024-10-17,249,232,0.9317269076305221,True,249,232,0.9317269076305221,True,232,0.9317269076305221,True
ALL_COVERAGE_RESOLVED_CEILING,2024-10-18,251,234,0.9322709163346613,True,251,234,0.9322709163346613,True,234,0.9322709163346613,True
ALL_COVERAGE_RESOLVED_CEILING,2024-10-21,250,234,0.936,True,250,234,0.936,True,234,0.936,True
ALL_COVERAGE_RESOLVED_CEILING,2024-10-22,250,234,0.936,True,250,234,0.936,True,234,0.936,True
ALL_COVERAGE_RESOLVED_CEILING,2024-10-23,252,236,0.9365079365079365,True,252,236,0.9365079365079365,True,236,0.9365079365079365,True
ALL_COVERAGE_RESOLVED_CEILING,2024-10-24,251,235,0.9362549800796812,True,251,235,0.9362549800796812,True,235,0.9362549800796812,True
ALL_COVERAGE_RESOLVED_CEILING,2024-10-25,251,235,0.9362549800796812,True,251,235,0.9362549800796812,True,235,0.9362549800796812,True
ALL_COVERAGE_RESOLVED_CEILING,2024-10-28,252,234,0.9285714285714286,True,252,233,0.9246031746031746,True,233,0.9246031746031746,True
ALL_COVERAGE_RESOLVED_CEILING,2024-10-29,254,236,0.9291338582677166,True,254,235,0.9251968503937008,True,235,0.9251968503937008,True
ALL_COVERAGE_RESOLVED_CEILING,2024-10-30,254,236,0.9291338582677166,True,254,235,0.9251968503937008,True,235,0.9251968503937008,True
ALL_COVERAGE_RESOLVED_CEILING,2024-10-31,256,238,0.9296875,True,256,237,0.92578125,True,237,0.92578125,True
ALL_COVERAGE_RESOLVED_CEILING,2024-11-01,257,239,0.9299610894941635,True,257,238,0.9260700389105059,True,238,0.9260700389105059,True
ALL_COVERAGE_RESOLVED_CEILING,2024-11-04,259,240,0.9266409266409267,True,259,240,0.9266409266409267,True,240,0.9266409266409267,True
ALL_COVERAGE_RESOLVED_CEILING,2024-11-05,261,241,0.9233716475095786,True,261,241,0.9233716475095786,True,241,0.9233716475095786,True
ALL_COVERAGE_RESOLVED_CEILING,2024-11-06,262,243,0.9274809160305344,True,262,243,0.9274809160305344,True,243,0.9274809160305344,True
ALL_COVERAGE_RESOLVED_CEILING,2024-11-07,263,244,0.9277566539923955,True,263,244,0.9277566539923955,True,244,0.9277566539923955,True
ALL_COVERAGE_RESOLVED_CEILING,2024-11-08,264,246,0.9318181818181818,True,264,246,0.9318181818181818,True,246,0.9318181818181818,True
ALL_COVERAGE_RESOLVED_CEILING,2024-11-11,264,246,0.9318181818181818,True,264,246,0.9318181818181818,True,246,0.9318181818181818,True
ALL_COVERAGE_RESOLVED_CEILING,2024-11-12,264,246,0.9318181818181818,True,264,246,0.9318181818181818,True,246,0.9318181818181818,True
ALL_COVERAGE_RESOLVED_CEILING,2024-11-13,261,244,0.9348659003831418,True,261,244,0.9348659003831418,True,244,0.9348659003831418,True
ALL_COVERAGE_RESOLVED_CEILING,2024-11-14,260,243,0.9346153846153846,True,260,243,0.9346153846153846,True,243,0.9346153846153846,True
ALL_COVERAGE_RESOLVED_CEILING,2024-11-15,257,240,0.933852140077821,True,257,240,0.933852140077821,True,240,0.933852140077821,True
ALL_COVERAGE_RESOLVED_CEILING,2024-11-18,257,239,0.9299610894941635,True,257,239,0.9299610894941635,True,239,0.9299610894941635,True
ALL_COVERAGE_RESOLVED_CEILING,2024-11-19,258,240,0.9302325581395349,True,258,240,0.9302325581395349,True,240,0.9302325581395349,True
ALL_COVERAGE_RESOLVED_CEILING,2024-11-20,255,237,0.9294117647058824,True,255,237,0.9294117647058824,True,237,0.9294117647058824,True
ALL_COVERAGE_RESOLVED_CEILING,2024-11-21,256,237,0.92578125,True,256,237,0.92578125,True,237,0.92578125,True
ALL_COVERAGE_RESOLVED_CEILING,2024-11-22,252,234,0.9285714285714286,True,252,234,0.9285714285714286,True,234,0.9285714285714286,True
ALL_COVERAGE_RESOLVED_CEILING,2024-11-25,252,234,0.9285714285714286,True,252,234,0.9285714285714286,True,234,0.9285714285714286,True
ALL_COVERAGE_RESOLVED_CEILING,2024-11-26,252,233,0.9246031746031746,True,252,233,0.9246031746031746,True,233,0.9246031746031746,True
ALL_COVERAGE_RESOLVED_CEILING,2024-11-28,252,234,0.9285714285714286,True,252,234,0.9285714285714286,True,234,0.9285714285714286,True
ALL_COVERAGE_RESOLVED_CEILING,2024-11-29,252,234,0.9285714285714286,True,252,234,0.9285714285714286,True,234,0.9285714285714286,True
ALL_COVERAGE_RESOLVED_CEILING,2024-12-02,251,232,0.9243027888446215,True,251,232,0.9243027888446215,True,232,0.9243027888446215,True
ALL_COVERAGE_RESOLVED_CEILING,2024-12-03,249,231,0.927710843373494,True,249,231,0.927710843373494,True,231,0.927710843373494,True
ALL_COVERAGE_RESOLVED_CEILING,2024-12-04,252,233,0.9246031746031746,True,252,233,0.9246031746031746,True,233,0.9246031746031746,True
ALL_COVERAGE_RESOLVED_CEILING,2024-12-05,252,233,0.9246031746031746,True,252,233,0.9246031746031746,True,233,0.9246031746031746,True
ALL_COVERAGE_RESOLVED_CEILING,2024-12-06,251,233,0.9282868525896414,True,251,233,0.9282868525896414,True,233,0.9282868525896414,True
ALL_COVERAGE_RESOLVED_CEILING,2024-12-09,250,232,0.928,True,250,232,0.928,True,232,0.928,True
ALL_COVERAGE_RESOLVED_CEILING,2024-12-10,252,234,0.9285714285714286,True,252,234,0.9285714285714286,True,234,0.9285714285714286,True
ALL_COVERAGE_RESOLVED_CEILING,2024-12-11,255,237,0.9294117647058824,True,255,237,0.9294117647058824,True,237,0.9294117647058824,True
ALL_COVERAGE_RESOLVED_CEILING,2024-12-12,257,239,0.9299610894941635,True,257,239,0.9299610894941635,True,239,0.9299610894941635,True
ALL_COVERAGE_RESOLVED_CEILING,2024-12-13,256,238,0.9296875,True,256,237,0.92578125,True,237,0.92578125,True
ALL_COVERAGE_RESOLVED_CEILING,2024-12-16,256,238,0.9296875,True,256,237,0.92578125,True,237,0.92578125,True
ALL_COVERAGE_RESOLVED_CEILING,2024-12-17,254,237,0.9330708661417323,True,254,236,0.9291338582677166,True,236,0.9291338582677166,True
ALL_COVERAGE_RESOLVED_CEILING,2024-12-18,255,238,0.9333333333333333,True,255,237,0.9294117647058824,True,237,0.9294117647058824,True
ALL_COVERAGE_RESOLVED_CEILING,2024-12-19,254,237,0.9330708661417323,True,254,236,0.9291338582677166,True,236,0.9291338582677166,True
ALL_COVERAGE_RESOLVED_CEILING,2024-12-20,253,235,0.9288537549407114,True,253,235,0.9288537549407114,True,235,0.9288537549407114,True
ALL_COVERAGE_RESOLVED_CEILING,2024-12-23,249,231,0.927710843373494,True,249,231,0.927710843373494,True,231,0.927710843373494,True
ALL_COVERAGE_RESOLVED_CEILING,2024-12-24,252,233,0.9246031746031746,True,252,233,0.9246031746031746,True,233,0.9246031746031746,True
ALL_COVERAGE_RESOLVED_CEILING,2024-12-27,251,232,0.9243027888446215,True,251,232,0.9243027888446215,True,232,0.9243027888446215,True
ALL_COVERAGE_RESOLVED_CEILING,2024-12-30,248,231,0.9314516129032258,True,248,231,0.9314516129032258,True,231,0.9314516129032258,True
ALL_COVERAGE_RESOLVED_CEILING,2025-01-02,250,232,0.928,True,250,232,0.928,True,232,0.928,True
ALL_COVERAGE_RESOLVED_CEILING,2025-01-03,250,232,0.928,True,250,232,0.928,True,232,0.928,True
ALL_COVERAGE_RESOLVED_CEILING,2025-01-06,248,230,0.9274193548387096,True,248,230,0.9274193548387096,True,230,0.9274193548387096,True
ALL_COVERAGE_RESOLVED_CEILING,2025-01-07,250,232,0.928,True,250,232,0.928,True,232,0.928,True
ALL_COVERAGE_RESOLVED_CEILING,2025-01-08,250,232,0.928,True,250,232,0.928,True,232,0.928,True
ALL_COVERAGE_RESOLVED_CEILING,2025-01-09,246,228,0.926829268292683,True,246,228,0.926829268292683,True,228,0.926829268292683,True
ALL_COVERAGE_RESOLVED_CEILING,2025-01-10,244,226,0.9262295081967213,True,244,226,0.9262295081967213,True,226,0.9262295081967213,True
ALL_COVERAGE_RESOLVED_CEILING,2025-01-13,242,224,0.9256198347107438,True,242,224,0.9256198347107438,True,224,0.9256198347107438,True
ALL_COVERAGE_RESOLVED_CEILING,2025-01-14,240,222,0.925,True,240,222,0.925,True,222,0.925,True
ALL_COVERAGE_RESOLVED_CEILING,2025-01-15,240,222,0.925,True,240,222,0.925,True,222,0.925,True
ALL_COVERAGE_RESOLVED_CEILING,2025-01-16,240,222,0.925,True,240,222,0.925,True,222,0.925,True
ALL_COVERAGE_RESOLVED_CEILING,2025-01-17,239,222,0.9288702928870293,True,239,222,0.9288702928870293,True,222,0.9288702928870293,True
ALL_COVERAGE_RESOLVED_CEILING,2025-01-20,238,221,0.9285714285714286,True,238,221,0.9285714285714286,True,221,0.9285714285714286,True
ALL_COVERAGE_RESOLVED_CEILING,2025-01-21,240,223,0.9291666666666667,True,240,223,0.9291666666666667,True,223,0.9291666666666667,True
ALL_COVERAGE_RESOLVED_CEILING,2025-01-22,240,223,0.9291666666666667,True,240,223,0.9291666666666667,True,223,0.9291666666666667,True
ALL_COVERAGE_RESOLVED_CEILING,2025-01-23,240,223,0.9291666666666667,True,240,223,0.9291666666666667,True,223,0.9291666666666667,True
ALL_COVERAGE_RESOLVED_CEILING,2025-01-24,240,223,0.9291666666666667,True,240,223,0.9291666666666667,True,223,0.9291666666666667,True
ALL_COVERAGE_RESOLVED_CEILING,2025-01-30,240,223,0.9291666666666667,True,240,223,0.9291666666666667,True,223,0.9291666666666667,True
ALL_COVERAGE_RESOLVED_CEILING,2025-01-31,235,218,0.9276595744680851,True,235,218,0.9276595744680851,True,218,0.9276595744680851,True
ALL_COVERAGE_RESOLVED_CEILING,2025-02-03,236,220,0.9322033898305084,True,236,220,0.9322033898305084,True,220,0.9322033898305084,True
ALL_COVERAGE_RESOLVED_CEILING,2025-02-04,230,214,0.9304347826086956,True,230,214,0.9304347826086956,True,214,0.9304347826086956,True
ALL_COVERAGE_RESOLVED_CEILING,2025-02-05,229,213,0.9301310043668122,True,229,213,0.9301310043668122,True,213,0.9301310043668122,True
ALL_COVERAGE_RESOLVED_CEILING,2025-02-06,231,216,0.935064935064935,True,231,216,0.935064935064935,True,216,0.935064935064935,True
ALL_COVERAGE_RESOLVED_CEILING,2025-02-07,234,218,0.9316239316239316,True,234,218,0.9316239316239316,True,218,0.9316239316239316,True
ALL_COVERAGE_RESOLVED_CEILING,2025-02-10,235,219,0.9319148936170213,True,235,219,0.9319148936170213,True,219,0.9319148936170213,True
ALL_COVERAGE_RESOLVED_CEILING,2025-02-11,236,220,0.9322033898305084,True,236,220,0.9322033898305084,True,220,0.9322033898305084,True
ALL_COVERAGE_RESOLVED_CEILING,2025-02-12,235,220,0.9361702127659575,True,235,220,0.9361702127659575,True,220,0.9361702127659575,True
ALL_COVERAGE_RESOLVED_CEILING,2025-02-13,238,222,0.9327731092436975,True,238,222,0.9327731092436975,True,222,0.9327731092436975,True
ALL_COVERAGE_RESOLVED_CEILING,2025-02-14,237,221,0.9324894514767933,True,237,221,0.9324894514767933,True,221,0.9324894514767933,True
ALL_COVERAGE_RESOLVED_CEILING,2025-02-17,232,216,0.9310344827586207,True,232,216,0.9310344827586207,True,216,0.9310344827586207,True
ALL_COVERAGE_RESOLVED_CEILING,2025-02-18,234,218,0.9316239316239316,True,234,218,0.9316239316239316,True,218,0.9316239316239316,True
ALL_COVERAGE_RESOLVED_CEILING,2025-02-19,234,219,0.9358974358974359,True,234,219,0.9358974358974359,True,219,0.9358974358974359,True
ALL_COVERAGE_RESOLVED_CEILING,2025-02-20,234,219,0.9358974358974359,True,234,219,0.9358974358974359,True,219,0.9358974358974359,True
ALL_COVERAGE_RESOLVED_CEILING,2025-02-21,233,218,0.9356223175965666,True,233,218,0.9356223175965666,True,218,0.9356223175965666,True
ALL_COVERAGE_RESOLVED_CEILING,2025-02-24,233,217,0.9313304721030042,True,233,217,0.9313304721030042,True,217,0.9313304721030042,True
ALL_COVERAGE_RESOLVED_CEILING,2025-02-25,230,215,0.9347826086956522,True,230,215,0.9347826086956522,True,215,0.9347826086956522,True
ALL_COVERAGE_RESOLVED_CEILING,2025-02-26,232,216,0.9310344827586207,True,232,216,0.9310344827586207,True,216,0.9310344827586207,True
ALL_COVERAGE_RESOLVED_CEILING,2025-02-27,230,214,0.9304347826086956,True,230,214,0.9304347826086956,True,214,0.9304347826086956,True
ALL_COVERAGE_RESOLVED_CEILING,2025-02-28,231,215,0.9307359307359307,True,231,215,0.9307359307359307,True,215,0.9307359307359307,True
ALL_COVERAGE_RESOLVED_CEILING,2025-03-03,234,218,0.9316239316239316,True,234,218,0.9316239316239316,True,218,0.9316239316239316,True
ALL_COVERAGE_RESOLVED_CEILING,2025-03-04,233,218,0.9356223175965666,True,233,218,0.9356223175965666,True,218,0.9356223175965666,True
ALL_COVERAGE_RESOLVED_CEILING,2025-03-05,236,219,0.9279661016949152,True,236,219,0.9279661016949152,True,219,0.9279661016949152,True
ALL_COVERAGE_RESOLVED_CEILING,2025-03-06,236,219,0.9279661016949152,True,236,219,0.9279661016949152,True,219,0.9279661016949152,True
ALL_COVERAGE_RESOLVED_CEILING,2025-03-07,236,219,0.9279661016949152,True,236,219,0.9279661016949152,True,219,0.9279661016949152,True
ALL_COVERAGE_RESOLVED_CEILING,2025-03-10,234,217,0.9273504273504274,True,234,217,0.9273504273504274,True,217,0.9273504273504274,True
ALL_COVERAGE_RESOLVED_CEILING,2025-03-11,235,217,0.9234042553191489,True,235,217,0.9234042553191489,True,217,0.9234042553191489,True
ALL_COVERAGE_RESOLVED_CEILING,2025-03-12,235,217,0.9234042553191489,True,235,217,0.9234042553191489,True,217,0.9234042553191489,True
ALL_COVERAGE_RESOLVED_CEILING,2025-03-13,235,217,0.9234042553191489,True,235,217,0.9234042553191489,True,217,0.9234042553191489,True
ALL_COVERAGE_RESOLVED_CEILING,2025-03-14,234,216,0.9230769230769231,True,234,216,0.9230769230769231,True,216,0.9230769230769231,True
ALL_COVERAGE_RESOLVED_CEILING,2025-03-17,234,216,0.9230769230769231,True,234,216,0.9230769230769231,True,216,0.9230769230769231,True
ALL_COVERAGE_RESOLVED_CEILING,2025-03-18,234,216,0.9230769230769231,True,234,216,0.9230769230769231,True,216,0.9230769230769231,True
ALL_COVERAGE_RESOLVED_CEILING,2025-03-19,234,215,0.9188034188034188,True,234,215,0.9188034188034188,True,215,0.9188034188034188,True
ALL_COVERAGE_RESOLVED_CEILING,2025-03-20,234,215,0.9188034188034188,True,234,215,0.9188034188034188,True,215,0.9188034188034188,True
ALL_COVERAGE_RESOLVED_CEILING,2025-03-21,233,214,0.9184549356223176,True,233,214,0.9184549356223176,True,214,0.9184549356223176,True
ALL_COVERAGE_RESOLVED_CEILING,2025-03-24,231,212,0.9177489177489178,True,231,212,0.9177489177489178,True,212,0.9177489177489178,True
ALL_COVERAGE_RESOLVED_CEILING,2025-03-25,234,214,0.9145299145299145,True,234,214,0.9145299145299145,True,214,0.9145299145299145,True
ALL_COVERAGE_RESOLVED_CEILING,2025-03-26,232,212,0.9137931034482759,True,232,212,0.9137931034482759,True,212,0.9137931034482759,True
ALL_COVERAGE_RESOLVED_CEILING,2025-03-27,232,213,0.9181034482758621,True,232,213,0.9181034482758621,True,213,0.9181034482758621,True
ALL_COVERAGE_RESOLVED_CEILING,2025-04-08,229,210,0.9170305676855895,True,229,210,0.9170305676855895,True,210,0.9170305676855895,True
ALL_COVERAGE_RESOLVED_CEILING,2025-04-09,228,208,0.9122807017543859,True,228,208,0.9122807017543859,True,208,0.9122807017543859,True
ALL_COVERAGE_RESOLVED_CEILING,2025-04-10,228,208,0.9122807017543859,True,228,208,0.9122807017543859,True,208,0.9122807017543859,True
ALL_COVERAGE_RESOLVED_CEILING,2025-04-11,229,209,0.9126637554585153,True,229,209,0.9126637554585153,True,209,0.9126637554585153,True
ALL_COVERAGE_RESOLVED_CEILING,2025-04-14,229,209,0.9126637554585153,True,229,209,0.9126637554585153,True,209,0.9126637554585153,True
ALL_COVERAGE_RESOLVED_CEILING,2025-04-15,230,210,0.9130434782608695,True,230,210,0.9130434782608695,True,210,0.9130434782608695,True
ALL_COVERAGE_RESOLVED_CEILING,2025-04-16,231,211,0.9134199134199135,True,231,211,0.9134199134199135,True,211,0.9134199134199135,True
ALL_COVERAGE_RESOLVED_CEILING,2025-04-17,229,209,0.9126637554585153,True,229,209,0.9126637554585153,True,209,0.9126637554585153,True
ALL_COVERAGE_RESOLVED_CEILING,2025-04-21,228,208,0.9122807017543859,True,228,208,0.9122807017543859,True,208,0.9122807017543859,True
ALL_COVERAGE_RESOLVED_CEILING,2025-04-22,228,208,0.9122807017543859,True,228,208,0.9122807017543859,True,208,0.9122807017543859,True
ALL_COVERAGE_RESOLVED_CEILING,2025-04-23,226,206,0.911504424778761,True,226,206,0.911504424778761,True,206,0.911504424778761,True
ALL_COVERAGE_RESOLVED_CEILING,2025-04-24,226,206,0.911504424778761,True,226,206,0.911504424778761,True,206,0.911504424778761,True
ALL_COVERAGE_RESOLVED_CEILING,2025-04-25,227,207,0.9118942731277533,True,227,207,0.9118942731277533,True,207,0.9118942731277533,True
ALL_COVERAGE_RESOLVED_CEILING,2025-04-28,225,205,0.9111111111111111,True,225,205,0.9111111111111111,True,205,0.9111111111111111,True
ALL_COVERAGE_RESOLVED_CEILING,2025-04-29,224,205,0.9151785714285714,True,224,205,0.9151785714285714,True,205,0.9151785714285714,True
ALL_COVERAGE_RESOLVED_CEILING,2025-04-30,222,204,0.918918918918919,True,222,204,0.918918918918919,True,204,0.918918918918919,True
ALL_COVERAGE_RESOLVED_CEILING,2025-05-02,226,207,0.915929203539823,True,226,207,0.915929203539823,True,207,0.915929203539823,True
ALL_COVERAGE_RESOLVED_CEILING,2025-05-05,225,206,0.9155555555555556,True,225,206,0.9155555555555556,True,206,0.9155555555555556,True
ALL_COVERAGE_RESOLVED_CEILING,2025-05-06,226,207,0.915929203539823,True,226,207,0.915929203539823,True,207,0.915929203539823,True
ALL_COVERAGE_RESOLVED_CEILING,2025-05-07,225,207,0.92,True,225,207,0.92,True,207,0.92,True
ALL_COVERAGE_RESOLVED_CEILING,2025-05-08,226,208,0.9203539823008849,True,226,208,0.9203539823008849,True,208,0.9203539823008849,True
ALL_COVERAGE_RESOLVED_CEILING,2025-05-09,224,206,0.9196428571428571,True,224,206,0.9196428571428571,True,206,0.9196428571428571,True
ALL_COVERAGE_RESOLVED_CEILING,2025-05-14,223,206,0.9237668161434978,True,223,206,0.9237668161434978,True,206,0.9237668161434978,True
ALL_COVERAGE_RESOLVED_CEILING,2025-05-15,227,209,0.920704845814978,True,227,209,0.920704845814978,True,209,0.920704845814978,True
ALL_COVERAGE_RESOLVED_CEILING,2025-05-16,227,209,0.920704845814978,True,227,209,0.920704845814978,True,209,0.920704845814978,True
ALL_COVERAGE_RESOLVED_CEILING,2025-05-19,228,210,0.9210526315789473,True,228,209,0.9166666666666666,True,209,0.9166666666666666,True
ALL_COVERAGE_RESOLVED_CEILING,2025-05-20,227,209,0.920704845814978,True,227,209,0.920704845814978,True,209,0.920704845814978,True
ALL_COVERAGE_RESOLVED_CEILING,2025-05-21,228,209,0.9166666666666666,True,228,207,0.9078947368421053,True,207,0.9078947368421053,True
ALL_COVERAGE_RESOLVED_CEILING,2025-05-22,229,210,0.9170305676855895,True,229,208,0.9082969432314411,True,208,0.9082969432314411,True
ALL_COVERAGE_RESOLVED_CEILING,2025-05-23,229,210,0.9170305676855895,True,229,208,0.9082969432314411,True,208,0.9082969432314411,True
ALL_COVERAGE_RESOLVED_CEILING,2025-05-26,230,212,0.9217391304347826,True,230,210,0.9130434782608695,True,210,0.9130434782608695,True
ALL_COVERAGE_RESOLVED_CEILING,2025-05-27,233,215,0.9227467811158798,True,233,213,0.9141630901287554,True,213,0.9141630901287554,True
ALL_COVERAGE_RESOLVED_CEILING,2025-05-28,235,215,0.9148936170212766,True,235,215,0.9148936170212766,True,215,0.9148936170212766,True
ALL_COVERAGE_RESOLVED_CEILING,2025-06-02,236,216,0.9152542372881356,True,236,216,0.9152542372881356,True,216,0.9152542372881356,True
ALL_COVERAGE_RESOLVED_CEILING,2025-06-03,235,215,0.9148936170212766,True,235,215,0.9148936170212766,True,215,0.9148936170212766,True
ALL_COVERAGE_RESOLVED_CEILING,2025-06-04,235,215,0.9148936170212766,True,235,215,0.9148936170212766,True,215,0.9148936170212766,True
ALL_COVERAGE_RESOLVED_CEILING,2025-06-05,237,219,0.9240506329113924,True,237,219,0.9240506329113924,True,219,0.9240506329113924,True
ALL_COVERAGE_RESOLVED_CEILING,2025-06-10,238,220,0.9243697478991597,True,238,220,0.9243697478991597,True,220,0.9243697478991597,True
ALL_COVERAGE_RESOLVED_CEILING,2025-06-11,238,220,0.9243697478991597,True,238,220,0.9243697478991597,True,220,0.9243697478991597,True
ALL_COVERAGE_RESOLVED_CEILING,2025-06-12,238,221,0.9285714285714286,True,238,221,0.9285714285714286,True,221,0.9285714285714286,True
ALL_COVERAGE_RESOLVED_CEILING,2025-06-13,241,223,0.9253112033195021,True,241,223,0.9253112033195021,True,223,0.9253112033195021,True
ALL_COVERAGE_RESOLVED_CEILING,2025-06-16,241,223,0.9253112033195021,True,241,223,0.9253112033195021,True,223,0.9253112033195021,True
ALL_COVERAGE_RESOLVED_CEILING,2025-06-17,240,224,0.9333333333333333,True,240,223,0.9291666666666667,True,223,0.9291666666666667,True
ALL_COVERAGE_RESOLVED_CEILING,2025-06-18,239,223,0.9330543933054394,True,239,222,0.9288702928870293,True,222,0.9288702928870293,True
ALL_COVERAGE_RESOLVED_CEILING,2025-06-19,240,225,0.9375,True,240,224,0.9333333333333333,True,224,0.9333333333333333,True
ALL_COVERAGE_RESOLVED_CEILING,2025-06-20,239,225,0.9414225941422594,True,239,223,0.9330543933054394,True,223,0.9330543933054394,True
ALL_COVERAGE_RESOLVED_CEILING,2025-06-23,239,225,0.9414225941422594,True,239,223,0.9330543933054394,True,223,0.9330543933054394,True
ALL_COVERAGE_RESOLVED_CEILING,2025-06-24,241,226,0.9377593360995851,True,241,224,0.9294605809128631,True,224,0.9294605809128631,True
ALL_COVERAGE_RESOLVED_CEILING,2025-06-25,243,228,0.9382716049382716,True,243,226,0.9300411522633745,True,226,0.9300411522633745,True
ALL_COVERAGE_RESOLVED_CEILING,2025-06-26,244,229,0.9385245901639344,True,244,227,0.930327868852459,True,227,0.930327868852459,True
ALL_COVERAGE_RESOLVED_CEILING,2025-06-30,244,227,0.930327868852459,True,244,226,0.9262295081967213,True,226,0.9262295081967213,True
ALL_COVERAGE_RESOLVED_CEILING,2025-07-01,242,226,0.9338842975206612,True,242,225,0.9297520661157025,True,225,0.9297520661157025,True
ALL_COVERAGE_RESOLVED_CEILING,2025-07-02,241,224,0.9294605809128631,True,241,224,0.9294605809128631,True,224,0.9294605809128631,True
ALL_COVERAGE_RESOLVED_CEILING,2025-07-03,242,225,0.9297520661157025,True,242,225,0.9297520661157025,True,225,0.9297520661157025,True
ALL_COVERAGE_RESOLVED_CEILING,2025-07-04,244,228,0.9344262295081968,True,244,228,0.9344262295081968,True,228,0.9344262295081968,True
ALL_COVERAGE_RESOLVED_CEILING,2025-07-07,242,226,0.9338842975206612,True,242,226,0.9338842975206612,True,226,0.9338842975206612,True
ALL_COVERAGE_RESOLVED_CEILING,2025-07-08,242,227,0.9380165289256198,True,242,227,0.9380165289256198,True,227,0.9380165289256198,True
ALL_COVERAGE_RESOLVED_CEILING,2025-07-09,241,226,0.9377593360995851,True,241,226,0.9377593360995851,True,226,0.9377593360995851,True
ALL_COVERAGE_RESOLVED_CEILING,2025-07-10,242,227,0.9380165289256198,True,242,227,0.9380165289256198,True,227,0.9380165289256198,True
ALL_COVERAGE_RESOLVED_CEILING,2025-07-11,242,227,0.9380165289256198,True,242,227,0.9380165289256198,True,227,0.9380165289256198,True
ALL_COVERAGE_RESOLVED_CEILING,2025-07-14,242,227,0.9380165289256198,True,242,227,0.9380165289256198,True,227,0.9380165289256198,True
ALL_COVERAGE_RESOLVED_CEILING,2025-07-15,244,228,0.9344262295081968,True,244,228,0.9344262295081968,True,228,0.9344262295081968,True
ALL_COVERAGE_RESOLVED_CEILING,2025-07-16,245,229,0.9346938775510204,True,245,229,0.9346938775510204,True,229,0.9346938775510204,True
ALL_COVERAGE_RESOLVED_CEILING,2025-07-17,247,230,0.9311740890688259,True,247,230,0.9311740890688259,True,230,0.9311740890688259,True
ALL_COVERAGE_RESOLVED_CEILING,2025-07-18,248,231,0.9314516129032258,True,248,231,0.9314516129032258,True,231,0.9314516129032258,True
ALL_COVERAGE_RESOLVED_CEILING,2025-07-21,250,233,0.932,True,250,233,0.932,True,233,0.932,True
ALL_COVERAGE_RESOLVED_CEILING,2025-07-22,250,233,0.932,True,250,233,0.932,True,233,0.932,True
ALL_COVERAGE_RESOLVED_CEILING,2025-07-23,250,233,0.932,True,250,233,0.932,True,233,0.932,True
ALL_COVERAGE_RESOLVED_CEILING,2025-07-24,249,232,0.9317269076305221,True,249,232,0.9317269076305221,True,232,0.9317269076305221,True
ALL_COVERAGE_RESOLVED_CEILING,2025-07-25,251,234,0.9322709163346613,True,251,234,0.9322709163346613,True,234,0.9322709163346613,True
ALL_COVERAGE_RESOLVED_CEILING,2025-07-28,252,235,0.9325396825396826,True,252,235,0.9325396825396826,True,235,0.9325396825396826,True
ALL_COVERAGE_RESOLVED_CEILING,2025-07-29,255,238,0.9333333333333333,True,255,238,0.9333333333333333,True,238,0.9333333333333333,True
ALL_COVERAGE_RESOLVED_CEILING,2025-07-30,256,240,0.9375,True,256,240,0.9375,True,240,0.9375,True
ALL_COVERAGE_RESOLVED_CEILING,2025-07-31,256,239,0.93359375,True,256,239,0.93359375,True,239,0.93359375,True
ALL_COVERAGE_RESOLVED_CEILING,2025-08-01,256,240,0.9375,True,256,240,0.9375,True,240,0.9375,True
ALL_COVERAGE_RESOLVED_CEILING,2025-08-04,258,241,0.9341085271317829,True,258,241,0.9341085271317829,True,241,0.9341085271317829,True
ALL_COVERAGE_RESOLVED_CEILING,2025-08-05,259,242,0.9343629343629344,True,259,242,0.9343629343629344,True,242,0.9343629343629344,True
ALL_COVERAGE_RESOLVED_CEILING,2025-08-06,261,244,0.9348659003831418,True,261,244,0.9348659003831418,True,244,0.9348659003831418,True
ALL_COVERAGE_RESOLVED_CEILING,2025-08-07,262,245,0.9351145038167938,True,262,245,0.9351145038167938,True,245,0.9351145038167938,True
ALL_COVERAGE_RESOLVED_CEILING,2025-08-08,267,250,0.9363295880149812,True,267,250,0.9363295880149812,True,250,0.9363295880149812,True
ALL_COVERAGE_RESOLVED_CEILING,2025-08-11,266,249,0.9360902255639098,True,266,249,0.9360902255639098,True,249,0.9360902255639098,True
ALL_COVERAGE_RESOLVED_CEILING,2025-08-12,266,248,0.9323308270676691,True,266,248,0.9323308270676691,True,248,0.9323308270676691,True
ALL_COVERAGE_RESOLVED_CEILING,2025-08-13,267,249,0.9325842696629213,True,267,249,0.9325842696629213,True,249,0.9325842696629213,True
ALL_COVERAGE_RESOLVED_CEILING,2025-08-14,266,249,0.9360902255639098,True,266,249,0.9360902255639098,True,249,0.9360902255639098,True
ALL_COVERAGE_RESOLVED_CEILING,2025-08-15,268,250,0.9328358208955224,True,268,250,0.9328358208955224,True,250,0.9328358208955224,True
ALL_COVERAGE_RESOLVED_CEILING,2025-08-19,267,250,0.9363295880149812,True,267,250,0.9363295880149812,True,250,0.9363295880149812,True
ALL_COVERAGE_RESOLVED_CEILING,2025-08-20,268,251,0.9365671641791045,True,268,251,0.9365671641791045,True,251,0.9365671641791045,True
ALL_COVERAGE_RESOLVED_CEILING,2025-08-21,266,249,0.9360902255639098,True,266,249,0.9360902255639098,True,249,0.9360902255639098,True
ALL_COVERAGE_RESOLVED_CEILING,2025-08-22,268,250,0.9328358208955224,True,268,250,0.9328358208955224,True,250,0.9328358208955224,True
ALL_COVERAGE_RESOLVED_CEILING,2025-08-25,269,250,0.929368029739777,True,269,250,0.929368029739777,True,250,0.929368029739777,True
ALL_COVERAGE_RESOLVED_CEILING,2025-08-26,269,248,0.9219330855018587,True,269,248,0.9219330855018587,True,248,0.9219330855018587,True
ALL_COVERAGE_RESOLVED_CEILING,2025-08-27,273,251,0.9194139194139194,True,273,251,0.9194139194139194,True,251,0.9194139194139194,True
ALL_COVERAGE_RESOLVED_CEILING,2025-08-28,273,251,0.9194139194139194,True,273,251,0.9194139194139194,True,251,0.9194139194139194,True
ALL_COVERAGE_RESOLVED_CEILING,2025-08-29,271,249,0.9188191881918819,True,271,249,0.9188191881918819,True,249,0.9188191881918819,True
ALL_COVERAGE_RESOLVED_CEILING,2025-09-01,275,253,0.92,True,275,253,0.92,True,253,0.92,True
ALL_COVERAGE_RESOLVED_CEILING,2025-09-02,276,254,0.9202898550724637,True,276,254,0.9202898550724637,True,254,0.9202898550724637,True
ALL_COVERAGE_RESOLVED_CEILING,2025-09-03,278,256,0.920863309352518,True,278,256,0.920863309352518,True,256,0.920863309352518,True
ALL_COVERAGE_RESOLVED_CEILING,2025-09-04,279,257,0.921146953405018,True,279,257,0.921146953405018,True,257,0.921146953405018,True
ALL_COVERAGE_RESOLVED_CEILING,2025-09-08,281,259,0.9217081850533808,True,281,259,0.9217081850533808,True,259,0.9217081850533808,True
ALL_COVERAGE_RESOLVED_CEILING,2025-09-09,282,260,0.9219858156028369,True,282,260,0.9219858156028369,True,260,0.9219858156028369,True
ALL_COVERAGE_RESOLVED_CEILING,2025-09-10,283,261,0.9222614840989399,True,283,261,0.9222614840989399,True,261,0.9222614840989399,True
ALL_COVERAGE_RESOLVED_CEILING,2025-09-11,287,265,0.9233449477351916,True,287,265,0.9233449477351916,True,265,0.9233449477351916,True
ALL_COVERAGE_RESOLVED_CEILING,2025-09-12,289,266,0.9204152249134948,True,289,266,0.9204152249134948,True,266,0.9204152249134948,True
ALL_COVERAGE_RESOLVED_CEILING,2025-09-15,289,266,0.9204152249134948,True,289,266,0.9204152249134948,True,266,0.9204152249134948,True
ALL_COVERAGE_RESOLVED_CEILING,2025-09-16,293,270,0.9215017064846417,True,293,270,0.9215017064846417,True,270,0.9215017064846417,True
ALL_COVERAGE_RESOLVED_CEILING,2025-09-17,293,270,0.9215017064846417,True,293,270,0.9215017064846417,True,270,0.9215017064846417,True
ALL_COVERAGE_RESOLVED_CEILING,2025-09-18,298,275,0.9228187919463087,True,298,275,0.9228187919463087,True,275,0.9228187919463087,True
ALL_COVERAGE_RESOLVED_CEILING,2025-09-19,298,275,0.9228187919463087,True,298,275,0.9228187919463087,True,275,0.9228187919463087,True
ALL_COVERAGE_RESOLVED_CEILING,2025-09-22,299,276,0.9230769230769231,True,299,276,0.9230769230769231,True,276,0.9230769230769231,True
ALL_COVERAGE_RESOLVED_CEILING,2025-09-23,304,280,0.9210526315789473,True,304,280,0.9210526315789473,True,280,0.9210526315789473,True
ALL_COVERAGE_RESOLVED_CEILING,2025-09-24,306,282,0.9215686274509803,True,306,282,0.9215686274509803,True,282,0.9215686274509803,True
ALL_COVERAGE_RESOLVED_CEILING,2025-09-25,311,287,0.9228295819935691,True,311,287,0.9228295819935691,True,287,0.9228295819935691,True
ALL_COVERAGE_RESOLVED_CEILING,2025-09-26,311,289,0.9292604501607717,True,311,289,0.9292604501607717,True,289,0.9292604501607717,True
ALL_COVERAGE_RESOLVED_CEILING,2025-09-29,316,292,0.9240506329113924,True,316,292,0.9240506329113924,True,292,0.9240506329113924,True
ALL_COVERAGE_RESOLVED_CEILING,2025-09-30,316,293,0.9272151898734177,True,316,293,0.9272151898734177,True,293,0.9272151898734177,True
ALL_COVERAGE_RESOLVED_CEILING,2025-10-01,323,300,0.9287925696594427,True,323,300,0.9287925696594427,True,300,0.9287925696594427,True
ALL_COVERAGE_RESOLVED_CEILING,2025-10-02,330,307,0.9303030303030303,True,330,307,0.9303030303030303,True,307,0.9303030303030303,True
ALL_COVERAGE_RESOLVED_CEILING,2025-10-03,334,311,0.9311377245508982,True,334,311,0.9311377245508982,True,311,0.9311377245508982,True
ALL_COVERAGE_RESOLVED_CEILING,2025-10-06,332,310,0.9337349397590361,True,332,310,0.9337349397590361,True,310,0.9337349397590361,True
ALL_COVERAGE_RESOLVED_CEILING,2025-10-07,340,318,0.9352941176470588,True,340,318,0.9352941176470588,True,318,0.9352941176470588,True
ALL_COVERAGE_RESOLVED_CEILING,2025-10-08,343,320,0.9329446064139941,True,343,320,0.9329446064139941,True,320,0.9329446064139941,True
ALL_COVERAGE_RESOLVED_CEILING,2025-10-09,348,326,0.9367816091954023,True,348,326,0.9367816091954023,True,326,0.9367816091954023,True
ALL_COVERAGE_RESOLVED_CEILING,2025-10-10,349,327,0.9369627507163324,True,349,327,0.9369627507163324,True,327,0.9369627507163324,True
ALL_COVERAGE_RESOLVED_CEILING,2025-10-13,356,334,0.9382022471910112,True,356,334,0.9382022471910112,True,334,0.9382022471910112,True
ALL_COVERAGE_RESOLVED_CEILING,2025-10-14,361,338,0.9362880886426593,True,361,338,0.9362880886426593,True,338,0.9362880886426593,True
ALL_COVERAGE_RESOLVED_CEILING,2025-10-15,361,338,0.9362880886426593,True,361,338,0.9362880886426593,True,338,0.9362880886426593,True
ALL_COVERAGE_RESOLVED_CEILING,2025-10-16,365,342,0.936986301369863,True,365,342,0.936986301369863,True,342,0.936986301369863,True
ALL_COVERAGE_RESOLVED_CEILING,2025-10-17,367,344,0.9373297002724795,True,367,344,0.9373297002724795,True,344,0.9373297002724795,True
ALL_COVERAGE_RESOLVED_CEILING,2025-10-20,370,346,0.9351351351351351,True,370,346,0.9351351351351351,True,346,0.9351351351351351,True
ALL_COVERAGE_RESOLVED_CEILING,2025-10-21,375,351,0.936,True,375,351,0.936,True,351,0.936,True
ALL_COVERAGE_RESOLVED_CEILING,2025-10-22,376,352,0.9361702127659575,True,376,352,0.9361702127659575,True,352,0.9361702127659575,True
ALL_COVERAGE_RESOLVED_CEILING,2025-10-23,376,352,0.9361702127659575,True,376,352,0.9361702127659575,True,352,0.9361702127659575,True
ALL_COVERAGE_RESOLVED_CEILING,2025-10-24,379,355,0.9366754617414248,True,379,355,0.9366754617414248,True,355,0.9366754617414248,True
ALL_COVERAGE_RESOLVED_CEILING,2025-10-27,381,357,0.937007874015748,True,381,357,0.937007874015748,True,357,0.937007874015748,True
ALL_COVERAGE_RESOLVED_CEILING,2025-10-28,379,355,0.9366754617414248,True,379,355,0.9366754617414248,True,355,0.9366754617414248,True
ALL_COVERAGE_RESOLVED_CEILING,2025-10-29,382,358,0.93717277486911,True,382,358,0.93717277486911,True,358,0.93717277486911,True
ALL_COVERAGE_RESOLVED_CEILING,2025-10-30,388,364,0.9381443298969072,True,388,364,0.9381443298969072,True,364,0.9381443298969072,True
ALL_COVERAGE_RESOLVED_CEILING,2025-10-31,388,364,0.9381443298969072,True,388,364,0.9381443298969072,True,364,0.9381443298969072,True
ALL_COVERAGE_RESOLVED_CEILING,2025-11-03,391,367,0.9386189258312021,True,391,367,0.9386189258312021,True,367,0.9386189258312021,True
ALL_COVERAGE_RESOLVED_CEILING,2025-11-04,394,370,0.9390862944162437,True,394,370,0.9390862944162437,True,370,0.9390862944162437,True
ALL_COVERAGE_RESOLVED_CEILING,2025-11-05,394,370,0.9390862944162437,True,394,370,0.9390862944162437,True,370,0.9390862944162437,True
ALL_COVERAGE_RESOLVED_CEILING,2025-11-06,390,366,0.9384615384615385,True,390,366,0.9384615384615385,True,366,0.9384615384615385,True
ALL_COVERAGE_RESOLVED_CEILING,2025-11-07,391,367,0.9386189258312021,True,391,367,0.9386189258312021,True,367,0.9386189258312021,True
ALL_COVERAGE_RESOLVED_CEILING,2025-11-10,394,369,0.9365482233502538,True,394,369,0.9365482233502538,True,369,0.9365482233502538,True
ALL_COVERAGE_RESOLVED_CEILING,2025-11-11,393,368,0.9363867684478372,True,393,368,0.9363867684478372,True,368,0.9363867684478372,True
ALL_COVERAGE_RESOLVED_CEILING,2025-11-12,393,368,0.9363867684478372,True,393,368,0.9363867684478372,True,368,0.9363867684478372,True
ALL_COVERAGE_RESOLVED_CEILING,2025-11-13,393,368,0.9363867684478372,True,393,368,0.9363867684478372,True,368,0.9363867684478372,True
ALL_COVERAGE_RESOLVED_CEILING,2025-11-14,393,368,0.9363867684478372,True,393,368,0.9363867684478372,True,368,0.9363867684478372,True
ALL_COVERAGE_RESOLVED_CEILING,2025-11-17,393,369,0.9389312977099237,True,393,369,0.9389312977099237,True,369,0.9389312977099237,True
ALL_COVERAGE_RESOLVED_CEILING,2025-11-18,390,366,0.9384615384615385,True,390,366,0.9384615384615385,True,366,0.9384615384615385,True
ALL_COVERAGE_RESOLVED_CEILING,2025-11-19,393,368,0.9363867684478372,True,393,368,0.9363867684478372,True,368,0.9363867684478372,True
ALL_COVERAGE_RESOLVED_CEILING,2025-11-20,392,367,0.9362244897959183,True,392,367,0.9362244897959183,True,367,0.9362244897959183,True
ALL_COVERAGE_RESOLVED_CEILING,2025-11-21,389,364,0.9357326478149101,True,389,364,0.9357326478149101,True,364,0.9357326478149101,True
ALL_COVERAGE_RESOLVED_CEILING,2025-11-24,392,366,0.9336734693877551,True,392,366,0.9336734693877551,True,366,0.9336734693877551,True
ALL_COVERAGE_RESOLVED_CEILING,2025-11-25,394,369,0.9365482233502538,True,394,369,0.9365482233502538,True,369,0.9365482233502538,True
ALL_COVERAGE_RESOLVED_CEILING,2025-11-26,390,365,0.9358974358974359,True,390,365,0.9358974358974359,True,365,0.9358974358974359,True
ALL_COVERAGE_RESOLVED_CEILING,2025-11-27,389,364,0.9357326478149101,True,389,364,0.9357326478149101,True,364,0.9357326478149101,True
ALL_COVERAGE_RESOLVED_CEILING,2025-11-28,389,364,0.9357326478149101,True,389,364,0.9357326478149101,True,364,0.9357326478149101,True
ALL_COVERAGE_RESOLVED_CEILING,2025-12-01,391,366,0.9360613810741688,True,391,366,0.9360613810741688,True,366,0.9360613810741688,True
ALL_COVERAGE_RESOLVED_CEILING,2025-12-02,389,364,0.9357326478149101,True,389,364,0.9357326478149101,True,364,0.9357326478149101,True
ALL_COVERAGE_RESOLVED_CEILING,2025-12-03,393,366,0.9312977099236641,True,393,366,0.9312977099236641,True,366,0.9312977099236641,True
ALL_COVERAGE_RESOLVED_CEILING,2025-12-04,393,367,0.9338422391857506,True,393,367,0.9338422391857506,True,367,0.9338422391857506,True
ALL_COVERAGE_RESOLVED_CEILING,2025-12-05,387,362,0.9354005167958657,True,387,362,0.9354005167958657,True,362,0.9354005167958657,True
ALL_COVERAGE_RESOLVED_CEILING,2025-12-08,390,364,0.9333333333333333,True,390,364,0.9333333333333333,True,364,0.9333333333333333,True
ALL_COVERAGE_RESOLVED_CEILING,2025-12-09,390,364,0.9333333333333333,True,390,364,0.9333333333333333,True,364,0.9333333333333333,True
ALL_COVERAGE_RESOLVED_CEILING,2025-12-10,390,363,0.9307692307692308,True,390,363,0.9307692307692308,True,363,0.9307692307692308,True
ALL_COVERAGE_RESOLVED_CEILING,2025-12-11,391,365,0.9335038363171355,True,391,365,0.9335038363171355,True,365,0.9335038363171355,True
ALL_COVERAGE_RESOLVED_CEILING,2025-12-12,392,366,0.9336734693877551,True,392,366,0.9336734693877551,True,366,0.9336734693877551,True
ALL_COVERAGE_RESOLVED_CEILING,2025-12-15,388,362,0.9329896907216495,True,388,362,0.9329896907216495,True,362,0.9329896907216495,True
ALL_COVERAGE_RESOLVED_CEILING,2025-12-16,386,360,0.9326424870466321,True,386,360,0.9326424870466321,True,360,0.9326424870466321,True
ALL_COVERAGE_RESOLVED_CEILING,2025-12-17,387,361,0.9328165374677002,True,387,361,0.9328165374677002,True,361,0.9328165374677002,True
ALL_COVERAGE_RESOLVED_CEILING,2025-12-18,387,361,0.9328165374677002,True,387,361,0.9328165374677002,True,361,0.9328165374677002,True
ALL_COVERAGE_RESOLVED_CEILING,2025-12-19,388,362,0.9329896907216495,True,388,362,0.9329896907216495,True,362,0.9329896907216495,True
ALL_COVERAGE_RESOLVED_CEILING,2025-12-22,389,363,0.9331619537275064,True,389,363,0.9331619537275064,True,363,0.9331619537275064,True
ALL_COVERAGE_RESOLVED_CEILING,2025-12-23,391,365,0.9335038363171355,True,391,365,0.9335038363171355,True,365,0.9335038363171355,True
ALL_COVERAGE_RESOLVED_CEILING,2025-12-24,390,364,0.9333333333333333,True,390,364,0.9333333333333333,True,364,0.9333333333333333,True
ALL_COVERAGE_RESOLVED_CEILING,2025-12-29,390,364,0.9333333333333333,True,390,364,0.9333333333333333,True,364,0.9333333333333333,True
ALL_COVERAGE_RESOLVED_CEILING,2025-12-30,391,365,0.9335038363171355,True,391,365,0.9335038363171355,True,365,0.9335038363171355,True
ALL_COVERAGE_RESOLVED_CEILING,2026-01-02,388,362,0.9329896907216495,True,388,362,0.9329896907216495,True,362,0.9329896907216495,True
ALL_COVERAGE_RESOLVED_CEILING,2026-01-05,383,357,0.9321148825065274,True,383,357,0.9321148825065274,True,357,0.9321148825065274,True
ALL_COVERAGE_RESOLVED_CEILING,2026-01-06,384,358,0.9322916666666666,True,384,358,0.9322916666666666,True,358,0.9322916666666666,True
ALL_COVERAGE_RESOLVED_CEILING,2026-01-07,384,358,0.9322916666666666,True,384,358,0.9322916666666666,True,358,0.9322916666666666,True
ALL_COVERAGE_RESOLVED_CEILING,2026-01-08,386,360,0.9326424870466321,True,386,360,0.9326424870466321,True,360,0.9326424870466321,True
ALL_COVERAGE_RESOLVED_CEILING,2026-01-09,385,359,0.9324675324675324,True,385,359,0.9324675324675324,True,359,0.9324675324675324,True
ALL_COVERAGE_RESOLVED_CEILING,2026-01-12,386,360,0.9326424870466321,True,386,360,0.9326424870466321,True,360,0.9326424870466321,True
ALL_COVERAGE_RESOLVED_CEILING,2026-01-13,384,359,0.9348958333333334,True,384,359,0.9348958333333334,True,359,0.9348958333333334,True
ALL_COVERAGE_RESOLVED_CEILING,2026-01-14,385,360,0.935064935064935,True,385,360,0.935064935064935,True,360,0.935064935064935,True
ALL_COVERAGE_RESOLVED_CEILING,2026-01-15,387,362,0.9354005167958657,True,387,362,0.9354005167958657,True,362,0.9354005167958657,True
ALL_COVERAGE_RESOLVED_CEILING,2026-01-19,392,367,0.9362244897959183,True,392,367,0.9362244897959183,True,367,0.9362244897959183,True
ALL_COVERAGE_RESOLVED_CEILING,2026-01-20,394,369,0.9365482233502538,True,394,369,0.9365482233502538,True,369,0.9365482233502538,True
ALL_COVERAGE_RESOLVED_CEILING,2026-01-21,400,374,0.935,True,400,374,0.935,True,374,0.935,True
ALL_COVERAGE_RESOLVED_CEILING,2026-01-22,407,381,0.9361179361179361,True,407,381,0.9361179361179361,True,381,0.9361179361179361,True
ALL_COVERAGE_RESOLVED_CEILING,2026-01-23,412,385,0.9344660194174758,True,412,385,0.9344660194174758,True,385,0.9344660194174758,True
ALL_COVERAGE_RESOLVED_CEILING,2026-01-26,410,384,0.9365853658536586,True,410,384,0.9365853658536586,True,384,0.9365853658536586,True
ALL_COVERAGE_RESOLVED_CEILING,2026-01-27,417,391,0.9376498800959233,True,417,391,0.9376498800959233,True,391,0.9376498800959233,True
ALL_COVERAGE_RESOLVED_CEILING,2026-01-28,420,394,0.9380952380952381,True,420,394,0.9380952380952381,True,394,0.9380952380952381,True
ALL_COVERAGE_RESOLVED_CEILING,2026-01-29,424,398,0.9386792452830188,True,424,398,0.9386792452830188,True,398,0.9386792452830188,True
ALL_COVERAGE_RESOLVED_CEILING,2026-01-30,423,397,0.9385342789598109,True,423,397,0.9385342789598109,True,397,0.9385342789598109,True
ALL_COVERAGE_RESOLVED_CEILING,2026-02-02,423,397,0.9385342789598109,True,423,397,0.9385342789598109,True,397,0.9385342789598109,True
ALL_COVERAGE_RESOLVED_CEILING,2026-02-03,425,399,0.9388235294117647,True,425,399,0.9388235294117647,True,399,0.9388235294117647,True
ALL_COVERAGE_RESOLVED_CEILING,2026-02-04,423,397,0.9385342789598109,True,423,397,0.9385342789598109,True,397,0.9385342789598109,True
ALL_COVERAGE_RESOLVED_CEILING,2026-02-05,424,398,0.9386792452830188,True,424,398,0.9386792452830188,True,398,0.9386792452830188,True
ALL_COVERAGE_RESOLVED_CEILING,2026-02-06,427,401,0.9391100702576113,True,427,401,0.9391100702576113,True,401,0.9391100702576113,True
ALL_COVERAGE_RESOLVED_CEILING,2026-02-09,428,402,0.9392523364485982,True,428,402,0.9392523364485982,True,402,0.9392523364485982,True
ALL_COVERAGE_RESOLVED_CEILING,2026-02-10,428,402,0.9392523364485982,True,428,402,0.9392523364485982,True,402,0.9392523364485982,True
ALL_COVERAGE_RESOLVED_CEILING,2026-02-11,427,401,0.9391100702576113,True,427,401,0.9391100702576113,True,401,0.9391100702576113,True
ALL_COVERAGE_RESOLVED_CEILING,2026-02-12,426,400,0.9389671361502347,True,426,400,0.9389671361502347,True,400,0.9389671361502347,True
ALL_COVERAGE_RESOLVED_CEILING,2026-02-13,429,403,0.9393939393939394,True,429,403,0.9393939393939394,True,403,0.9393939393939394,True
ALL_COVERAGE_RESOLVED_CEILING,2026-02-18,427,401,0.9391100702576113,True,427,401,0.9391100702576113,True,401,0.9391100702576113,True
ALL_COVERAGE_RESOLVED_CEILING,2026-02-19,427,401,0.9391100702576113,True,427,401,0.9391100702576113,True,401,0.9391100702576113,True
ALL_COVERAGE_RESOLVED_CEILING,2026-02-20,427,401,0.9391100702576113,True,427,401,0.9391100702576113,True,401,0.9391100702576113,True
ALL_COVERAGE_RESOLVED_CEILING,2026-02-23,425,399,0.9388235294117647,True,425,399,0.9388235294117647,True,399,0.9388235294117647,True
ALL_COVERAGE_RESOLVED_CEILING,2026-02-24,431,404,0.9373549883990719,True,431,404,0.9373549883990719,True,404,0.9373549883990719,True
ALL_COVERAGE_RESOLVED_CEILING,2026-02-25,431,404,0.9373549883990719,True,431,404,0.9373549883990719,True,404,0.9373549883990719,True
ALL_COVERAGE_RESOLVED_CEILING,2026-02-26,428,401,0.9369158878504673,True,428,401,0.9369158878504673,True,401,0.9369158878504673,True
ALL_COVERAGE_RESOLVED_CEILING,2026-02-27,428,401,0.9369158878504673,True,428,401,0.9369158878504673,True,401,0.9369158878504673,True
ALL_COVERAGE_RESOLVED_CEILING,2026-03-02,427,400,0.936768149882904,True,427,400,0.936768149882904,True,400,0.936768149882904,True
ALL_COVERAGE_RESOLVED_CEILING,2026-03-03,431,404,0.9373549883990719,True,431,404,0.9373549883990719,True,404,0.9373549883990719,True
ALL_COVERAGE_RESOLVED_CEILING,2026-03-04,433,406,0.9376443418013857,True,433,406,0.9376443418013857,True,406,0.9376443418013857,True
ALL_COVERAGE_RESOLVED_CEILING,2026-03-05,429,401,0.9347319347319347,True,429,401,0.9347319347319347,True,401,0.9347319347319347,True
ALL_COVERAGE_RESOLVED_CEILING,2026-03-06,426,398,0.9342723004694836,True,426,398,0.9342723004694836,True,398,0.9342723004694836,True
ALL_COVERAGE_RESOLVED_CEILING,2026-03-09,422,394,0.933649289099526,True,422,394,0.933649289099526,True,394,0.933649289099526,True
ALL_COVERAGE_RESOLVED_CEILING,2026-03-10,416,388,0.9326923076923077,True,416,388,0.9326923076923077,True,388,0.9326923076923077,True
ALL_COVERAGE_RESOLVED_CEILING,2026-03-11,414,386,0.9323671497584541,True,414,386,0.9323671497584541,True,386,0.9323671497584541,True
ALL_COVERAGE_RESOLVED_CEILING,2026-03-12,416,388,0.9326923076923077,True,416,388,0.9326923076923077,True,388,0.9326923076923077,True
ALL_COVERAGE_RESOLVED_CEILING,2026-03-13,414,386,0.9323671497584541,True,414,386,0.9323671497584541,True,386,0.9323671497584541,True
ALL_COVERAGE_RESOLVED_CEILING,2026-03-16,411,383,0.9318734793187348,True,411,383,0.9318734793187348,True,383,0.9318734793187348,True
ALL_COVERAGE_RESOLVED_CEILING,2026-03-17,407,379,0.9312039312039312,True,407,379,0.9312039312039312,True,379,0.9312039312039312,True
ALL_COVERAGE_RESOLVED_CEILING,2026-03-25,407,379,0.9312039312039312,True,407,379,0.9312039312039312,True,379,0.9312039312039312,True
ALL_COVERAGE_RESOLVED_CEILING,2026-03-26,402,374,0.9303482587064676,True,402,374,0.9303482587064676,True,374,0.9303482587064676,True
ALL_COVERAGE_RESOLVED_CEILING,2026-03-27,399,371,0.9298245614035088,True,399,371,0.9298245614035088,True,371,0.9298245614035088,True
ALL_COVERAGE_RESOLVED_CEILING,2026-03-30,396,368,0.9292929292929293,True,396,368,0.9292929292929293,True,368,0.9292929292929293,True
ALL_COVERAGE_RESOLVED_CEILING,2026-03-31,395,367,0.9291139240506329,True,395,367,0.9291139240506329,True,367,0.9291139240506329,True
ALL_COVERAGE_RESOLVED_CEILING,2026-04-01,390,364,0.9333333333333333,True,390,364,0.9333333333333333,True,364,0.9333333333333333,True
ALL_COVERAGE_RESOLVED_CEILING,2026-04-02,390,364,0.9333333333333333,True,390,364,0.9333333333333333,True,364,0.9333333333333333,True
ALL_COVERAGE_RESOLVED_CEILING,2026-04-06,389,363,0.9331619537275064,True,389,363,0.9331619537275064,True,363,0.9331619537275064,True
ALL_COVERAGE_RESOLVED_CEILING,2026-04-07,388,362,0.9329896907216495,True,388,362,0.9329896907216495,True,362,0.9329896907216495,True
ALL_COVERAGE_RESOLVED_CEILING,2026-04-08,387,361,0.9328165374677002,True,387,361,0.9328165374677002,True,361,0.9328165374677002,True
ALL_COVERAGE_RESOLVED_CEILING,2026-04-09,387,361,0.9328165374677002,True,387,361,0.9328165374677002,True,361,0.9328165374677002,True
ALL_COVERAGE_RESOLVED_CEILING,2026-04-10,385,359,0.9324675324675324,True,385,359,0.9324675324675324,True,359,0.9324675324675324,True
ALL_COVERAGE_RESOLVED_CEILING,2026-04-13,381,356,0.9343832020997376,True,381,356,0.9343832020997376,True,356,0.9343832020997376,True
ALL_COVERAGE_RESOLVED_CEILING,2026-04-14,380,354,0.9315789473684211,True,380,354,0.9315789473684211,True,354,0.9315789473684211,True
ALL_COVERAGE_RESOLVED_CEILING,2026-04-15,376,350,0.9308510638297872,True,376,350,0.9308510638297872,True,350,0.9308510638297872,True
ALL_COVERAGE_RESOLVED_CEILING,2026-04-16,376,349,0.9281914893617021,True,376,349,0.9281914893617021,True,349,0.9281914893617021,True
ALL_COVERAGE_RESOLVED_CEILING,2026-04-17,376,349,0.9281914893617021,True,376,349,0.9281914893617021,True,349,0.9281914893617021,True
ALL_COVERAGE_RESOLVED_CEILING,2026-04-20,375,348,0.928,True,375,348,0.928,True,348,0.928,True
ALL_COVERAGE_RESOLVED_CEILING,2026-04-21,376,349,0.9281914893617021,True,376,349,0.9281914893617021,True,349,0.9281914893617021,True
ALL_COVERAGE_RESOLVED_CEILING,2026-04-22,375,348,0.928,True,375,348,0.928,True,348,0.928,True
ALL_COVERAGE_RESOLVED_CEILING,2026-04-23,373,346,0.9276139410187667,True,373,346,0.9276139410187667,True,346,0.9276139410187667,True
ALL_COVERAGE_RESOLVED_CEILING,2026-04-24,371,344,0.9272237196765498,True,371,344,0.9272237196765498,True,344,0.9272237196765498,True
ALL_COVERAGE_RESOLVED_CEILING,2026-04-27,371,344,0.9272237196765498,True,371,344,0.9272237196765498,True,344,0.9272237196765498,True
ALL_COVERAGE_RESOLVED_CEILING,2026-04-28,369,342,0.926829268292683,True,369,342,0.926829268292683,True,342,0.926829268292683,True
ALL_COVERAGE_RESOLVED_CEILING,2026-04-29,366,339,0.9262295081967213,True,366,339,0.9262295081967213,True,339,0.9262295081967213,True
ALL_COVERAGE_RESOLVED_CEILING,2026-04-30,364,337,0.9258241758241759,True,364,337,0.9258241758241759,True,337,0.9258241758241759,True
ALL_COVERAGE_RESOLVED_CEILING,2026-05-04,365,338,0.9260273972602739,True,365,338,0.9260273972602739,True,338,0.9260273972602739,True
ALL_COVERAGE_RESOLVED_CEILING,2026-05-05,362,335,0.925414364640884,True,362,335,0.925414364640884,True,335,0.925414364640884,True
ALL_COVERAGE_RESOLVED_CEILING,2026-05-06,363,336,0.9256198347107438,True,363,336,0.9256198347107438,True,336,0.9256198347107438,True
ALL_COVERAGE_RESOLVED_CEILING,2026-05-07,362,335,0.925414364640884,True,362,335,0.925414364640884,True,335,0.925414364640884,True
ALL_COVERAGE_RESOLVED_CEILING,2026-05-08,361,334,0.925207756232687,True,361,333,0.9224376731301939,True,333,0.9224376731301939,True
ALL_COVERAGE_RESOLVED_CEILING,2026-05-11,362,335,0.925414364640884,True,362,334,0.9226519337016574,True,334,0.9226519337016574,True
ALL_COVERAGE_RESOLVED_CEILING,2026-05-12,361,334,0.925207756232687,True,361,333,0.9224376731301939,True,333,0.9224376731301939,True
ALL_COVERAGE_RESOLVED_CEILING,2026-05-13,362,335,0.925414364640884,True,362,334,0.9226519337016574,True,334,0.9226519337016574,True
ALL_COVERAGE_RESOLVED_CEILING,2026-05-18,361,334,0.925207756232687,True,361,333,0.9224376731301939,True,333,0.9224376731301939,True
ALL_COVERAGE_RESOLVED_CEILING,2026-05-19,359,331,0.9220055710306406,True,359,331,0.9220055710306406,True,331,0.9220055710306406,True
ALL_COVERAGE_RESOLVED_CEILING,2026-05-20,356,328,0.9213483146067416,True,356,328,0.9213483146067416,True,328,0.9213483146067416,True
ALL_COVERAGE_RESOLVED_CEILING,2026-05-21,355,327,0.9211267605633803,True,355,327,0.9211267605633803,True,327,0.9211267605633803,True
ALL_COVERAGE_RESOLVED_CEILING,2026-05-22,353,325,0.9206798866855525,True,353,325,0.9206798866855525,True,325,0.9206798866855525,True
ALL_COVERAGE_RESOLVED_CEILING,2026-05-25,350,323,0.9228571428571428,True,350,323,0.9228571428571428,True,323,0.9228571428571428,True
ALL_COVERAGE_RESOLVED_CEILING,2026-05-26,348,322,0.9252873563218391,True,348,322,0.9252873563218391,True,322,0.9252873563218391,True
ALL_COVERAGE_RESOLVED_CEILING,2026-05-29,346,320,0.9248554913294798,True,346,320,0.9248554913294798,True,320,0.9248554913294798,True
ALL_COVERAGE_RESOLVED_CEILING,2026-06-02,343,317,0.924198250728863,True,343,317,0.924198250728863,True,317,0.924198250728863,True
ALL_COVERAGE_RESOLVED_CEILING,2026-06-03,339,313,0.9233038348082596,True,339,313,0.9233038348082596,True,313,0.9233038348082596,True
ALL_COVERAGE_RESOLVED_CEILING,2026-06-04,337,312,0.9258160237388724,True,337,312,0.9258160237388724,True,312,0.9258160237388724,True
ALL_COVERAGE_RESOLVED_CEILING,2026-06-05,334,308,0.9221556886227545,True,334,308,0.9221556886227545,True,308,0.9221556886227545,True
ALL_COVERAGE_RESOLVED_CEILING,2026-06-08,332,307,0.9246987951807228,True,332,307,0.9246987951807228,True,307,0.9246987951807228,True
ALL_COVERAGE_RESOLVED_CEILING,2026-06-09,330,305,0.9242424242424242,True,330,305,0.9242424242424242,True,305,0.9242424242424242,True
ALL_COVERAGE_RESOLVED_CEILING,2026-06-10,329,304,0.9240121580547113,True,329,304,0.9240121580547113,True,304,0.9240121580547113,True
ALL_COVERAGE_RESOLVED_CEILING,2026-06-11,329,304,0.9240121580547113,True,329,304,0.9240121580547113,True,304,0.9240121580547113,True
ALL_COVERAGE_RESOLVED_CEILING,2026-06-12,326,301,0.9233128834355828,True,326,301,0.9233128834355828,True,301,0.9233128834355828,True
ALL_COVERAGE_RESOLVED_CEILING,2026-06-15,328,303,0.9237804878048781,True,328,303,0.9237804878048781,True,303,0.9237804878048781,True
ALL_COVERAGE_RESOLVED_CEILING,2026-06-17,328,303,0.9237804878048781,True,328,303,0.9237804878048781,True,303,0.9237804878048781,True
ALL_COVERAGE_RESOLVED_CEILING,2026-06-18,327,302,0.9235474006116208,True,327,302,0.9235474006116208,True,302,0.9235474006116208,True
ALL_COVERAGE_RESOLVED_CEILING,2026-06-19,325,300,0.9230769230769231,True,325,300,0.9230769230769231,True,300,0.9230769230769231,True
ALL_COVERAGE_RESOLVED_CEILING,2026-06-22,322,298,0.9254658385093167,True,322,298,0.9254658385093167,True,298,0.9254658385093167,True
ALL_COVERAGE_RESOLVED_CEILING,2026-06-23,323,299,0.9256965944272446,True,323,298,0.9226006191950464,True,298,0.9226006191950464,True
ALL_COVERAGE_RESOLVED_CEILING,2026-06-24,323,299,0.9256965944272446,True,323,298,0.9226006191950464,True,298,0.9226006191950464,True
ALL_COVERAGE_RESOLVED_CEILING,2026-06-25,321,297,0.9252336448598131,True,321,292,0.9096573208722741,True,292,0.9096573208722741,True
ALL_COVERAGE_RESOLVED_CEILING,2026-06-26,320,296,0.925,True,320,291,0.909375,True,291,0.909375,True
ALL_COVERAGE_RESOLVED_CEILING,2026-06-29,318,294,0.9245283018867925,True,318,289,0.9088050314465409,True,289,0.9088050314465409,True
ALL_COVERAGE_RESOLVED_CEILING,2026-06-30,314,289,0.9203821656050956,True,314,285,0.9076433121019108,True,285,0.9076433121019108,True
ALL_COVERAGE_RESOLVED_CEILING,2026-07-01,314,289,0.9203821656050956,True,314,286,0.910828025477707,True,286,0.910828025477707,True
ALL_COVERAGE_RESOLVED_CEILING,2026-07-02,312,284,0.9102564102564102,True,312,284,0.9102564102564102,True,284,0.9102564102564102,True
ALL_COVERAGE_RESOLVED_CEILING,2026-07-03,314,286,0.910828025477707,True,314,286,0.910828025477707,True,286,0.910828025477707,True
ALL_COVERAGE_RESOLVED_CEILING,2026-07-06,311,284,0.9131832797427653,True,311,284,0.9131832797427653,True,284,0.9131832797427653,True
ALL_COVERAGE_RESOLVED_CEILING,2026-07-07,312,284,0.9102564102564102,True,312,284,0.9102564102564102,True,284,0.9102564102564102,True
ALL_COVERAGE_RESOLVED_CEILING,2026-07-08,312,288,0.9230769230769231,True,312,288,0.9230769230769231,True,288,0.9230769230769231,True
ALL_COVERAGE_RESOLVED_CEILING,2026-07-09,312,288,0.9230769230769231,True,312,288,0.9230769230769231,True,288,0.9230769230769231,True
ALL_COVERAGE_RESOLVED_CEILING,2026-07-10,312,288,0.9230769230769231,True,312,288,0.9230769230769231,True,288,0.9230769230769231,True
ALL_COVERAGE_RESOLVED_CEILING,2026-07-13,311,287,0.9228295819935691,True,311,287,0.9228295819935691,True,287,0.9228295819935691,True
ALL_COVERAGE_RESOLVED_CEILING,2026-07-14,309,285,0.9223300970873787,True,309,285,0.9223300970873787,True,285,0.9223300970873787,True
ALL_COVERAGE_RESOLVED_CEILING,2026-07-15,308,285,0.9253246753246753,True,308,285,0.9253246753246753,True,285,0.9253246753246753,True
ALL_COVERAGE_RESOLVED_CEILING,2026-07-16,306,284,0.9281045751633987,True,306,284,0.9281045751633987,True,284,0.9281045751633987,True
ALL_COVERAGE_RESOLVED_CEILING,2026-07-17,303,281,0.9273927392739274,True,303,281,0.9273927392739274,True,281,0.9273927392739274,True
SCHEDULE_PLUS_KSEI_COVERAGE_CEILING,2023-12-28,262,260,0.9923664122137404,True,262,260,0.9923664122137404,True,260,0.9923664122137404,True
SCHEDULE_PLUS_KSEI_COVERAGE_CEILING,2023-12-29,263,261,0.9923954372623575,True,263,261,0.9923954372623575,True,261,0.9923954372623575,True
SCHEDULE_PLUS_KSEI_COVERAGE_CEILING,2024-01-02,265,264,0.9962264150943396,True,265,264,0.9962264150943396,True,264,0.9962264150943396,True
SCHEDULE_PLUS_KSEI_COVERAGE_CEILING,2024-01-03,263,262,0.9961977186311787,True,263,262,0.9961977186311787,True,262,0.9961977186311787,True
SCHEDULE_PLUS_KSEI_COVERAGE_CEILING,2024-01-04,262,261,0.9961832061068703,True,262,261,0.9961832061068703,True,261,0.9961832061068703,True
SCHEDULE_PLUS_KSEI_COVERAGE_CEILING,2024-01-05,260,259,0.9961538461538462,True,260,259,0.9961538461538462,True,259,0.9961538461538462,True
SCHEDULE_PLUS_KSEI_COVERAGE_CEILING,2024-01-08,262,261,0.9961832061068703,True,262,261,0.9961832061068703,True,261,0.9961832061068703,True
SCHEDULE_PLUS_KSEI_COVERAGE_CEILING,2024-01-09,260,259,0.9961538461538462,True,260,259,0.9961538461538462,True,259,0.9961538461538462,True
SCHEDULE_PLUS_KSEI_COVERAGE_CEILING,2024-01-10,258,257,0.9961240310077519,True,258,257,0.9961240310077519,True,257,0.9961240310077519,True
SCHEDULE_PLUS_KSEI_COVERAGE_CEILING,2024-01-11,253,252,0.9960474308300395,True,253,252,0.9960474308300395,True,252,0.9960474308300395,True
SCHEDULE_PLUS_KSEI_COVERAGE_CEILING,2024-01-12,251,250,0.9960159362549801,True,251,250,0.9960159362549801,True,250,0.9960159362549801,True
SCHEDULE_PLUS_KSEI_COVERAGE_CEILING,2024-01-15,250,249,0.996,True,250,249,0.996,True,249,0.996,True
SCHEDULE_PLUS_KSEI_COVERAGE_CEILING,2024-01-16,251,250,0.9960159362549801,True,251,250,0.9960159362549801,True,250,0.9960159362549801,True
SCHEDULE_PLUS_KSEI_COVERAGE_CEILING,2024-01-17,251,250,0.9960159362549801,True,251,250,0.9960159362549801,True,250,0.9960159362549801,True
SCHEDULE_PLUS_KSEI_COVERAGE_CEILING,2024-01-18,251,250,0.9960159362549801,True,251,250,0.9960159362549801,True,250,0.9960159362549801,True
SCHEDULE_PLUS_KSEI_COVERAGE_CEILING,2024-01-19,249,248,0.9959839357429718,True,249,248,0.9959839357429718,True,248,0.9959839357429718,True
SCHEDULE_PLUS_KSEI_COVERAGE_CEILING,2024-01-22,247,246,0.9959514170040485,True,247,246,0.9959514170040485,True,246,0.9959514170040485,True
SCHEDULE_PLUS_KSEI_COVERAGE_CEILING,2024-01-23,247,246,0.9959514170040485,True,247,246,0.9959514170040485,True,246,0.9959514170040485,True
SCHEDULE_PLUS_KSEI_COVERAGE_CEILING,2024-01-24,246,245,0.9959349593495935,True,246,245,0.9959349593495935,True,245,0.9959349593495935,True
SCHEDULE_PLUS_KSEI_COVERAGE_CEILING,2024-01-25,246,245,0.9959349593495935,True,246,245,0.9959349593495935,True,245,0.9959349593495935,True
SCHEDULE_PLUS_KSEI_COVERAGE_CEILING,2024-01-26,246,245,0.9959349593495935,True,246,245,0.9959349593495935,True,245,0.9959349593495935,True
SCHEDULE_PLUS_KSEI_COVERAGE_CEILING,2024-01-29,243,242,0.9958847736625515,True,243,242,0.9958847736625515,True,242,0.9958847736625515,True
SCHEDULE_PLUS_KSEI_COVERAGE_CEILING,2024-01-30,243,242,0.9958847736625515,True,243,242,0.9958847736625515,True,242,0.9958847736625515,True
SCHEDULE_PLUS_KSEI_COVERAGE_CEILING,2024-01-31,242,241,0.9958677685950413,True,242,241,0.9958677685950413,True,241,0.9958677685950413,True
SCHEDULE_PLUS_KSEI_COVERAGE_CEILING,2024-02-01,241,240,0.995850622406639,True,241,240,0.995850622406639,True,240,0.995850622406639,True
SCHEDULE_PLUS_KSEI_COVERAGE_CEILING,2024-02-02,243,242,0.9958847736625515,True,243,242,0.9958847736625515,True,242,0.9958847736625515,True
SCHEDULE_PLUS_KSEI_COVERAGE_CEILING,2024-02-05,241,240,0.995850622406639,True,241,240,0.995850622406639,True,240,0.995850622406639,True
SCHEDULE_PLUS_KSEI_COVERAGE_CEILING,2024-02-06,242,241,0.9958677685950413,True,242,241,0.9958677685950413,True,241,0.9958677685950413,True
SCHEDULE_PLUS_KSEI_COVERAGE_CEILING,2024-02-07,246,245,0.9959349593495935,True,246,245,0.9959349593495935,True,245,0.9959349593495935,True
SCHEDULE_PLUS_KSEI_COVERAGE_CEILING,2024-02-12,242,241,0.9958677685950413,True,242,241,0.9958677685950413,True,241,0.9958677685950413,True
SCHEDULE_PLUS_KSEI_COVERAGE_CEILING,2024-02-13,244,243,0.9959016393442623,True,244,243,0.9959016393442623,True,243,0.9959016393442623,True
SCHEDULE_PLUS_KSEI_COVERAGE_CEILING,2024-02-15,244,243,0.9959016393442623,True,244,243,0.9959016393442623,True,243,0.9959016393442623,True
SCHEDULE_PLUS_KSEI_COVERAGE_CEILING,2024-02-16,243,242,0.9958847736625515,True,243,242,0.9958847736625515,True,242,0.9958847736625515,True
SCHEDULE_PLUS_KSEI_COVERAGE_CEILING,2024-02-19,244,243,0.9959016393442623,True,244,243,0.9959016393442623,True,243,0.9959016393442623,True
SCHEDULE_PLUS_KSEI_COVERAGE_CEILING,2024-02-20,244,243,0.9959016393442623,True,244,243,0.9959016393442623,True,243,0.9959016393442623,True
SCHEDULE_PLUS_KSEI_COVERAGE_CEILING,2024-02-21,245,244,0.9959183673469387,True,245,244,0.9959183673469387,True,244,0.9959183673469387,True
SCHEDULE_PLUS_KSEI_COVERAGE_CEILING,2024-02-22,243,242,0.9958847736625515,True,243,242,0.9958847736625515,True,242,0.9958847736625515,True
SCHEDULE_PLUS_KSEI_COVERAGE_CEILING,2024-02-23,239,238,0.99581589958159,True,239,238,0.99581589958159,True,238,0.99581589958159,True
SCHEDULE_PLUS_KSEI_COVERAGE_CEILING,2024-02-26,236,235,0.9957627118644068,True,236,235,0.9957627118644068,True,235,0.9957627118644068,True
SCHEDULE_PLUS_KSEI_COVERAGE_CEILING,2024-02-27,236,235,0.9957627118644068,True,236,235,0.9957627118644068,True,235,0.9957627118644068,True
SCHEDULE_PLUS_KSEI_COVERAGE_CEILING,2024-02-28,236,235,0.9957627118644068,True,236,235,0.9957627118644068,True,235,0.9957627118644068,True
SCHEDULE_PLUS_KSEI_COVERAGE_CEILING,2024-02-29,237,236,0.9957805907172996,True,237,236,0.9957805907172996,True,236,0.9957805907172996,True
SCHEDULE_PLUS_KSEI_COVERAGE_CEILING,2024-03-01,232,231,0.9956896551724138,True,232,231,0.9956896551724138,True,231,0.9956896551724138,True
SCHEDULE_PLUS_KSEI_COVERAGE_CEILING,2024-03-04,235,234,0.9957446808510638,True,235,234,0.9957446808510638,True,234,0.9957446808510638,True
SCHEDULE_PLUS_KSEI_COVERAGE_CEILING,2024-03-05,236,235,0.9957627118644068,True,236,235,0.9957627118644068,True,235,0.9957627118644068,True
SCHEDULE_PLUS_KSEI_COVERAGE_CEILING,2024-03-06,236,235,0.9957627118644068,True,236,235,0.9957627118644068,True,235,0.9957627118644068,True
SCHEDULE_PLUS_KSEI_COVERAGE_CEILING,2024-03-07,237,236,0.9957805907172996,True,237,236,0.9957805907172996,True,236,0.9957805907172996,True
SCHEDULE_PLUS_KSEI_COVERAGE_CEILING,2024-03-08,238,237,0.9957983193277311,True,238,237,0.9957983193277311,True,237,0.9957983193277311,True
SCHEDULE_PLUS_KSEI_COVERAGE_CEILING,2024-03-13,241,240,0.995850622406639,True,241,240,0.995850622406639,True,240,0.995850622406639,True
SCHEDULE_PLUS_KSEI_COVERAGE_CEILING,2024-03-14,243,242,0.9958847736625515,True,243,242,0.9958847736625515,True,242,0.9958847736625515,True
SCHEDULE_PLUS_KSEI_COVERAGE_CEILING,2024-03-15,240,239,0.9958333333333333,True,240,239,0.9958333333333333,True,239,0.9958333333333333,True
SCHEDULE_PLUS_KSEI_COVERAGE_CEILING,2024-03-18,243,242,0.9958847736625515,True,243,242,0.9958847736625515,True,242,0.9958847736625515,True
SCHEDULE_PLUS_KSEI_COVERAGE_CEILING,2024-03-19,243,242,0.9958847736625515,True,243,242,0.9958847736625515,True,242,0.9958847736625515,True
SCHEDULE_PLUS_KSEI_COVERAGE_CEILING,2024-03-20,242,241,0.9958677685950413,True,242,241,0.9958677685950413,True,241,0.9958677685950413,True
SCHEDULE_PLUS_KSEI_COVERAGE_CEILING,2024-03-21,242,241,0.9958677685950413,True,242,241,0.9958677685950413,True,241,0.9958677685950413,True
SCHEDULE_PLUS_KSEI_COVERAGE_CEILING,2024-03-22,242,241,0.9958677685950413,True,242,241,0.9958677685950413,True,241,0.9958677685950413,True
SCHEDULE_PLUS_KSEI_COVERAGE_CEILING,2024-03-25,243,242,0.9958847736625515,True,243,242,0.9958847736625515,True,242,0.9958847736625515,True
SCHEDULE_PLUS_KSEI_COVERAGE_CEILING,2024-03-26,244,243,0.9959016393442623,True,244,243,0.9959016393442623,True,243,0.9959016393442623,True
SCHEDULE_PLUS_KSEI_COVERAGE_CEILING,2024-03-27,245,244,0.9959183673469387,True,245,244,0.9959183673469387,True,244,0.9959183673469387,True
SCHEDULE_PLUS_KSEI_COVERAGE_CEILING,2024-03-28,244,243,0.9959016393442623,True,244,243,0.9959016393442623,True,243,0.9959016393442623,True
SCHEDULE_PLUS_KSEI_COVERAGE_CEILING,2024-04-01,250,249,0.996,True,250,249,0.996,True,249,0.996,True
SCHEDULE_PLUS_KSEI_COVERAGE_CEILING,2024-04-02,250,249,0.996,True,250,249,0.996,True,249,0.996,True
SCHEDULE_PLUS_KSEI_COVERAGE_CEILING,2024-04-03,251,250,0.9960159362549801,True,251,250,0.9960159362549801,True,250,0.9960159362549801,True
SCHEDULE_PLUS_KSEI_COVERAGE_CEILING,2024-04-04,250,249,0.996,True,250,249,0.996,True,249,0.996,True
SCHEDULE_PLUS_KSEI_COVERAGE_CEILING,2024-04-05,250,249,0.996,True,250,249,0.996,True,249,0.996,True
SCHEDULE_PLUS_KSEI_COVERAGE_CEILING,2024-04-16,250,249,0.996,True,250,249,0.996,True,249,0.996,True
SCHEDULE_PLUS_KSEI_COVERAGE_CEILING,2024-04-17,249,248,0.9959839357429718,True,249,248,0.9959839357429718,True,248,0.9959839357429718,True
SCHEDULE_PLUS_KSEI_COVERAGE_CEILING,2024-04-18,247,246,0.9959514170040485,True,247,246,0.9959514170040485,True,246,0.9959514170040485,True
SCHEDULE_PLUS_KSEI_COVERAGE_CEILING,2024-04-19,246,245,0.9959349593495935,True,246,245,0.9959349593495935,True,245,0.9959349593495935,True
SCHEDULE_PLUS_KSEI_COVERAGE_CEILING,2024-04-22,246,245,0.9959349593495935,True,246,245,0.9959349593495935,True,245,0.9959349593495935,True
SCHEDULE_PLUS_KSEI_COVERAGE_CEILING,2024-04-23,245,244,0.9959183673469387,True,245,244,0.9959183673469387,True,244,0.9959183673469387,True
SCHEDULE_PLUS_KSEI_COVERAGE_CEILING,2024-04-24,245,244,0.9959183673469387,True,245,244,0.9959183673469387,True,244,0.9959183673469387,True
SCHEDULE_PLUS_KSEI_COVERAGE_CEILING,2024-04-25,246,245,0.9959349593495935,True,246,245,0.9959349593495935,True,245,0.9959349593495935,True
SCHEDULE_PLUS_KSEI_COVERAGE_CEILING,2024-04-26,246,245,0.9959349593495935,True,246,245,0.9959349593495935,True,245,0.9959349593495935,True
SCHEDULE_PLUS_KSEI_COVERAGE_CEILING,2024-04-29,246,245,0.9959349593495935,True,246,245,0.9959349593495935,True,245,0.9959349593495935,True
SCHEDULE_PLUS_KSEI_COVERAGE_CEILING,2024-04-30,245,244,0.9959183673469387,True,245,244,0.9959183673469387,True,244,0.9959183673469387,True
SCHEDULE_PLUS_KSEI_COVERAGE_CEILING,2024-05-02,242,241,0.9958677685950413,True,242,241,0.9958677685950413,True,241,0.9958677685950413,True
SCHEDULE_PLUS_KSEI_COVERAGE_CEILING,2024-05-03,240,239,0.9958333333333333,True,240,239,0.9958333333333333,True,239,0.9958333333333333,True
SCHEDULE_PLUS_KSEI_COVERAGE_CEILING,2024-05-06,240,239,0.9958333333333333,True,240,239,0.9958333333333333,True,239,0.9958333333333333,True
SCHEDULE_PLUS_KSEI_COVERAGE_CEILING,2024-05-07,242,241,0.9958677685950413,True,242,241,0.9958677685950413,True,241,0.9958677685950413,True
SCHEDULE_PLUS_KSEI_COVERAGE_CEILING,2024-05-08,242,241,0.9958677685950413,True,242,241,0.9958677685950413,True,241,0.9958677685950413,True
SCHEDULE_PLUS_KSEI_COVERAGE_CEILING,2024-05-13,243,242,0.9958847736625515,True,243,242,0.9958847736625515,True,242,0.9958847736625515,True
SCHEDULE_PLUS_KSEI_COVERAGE_CEILING,2024-05-14,243,242,0.9958847736625515,True,243,242,0.9958847736625515,True,242,0.9958847736625515,True
SCHEDULE_PLUS_KSEI_COVERAGE_CEILING,2024-05-15,242,241,0.9958677685950413,True,242,241,0.9958677685950413,True,241,0.9958677685950413,True
SCHEDULE_PLUS_KSEI_COVERAGE_CEILING,2024-05-16,246,245,0.9959349593495935,True,246,245,0.9959349593495935,True,245,0.9959349593495935,True
SCHEDULE_PLUS_KSEI_COVERAGE_CEILING,2024-05-17,246,245,0.9959349593495935,True,246,245,0.9959349593495935,True,245,0.9959349593495935,True
SCHEDULE_PLUS_KSEI_COVERAGE_CEILING,2024-05-20,245,244,0.9959183673469387,True,245,244,0.9959183673469387,True,244,0.9959183673469387,True
SCHEDULE_PLUS_KSEI_COVERAGE_CEILING,2024-05-21,243,242,0.9958847736625515,True,243,242,0.9958847736625515,True,242,0.9958847736625515,True
SCHEDULE_PLUS_KSEI_COVERAGE_CEILING,2024-05-22,243,242,0.9958847736625515,True,243,242,0.9958847736625515,True,242,0.9958847736625515,True
SCHEDULE_PLUS_KSEI_COVERAGE_CEILING,2024-05-27,243,242,0.9958847736625515,True,243,242,0.9958847736625515,True,242,0.9958847736625515,True
SCHEDULE_PLUS_KSEI_COVERAGE_CEILING,2024-05-28,242,241,0.9958677685950413,True,242,241,0.9958677685950413,True,241,0.9958677685950413,True
SCHEDULE_PLUS_KSEI_COVERAGE_CEILING,2024-05-29,243,242,0.9958847736625515,True,243,242,0.9958847736625515,True,242,0.9958847736625515,True
SCHEDULE_PLUS_KSEI_COVERAGE_CEILING,2024-05-30,242,241,0.9958677685950413,True,242,241,0.9958677685950413,True,241,0.9958677685950413,True
SCHEDULE_PLUS_KSEI_COVERAGE_CEILING,2024-05-31,242,241,0.9958677685950413,True,242,241,0.9958677685950413,True,241,0.9958677685950413,True
SCHEDULE_PLUS_KSEI_COVERAGE_CEILING,2024-06-03,243,242,0.9958847736625515,True,243,241,0.9917695473251029,True,241,0.9917695473251029,True
SCHEDULE_PLUS_KSEI_COVERAGE_CEILING,2024-06-04,240,239,0.9958333333333333,True,240,238,0.9916666666666667,True,238,0.9916666666666667,True
SCHEDULE_PLUS_KSEI_COVERAGE_CEILING,2024-06-05,238,237,0.9957983193277311,True,238,235,0.9873949579831933,True,235,0.9873949579831933,True
SCHEDULE_PLUS_KSEI_COVERAGE_CEILING,2024-06-06,238,237,0.9957983193277311,True,238,235,0.9873949579831933,True,235,0.9873949579831933,True
SCHEDULE_PLUS_KSEI_COVERAGE_CEILING,2024-06-07,237,236,0.9957805907172996,True,237,234,0.9873417721518988,True,234,0.9873417721518988,True
SCHEDULE_PLUS_KSEI_COVERAGE_CEILING,2024-06-10,238,236,0.9915966386554622,True,238,235,0.9873949579831933,True,235,0.9873949579831933,True
SCHEDULE_PLUS_KSEI_COVERAGE_CEILING,2024-06-11,238,236,0.9915966386554622,True,238,234,0.9831932773109243,True,234,0.9831932773109243,True
SCHEDULE_PLUS_KSEI_COVERAGE_CEILING,2024-06-12,237,234,0.9873417721518988,True,237,233,0.9831223628691983,True,233,0.9831223628691983,True
SCHEDULE_PLUS_KSEI_COVERAGE_CEILING,2024-06-13,237,234,0.9873417721518988,True,237,233,0.9831223628691983,True,233,0.9831223628691983,True
SCHEDULE_PLUS_KSEI_COVERAGE_CEILING,2024-06-14,238,236,0.9915966386554622,True,238,235,0.9873949579831933,True,235,0.9873949579831933,True
SCHEDULE_PLUS_KSEI_COVERAGE_CEILING,2024-06-19,236,234,0.9915254237288136,True,236,233,0.9872881355932204,True,233,0.9872881355932204,True
SCHEDULE_PLUS_KSEI_COVERAGE_CEILING,2024-06-20,236,234,0.9915254237288136,True,236,234,0.9915254237288136,True,234,0.9915254237288136,True
SCHEDULE_PLUS_KSEI_COVERAGE_CEILING,2024-06-21,237,235,0.9915611814345991,True,237,235,0.9915611814345991,True,235,0.9915611814345991,True
SCHEDULE_PLUS_KSEI_COVERAGE_CEILING,2024-06-24,237,235,0.9915611814345991,True,237,235,0.9915611814345991,True,235,0.9915611814345991,True
SCHEDULE_PLUS_KSEI_COVERAGE_CEILING,2024-06-25,237,235,0.9915611814345991,True,237,234,0.9873417721518988,True,234,0.9873417721518988,True
SCHEDULE_PLUS_KSEI_COVERAGE_CEILING,2024-06-26,236,235,0.9957627118644068,True,236,234,0.9915254237288136,True,234,0.9915254237288136,True
SCHEDULE_PLUS_KSEI_COVERAGE_CEILING,2024-06-27,238,237,0.9957983193277311,True,238,236,0.9915966386554622,True,236,0.9915966386554622,True
SCHEDULE_PLUS_KSEI_COVERAGE_CEILING,2024-06-28,239,238,0.99581589958159,True,239,237,0.9916317991631799,True,237,0.9916317991631799,True
SCHEDULE_PLUS_KSEI_COVERAGE_CEILING,2024-07-01,239,238,0.99581589958159,True,239,237,0.9916317991631799,True,237,0.9916317991631799,True
SCHEDULE_PLUS_KSEI_COVERAGE_CEILING,2024-07-02,241,239,0.991701244813278,True,241,239,0.991701244813278,True,239,0.991701244813278,True
SCHEDULE_PLUS_KSEI_COVERAGE_CEILING,2024-07-03,241,239,0.991701244813278,True,241,239,0.991701244813278,True,239,0.991701244813278,True
SCHEDULE_PLUS_KSEI_COVERAGE_CEILING,2024-07-04,241,239,0.991701244813278,True,241,239,0.991701244813278,True,239,0.991701244813278,True
SCHEDULE_PLUS_KSEI_COVERAGE_CEILING,2024-07-05,242,240,0.9917355371900827,True,242,240,0.9917355371900827,True,240,0.9917355371900827,True
SCHEDULE_PLUS_KSEI_COVERAGE_CEILING,2024-07-08,242,241,0.9958677685950413,True,242,241,0.9958677685950413,True,241,0.9958677685950413,True
SCHEDULE_PLUS_KSEI_COVERAGE_CEILING,2024-07-09,242,241,0.9958677685950413,True,242,241,0.9958677685950413,True,241,0.9958677685950413,True
SCHEDULE_PLUS_KSEI_COVERAGE_CEILING,2024-07-10,242,241,0.9958677685950413,True,242,241,0.9958677685950413,True,241,0.9958677685950413,True
SCHEDULE_PLUS_KSEI_COVERAGE_CEILING,2024-07-11,241,240,0.995850622406639,True,241,240,0.995850622406639,True,240,0.995850622406639,True
SCHEDULE_PLUS_KSEI_COVERAGE_CEILING,2024-07-12,241,240,0.995850622406639,True,241,240,0.995850622406639,True,240,0.995850622406639,True
SCHEDULE_PLUS_KSEI_COVERAGE_CEILING,2024-07-15,241,240,0.995850622406639,True,241,240,0.995850622406639,True,240,0.995850622406639,True
SCHEDULE_PLUS_KSEI_COVERAGE_CEILING,2024-07-16,241,240,0.995850622406639,True,241,240,0.995850622406639,True,240,0.995850622406639,True
SCHEDULE_PLUS_KSEI_COVERAGE_CEILING,2024-07-17,239,238,0.99581589958159,True,239,238,0.99581589958159,True,238,0.99581589958159,True
SCHEDULE_PLUS_KSEI_COVERAGE_CEILING,2024-07-18,240,239,0.9958333333333333,True,240,239,0.9958333333333333,True,239,0.9958333333333333,True
SCHEDULE_PLUS_KSEI_COVERAGE_CEILING,2024-07-19,240,239,0.9958333333333333,True,240,239,0.9958333333333333,True,239,0.9958333333333333,True
SCHEDULE_PLUS_KSEI_COVERAGE_CEILING,2024-07-22,236,235,0.9957627118644068,True,236,235,0.9957627118644068,True,235,0.9957627118644068,True
SCHEDULE_PLUS_KSEI_COVERAGE_CEILING,2024-07-23,236,235,0.9957627118644068,True,236,235,0.9957627118644068,True,235,0.9957627118644068,True
SCHEDULE_PLUS_KSEI_COVERAGE_CEILING,2024-07-24,236,235,0.9957627118644068,True,236,235,0.9957627118644068,True,235,0.9957627118644068,True
SCHEDULE_PLUS_KSEI_COVERAGE_CEILING,2024-07-25,237,236,0.9957805907172996,True,237,236,0.9957805907172996,True,236,0.9957805907172996,True
SCHEDULE_PLUS_KSEI_COVERAGE_CEILING,2024-07-26,238,237,0.9957983193277311,True,238,237,0.9957983193277311,True,237,0.9957983193277311,True
SCHEDULE_PLUS_KSEI_COVERAGE_CEILING,2024-07-29,239,238,0.99581589958159,True,239,238,0.99581589958159,True,238,0.99581589958159,True
SCHEDULE_PLUS_KSEI_COVERAGE_CEILING,2024-07-30,239,238,0.99581589958159,True,239,238,0.99581589958159,True,238,0.99581589958159,True
SCHEDULE_PLUS_KSEI_COVERAGE_CEILING,2024-07-31,242,241,0.9958677685950413,True,242,241,0.9958677685950413,True,241,0.9958677685950413,True
SCHEDULE_PLUS_KSEI_COVERAGE_CEILING,2024-08-01,239,238,0.99581589958159,True,239,238,0.99581589958159,True,238,0.99581589958159,True
SCHEDULE_PLUS_KSEI_COVERAGE_CEILING,2024-08-02,239,238,0.99581589958159,True,239,238,0.99581589958159,True,238,0.99581589958159,True
SCHEDULE_PLUS_KSEI_COVERAGE_CEILING,2024-08-05,241,240,0.995850622406639,True,241,240,0.995850622406639,True,240,0.995850622406639,True
SCHEDULE_PLUS_KSEI_COVERAGE_CEILING,2024-08-06,241,240,0.995850622406639,True,241,240,0.995850622406639,True,240,0.995850622406639,True
SCHEDULE_PLUS_KSEI_COVERAGE_CEILING,2024-08-07,241,240,0.995850622406639,True,241,240,0.995850622406639,True,240,0.995850622406639,True
SCHEDULE_PLUS_KSEI_COVERAGE_CEILING,2024-08-08,242,241,0.9958677685950413,True,242,241,0.9958677685950413,True,241,0.9958677685950413,True
SCHEDULE_PLUS_KSEI_COVERAGE_CEILING,2024-08-09,242,241,0.9958677685950413,True,242,241,0.9958677685950413,True,241,0.9958677685950413,True
SCHEDULE_PLUS_KSEI_COVERAGE_CEILING,2024-08-12,244,243,0.9959016393442623,True,244,243,0.9959016393442623,True,243,0.9959016393442623,True
SCHEDULE_PLUS_KSEI_COVERAGE_CEILING,2024-08-13,244,243,0.9959016393442623,True,244,243,0.9959016393442623,True,243,0.9959016393442623,True
SCHEDULE_PLUS_KSEI_COVERAGE_CEILING,2024-08-14,243,242,0.9958847736625515,True,243,242,0.9958847736625515,True,242,0.9958847736625515,True
SCHEDULE_PLUS_KSEI_COVERAGE_CEILING,2024-08-15,245,244,0.9959183673469387,True,245,244,0.9959183673469387,True,244,0.9959183673469387,True
SCHEDULE_PLUS_KSEI_COVERAGE_CEILING,2024-08-16,246,245,0.9959349593495935,True,246,245,0.9959349593495935,True,245,0.9959349593495935,True
SCHEDULE_PLUS_KSEI_COVERAGE_CEILING,2024-08-19,246,245,0.9959349593495935,True,246,245,0.9959349593495935,True,245,0.9959349593495935,True
SCHEDULE_PLUS_KSEI_COVERAGE_CEILING,2024-08-20,245,244,0.9959183673469387,True,245,244,0.9959183673469387,True,244,0.9959183673469387,True
SCHEDULE_PLUS_KSEI_COVERAGE_CEILING,2024-08-21,244,243,0.9959016393442623,True,244,243,0.9959016393442623,True,243,0.9959016393442623,True
SCHEDULE_PLUS_KSEI_COVERAGE_CEILING,2024-08-22,244,243,0.9959016393442623,True,244,243,0.9959016393442623,True,243,0.9959016393442623,True
SCHEDULE_PLUS_KSEI_COVERAGE_CEILING,2024-08-23,242,241,0.9958677685950413,True,242,241,0.9958677685950413,True,241,0.9958677685950413,True
SCHEDULE_PLUS_KSEI_COVERAGE_CEILING,2024-08-26,243,242,0.9958847736625515,True,243,242,0.9958847736625515,True,242,0.9958847736625515,True
SCHEDULE_PLUS_KSEI_COVERAGE_CEILING,2024-08-27,242,241,0.9958677685950413,True,242,241,0.9958677685950413,True,241,0.9958677685950413,True
SCHEDULE_PLUS_KSEI_COVERAGE_CEILING,2024-08-28,242,241,0.9958677685950413,True,242,241,0.9958677685950413,True,241,0.9958677685950413,True
SCHEDULE_PLUS_KSEI_COVERAGE_CEILING,2024-08-29,243,242,0.9958847736625515,True,243,242,0.9958847736625515,True,242,0.9958847736625515,True
SCHEDULE_PLUS_KSEI_COVERAGE_CEILING,2024-08-30,242,241,0.9958677685950413,True,242,241,0.9958677685950413,True,241,0.9958677685950413,True
SCHEDULE_PLUS_KSEI_COVERAGE_CEILING,2024-09-02,245,244,0.9959183673469387,True,245,244,0.9959183673469387,True,244,0.9959183673469387,True
SCHEDULE_PLUS_KSEI_COVERAGE_CEILING,2024-09-03,247,246,0.9959514170040485,True,247,246,0.9959514170040485,True,246,0.9959514170040485,True
SCHEDULE_PLUS_KSEI_COVERAGE_CEILING,2024-09-04,248,247,0.9959677419354839,True,248,247,0.9959677419354839,True,247,0.9959677419354839,True
SCHEDULE_PLUS_KSEI_COVERAGE_CEILING,2024-09-05,247,246,0.9959514170040485,True,247,246,0.9959514170040485,True,246,0.9959514170040485,True
SCHEDULE_PLUS_KSEI_COVERAGE_CEILING,2024-09-06,242,241,0.9958677685950413,True,242,241,0.9958677685950413,True,241,0.9958677685950413,True
SCHEDULE_PLUS_KSEI_COVERAGE_CEILING,2024-09-09,243,242,0.9958847736625515,True,243,242,0.9958847736625515,True,242,0.9958847736625515,True
SCHEDULE_PLUS_KSEI_COVERAGE_CEILING,2024-09-10,244,243,0.9959016393442623,True,244,243,0.9959016393442623,True,243,0.9959016393442623,True
SCHEDULE_PLUS_KSEI_COVERAGE_CEILING,2024-09-11,245,244,0.9959183673469387,True,245,244,0.9959183673469387,True,244,0.9959183673469387,True
SCHEDULE_PLUS_KSEI_COVERAGE_CEILING,2024-09-12,246,245,0.9959349593495935,True,246,245,0.9959349593495935,True,245,0.9959349593495935,True
SCHEDULE_PLUS_KSEI_COVERAGE_CEILING,2024-09-13,246,245,0.9959349593495935,True,246,245,0.9959349593495935,True,245,0.9959349593495935,True
SCHEDULE_PLUS_KSEI_COVERAGE_CEILING,2024-09-17,248,247,0.9959677419354839,True,248,247,0.9959677419354839,True,247,0.9959677419354839,True
SCHEDULE_PLUS_KSEI_COVERAGE_CEILING,2024-09-18,245,244,0.9959183673469387,True,245,244,0.9959183673469387,True,244,0.9959183673469387,True
SCHEDULE_PLUS_KSEI_COVERAGE_CEILING,2024-09-19,246,245,0.9959349593495935,True,246,245,0.9959349593495935,True,245,0.9959349593495935,True
SCHEDULE_PLUS_KSEI_COVERAGE_CEILING,2024-09-20,246,245,0.9959349593495935,True,246,245,0.9959349593495935,True,245,0.9959349593495935,True
SCHEDULE_PLUS_KSEI_COVERAGE_CEILING,2024-09-23,246,245,0.9959349593495935,True,246,245,0.9959349593495935,True,245,0.9959349593495935,True
SCHEDULE_PLUS_KSEI_COVERAGE_CEILING,2024-09-24,247,246,0.9959514170040485,True,247,246,0.9959514170040485,True,246,0.9959514170040485,True
SCHEDULE_PLUS_KSEI_COVERAGE_CEILING,2024-09-25,246,245,0.9959349593495935,True,246,245,0.9959349593495935,True,245,0.9959349593495935,True
SCHEDULE_PLUS_KSEI_COVERAGE_CEILING,2024-09-26,248,247,0.9959677419354839,True,248,247,0.9959677419354839,True,247,0.9959677419354839,True
SCHEDULE_PLUS_KSEI_COVERAGE_CEILING,2024-09-27,247,246,0.9959514170040485,True,247,246,0.9959514170040485,True,246,0.9959514170040485,True
SCHEDULE_PLUS_KSEI_COVERAGE_CEILING,2024-09-30,248,247,0.9959677419354839,True,248,247,0.9959677419354839,True,247,0.9959677419354839,True
SCHEDULE_PLUS_KSEI_COVERAGE_CEILING,2024-10-01,248,247,0.9959677419354839,True,248,247,0.9959677419354839,True,247,0.9959677419354839,True
SCHEDULE_PLUS_KSEI_COVERAGE_CEILING,2024-10-02,248,247,0.9959677419354839,True,248,247,0.9959677419354839,True,247,0.9959677419354839,True
SCHEDULE_PLUS_KSEI_COVERAGE_CEILING,2024-10-03,247,246,0.9959514170040485,True,247,246,0.9959514170040485,True,246,0.9959514170040485,True
SCHEDULE_PLUS_KSEI_COVERAGE_CEILING,2024-10-04,249,248,0.9959839357429718,True,249,248,0.9959839357429718,True,248,0.9959839357429718,True
SCHEDULE_PLUS_KSEI_COVERAGE_CEILING,2024-10-07,248,247,0.9959677419354839,True,248,247,0.9959677419354839,True,247,0.9959677419354839,True
SCHEDULE_PLUS_KSEI_COVERAGE_CEILING,2024-10-08,246,245,0.9959349593495935,True,246,245,0.9959349593495935,True,245,0.9959349593495935,True
SCHEDULE_PLUS_KSEI_COVERAGE_CEILING,2024-10-09,247,246,0.9959514170040485,True,247,246,0.9959514170040485,True,246,0.9959514170040485,True
SCHEDULE_PLUS_KSEI_COVERAGE_CEILING,2024-10-10,249,248,0.9959839357429718,True,249,248,0.9959839357429718,True,248,0.9959839357429718,True
SCHEDULE_PLUS_KSEI_COVERAGE_CEILING,2024-10-11,249,248,0.9959839357429718,True,249,248,0.9959839357429718,True,248,0.9959839357429718,True
SCHEDULE_PLUS_KSEI_COVERAGE_CEILING,2024-10-14,249,248,0.9959839357429718,True,249,248,0.9959839357429718,True,248,0.9959839357429718,True
SCHEDULE_PLUS_KSEI_COVERAGE_CEILING,2024-10-15,249,248,0.9959839357429718,True,249,248,0.9959839357429718,True,248,0.9959839357429718,True
SCHEDULE_PLUS_KSEI_COVERAGE_CEILING,2024-10-16,249,248,0.9959839357429718,True,249,248,0.9959839357429718,True,248,0.9959839357429718,True
SCHEDULE_PLUS_KSEI_COVERAGE_CEILING,2024-10-17,249,248,0.9959839357429718,True,249,248,0.9959839357429718,True,248,0.9959839357429718,True
SCHEDULE_PLUS_KSEI_COVERAGE_CEILING,2024-10-18,251,250,0.9960159362549801,True,251,250,0.9960159362549801,True,250,0.9960159362549801,True
SCHEDULE_PLUS_KSEI_COVERAGE_CEILING,2024-10-21,250,249,0.996,True,250,249,0.996,True,249,0.996,True
SCHEDULE_PLUS_KSEI_COVERAGE_CEILING,2024-10-22,250,249,0.996,True,250,249,0.996,True,249,0.996,True
SCHEDULE_PLUS_KSEI_COVERAGE_CEILING,2024-10-23,252,251,0.996031746031746,True,252,251,0.996031746031746,True,251,0.996031746031746,True
SCHEDULE_PLUS_KSEI_COVERAGE_CEILING,2024-10-24,251,250,0.9960159362549801,True,251,250,0.9960159362549801,True,250,0.9960159362549801,True
SCHEDULE_PLUS_KSEI_COVERAGE_CEILING,2024-10-25,251,250,0.9960159362549801,True,251,250,0.9960159362549801,True,250,0.9960159362549801,True
SCHEDULE_PLUS_KSEI_COVERAGE_CEILING,2024-10-28,252,251,0.996031746031746,True,252,250,0.9920634920634921,True,250,0.9920634920634921,True
SCHEDULE_PLUS_KSEI_COVERAGE_CEILING,2024-10-29,254,253,0.9960629921259843,True,254,252,0.9921259842519685,True,252,0.9921259842519685,True
SCHEDULE_PLUS_KSEI_COVERAGE_CEILING,2024-10-30,254,253,0.9960629921259843,True,254,252,0.9921259842519685,True,252,0.9921259842519685,True
SCHEDULE_PLUS_KSEI_COVERAGE_CEILING,2024-10-31,256,255,0.99609375,True,256,254,0.9921875,True,254,0.9921875,True
SCHEDULE_PLUS_KSEI_COVERAGE_CEILING,2024-11-01,257,256,0.9961089494163424,True,257,255,0.9922178988326849,True,255,0.9922178988326849,True
SCHEDULE_PLUS_KSEI_COVERAGE_CEILING,2024-11-04,259,257,0.9922779922779923,True,259,257,0.9922779922779923,True,257,0.9922779922779923,True
SCHEDULE_PLUS_KSEI_COVERAGE_CEILING,2024-11-05,261,259,0.9923371647509579,True,261,259,0.9923371647509579,True,259,0.9923371647509579,True
SCHEDULE_PLUS_KSEI_COVERAGE_CEILING,2024-11-06,262,260,0.9923664122137404,True,262,260,0.9923664122137404,True,260,0.9923664122137404,True
SCHEDULE_PLUS_KSEI_COVERAGE_CEILING,2024-11-07,263,261,0.9923954372623575,True,263,261,0.9923954372623575,True,261,0.9923954372623575,True
SCHEDULE_PLUS_KSEI_COVERAGE_CEILING,2024-11-08,264,263,0.9962121212121212,True,264,263,0.9962121212121212,True,263,0.9962121212121212,True
SCHEDULE_PLUS_KSEI_COVERAGE_CEILING,2024-11-11,264,263,0.9962121212121212,True,264,263,0.9962121212121212,True,263,0.9962121212121212,True
SCHEDULE_PLUS_KSEI_COVERAGE_CEILING,2024-11-12,264,263,0.9962121212121212,True,264,263,0.9962121212121212,True,263,0.9962121212121212,True
SCHEDULE_PLUS_KSEI_COVERAGE_CEILING,2024-11-13,261,260,0.9961685823754789,True,261,260,0.9961685823754789,True,260,0.9961685823754789,True
SCHEDULE_PLUS_KSEI_COVERAGE_CEILING,2024-11-14,260,259,0.9961538461538462,True,260,259,0.9961538461538462,True,259,0.9961538461538462,True
SCHEDULE_PLUS_KSEI_COVERAGE_CEILING,2024-11-15,257,256,0.9961089494163424,True,257,256,0.9961089494163424,True,256,0.9961089494163424,True
SCHEDULE_PLUS_KSEI_COVERAGE_CEILING,2024-11-18,257,256,0.9961089494163424,True,257,256,0.9961089494163424,True,256,0.9961089494163424,True
SCHEDULE_PLUS_KSEI_COVERAGE_CEILING,2024-11-19,258,257,0.9961240310077519,True,258,257,0.9961240310077519,True,257,0.9961240310077519,True
SCHEDULE_PLUS_KSEI_COVERAGE_CEILING,2024-11-20,255,254,0.996078431372549,True,255,254,0.996078431372549,True,254,0.996078431372549,True
SCHEDULE_PLUS_KSEI_COVERAGE_CEILING,2024-11-21,256,255,0.99609375,True,256,255,0.99609375,True,255,0.99609375,True
SCHEDULE_PLUS_KSEI_COVERAGE_CEILING,2024-11-22,252,251,0.996031746031746,True,252,251,0.996031746031746,True,251,0.996031746031746,True
SCHEDULE_PLUS_KSEI_COVERAGE_CEILING,2024-11-25,252,251,0.996031746031746,True,252,251,0.996031746031746,True,251,0.996031746031746,True
SCHEDULE_PLUS_KSEI_COVERAGE_CEILING,2024-11-26,252,251,0.996031746031746,True,252,251,0.996031746031746,True,251,0.996031746031746,True
SCHEDULE_PLUS_KSEI_COVERAGE_CEILING,2024-11-28,252,251,0.996031746031746,True,252,251,0.996031746031746,True,251,0.996031746031746,True
SCHEDULE_PLUS_KSEI_COVERAGE_CEILING,2024-11-29,252,251,0.996031746031746,True,252,251,0.996031746031746,True,251,0.996031746031746,True
SCHEDULE_PLUS_KSEI_COVERAGE_CEILING,2024-12-02,251,250,0.9960159362549801,True,251,250,0.9960159362549801,True,250,0.9960159362549801,True
SCHEDULE_PLUS_KSEI_COVERAGE_CEILING,2024-12-03,249,248,0.9959839357429718,True,249,248,0.9959839357429718,True,248,0.9959839357429718,True
SCHEDULE_PLUS_KSEI_COVERAGE_CEILING,2024-12-04,252,251,0.996031746031746,True,252,251,0.996031746031746,True,251,0.996031746031746,True
SCHEDULE_PLUS_KSEI_COVERAGE_CEILING,2024-12-05,252,251,0.996031746031746,True,252,251,0.996031746031746,True,251,0.996031746031746,True
SCHEDULE_PLUS_KSEI_COVERAGE_CEILING,2024-12-06,251,250,0.9960159362549801,True,251,250,0.9960159362549801,True,250,0.9960159362549801,True
SCHEDULE_PLUS_KSEI_COVERAGE_CEILING,2024-12-09,250,249,0.996,True,250,249,0.996,True,249,0.996,True
SCHEDULE_PLUS_KSEI_COVERAGE_CEILING,2024-12-10,252,251,0.996031746031746,True,252,251,0.996031746031746,True,251,0.996031746031746,True
SCHEDULE_PLUS_KSEI_COVERAGE_CEILING,2024-12-11,255,254,0.996078431372549,True,255,254,0.996078431372549,True,254,0.996078431372549,True
SCHEDULE_PLUS_KSEI_COVERAGE_CEILING,2024-12-12,257,256,0.9961089494163424,True,257,256,0.9961089494163424,True,256,0.9961089494163424,True
SCHEDULE_PLUS_KSEI_COVERAGE_CEILING,2024-12-13,256,255,0.99609375,True,256,254,0.9921875,True,254,0.9921875,True
SCHEDULE_PLUS_KSEI_COVERAGE_CEILING,2024-12-16,256,255,0.99609375,True,256,254,0.9921875,True,254,0.9921875,True
SCHEDULE_PLUS_KSEI_COVERAGE_CEILING,2024-12-17,254,253,0.9960629921259843,True,254,252,0.9921259842519685,True,252,0.9921259842519685,True
SCHEDULE_PLUS_KSEI_COVERAGE_CEILING,2024-12-18,255,254,0.996078431372549,True,255,253,0.9921568627450981,True,253,0.9921568627450981,True
SCHEDULE_PLUS_KSEI_COVERAGE_CEILING,2024-12-19,254,253,0.9960629921259843,True,254,252,0.9921259842519685,True,252,0.9921259842519685,True
SCHEDULE_PLUS_KSEI_COVERAGE_CEILING,2024-12-20,253,251,0.9920948616600791,True,253,251,0.9920948616600791,True,251,0.9920948616600791,True
SCHEDULE_PLUS_KSEI_COVERAGE_CEILING,2024-12-23,249,247,0.9919678714859438,True,249,247,0.9919678714859438,True,247,0.9919678714859438,True
SCHEDULE_PLUS_KSEI_COVERAGE_CEILING,2024-12-24,252,250,0.9920634920634921,True,252,250,0.9920634920634921,True,250,0.9920634920634921,True
SCHEDULE_PLUS_KSEI_COVERAGE_CEILING,2024-12-27,251,249,0.9920318725099602,True,251,249,0.9920318725099602,True,249,0.9920318725099602,True
SCHEDULE_PLUS_KSEI_COVERAGE_CEILING,2024-12-30,248,247,0.9959677419354839,True,248,247,0.9959677419354839,True,247,0.9959677419354839,True
SCHEDULE_PLUS_KSEI_COVERAGE_CEILING,2025-01-02,250,249,0.996,True,250,249,0.996,True,249,0.996,True
SCHEDULE_PLUS_KSEI_COVERAGE_CEILING,2025-01-03,250,249,0.996,True,250,249,0.996,True,249,0.996,True
SCHEDULE_PLUS_KSEI_COVERAGE_CEILING,2025-01-06,248,247,0.9959677419354839,True,248,247,0.9959677419354839,True,247,0.9959677419354839,True
SCHEDULE_PLUS_KSEI_COVERAGE_CEILING,2025-01-07,250,249,0.996,True,250,249,0.996,True,249,0.996,True
SCHEDULE_PLUS_KSEI_COVERAGE_CEILING,2025-01-08,250,249,0.996,True,250,249,0.996,True,249,0.996,True
SCHEDULE_PLUS_KSEI_COVERAGE_CEILING,2025-01-09,246,245,0.9959349593495935,True,246,245,0.9959349593495935,True,245,0.9959349593495935,True
SCHEDULE_PLUS_KSEI_COVERAGE_CEILING,2025-01-10,244,243,0.9959016393442623,True,244,243,0.9959016393442623,True,243,0.9959016393442623,True
SCHEDULE_PLUS_KSEI_COVERAGE_CEILING,2025-01-13,242,241,0.9958677685950413,True,242,241,0.9958677685950413,True,241,0.9958677685950413,True
SCHEDULE_PLUS_KSEI_COVERAGE_CEILING,2025-01-14,240,239,0.9958333333333333,True,240,239,0.9958333333333333,True,239,0.9958333333333333,True
SCHEDULE_PLUS_KSEI_COVERAGE_CEILING,2025-01-15,240,239,0.9958333333333333,True,240,239,0.9958333333333333,True,239,0.9958333333333333,True
SCHEDULE_PLUS_KSEI_COVERAGE_CEILING,2025-01-16,240,239,0.9958333333333333,True,240,239,0.9958333333333333,True,239,0.9958333333333333,True
SCHEDULE_PLUS_KSEI_COVERAGE_CEILING,2025-01-17,239,238,0.99581589958159,True,239,238,0.99581589958159,True,238,0.99581589958159,True
SCHEDULE_PLUS_KSEI_COVERAGE_CEILING,2025-01-20,238,237,0.9957983193277311,True,238,237,0.9957983193277311,True,237,0.9957983193277311,True
SCHEDULE_PLUS_KSEI_COVERAGE_CEILING,2025-01-21,240,239,0.9958333333333333,True,240,239,0.9958333333333333,True,239,0.9958333333333333,True
SCHEDULE_PLUS_KSEI_COVERAGE_CEILING,2025-01-22,240,239,0.9958333333333333,True,240,239,0.9958333333333333,True,239,0.9958333333333333,True
SCHEDULE_PLUS_KSEI_COVERAGE_CEILING,2025-01-23,240,239,0.9958333333333333,True,240,239,0.9958333333333333,True,239,0.9958333333333333,True
SCHEDULE_PLUS_KSEI_COVERAGE_CEILING,2025-01-24,240,239,0.9958333333333333,True,240,239,0.9958333333333333,True,239,0.9958333333333333,True
SCHEDULE_PLUS_KSEI_COVERAGE_CEILING,2025-01-30,240,239,0.9958333333333333,True,240,239,0.9958333333333333,True,239,0.9958333333333333,True
SCHEDULE_PLUS_KSEI_COVERAGE_CEILING,2025-01-31,235,234,0.9957446808510638,True,235,234,0.9957446808510638,True,234,0.9957446808510638,True
SCHEDULE_PLUS_KSEI_COVERAGE_CEILING,2025-02-03,236,235,0.9957627118644068,True,236,235,0.9957627118644068,True,235,0.9957627118644068,True
SCHEDULE_PLUS_KSEI_COVERAGE_CEILING,2025-02-04,230,229,0.9956521739130435,True,230,229,0.9956521739130435,True,229,0.9956521739130435,True
SCHEDULE_PLUS_KSEI_COVERAGE_CEILING,2025-02-05,229,228,0.9956331877729258,True,229,228,0.9956331877729258,True,228,0.9956331877729258,True
SCHEDULE_PLUS_KSEI_COVERAGE_CEILING,2025-02-06,231,230,0.9956709956709957,True,231,230,0.9956709956709957,True,230,0.9956709956709957,True
SCHEDULE_PLUS_KSEI_COVERAGE_CEILING,2025-02-07,234,233,0.9957264957264957,True,234,233,0.9957264957264957,True,233,0.9957264957264957,True
SCHEDULE_PLUS_KSEI_COVERAGE_CEILING,2025-02-10,235,234,0.9957446808510638,True,235,234,0.9957446808510638,True,234,0.9957446808510638,True
SCHEDULE_PLUS_KSEI_COVERAGE_CEILING,2025-02-11,236,235,0.9957627118644068,True,236,235,0.9957627118644068,True,235,0.9957627118644068,True
SCHEDULE_PLUS_KSEI_COVERAGE_CEILING,2025-02-12,235,234,0.9957446808510638,True,235,234,0.9957446808510638,True,234,0.9957446808510638,True
SCHEDULE_PLUS_KSEI_COVERAGE_CEILING,2025-02-13,238,237,0.9957983193277311,True,238,237,0.9957983193277311,True,237,0.9957983193277311,True
SCHEDULE_PLUS_KSEI_COVERAGE_CEILING,2025-02-14,237,236,0.9957805907172996,True,237,236,0.9957805907172996,True,236,0.9957805907172996,True
SCHEDULE_PLUS_KSEI_COVERAGE_CEILING,2025-02-17,232,231,0.9956896551724138,True,232,231,0.9956896551724138,True,231,0.9956896551724138,True
SCHEDULE_PLUS_KSEI_COVERAGE_CEILING,2025-02-18,234,233,0.9957264957264957,True,234,233,0.9957264957264957,True,233,0.9957264957264957,True
SCHEDULE_PLUS_KSEI_COVERAGE_CEILING,2025-02-19,234,233,0.9957264957264957,True,234,233,0.9957264957264957,True,233,0.9957264957264957,True
SCHEDULE_PLUS_KSEI_COVERAGE_CEILING,2025-02-20,234,233,0.9957264957264957,True,234,233,0.9957264957264957,True,233,0.9957264957264957,True
SCHEDULE_PLUS_KSEI_COVERAGE_CEILING,2025-02-21,233,232,0.9957081545064378,True,233,232,0.9957081545064378,True,232,0.9957081545064378,True
SCHEDULE_PLUS_KSEI_COVERAGE_CEILING,2025-02-24,233,232,0.9957081545064378,True,233,232,0.9957081545064378,True,232,0.9957081545064378,True
SCHEDULE_PLUS_KSEI_COVERAGE_CEILING,2025-02-25,230,229,0.9956521739130435,True,230,229,0.9956521739130435,True,229,0.9956521739130435,True
SCHEDULE_PLUS_KSEI_COVERAGE_CEILING,2025-02-26,232,231,0.9956896551724138,True,232,231,0.9956896551724138,True,231,0.9956896551724138,True
SCHEDULE_PLUS_KSEI_COVERAGE_CEILING,2025-02-27,230,229,0.9956521739130435,True,230,229,0.9956521739130435,True,229,0.9956521739130435,True
SCHEDULE_PLUS_KSEI_COVERAGE_CEILING,2025-02-28,231,230,0.9956709956709957,True,231,230,0.9956709956709957,True,230,0.9956709956709957,True
SCHEDULE_PLUS_KSEI_COVERAGE_CEILING,2025-03-03,234,233,0.9957264957264957,True,234,233,0.9957264957264957,True,233,0.9957264957264957,True
SCHEDULE_PLUS_KSEI_COVERAGE_CEILING,2025-03-04,233,232,0.9957081545064378,True,233,232,0.9957081545064378,True,232,0.9957081545064378,True
SCHEDULE_PLUS_KSEI_COVERAGE_CEILING,2025-03-05,236,235,0.9957627118644068,True,236,235,0.9957627118644068,True,235,0.9957627118644068,True
SCHEDULE_PLUS_KSEI_COVERAGE_CEILING,2025-03-06,236,235,0.9957627118644068,True,236,235,0.9957627118644068,True,235,0.9957627118644068,True
SCHEDULE_PLUS_KSEI_COVERAGE_CEILING,2025-03-07,236,235,0.9957627118644068,True,236,235,0.9957627118644068,True,235,0.9957627118644068,True
SCHEDULE_PLUS_KSEI_COVERAGE_CEILING,2025-03-10,234,233,0.9957264957264957,True,234,233,0.9957264957264957,True,233,0.9957264957264957,True
SCHEDULE_PLUS_KSEI_COVERAGE_CEILING,2025-03-11,235,234,0.9957446808510638,True,235,234,0.9957446808510638,True,234,0.9957446808510638,True
SCHEDULE_PLUS_KSEI_COVERAGE_CEILING,2025-03-12,235,234,0.9957446808510638,True,235,234,0.9957446808510638,True,234,0.9957446808510638,True
SCHEDULE_PLUS_KSEI_COVERAGE_CEILING,2025-03-13,235,234,0.9957446808510638,True,235,234,0.9957446808510638,True,234,0.9957446808510638,True
SCHEDULE_PLUS_KSEI_COVERAGE_CEILING,2025-03-14,234,233,0.9957264957264957,True,234,233,0.9957264957264957,True,233,0.9957264957264957,True
SCHEDULE_PLUS_KSEI_COVERAGE_CEILING,2025-03-17,234,233,0.9957264957264957,True,234,233,0.9957264957264957,True,233,0.9957264957264957,True
SCHEDULE_PLUS_KSEI_COVERAGE_CEILING,2025-03-18,234,233,0.9957264957264957,True,234,233,0.9957264957264957,True,233,0.9957264957264957,True
SCHEDULE_PLUS_KSEI_COVERAGE_CEILING,2025-03-19,234,233,0.9957264957264957,True,234,233,0.9957264957264957,True,233,0.9957264957264957,True
SCHEDULE_PLUS_KSEI_COVERAGE_CEILING,2025-03-20,234,233,0.9957264957264957,True,234,233,0.9957264957264957,True,233,0.9957264957264957,True
SCHEDULE_PLUS_KSEI_COVERAGE_CEILING,2025-03-21,233,232,0.9957081545064378,True,233,232,0.9957081545064378,True,232,0.9957081545064378,True
SCHEDULE_PLUS_KSEI_COVERAGE_CEILING,2025-03-24,231,230,0.9956709956709957,True,231,230,0.9956709956709957,True,230,0.9956709956709957,True
SCHEDULE_PLUS_KSEI_COVERAGE_CEILING,2025-03-25,234,233,0.9957264957264957,True,234,233,0.9957264957264957,True,233,0.9957264957264957,True
SCHEDULE_PLUS_KSEI_COVERAGE_CEILING,2025-03-26,232,231,0.9956896551724138,True,232,231,0.9956896551724138,True,231,0.9956896551724138,True
SCHEDULE_PLUS_KSEI_COVERAGE_CEILING,2025-03-27,232,231,0.9956896551724138,True,232,231,0.9956896551724138,True,231,0.9956896551724138,True
SCHEDULE_PLUS_KSEI_COVERAGE_CEILING,2025-04-08,229,228,0.9956331877729258,True,229,228,0.9956331877729258,True,228,0.9956331877729258,True
SCHEDULE_PLUS_KSEI_COVERAGE_CEILING,2025-04-09,228,227,0.9956140350877193,True,228,227,0.9956140350877193,True,227,0.9956140350877193,True
SCHEDULE_PLUS_KSEI_COVERAGE_CEILING,2025-04-10,228,227,0.9956140350877193,True,228,227,0.9956140350877193,True,227,0.9956140350877193,True
SCHEDULE_PLUS_KSEI_COVERAGE_CEILING,2025-04-11,229,228,0.9956331877729258,True,229,228,0.9956331877729258,True,228,0.9956331877729258,True
SCHEDULE_PLUS_KSEI_COVERAGE_CEILING,2025-04-14,229,228,0.9956331877729258,True,229,228,0.9956331877729258,True,228,0.9956331877729258,True
SCHEDULE_PLUS_KSEI_COVERAGE_CEILING,2025-04-15,230,229,0.9956521739130435,True,230,229,0.9956521739130435,True,229,0.9956521739130435,True
SCHEDULE_PLUS_KSEI_COVERAGE_CEILING,2025-04-16,231,230,0.9956709956709957,True,231,230,0.9956709956709957,True,230,0.9956709956709957,True
SCHEDULE_PLUS_KSEI_COVERAGE_CEILING,2025-04-17,229,228,0.9956331877729258,True,229,228,0.9956331877729258,True,228,0.9956331877729258,True
SCHEDULE_PLUS_KSEI_COVERAGE_CEILING,2025-04-21,228,227,0.9956140350877193,True,228,227,0.9956140350877193,True,227,0.9956140350877193,True
SCHEDULE_PLUS_KSEI_COVERAGE_CEILING,2025-04-22,228,227,0.9956140350877193,True,228,227,0.9956140350877193,True,227,0.9956140350877193,True
SCHEDULE_PLUS_KSEI_COVERAGE_CEILING,2025-04-23,226,225,0.995575221238938,True,226,225,0.995575221238938,True,225,0.995575221238938,True
SCHEDULE_PLUS_KSEI_COVERAGE_CEILING,2025-04-24,226,225,0.995575221238938,True,226,225,0.995575221238938,True,225,0.995575221238938,True
SCHEDULE_PLUS_KSEI_COVERAGE_CEILING,2025-04-25,227,226,0.9955947136563876,True,227,226,0.9955947136563876,True,226,0.9955947136563876,True
SCHEDULE_PLUS_KSEI_COVERAGE_CEILING,2025-04-28,225,224,0.9955555555555555,True,225,224,0.9955555555555555,True,224,0.9955555555555555,True
SCHEDULE_PLUS_KSEI_COVERAGE_CEILING,2025-04-29,224,223,0.9955357142857143,True,224,223,0.9955357142857143,True,223,0.9955357142857143,True
SCHEDULE_PLUS_KSEI_COVERAGE_CEILING,2025-04-30,222,221,0.9954954954954955,True,222,221,0.9954954954954955,True,221,0.9954954954954955,True
SCHEDULE_PLUS_KSEI_COVERAGE_CEILING,2025-05-02,226,225,0.995575221238938,True,226,225,0.995575221238938,True,225,0.995575221238938,True
SCHEDULE_PLUS_KSEI_COVERAGE_CEILING,2025-05-05,225,224,0.9955555555555555,True,225,224,0.9955555555555555,True,224,0.9955555555555555,True
SCHEDULE_PLUS_KSEI_COVERAGE_CEILING,2025-05-06,226,225,0.995575221238938,True,226,225,0.995575221238938,True,225,0.995575221238938,True
SCHEDULE_PLUS_KSEI_COVERAGE_CEILING,2025-05-07,225,224,0.9955555555555555,True,225,224,0.9955555555555555,True,224,0.9955555555555555,True
SCHEDULE_PLUS_KSEI_COVERAGE_CEILING,2025-05-08,226,225,0.995575221238938,True,226,225,0.995575221238938,True,225,0.995575221238938,True
SCHEDULE_PLUS_KSEI_COVERAGE_CEILING,2025-05-09,224,223,0.9955357142857143,True,224,223,0.9955357142857143,True,223,0.9955357142857143,True
SCHEDULE_PLUS_KSEI_COVERAGE_CEILING,2025-05-14,223,222,0.9955156950672646,True,223,222,0.9955156950672646,True,222,0.9955156950672646,True
SCHEDULE_PLUS_KSEI_COVERAGE_CEILING,2025-05-15,227,226,0.9955947136563876,True,227,226,0.9955947136563876,True,226,0.9955947136563876,True
SCHEDULE_PLUS_KSEI_COVERAGE_CEILING,2025-05-16,227,226,0.9955947136563876,True,227,226,0.9955947136563876,True,226,0.9955947136563876,True
SCHEDULE_PLUS_KSEI_COVERAGE_CEILING,2025-05-19,228,227,0.9956140350877193,True,228,226,0.9912280701754386,True,226,0.9912280701754386,True
SCHEDULE_PLUS_KSEI_COVERAGE_CEILING,2025-05-20,227,225,0.9911894273127754,True,227,225,0.9911894273127754,True,225,0.9911894273127754,True
SCHEDULE_PLUS_KSEI_COVERAGE_CEILING,2025-05-21,228,226,0.9912280701754386,True,228,224,0.9824561403508771,True,224,0.9824561403508771,True
SCHEDULE_PLUS_KSEI_COVERAGE_CEILING,2025-05-22,229,227,0.9912663755458515,True,229,225,0.982532751091703,True,225,0.982532751091703,True
SCHEDULE_PLUS_KSEI_COVERAGE_CEILING,2025-05-23,229,227,0.9912663755458515,True,229,225,0.982532751091703,True,225,0.982532751091703,True
SCHEDULE_PLUS_KSEI_COVERAGE_CEILING,2025-05-26,230,229,0.9956521739130435,True,230,227,0.9869565217391304,True,227,0.9869565217391304,True
SCHEDULE_PLUS_KSEI_COVERAGE_CEILING,2025-05-27,233,232,0.9957081545064378,True,233,230,0.9871244635193133,True,230,0.9871244635193133,True
SCHEDULE_PLUS_KSEI_COVERAGE_CEILING,2025-05-28,235,232,0.9872340425531915,True,235,232,0.9872340425531915,True,232,0.9872340425531915,True
SCHEDULE_PLUS_KSEI_COVERAGE_CEILING,2025-06-02,236,233,0.9872881355932204,True,236,233,0.9872881355932204,True,233,0.9872881355932204,True
SCHEDULE_PLUS_KSEI_COVERAGE_CEILING,2025-06-03,235,232,0.9872340425531915,True,235,232,0.9872340425531915,True,232,0.9872340425531915,True
SCHEDULE_PLUS_KSEI_COVERAGE_CEILING,2025-06-04,235,232,0.9872340425531915,True,235,232,0.9872340425531915,True,232,0.9872340425531915,True
SCHEDULE_PLUS_KSEI_COVERAGE_CEILING,2025-06-05,237,236,0.9957805907172996,True,237,236,0.9957805907172996,True,236,0.9957805907172996,True
SCHEDULE_PLUS_KSEI_COVERAGE_CEILING,2025-06-10,238,237,0.9957983193277311,True,238,237,0.9957983193277311,True,237,0.9957983193277311,True
SCHEDULE_PLUS_KSEI_COVERAGE_CEILING,2025-06-11,238,237,0.9957983193277311,True,238,237,0.9957983193277311,True,237,0.9957983193277311,True
SCHEDULE_PLUS_KSEI_COVERAGE_CEILING,2025-06-12,238,237,0.9957983193277311,True,238,237,0.9957983193277311,True,237,0.9957983193277311,True
SCHEDULE_PLUS_KSEI_COVERAGE_CEILING,2025-06-13,241,240,0.995850622406639,True,241,240,0.995850622406639,True,240,0.995850622406639,True
SCHEDULE_PLUS_KSEI_COVERAGE_CEILING,2025-06-16,241,240,0.995850622406639,True,241,240,0.995850622406639,True,240,0.995850622406639,True
SCHEDULE_PLUS_KSEI_COVERAGE_CEILING,2025-06-17,240,239,0.9958333333333333,True,240,238,0.9916666666666667,True,238,0.9916666666666667,True
SCHEDULE_PLUS_KSEI_COVERAGE_CEILING,2025-06-18,239,238,0.99581589958159,True,239,237,0.9916317991631799,True,237,0.9916317991631799,True
SCHEDULE_PLUS_KSEI_COVERAGE_CEILING,2025-06-19,240,239,0.9958333333333333,True,240,238,0.9916666666666667,True,238,0.9916666666666667,True
SCHEDULE_PLUS_KSEI_COVERAGE_CEILING,2025-06-20,239,238,0.99581589958159,True,239,236,0.9874476987447699,True,236,0.9874476987447699,True
SCHEDULE_PLUS_KSEI_COVERAGE_CEILING,2025-06-23,239,238,0.99581589958159,True,239,236,0.9874476987447699,True,236,0.9874476987447699,True
SCHEDULE_PLUS_KSEI_COVERAGE_CEILING,2025-06-24,241,239,0.991701244813278,True,241,237,0.983402489626556,True,237,0.983402489626556,True
SCHEDULE_PLUS_KSEI_COVERAGE_CEILING,2025-06-25,243,241,0.9917695473251029,True,243,239,0.9835390946502057,True,239,0.9835390946502057,True
SCHEDULE_PLUS_KSEI_COVERAGE_CEILING,2025-06-26,244,242,0.9918032786885246,True,244,240,0.9836065573770492,True,240,0.9836065573770492,True
SCHEDULE_PLUS_KSEI_COVERAGE_CEILING,2025-06-30,244,241,0.9877049180327869,True,244,240,0.9836065573770492,True,240,0.9836065573770492,True
SCHEDULE_PLUS_KSEI_COVERAGE_CEILING,2025-07-01,242,240,0.9917355371900827,True,242,239,0.987603305785124,True,239,0.987603305785124,True
SCHEDULE_PLUS_KSEI_COVERAGE_CEILING,2025-07-02,241,238,0.9875518672199171,True,241,238,0.9875518672199171,True,238,0.9875518672199171,True
SCHEDULE_PLUS_KSEI_COVERAGE_CEILING,2025-07-03,242,239,0.987603305785124,True,242,239,0.987603305785124,True,239,0.987603305785124,True
SCHEDULE_PLUS_KSEI_COVERAGE_CEILING,2025-07-04,244,242,0.9918032786885246,True,244,242,0.9918032786885246,True,242,0.9918032786885246,True
SCHEDULE_PLUS_KSEI_COVERAGE_CEILING,2025-07-07,242,240,0.9917355371900827,True,242,240,0.9917355371900827,True,240,0.9917355371900827,True
SCHEDULE_PLUS_KSEI_COVERAGE_CEILING,2025-07-08,242,241,0.9958677685950413,True,242,241,0.9958677685950413,True,241,0.9958677685950413,True
SCHEDULE_PLUS_KSEI_COVERAGE_CEILING,2025-07-09,241,240,0.995850622406639,True,241,240,0.995850622406639,True,240,0.995850622406639,True
SCHEDULE_PLUS_KSEI_COVERAGE_CEILING,2025-07-10,242,241,0.9958677685950413,True,242,241,0.9958677685950413,True,241,0.9958677685950413,True
SCHEDULE_PLUS_KSEI_COVERAGE_CEILING,2025-07-11,242,241,0.9958677685950413,True,242,241,0.9958677685950413,True,241,0.9958677685950413,True
SCHEDULE_PLUS_KSEI_COVERAGE_CEILING,2025-07-14,242,241,0.9958677685950413,True,242,241,0.9958677685950413,True,241,0.9958677685950413,True
SCHEDULE_PLUS_KSEI_COVERAGE_CEILING,2025-07-15,244,243,0.9959016393442623,True,244,243,0.9959016393442623,True,243,0.9959016393442623,True
SCHEDULE_PLUS_KSEI_COVERAGE_CEILING,2025-07-16,245,244,0.9959183673469387,True,245,244,0.9959183673469387,True,244,0.9959183673469387,True
SCHEDULE_PLUS_KSEI_COVERAGE_CEILING,2025-07-17,247,246,0.9959514170040485,True,247,246,0.9959514170040485,True,246,0.9959514170040485,True
SCHEDULE_PLUS_KSEI_COVERAGE_CEILING,2025-07-18,248,247,0.9959677419354839,True,248,247,0.9959677419354839,True,247,0.9959677419354839,True
SCHEDULE_PLUS_KSEI_COVERAGE_CEILING,2025-07-21,250,249,0.996,True,250,249,0.996,True,249,0.996,True
SCHEDULE_PLUS_KSEI_COVERAGE_CEILING,2025-07-22,250,249,0.996,True,250,249,0.996,True,249,0.996,True
SCHEDULE_PLUS_KSEI_COVERAGE_CEILING,2025-07-23,250,249,0.996,True,250,249,0.996,True,249,0.996,True
SCHEDULE_PLUS_KSEI_COVERAGE_CEILING,2025-07-24,249,248,0.9959839357429718,True,249,248,0.9959839357429718,True,248,0.9959839357429718,True
SCHEDULE_PLUS_KSEI_COVERAGE_CEILING,2025-07-25,251,250,0.9960159362549801,True,251,250,0.9960159362549801,True,250,0.9960159362549801,True
SCHEDULE_PLUS_KSEI_COVERAGE_CEILING,2025-07-28,252,251,0.996031746031746,True,252,251,0.996031746031746,True,251,0.996031746031746,True
SCHEDULE_PLUS_KSEI_COVERAGE_CEILING,2025-07-29,255,254,0.996078431372549,True,255,254,0.996078431372549,True,254,0.996078431372549,True
SCHEDULE_PLUS_KSEI_COVERAGE_CEILING,2025-07-30,256,255,0.99609375,True,256,255,0.99609375,True,255,0.99609375,True
SCHEDULE_PLUS_KSEI_COVERAGE_CEILING,2025-07-31,256,255,0.99609375,True,256,255,0.99609375,True,255,0.99609375,True
SCHEDULE_PLUS_KSEI_COVERAGE_CEILING,2025-08-01,256,255,0.99609375,True,256,255,0.99609375,True,255,0.99609375,True
SCHEDULE_PLUS_KSEI_COVERAGE_CEILING,2025-08-04,258,257,0.9961240310077519,True,258,257,0.9961240310077519,True,257,0.9961240310077519,True
SCHEDULE_PLUS_KSEI_COVERAGE_CEILING,2025-08-05,259,258,0.9961389961389961,True,259,258,0.9961389961389961,True,258,0.9961389961389961,True
SCHEDULE_PLUS_KSEI_COVERAGE_CEILING,2025-08-06,261,260,0.9961685823754789,True,261,260,0.9961685823754789,True,260,0.9961685823754789,True
SCHEDULE_PLUS_KSEI_COVERAGE_CEILING,2025-08-07,262,261,0.9961832061068703,True,262,261,0.9961832061068703,True,261,0.9961832061068703,True
SCHEDULE_PLUS_KSEI_COVERAGE_CEILING,2025-08-08,267,266,0.9962546816479401,True,267,266,0.9962546816479401,True,266,0.9962546816479401,True
SCHEDULE_PLUS_KSEI_COVERAGE_CEILING,2025-08-11,266,265,0.9962406015037594,True,266,265,0.9962406015037594,True,265,0.9962406015037594,True
SCHEDULE_PLUS_KSEI_COVERAGE_CEILING,2025-08-12,266,265,0.9962406015037594,True,266,265,0.9962406015037594,True,265,0.9962406015037594,True
SCHEDULE_PLUS_KSEI_COVERAGE_CEILING,2025-08-13,267,266,0.9962546816479401,True,267,266,0.9962546816479401,True,266,0.9962546816479401,True
SCHEDULE_PLUS_KSEI_COVERAGE_CEILING,2025-08-14,266,265,0.9962406015037594,True,266,265,0.9962406015037594,True,265,0.9962406015037594,True
SCHEDULE_PLUS_KSEI_COVERAGE_CEILING,2025-08-15,268,267,0.996268656716418,True,268,267,0.996268656716418,True,267,0.996268656716418,True
SCHEDULE_PLUS_KSEI_COVERAGE_CEILING,2025-08-19,267,266,0.9962546816479401,True,267,266,0.9962546816479401,True,266,0.9962546816479401,True
SCHEDULE_PLUS_KSEI_COVERAGE_CEILING,2025-08-20,268,267,0.996268656716418,True,268,267,0.996268656716418,True,267,0.996268656716418,True
SCHEDULE_PLUS_KSEI_COVERAGE_CEILING,2025-08-21,266,265,0.9962406015037594,True,266,265,0.9962406015037594,True,265,0.9962406015037594,True
SCHEDULE_PLUS_KSEI_COVERAGE_CEILING,2025-08-22,268,267,0.996268656716418,True,268,267,0.996268656716418,True,267,0.996268656716418,True
SCHEDULE_PLUS_KSEI_COVERAGE_CEILING,2025-08-25,269,268,0.9962825278810409,True,269,268,0.9962825278810409,True,268,0.9962825278810409,True
SCHEDULE_PLUS_KSEI_COVERAGE_CEILING,2025-08-26,269,268,0.9962825278810409,True,269,268,0.9962825278810409,True,268,0.9962825278810409,True
SCHEDULE_PLUS_KSEI_COVERAGE_CEILING,2025-08-27,273,272,0.9963369963369964,True,273,272,0.9963369963369964,True,272,0.9963369963369964,True
SCHEDULE_PLUS_KSEI_COVERAGE_CEILING,2025-08-28,273,272,0.9963369963369964,True,273,272,0.9963369963369964,True,272,0.9963369963369964,True
SCHEDULE_PLUS_KSEI_COVERAGE_CEILING,2025-08-29,271,270,0.996309963099631,True,271,270,0.996309963099631,True,270,0.996309963099631,True
SCHEDULE_PLUS_KSEI_COVERAGE_CEILING,2025-09-01,275,274,0.9963636363636363,True,275,274,0.9963636363636363,True,274,0.9963636363636363,True
SCHEDULE_PLUS_KSEI_COVERAGE_CEILING,2025-09-02,276,275,0.9963768115942029,True,276,275,0.9963768115942029,True,275,0.9963768115942029,True
SCHEDULE_PLUS_KSEI_COVERAGE_CEILING,2025-09-03,278,277,0.9964028776978417,True,278,277,0.9964028776978417,True,277,0.9964028776978417,True
SCHEDULE_PLUS_KSEI_COVERAGE_CEILING,2025-09-04,279,278,0.996415770609319,True,279,278,0.996415770609319,True,278,0.996415770609319,True
SCHEDULE_PLUS_KSEI_COVERAGE_CEILING,2025-09-08,281,280,0.99644128113879,True,281,280,0.99644128113879,True,280,0.99644128113879,True
SCHEDULE_PLUS_KSEI_COVERAGE_CEILING,2025-09-09,282,281,0.9964539007092199,True,282,281,0.9964539007092199,True,281,0.9964539007092199,True
SCHEDULE_PLUS_KSEI_COVERAGE_CEILING,2025-09-10,283,282,0.9964664310954063,True,283,282,0.9964664310954063,True,282,0.9964664310954063,True
SCHEDULE_PLUS_KSEI_COVERAGE_CEILING,2025-09-11,287,286,0.9965156794425087,True,287,286,0.9965156794425087,True,286,0.9965156794425087,True
SCHEDULE_PLUS_KSEI_COVERAGE_CEILING,2025-09-12,289,288,0.9965397923875432,True,289,288,0.9965397923875432,True,288,0.9965397923875432,True
SCHEDULE_PLUS_KSEI_COVERAGE_CEILING,2025-09-15,289,288,0.9965397923875432,True,289,288,0.9965397923875432,True,288,0.9965397923875432,True
SCHEDULE_PLUS_KSEI_COVERAGE_CEILING,2025-09-16,293,292,0.9965870307167235,True,293,292,0.9965870307167235,True,292,0.9965870307167235,True
SCHEDULE_PLUS_KSEI_COVERAGE_CEILING,2025-09-17,293,292,0.9965870307167235,True,293,292,0.9965870307167235,True,292,0.9965870307167235,True
SCHEDULE_PLUS_KSEI_COVERAGE_CEILING,2025-09-18,298,297,0.9966442953020134,True,298,297,0.9966442953020134,True,297,0.9966442953020134,True
SCHEDULE_PLUS_KSEI_COVERAGE_CEILING,2025-09-19,298,297,0.9966442953020134,True,298,297,0.9966442953020134,True,297,0.9966442953020134,True
SCHEDULE_PLUS_KSEI_COVERAGE_CEILING,2025-09-22,299,298,0.9966555183946488,True,299,298,0.9966555183946488,True,298,0.9966555183946488,True
SCHEDULE_PLUS_KSEI_COVERAGE_CEILING,2025-09-23,304,303,0.9967105263157895,True,304,303,0.9967105263157895,True,303,0.9967105263157895,True
SCHEDULE_PLUS_KSEI_COVERAGE_CEILING,2025-09-24,306,305,0.9967320261437909,True,306,305,0.9967320261437909,True,305,0.9967320261437909,True
SCHEDULE_PLUS_KSEI_COVERAGE_CEILING,2025-09-25,311,310,0.9967845659163987,True,311,310,0.9967845659163987,True,310,0.9967845659163987,True
SCHEDULE_PLUS_KSEI_COVERAGE_CEILING,2025-09-26,311,310,0.9967845659163987,True,311,310,0.9967845659163987,True,310,0.9967845659163987,True
SCHEDULE_PLUS_KSEI_COVERAGE_CEILING,2025-09-29,316,315,0.9968354430379747,True,316,315,0.9968354430379747,True,315,0.9968354430379747,True
SCHEDULE_PLUS_KSEI_COVERAGE_CEILING,2025-09-30,316,315,0.9968354430379747,True,316,315,0.9968354430379747,True,315,0.9968354430379747,True
SCHEDULE_PLUS_KSEI_COVERAGE_CEILING,2025-10-01,323,322,0.9969040247678018,True,323,322,0.9969040247678018,True,322,0.9969040247678018,True
SCHEDULE_PLUS_KSEI_COVERAGE_CEILING,2025-10-02,330,329,0.996969696969697,True,330,329,0.996969696969697,True,329,0.996969696969697,True
SCHEDULE_PLUS_KSEI_COVERAGE_CEILING,2025-10-03,334,333,0.9970059880239521,True,334,333,0.9970059880239521,True,333,0.9970059880239521,True
SCHEDULE_PLUS_KSEI_COVERAGE_CEILING,2025-10-06,332,331,0.9969879518072289,True,332,331,0.9969879518072289,True,331,0.9969879518072289,True
SCHEDULE_PLUS_KSEI_COVERAGE_CEILING,2025-10-07,340,339,0.9970588235294118,True,340,339,0.9970588235294118,True,339,0.9970588235294118,True
SCHEDULE_PLUS_KSEI_COVERAGE_CEILING,2025-10-08,343,342,0.9970845481049563,True,343,342,0.9970845481049563,True,342,0.9970845481049563,True
SCHEDULE_PLUS_KSEI_COVERAGE_CEILING,2025-10-09,348,347,0.9971264367816092,True,348,347,0.9971264367816092,True,347,0.9971264367816092,True
SCHEDULE_PLUS_KSEI_COVERAGE_CEILING,2025-10-10,349,348,0.997134670487106,True,349,348,0.997134670487106,True,348,0.997134670487106,True
SCHEDULE_PLUS_KSEI_COVERAGE_CEILING,2025-10-13,356,355,0.9971910112359551,True,356,355,0.9971910112359551,True,355,0.9971910112359551,True
SCHEDULE_PLUS_KSEI_COVERAGE_CEILING,2025-10-14,361,360,0.997229916897507,True,361,360,0.997229916897507,True,360,0.997229916897507,True
SCHEDULE_PLUS_KSEI_COVERAGE_CEILING,2025-10-15,361,360,0.997229916897507,True,361,360,0.997229916897507,True,360,0.997229916897507,True
SCHEDULE_PLUS_KSEI_COVERAGE_CEILING,2025-10-16,365,364,0.9972602739726028,True,365,364,0.9972602739726028,True,364,0.9972602739726028,True
SCHEDULE_PLUS_KSEI_COVERAGE_CEILING,2025-10-17,367,366,0.997275204359673,True,367,366,0.997275204359673,True,366,0.997275204359673,True
SCHEDULE_PLUS_KSEI_COVERAGE_CEILING,2025-10-20,370,369,0.9972972972972973,True,370,369,0.9972972972972973,True,369,0.9972972972972973,True
SCHEDULE_PLUS_KSEI_COVERAGE_CEILING,2025-10-21,375,374,0.9973333333333333,True,375,374,0.9973333333333333,True,374,0.9973333333333333,True
SCHEDULE_PLUS_KSEI_COVERAGE_CEILING,2025-10-22,376,375,0.9973404255319149,True,376,375,0.9973404255319149,True,375,0.9973404255319149,True
SCHEDULE_PLUS_KSEI_COVERAGE_CEILING,2025-10-23,376,375,0.9973404255319149,True,376,375,0.9973404255319149,True,375,0.9973404255319149,True
SCHEDULE_PLUS_KSEI_COVERAGE_CEILING,2025-10-24,379,378,0.9973614775725593,True,379,378,0.9973614775725593,True,378,0.9973614775725593,True
SCHEDULE_PLUS_KSEI_COVERAGE_CEILING,2025-10-27,381,380,0.9973753280839895,True,381,380,0.9973753280839895,True,380,0.9973753280839895,True
SCHEDULE_PLUS_KSEI_COVERAGE_CEILING,2025-10-28,379,378,0.9973614775725593,True,379,378,0.9973614775725593,True,378,0.9973614775725593,True
SCHEDULE_PLUS_KSEI_COVERAGE_CEILING,2025-10-29,382,381,0.9973821989528796,True,382,381,0.9973821989528796,True,381,0.9973821989528796,True
SCHEDULE_PLUS_KSEI_COVERAGE_CEILING,2025-10-30,388,387,0.9974226804123711,True,388,387,0.9974226804123711,True,387,0.9974226804123711,True
SCHEDULE_PLUS_KSEI_COVERAGE_CEILING,2025-10-31,388,387,0.9974226804123711,True,388,387,0.9974226804123711,True,387,0.9974226804123711,True
SCHEDULE_PLUS_KSEI_COVERAGE_CEILING,2025-11-03,391,390,0.9974424552429667,True,391,390,0.9974424552429667,True,390,0.9974424552429667,True
SCHEDULE_PLUS_KSEI_COVERAGE_CEILING,2025-11-04,394,393,0.9974619289340102,True,394,393,0.9974619289340102,True,393,0.9974619289340102,True
SCHEDULE_PLUS_KSEI_COVERAGE_CEILING,2025-11-05,394,393,0.9974619289340102,True,394,393,0.9974619289340102,True,393,0.9974619289340102,True
SCHEDULE_PLUS_KSEI_COVERAGE_CEILING,2025-11-06,390,389,0.9974358974358974,True,390,389,0.9974358974358974,True,389,0.9974358974358974,True
SCHEDULE_PLUS_KSEI_COVERAGE_CEILING,2025-11-07,391,390,0.9974424552429667,True,391,390,0.9974424552429667,True,390,0.9974424552429667,True
SCHEDULE_PLUS_KSEI_COVERAGE_CEILING,2025-11-10,394,393,0.9974619289340102,True,394,393,0.9974619289340102,True,393,0.9974619289340102,True
SCHEDULE_PLUS_KSEI_COVERAGE_CEILING,2025-11-11,393,392,0.9974554707379135,True,393,392,0.9974554707379135,True,392,0.9974554707379135,True
SCHEDULE_PLUS_KSEI_COVERAGE_CEILING,2025-11-12,393,392,0.9974554707379135,True,393,392,0.9974554707379135,True,392,0.9974554707379135,True
SCHEDULE_PLUS_KSEI_COVERAGE_CEILING,2025-11-13,393,392,0.9974554707379135,True,393,392,0.9974554707379135,True,392,0.9974554707379135,True
SCHEDULE_PLUS_KSEI_COVERAGE_CEILING,2025-11-14,393,392,0.9974554707379135,True,393,392,0.9974554707379135,True,392,0.9974554707379135,True
SCHEDULE_PLUS_KSEI_COVERAGE_CEILING,2025-11-17,393,392,0.9974554707379135,True,393,392,0.9974554707379135,True,392,0.9974554707379135,True
SCHEDULE_PLUS_KSEI_COVERAGE_CEILING,2025-11-18,390,389,0.9974358974358974,True,390,389,0.9974358974358974,True,389,0.9974358974358974,True
SCHEDULE_PLUS_KSEI_COVERAGE_CEILING,2025-11-19,393,392,0.9974554707379135,True,393,392,0.9974554707379135,True,392,0.9974554707379135,True
SCHEDULE_PLUS_KSEI_COVERAGE_CEILING,2025-11-20,392,391,0.9974489795918368,True,392,391,0.9974489795918368,True,391,0.9974489795918368,True
SCHEDULE_PLUS_KSEI_COVERAGE_CEILING,2025-11-21,389,388,0.9974293059125964,True,389,388,0.9974293059125964,True,388,0.9974293059125964,True
SCHEDULE_PLUS_KSEI_COVERAGE_CEILING,2025-11-24,392,391,0.9974489795918368,True,392,391,0.9974489795918368,True,391,0.9974489795918368,True
SCHEDULE_PLUS_KSEI_COVERAGE_CEILING,2025-11-25,394,393,0.9974619289340102,True,394,393,0.9974619289340102,True,393,0.9974619289340102,True
SCHEDULE_PLUS_KSEI_COVERAGE_CEILING,2025-11-26,390,389,0.9974358974358974,True,390,389,0.9974358974358974,True,389,0.9974358974358974,True
SCHEDULE_PLUS_KSEI_COVERAGE_CEILING,2025-11-27,389,388,0.9974293059125964,True,389,388,0.9974293059125964,True,388,0.9974293059125964,True
SCHEDULE_PLUS_KSEI_COVERAGE_CEILING,2025-11-28,389,388,0.9974293059125964,True,389,388,0.9974293059125964,True,388,0.9974293059125964,True
SCHEDULE_PLUS_KSEI_COVERAGE_CEILING,2025-12-01,391,390,0.9974424552429667,True,391,390,0.9974424552429667,True,390,0.9974424552429667,True
SCHEDULE_PLUS_KSEI_COVERAGE_CEILING,2025-12-02,389,388,0.9974293059125964,True,389,388,0.9974293059125964,True,388,0.9974293059125964,True
SCHEDULE_PLUS_KSEI_COVERAGE_CEILING,2025-12-03,393,392,0.9974554707379135,True,393,392,0.9974554707379135,True,392,0.9974554707379135,True
SCHEDULE_PLUS_KSEI_COVERAGE_CEILING,2025-12-04,393,392,0.9974554707379135,True,393,392,0.9974554707379135,True,392,0.9974554707379135,True
SCHEDULE_PLUS_KSEI_COVERAGE_CEILING,2025-12-05,387,386,0.9974160206718347,True,387,386,0.9974160206718347,True,386,0.9974160206718347,True
SCHEDULE_PLUS_KSEI_COVERAGE_CEILING,2025-12-08,390,389,0.9974358974358974,True,390,389,0.9974358974358974,True,389,0.9974358974358974,True
SCHEDULE_PLUS_KSEI_COVERAGE_CEILING,2025-12-09,390,389,0.9974358974358974,True,390,389,0.9974358974358974,True,389,0.9974358974358974,True
SCHEDULE_PLUS_KSEI_COVERAGE_CEILING,2025-12-10,390,389,0.9974358974358974,True,390,389,0.9974358974358974,True,389,0.9974358974358974,True
SCHEDULE_PLUS_KSEI_COVERAGE_CEILING,2025-12-11,391,390,0.9974424552429667,True,391,390,0.9974424552429667,True,390,0.9974424552429667,True
SCHEDULE_PLUS_KSEI_COVERAGE_CEILING,2025-12-12,392,391,0.9974489795918368,True,392,391,0.9974489795918368,True,391,0.9974489795918368,True
SCHEDULE_PLUS_KSEI_COVERAGE_CEILING,2025-12-15,388,387,0.9974226804123711,True,388,387,0.9974226804123711,True,387,0.9974226804123711,True
SCHEDULE_PLUS_KSEI_COVERAGE_CEILING,2025-12-16,386,385,0.9974093264248705,True,386,385,0.9974093264248705,True,385,0.9974093264248705,True
SCHEDULE_PLUS_KSEI_COVERAGE_CEILING,2025-12-17,387,386,0.9974160206718347,True,387,386,0.9974160206718347,True,386,0.9974160206718347,True
SCHEDULE_PLUS_KSEI_COVERAGE_CEILING,2025-12-18,387,386,0.9974160206718347,True,387,386,0.9974160206718347,True,386,0.9974160206718347,True
SCHEDULE_PLUS_KSEI_COVERAGE_CEILING,2025-12-19,388,387,0.9974226804123711,True,388,387,0.9974226804123711,True,387,0.9974226804123711,True
SCHEDULE_PLUS_KSEI_COVERAGE_CEILING,2025-12-22,389,388,0.9974293059125964,True,389,388,0.9974293059125964,True,388,0.9974293059125964,True
SCHEDULE_PLUS_KSEI_COVERAGE_CEILING,2025-12-23,391,390,0.9974424552429667,True,391,390,0.9974424552429667,True,390,0.9974424552429667,True
SCHEDULE_PLUS_KSEI_COVERAGE_CEILING,2025-12-24,390,389,0.9974358974358974,True,390,389,0.9974358974358974,True,389,0.9974358974358974,True
SCHEDULE_PLUS_KSEI_COVERAGE_CEILING,2025-12-29,390,389,0.9974358974358974,True,390,389,0.9974358974358974,True,389,0.9974358974358974,True
SCHEDULE_PLUS_KSEI_COVERAGE_CEILING,2025-12-30,391,390,0.9974424552429667,True,391,390,0.9974424552429667,True,390,0.9974424552429667,True
SCHEDULE_PLUS_KSEI_COVERAGE_CEILING,2026-01-02,388,387,0.9974226804123711,True,388,387,0.9974226804123711,True,387,0.9974226804123711,True
SCHEDULE_PLUS_KSEI_COVERAGE_CEILING,2026-01-05,383,382,0.9973890339425587,True,383,382,0.9973890339425587,True,382,0.9973890339425587,True
SCHEDULE_PLUS_KSEI_COVERAGE_CEILING,2026-01-06,384,383,0.9973958333333334,True,384,383,0.9973958333333334,True,383,0.9973958333333334,True
SCHEDULE_PLUS_KSEI_COVERAGE_CEILING,2026-01-07,384,383,0.9973958333333334,True,384,383,0.9973958333333334,True,383,0.9973958333333334,True
SCHEDULE_PLUS_KSEI_COVERAGE_CEILING,2026-01-08,386,385,0.9974093264248705,True,386,385,0.9974093264248705,True,385,0.9974093264248705,True
SCHEDULE_PLUS_KSEI_COVERAGE_CEILING,2026-01-09,385,384,0.9974025974025974,True,385,384,0.9974025974025974,True,384,0.9974025974025974,True
SCHEDULE_PLUS_KSEI_COVERAGE_CEILING,2026-01-12,386,385,0.9974093264248705,True,386,385,0.9974093264248705,True,385,0.9974093264248705,True
SCHEDULE_PLUS_KSEI_COVERAGE_CEILING,2026-01-13,384,383,0.9973958333333334,True,384,383,0.9973958333333334,True,383,0.9973958333333334,True
SCHEDULE_PLUS_KSEI_COVERAGE_CEILING,2026-01-14,385,384,0.9974025974025974,True,385,384,0.9974025974025974,True,384,0.9974025974025974,True
SCHEDULE_PLUS_KSEI_COVERAGE_CEILING,2026-01-15,387,386,0.9974160206718347,True,387,386,0.9974160206718347,True,386,0.9974160206718347,True
SCHEDULE_PLUS_KSEI_COVERAGE_CEILING,2026-01-19,392,391,0.9974489795918368,True,392,391,0.9974489795918368,True,391,0.9974489795918368,True
SCHEDULE_PLUS_KSEI_COVERAGE_CEILING,2026-01-20,394,393,0.9974619289340102,True,394,393,0.9974619289340102,True,393,0.9974619289340102,True
SCHEDULE_PLUS_KSEI_COVERAGE_CEILING,2026-01-21,400,399,0.9975,True,400,399,0.9975,True,399,0.9975,True
SCHEDULE_PLUS_KSEI_COVERAGE_CEILING,2026-01-22,407,406,0.9975429975429976,True,407,406,0.9975429975429976,True,406,0.9975429975429976,True
SCHEDULE_PLUS_KSEI_COVERAGE_CEILING,2026-01-23,412,411,0.9975728155339806,True,412,411,0.9975728155339806,True,411,0.9975728155339806,True
SCHEDULE_PLUS_KSEI_COVERAGE_CEILING,2026-01-26,410,409,0.9975609756097561,True,410,409,0.9975609756097561,True,409,0.9975609756097561,True
SCHEDULE_PLUS_KSEI_COVERAGE_CEILING,2026-01-27,417,416,0.9976019184652278,True,417,416,0.9976019184652278,True,416,0.9976019184652278,True
SCHEDULE_PLUS_KSEI_COVERAGE_CEILING,2026-01-28,420,419,0.9976190476190476,True,420,419,0.9976190476190476,True,419,0.9976190476190476,True
SCHEDULE_PLUS_KSEI_COVERAGE_CEILING,2026-01-29,424,423,0.9976415094339622,True,424,423,0.9976415094339622,True,423,0.9976415094339622,True
SCHEDULE_PLUS_KSEI_COVERAGE_CEILING,2026-01-30,423,422,0.9976359338061466,True,423,422,0.9976359338061466,True,422,0.9976359338061466,True
SCHEDULE_PLUS_KSEI_COVERAGE_CEILING,2026-02-02,423,422,0.9976359338061466,True,423,422,0.9976359338061466,True,422,0.9976359338061466,True
SCHEDULE_PLUS_KSEI_COVERAGE_CEILING,2026-02-03,425,424,0.9976470588235294,True,425,424,0.9976470588235294,True,424,0.9976470588235294,True
SCHEDULE_PLUS_KSEI_COVERAGE_CEILING,2026-02-04,423,422,0.9976359338061466,True,423,422,0.9976359338061466,True,422,0.9976359338061466,True
SCHEDULE_PLUS_KSEI_COVERAGE_CEILING,2026-02-05,424,423,0.9976415094339622,True,424,423,0.9976415094339622,True,423,0.9976415094339622,True
SCHEDULE_PLUS_KSEI_COVERAGE_CEILING,2026-02-06,427,426,0.9976580796252927,True,427,426,0.9976580796252927,True,426,0.9976580796252927,True
SCHEDULE_PLUS_KSEI_COVERAGE_CEILING,2026-02-09,428,427,0.9976635514018691,True,428,427,0.9976635514018691,True,427,0.9976635514018691,True
SCHEDULE_PLUS_KSEI_COVERAGE_CEILING,2026-02-10,428,427,0.9976635514018691,True,428,427,0.9976635514018691,True,427,0.9976635514018691,True
SCHEDULE_PLUS_KSEI_COVERAGE_CEILING,2026-02-11,427,426,0.9976580796252927,True,427,426,0.9976580796252927,True,426,0.9976580796252927,True
SCHEDULE_PLUS_KSEI_COVERAGE_CEILING,2026-02-12,426,425,0.9976525821596244,True,426,425,0.9976525821596244,True,425,0.9976525821596244,True
SCHEDULE_PLUS_KSEI_COVERAGE_CEILING,2026-02-13,429,428,0.9976689976689976,True,429,428,0.9976689976689976,True,428,0.9976689976689976,True
SCHEDULE_PLUS_KSEI_COVERAGE_CEILING,2026-02-18,427,426,0.9976580796252927,True,427,426,0.9976580796252927,True,426,0.9976580796252927,True
SCHEDULE_PLUS_KSEI_COVERAGE_CEILING,2026-02-19,427,426,0.9976580796252927,True,427,426,0.9976580796252927,True,426,0.9976580796252927,True
SCHEDULE_PLUS_KSEI_COVERAGE_CEILING,2026-02-20,427,426,0.9976580796252927,True,427,426,0.9976580796252927,True,426,0.9976580796252927,True
SCHEDULE_PLUS_KSEI_COVERAGE_CEILING,2026-02-23,425,424,0.9976470588235294,True,425,424,0.9976470588235294,True,424,0.9976470588235294,True
SCHEDULE_PLUS_KSEI_COVERAGE_CEILING,2026-02-24,431,430,0.9976798143851509,True,431,430,0.9976798143851509,True,430,0.9976798143851509,True
SCHEDULE_PLUS_KSEI_COVERAGE_CEILING,2026-02-25,431,430,0.9976798143851509,True,431,430,0.9976798143851509,True,430,0.9976798143851509,True
SCHEDULE_PLUS_KSEI_COVERAGE_CEILING,2026-02-26,428,427,0.9976635514018691,True,428,427,0.9976635514018691,True,427,0.9976635514018691,True
SCHEDULE_PLUS_KSEI_COVERAGE_CEILING,2026-02-27,428,427,0.9976635514018691,True,428,427,0.9976635514018691,True,427,0.9976635514018691,True
SCHEDULE_PLUS_KSEI_COVERAGE_CEILING,2026-03-02,427,426,0.9976580796252927,True,427,426,0.9976580796252927,True,426,0.9976580796252927,True
SCHEDULE_PLUS_KSEI_COVERAGE_CEILING,2026-03-03,431,430,0.9976798143851509,True,431,430,0.9976798143851509,True,430,0.9976798143851509,True
SCHEDULE_PLUS_KSEI_COVERAGE_CEILING,2026-03-04,433,432,0.9976905311778291,True,433,432,0.9976905311778291,True,432,0.9976905311778291,True
SCHEDULE_PLUS_KSEI_COVERAGE_CEILING,2026-03-05,429,428,0.9976689976689976,True,429,428,0.9976689976689976,True,428,0.9976689976689976,True
SCHEDULE_PLUS_KSEI_COVERAGE_CEILING,2026-03-06,426,425,0.9976525821596244,True,426,425,0.9976525821596244,True,425,0.9976525821596244,True
SCHEDULE_PLUS_KSEI_COVERAGE_CEILING,2026-03-09,422,421,0.9976303317535545,True,422,421,0.9976303317535545,True,421,0.9976303317535545,True
SCHEDULE_PLUS_KSEI_COVERAGE_CEILING,2026-03-10,416,415,0.9975961538461539,True,416,415,0.9975961538461539,True,415,0.9975961538461539,True
SCHEDULE_PLUS_KSEI_COVERAGE_CEILING,2026-03-11,414,413,0.9975845410628019,True,414,413,0.9975845410628019,True,413,0.9975845410628019,True
SCHEDULE_PLUS_KSEI_COVERAGE_CEILING,2026-03-12,416,415,0.9975961538461539,True,416,415,0.9975961538461539,True,415,0.9975961538461539,True
SCHEDULE_PLUS_KSEI_COVERAGE_CEILING,2026-03-13,414,413,0.9975845410628019,True,414,413,0.9975845410628019,True,413,0.9975845410628019,True
SCHEDULE_PLUS_KSEI_COVERAGE_CEILING,2026-03-16,411,410,0.9975669099756691,True,411,410,0.9975669099756691,True,410,0.9975669099756691,True
SCHEDULE_PLUS_KSEI_COVERAGE_CEILING,2026-03-17,407,406,0.9975429975429976,True,407,406,0.9975429975429976,True,406,0.9975429975429976,True
SCHEDULE_PLUS_KSEI_COVERAGE_CEILING,2026-03-25,407,406,0.9975429975429976,True,407,406,0.9975429975429976,True,406,0.9975429975429976,True
SCHEDULE_PLUS_KSEI_COVERAGE_CEILING,2026-03-26,402,401,0.9975124378109452,True,402,401,0.9975124378109452,True,401,0.9975124378109452,True
SCHEDULE_PLUS_KSEI_COVERAGE_CEILING,2026-03-27,399,398,0.9974937343358395,True,399,398,0.9974937343358395,True,398,0.9974937343358395,True
SCHEDULE_PLUS_KSEI_COVERAGE_CEILING,2026-03-30,396,395,0.9974747474747475,True,396,395,0.9974747474747475,True,395,0.9974747474747475,True
SCHEDULE_PLUS_KSEI_COVERAGE_CEILING,2026-03-31,395,394,0.9974683544303797,True,395,394,0.9974683544303797,True,394,0.9974683544303797,True
SCHEDULE_PLUS_KSEI_COVERAGE_CEILING,2026-04-01,390,389,0.9974358974358974,True,390,389,0.9974358974358974,True,389,0.9974358974358974,True
SCHEDULE_PLUS_KSEI_COVERAGE_CEILING,2026-04-02,390,389,0.9974358974358974,True,390,389,0.9974358974358974,True,389,0.9974358974358974,True
SCHEDULE_PLUS_KSEI_COVERAGE_CEILING,2026-04-06,389,388,0.9974293059125964,True,389,388,0.9974293059125964,True,388,0.9974293059125964,True
SCHEDULE_PLUS_KSEI_COVERAGE_CEILING,2026-04-07,388,387,0.9974226804123711,True,388,387,0.9974226804123711,True,387,0.9974226804123711,True
SCHEDULE_PLUS_KSEI_COVERAGE_CEILING,2026-04-08,387,386,0.9974160206718347,True,387,386,0.9974160206718347,True,386,0.9974160206718347,True
SCHEDULE_PLUS_KSEI_COVERAGE_CEILING,2026-04-09,387,386,0.9974160206718347,True,387,386,0.9974160206718347,True,386,0.9974160206718347,True
SCHEDULE_PLUS_KSEI_COVERAGE_CEILING,2026-04-10,385,384,0.9974025974025974,True,385,384,0.9974025974025974,True,384,0.9974025974025974,True
SCHEDULE_PLUS_KSEI_COVERAGE_CEILING,2026-04-13,381,380,0.9973753280839895,True,381,380,0.9973753280839895,True,380,0.9973753280839895,True
SCHEDULE_PLUS_KSEI_COVERAGE_CEILING,2026-04-14,380,379,0.9973684210526316,True,380,379,0.9973684210526316,True,379,0.9973684210526316,True
SCHEDULE_PLUS_KSEI_COVERAGE_CEILING,2026-04-15,376,375,0.9973404255319149,True,376,375,0.9973404255319149,True,375,0.9973404255319149,True
SCHEDULE_PLUS_KSEI_COVERAGE_CEILING,2026-04-16,376,375,0.9973404255319149,True,376,375,0.9973404255319149,True,375,0.9973404255319149,True
SCHEDULE_PLUS_KSEI_COVERAGE_CEILING,2026-04-17,376,375,0.9973404255319149,True,376,375,0.9973404255319149,True,375,0.9973404255319149,True
SCHEDULE_PLUS_KSEI_COVERAGE_CEILING,2026-04-20,375,374,0.9973333333333333,True,375,374,0.9973333333333333,True,374,0.9973333333333333,True
SCHEDULE_PLUS_KSEI_COVERAGE_CEILING,2026-04-21,376,375,0.9973404255319149,True,376,375,0.9973404255319149,True,375,0.9973404255319149,True
SCHEDULE_PLUS_KSEI_COVERAGE_CEILING,2026-04-22,375,374,0.9973333333333333,True,375,374,0.9973333333333333,True,374,0.9973333333333333,True
SCHEDULE_PLUS_KSEI_COVERAGE_CEILING,2026-04-23,373,372,0.9973190348525469,True,373,372,0.9973190348525469,True,372,0.9973190348525469,True
SCHEDULE_PLUS_KSEI_COVERAGE_CEILING,2026-04-24,371,370,0.9973045822102425,True,371,370,0.9973045822102425,True,370,0.9973045822102425,True
SCHEDULE_PLUS_KSEI_COVERAGE_CEILING,2026-04-27,371,370,0.9973045822102425,True,371,370,0.9973045822102425,True,370,0.9973045822102425,True
SCHEDULE_PLUS_KSEI_COVERAGE_CEILING,2026-04-28,369,368,0.997289972899729,True,369,368,0.997289972899729,True,368,0.997289972899729,True
SCHEDULE_PLUS_KSEI_COVERAGE_CEILING,2026-04-29,366,365,0.9972677595628415,True,366,365,0.9972677595628415,True,365,0.9972677595628415,True
SCHEDULE_PLUS_KSEI_COVERAGE_CEILING,2026-04-30,364,363,0.9972527472527473,True,364,363,0.9972527472527473,True,363,0.9972527472527473,True
SCHEDULE_PLUS_KSEI_COVERAGE_CEILING,2026-05-04,365,364,0.9972602739726028,True,365,364,0.9972602739726028,True,364,0.9972602739726028,True
SCHEDULE_PLUS_KSEI_COVERAGE_CEILING,2026-05-05,362,361,0.9972375690607734,True,362,361,0.9972375690607734,True,361,0.9972375690607734,True
SCHEDULE_PLUS_KSEI_COVERAGE_CEILING,2026-05-06,363,362,0.9972451790633609,True,363,362,0.9972451790633609,True,362,0.9972451790633609,True
SCHEDULE_PLUS_KSEI_COVERAGE_CEILING,2026-05-07,362,361,0.9972375690607734,True,362,361,0.9972375690607734,True,361,0.9972375690607734,True
SCHEDULE_PLUS_KSEI_COVERAGE_CEILING,2026-05-08,361,360,0.997229916897507,True,361,359,0.9944598337950139,True,359,0.9944598337950139,True
SCHEDULE_PLUS_KSEI_COVERAGE_CEILING,2026-05-11,362,361,0.9972375690607734,True,362,360,0.994475138121547,True,360,0.994475138121547,True
SCHEDULE_PLUS_KSEI_COVERAGE_CEILING,2026-05-12,361,360,0.997229916897507,True,361,359,0.9944598337950139,True,359,0.9944598337950139,True
SCHEDULE_PLUS_KSEI_COVERAGE_CEILING,2026-05-13,362,361,0.9972375690607734,True,362,360,0.994475138121547,True,360,0.994475138121547,True
SCHEDULE_PLUS_KSEI_COVERAGE_CEILING,2026-05-18,361,360,0.997229916897507,True,361,359,0.9944598337950139,True,359,0.9944598337950139,True
SCHEDULE_PLUS_KSEI_COVERAGE_CEILING,2026-05-19,359,357,0.9944289693593314,True,359,357,0.9944289693593314,True,357,0.9944289693593314,True
SCHEDULE_PLUS_KSEI_COVERAGE_CEILING,2026-05-20,356,354,0.9943820224719101,True,356,354,0.9943820224719101,True,354,0.9943820224719101,True
SCHEDULE_PLUS_KSEI_COVERAGE_CEILING,2026-05-21,355,353,0.9943661971830986,True,355,353,0.9943661971830986,True,353,0.9943661971830986,True
SCHEDULE_PLUS_KSEI_COVERAGE_CEILING,2026-05-22,353,351,0.9943342776203966,True,353,351,0.9943342776203966,True,351,0.9943342776203966,True
SCHEDULE_PLUS_KSEI_COVERAGE_CEILING,2026-05-25,350,349,0.9971428571428571,True,350,349,0.9971428571428571,True,349,0.9971428571428571,True
SCHEDULE_PLUS_KSEI_COVERAGE_CEILING,2026-05-26,348,347,0.9971264367816092,True,348,347,0.9971264367816092,True,347,0.9971264367816092,True
SCHEDULE_PLUS_KSEI_COVERAGE_CEILING,2026-05-29,346,345,0.9971098265895953,True,346,345,0.9971098265895953,True,345,0.9971098265895953,True
SCHEDULE_PLUS_KSEI_COVERAGE_CEILING,2026-06-02,343,342,0.9970845481049563,True,343,342,0.9970845481049563,True,342,0.9970845481049563,True
SCHEDULE_PLUS_KSEI_COVERAGE_CEILING,2026-06-03,339,338,0.9970501474926253,True,339,338,0.9970501474926253,True,338,0.9970501474926253,True
SCHEDULE_PLUS_KSEI_COVERAGE_CEILING,2026-06-04,337,336,0.9970326409495549,True,337,336,0.9970326409495549,True,336,0.9970326409495549,True
SCHEDULE_PLUS_KSEI_COVERAGE_CEILING,2026-06-05,334,333,0.9970059880239521,True,334,333,0.9970059880239521,True,333,0.9970059880239521,True
SCHEDULE_PLUS_KSEI_COVERAGE_CEILING,2026-06-08,332,331,0.9969879518072289,True,332,331,0.9969879518072289,True,331,0.9969879518072289,True
SCHEDULE_PLUS_KSEI_COVERAGE_CEILING,2026-06-09,330,329,0.996969696969697,True,330,329,0.996969696969697,True,329,0.996969696969697,True
SCHEDULE_PLUS_KSEI_COVERAGE_CEILING,2026-06-10,329,328,0.9969604863221885,True,329,328,0.9969604863221885,True,328,0.9969604863221885,True
SCHEDULE_PLUS_KSEI_COVERAGE_CEILING,2026-06-11,329,328,0.9969604863221885,True,329,328,0.9969604863221885,True,328,0.9969604863221885,True
SCHEDULE_PLUS_KSEI_COVERAGE_CEILING,2026-06-12,326,325,0.9969325153374233,True,326,325,0.9969325153374233,True,325,0.9969325153374233,True
SCHEDULE_PLUS_KSEI_COVERAGE_CEILING,2026-06-15,328,327,0.9969512195121951,True,328,327,0.9969512195121951,True,327,0.9969512195121951,True
SCHEDULE_PLUS_KSEI_COVERAGE_CEILING,2026-06-17,328,327,0.9969512195121951,True,328,327,0.9969512195121951,True,327,0.9969512195121951,True
SCHEDULE_PLUS_KSEI_COVERAGE_CEILING,2026-06-18,327,326,0.9969418960244648,True,327,326,0.9969418960244648,True,326,0.9969418960244648,True
SCHEDULE_PLUS_KSEI_COVERAGE_CEILING,2026-06-19,325,324,0.9969230769230769,True,325,324,0.9969230769230769,True,324,0.9969230769230769,True
SCHEDULE_PLUS_KSEI_COVERAGE_CEILING,2026-06-22,322,321,0.9968944099378882,True,322,321,0.9968944099378882,True,321,0.9968944099378882,True
SCHEDULE_PLUS_KSEI_COVERAGE_CEILING,2026-06-23,323,322,0.9969040247678018,True,323,321,0.9938080495356038,True,321,0.9938080495356038,True
SCHEDULE_PLUS_KSEI_COVERAGE_CEILING,2026-06-24,323,322,0.9969040247678018,True,323,321,0.9938080495356038,True,321,0.9938080495356038,True
SCHEDULE_PLUS_KSEI_COVERAGE_CEILING,2026-06-25,321,320,0.9968847352024922,True,321,315,0.9813084112149533,True,315,0.9813084112149533,True
SCHEDULE_PLUS_KSEI_COVERAGE_CEILING,2026-06-26,320,319,0.996875,True,320,314,0.98125,True,314,0.98125,True
SCHEDULE_PLUS_KSEI_COVERAGE_CEILING,2026-06-29,318,317,0.9968553459119497,True,318,312,0.9811320754716981,True,312,0.9811320754716981,True
SCHEDULE_PLUS_KSEI_COVERAGE_CEILING,2026-06-30,314,312,0.9936305732484076,True,314,308,0.9808917197452229,True,308,0.9808917197452229,True
SCHEDULE_PLUS_KSEI_COVERAGE_CEILING,2026-07-01,314,312,0.9936305732484076,True,314,309,0.9840764331210191,True,309,0.9840764331210191,True
SCHEDULE_PLUS_KSEI_COVERAGE_CEILING,2026-07-02,312,307,0.9839743589743589,True,312,307,0.9839743589743589,True,307,0.9839743589743589,True
SCHEDULE_PLUS_KSEI_COVERAGE_CEILING,2026-07-03,314,309,0.9840764331210191,True,314,309,0.9840764331210191,True,309,0.9840764331210191,True
SCHEDULE_PLUS_KSEI_COVERAGE_CEILING,2026-07-06,311,307,0.9871382636655949,True,311,307,0.9871382636655949,True,307,0.9871382636655949,True
SCHEDULE_PLUS_KSEI_COVERAGE_CEILING,2026-07-07,312,307,0.9839743589743589,True,312,307,0.9839743589743589,True,307,0.9839743589743589,True
SCHEDULE_PLUS_KSEI_COVERAGE_CEILING,2026-07-08,312,311,0.9967948717948718,True,312,311,0.9967948717948718,True,311,0.9967948717948718,True
SCHEDULE_PLUS_KSEI_COVERAGE_CEILING,2026-07-09,312,311,0.9967948717948718,True,312,311,0.9967948717948718,True,311,0.9967948717948718,True
SCHEDULE_PLUS_KSEI_COVERAGE_CEILING,2026-07-10,312,311,0.9967948717948718,True,312,311,0.9967948717948718,True,311,0.9967948717948718,True
SCHEDULE_PLUS_KSEI_COVERAGE_CEILING,2026-07-13,311,310,0.9967845659163987,True,311,310,0.9967845659163987,True,310,0.9967845659163987,True
SCHEDULE_PLUS_KSEI_COVERAGE_CEILING,2026-07-14,309,308,0.9967637540453075,True,309,308,0.9967637540453075,True,308,0.9967637540453075,True
SCHEDULE_PLUS_KSEI_COVERAGE_CEILING,2026-07-15,308,307,0.9967532467532467,True,308,307,0.9967532467532467,True,307,0.9967532467532467,True
SCHEDULE_PLUS_KSEI_COVERAGE_CEILING,2026-07-16,306,305,0.9967320261437909,True,306,305,0.9967320261437909,True,305,0.9967320261437909,True
SCHEDULE_PLUS_KSEI_COVERAGE_CEILING,2026-07-17,303,302,0.9966996699669967,True,303,302,0.9966996699669967,True,302,0.9966996699669967,True
SCHEDULE_PLUS_ALL_COVERAGE_CEILING,2023-12-28,262,261,0.9961832061068703,True,262,261,0.9961832061068703,True,261,0.9961832061068703,True
SCHEDULE_PLUS_ALL_COVERAGE_CEILING,2023-12-29,263,262,0.9961977186311787,True,263,262,0.9961977186311787,True,262,0.9961977186311787,True
SCHEDULE_PLUS_ALL_COVERAGE_CEILING,2024-01-02,265,265,1.0,True,265,265,1.0,True,265,1.0,True
SCHEDULE_PLUS_ALL_COVERAGE_CEILING,2024-01-03,263,263,1.0,True,263,263,1.0,True,263,1.0,True
SCHEDULE_PLUS_ALL_COVERAGE_CEILING,2024-01-04,262,262,1.0,True,262,262,1.0,True,262,1.0,True
SCHEDULE_PLUS_ALL_COVERAGE_CEILING,2024-01-05,260,260,1.0,True,260,260,1.0,True,260,1.0,True
SCHEDULE_PLUS_ALL_COVERAGE_CEILING,2024-01-08,262,262,1.0,True,262,262,1.0,True,262,1.0,True
SCHEDULE_PLUS_ALL_COVERAGE_CEILING,2024-01-09,260,260,1.0,True,260,260,1.0,True,260,1.0,True
SCHEDULE_PLUS_ALL_COVERAGE_CEILING,2024-01-10,258,258,1.0,True,258,258,1.0,True,258,1.0,True
SCHEDULE_PLUS_ALL_COVERAGE_CEILING,2024-01-11,253,253,1.0,True,253,253,1.0,True,253,1.0,True
SCHEDULE_PLUS_ALL_COVERAGE_CEILING,2024-01-12,251,251,1.0,True,251,251,1.0,True,251,1.0,True
SCHEDULE_PLUS_ALL_COVERAGE_CEILING,2024-01-15,250,250,1.0,True,250,250,1.0,True,250,1.0,True
SCHEDULE_PLUS_ALL_COVERAGE_CEILING,2024-01-16,251,251,1.0,True,251,251,1.0,True,251,1.0,True
SCHEDULE_PLUS_ALL_COVERAGE_CEILING,2024-01-17,251,251,1.0,True,251,251,1.0,True,251,1.0,True
SCHEDULE_PLUS_ALL_COVERAGE_CEILING,2024-01-18,251,251,1.0,True,251,251,1.0,True,251,1.0,True
SCHEDULE_PLUS_ALL_COVERAGE_CEILING,2024-01-19,249,249,1.0,True,249,249,1.0,True,249,1.0,True
SCHEDULE_PLUS_ALL_COVERAGE_CEILING,2024-01-22,247,247,1.0,True,247,247,1.0,True,247,1.0,True
SCHEDULE_PLUS_ALL_COVERAGE_CEILING,2024-01-23,247,247,1.0,True,247,247,1.0,True,247,1.0,True
SCHEDULE_PLUS_ALL_COVERAGE_CEILING,2024-01-24,246,246,1.0,True,246,246,1.0,True,246,1.0,True
SCHEDULE_PLUS_ALL_COVERAGE_CEILING,2024-01-25,246,246,1.0,True,246,246,1.0,True,246,1.0,True
SCHEDULE_PLUS_ALL_COVERAGE_CEILING,2024-01-26,246,246,1.0,True,246,246,1.0,True,246,1.0,True
SCHEDULE_PLUS_ALL_COVERAGE_CEILING,2024-01-29,243,243,1.0,True,243,243,1.0,True,243,1.0,True
SCHEDULE_PLUS_ALL_COVERAGE_CEILING,2024-01-30,243,243,1.0,True,243,243,1.0,True,243,1.0,True
SCHEDULE_PLUS_ALL_COVERAGE_CEILING,2024-01-31,242,242,1.0,True,242,242,1.0,True,242,1.0,True
SCHEDULE_PLUS_ALL_COVERAGE_CEILING,2024-02-01,241,241,1.0,True,241,241,1.0,True,241,1.0,True
SCHEDULE_PLUS_ALL_COVERAGE_CEILING,2024-02-02,243,243,1.0,True,243,243,1.0,True,243,1.0,True
SCHEDULE_PLUS_ALL_COVERAGE_CEILING,2024-02-05,241,241,1.0,True,241,241,1.0,True,241,1.0,True
SCHEDULE_PLUS_ALL_COVERAGE_CEILING,2024-02-06,242,242,1.0,True,242,242,1.0,True,242,1.0,True
SCHEDULE_PLUS_ALL_COVERAGE_CEILING,2024-02-07,246,246,1.0,True,246,246,1.0,True,246,1.0,True
SCHEDULE_PLUS_ALL_COVERAGE_CEILING,2024-02-12,242,242,1.0,True,242,242,1.0,True,242,1.0,True
SCHEDULE_PLUS_ALL_COVERAGE_CEILING,2024-02-13,244,244,1.0,True,244,244,1.0,True,244,1.0,True
SCHEDULE_PLUS_ALL_COVERAGE_CEILING,2024-02-15,244,244,1.0,True,244,244,1.0,True,244,1.0,True
SCHEDULE_PLUS_ALL_COVERAGE_CEILING,2024-02-16,243,243,1.0,True,243,243,1.0,True,243,1.0,True
SCHEDULE_PLUS_ALL_COVERAGE_CEILING,2024-02-19,244,244,1.0,True,244,244,1.0,True,244,1.0,True
SCHEDULE_PLUS_ALL_COVERAGE_CEILING,2024-02-20,244,244,1.0,True,244,244,1.0,True,244,1.0,True
SCHEDULE_PLUS_ALL_COVERAGE_CEILING,2024-02-21,245,245,1.0,True,245,245,1.0,True,245,1.0,True
SCHEDULE_PLUS_ALL_COVERAGE_CEILING,2024-02-22,243,243,1.0,True,243,243,1.0,True,243,1.0,True
SCHEDULE_PLUS_ALL_COVERAGE_CEILING,2024-02-23,239,239,1.0,True,239,239,1.0,True,239,1.0,True
SCHEDULE_PLUS_ALL_COVERAGE_CEILING,2024-02-26,236,236,1.0,True,236,236,1.0,True,236,1.0,True
SCHEDULE_PLUS_ALL_COVERAGE_CEILING,2024-02-27,236,236,1.0,True,236,236,1.0,True,236,1.0,True
SCHEDULE_PLUS_ALL_COVERAGE_CEILING,2024-02-28,236,236,1.0,True,236,236,1.0,True,236,1.0,True
SCHEDULE_PLUS_ALL_COVERAGE_CEILING,2024-02-29,237,237,1.0,True,237,237,1.0,True,237,1.0,True
SCHEDULE_PLUS_ALL_COVERAGE_CEILING,2024-03-01,232,232,1.0,True,232,232,1.0,True,232,1.0,True
SCHEDULE_PLUS_ALL_COVERAGE_CEILING,2024-03-04,235,235,1.0,True,235,235,1.0,True,235,1.0,True
SCHEDULE_PLUS_ALL_COVERAGE_CEILING,2024-03-05,236,236,1.0,True,236,236,1.0,True,236,1.0,True
SCHEDULE_PLUS_ALL_COVERAGE_CEILING,2024-03-06,236,236,1.0,True,236,236,1.0,True,236,1.0,True
SCHEDULE_PLUS_ALL_COVERAGE_CEILING,2024-03-07,237,237,1.0,True,237,237,1.0,True,237,1.0,True
SCHEDULE_PLUS_ALL_COVERAGE_CEILING,2024-03-08,238,238,1.0,True,238,238,1.0,True,238,1.0,True
SCHEDULE_PLUS_ALL_COVERAGE_CEILING,2024-03-13,241,241,1.0,True,241,241,1.0,True,241,1.0,True
SCHEDULE_PLUS_ALL_COVERAGE_CEILING,2024-03-14,243,243,1.0,True,243,243,1.0,True,243,1.0,True
SCHEDULE_PLUS_ALL_COVERAGE_CEILING,2024-03-15,240,240,1.0,True,240,240,1.0,True,240,1.0,True
SCHEDULE_PLUS_ALL_COVERAGE_CEILING,2024-03-18,243,243,1.0,True,243,243,1.0,True,243,1.0,True
SCHEDULE_PLUS_ALL_COVERAGE_CEILING,2024-03-19,243,243,1.0,True,243,243,1.0,True,243,1.0,True
SCHEDULE_PLUS_ALL_COVERAGE_CEILING,2024-03-20,242,242,1.0,True,242,242,1.0,True,242,1.0,True
SCHEDULE_PLUS_ALL_COVERAGE_CEILING,2024-03-21,242,242,1.0,True,242,242,1.0,True,242,1.0,True
SCHEDULE_PLUS_ALL_COVERAGE_CEILING,2024-03-22,242,242,1.0,True,242,242,1.0,True,242,1.0,True
SCHEDULE_PLUS_ALL_COVERAGE_CEILING,2024-03-25,243,243,1.0,True,243,243,1.0,True,243,1.0,True
SCHEDULE_PLUS_ALL_COVERAGE_CEILING,2024-03-26,244,244,1.0,True,244,244,1.0,True,244,1.0,True
SCHEDULE_PLUS_ALL_COVERAGE_CEILING,2024-03-27,245,245,1.0,True,245,245,1.0,True,245,1.0,True
SCHEDULE_PLUS_ALL_COVERAGE_CEILING,2024-03-28,244,244,1.0,True,244,244,1.0,True,244,1.0,True
SCHEDULE_PLUS_ALL_COVERAGE_CEILING,2024-04-01,250,250,1.0,True,250,250,1.0,True,250,1.0,True
SCHEDULE_PLUS_ALL_COVERAGE_CEILING,2024-04-02,250,250,1.0,True,250,250,1.0,True,250,1.0,True
SCHEDULE_PLUS_ALL_COVERAGE_CEILING,2024-04-03,251,251,1.0,True,251,251,1.0,True,251,1.0,True
SCHEDULE_PLUS_ALL_COVERAGE_CEILING,2024-04-04,250,250,1.0,True,250,250,1.0,True,250,1.0,True
SCHEDULE_PLUS_ALL_COVERAGE_CEILING,2024-04-05,250,250,1.0,True,250,250,1.0,True,250,1.0,True
SCHEDULE_PLUS_ALL_COVERAGE_CEILING,2024-04-16,250,250,1.0,True,250,250,1.0,True,250,1.0,True
SCHEDULE_PLUS_ALL_COVERAGE_CEILING,2024-04-17,249,249,1.0,True,249,249,1.0,True,249,1.0,True
SCHEDULE_PLUS_ALL_COVERAGE_CEILING,2024-04-18,247,247,1.0,True,247,247,1.0,True,247,1.0,True
SCHEDULE_PLUS_ALL_COVERAGE_CEILING,2024-04-19,246,246,1.0,True,246,246,1.0,True,246,1.0,True
SCHEDULE_PLUS_ALL_COVERAGE_CEILING,2024-04-22,246,246,1.0,True,246,246,1.0,True,246,1.0,True
SCHEDULE_PLUS_ALL_COVERAGE_CEILING,2024-04-23,245,245,1.0,True,245,245,1.0,True,245,1.0,True
SCHEDULE_PLUS_ALL_COVERAGE_CEILING,2024-04-24,245,245,1.0,True,245,245,1.0,True,245,1.0,True
SCHEDULE_PLUS_ALL_COVERAGE_CEILING,2024-04-25,246,246,1.0,True,246,246,1.0,True,246,1.0,True
SCHEDULE_PLUS_ALL_COVERAGE_CEILING,2024-04-26,246,246,1.0,True,246,246,1.0,True,246,1.0,True
SCHEDULE_PLUS_ALL_COVERAGE_CEILING,2024-04-29,246,246,1.0,True,246,246,1.0,True,246,1.0,True
SCHEDULE_PLUS_ALL_COVERAGE_CEILING,2024-04-30,245,245,1.0,True,245,245,1.0,True,245,1.0,True
SCHEDULE_PLUS_ALL_COVERAGE_CEILING,2024-05-02,242,242,1.0,True,242,242,1.0,True,242,1.0,True
SCHEDULE_PLUS_ALL_COVERAGE_CEILING,2024-05-03,240,240,1.0,True,240,240,1.0,True,240,1.0,True
SCHEDULE_PLUS_ALL_COVERAGE_CEILING,2024-05-06,240,240,1.0,True,240,240,1.0,True,240,1.0,True
SCHEDULE_PLUS_ALL_COVERAGE_CEILING,2024-05-07,242,242,1.0,True,242,242,1.0,True,242,1.0,True
SCHEDULE_PLUS_ALL_COVERAGE_CEILING,2024-05-08,242,242,1.0,True,242,242,1.0,True,242,1.0,True
SCHEDULE_PLUS_ALL_COVERAGE_CEILING,2024-05-13,243,243,1.0,True,243,243,1.0,True,243,1.0,True
SCHEDULE_PLUS_ALL_COVERAGE_CEILING,2024-05-14,243,243,1.0,True,243,243,1.0,True,243,1.0,True
SCHEDULE_PLUS_ALL_COVERAGE_CEILING,2024-05-15,242,242,1.0,True,242,242,1.0,True,242,1.0,True
SCHEDULE_PLUS_ALL_COVERAGE_CEILING,2024-05-16,246,246,1.0,True,246,246,1.0,True,246,1.0,True
SCHEDULE_PLUS_ALL_COVERAGE_CEILING,2024-05-17,246,246,1.0,True,246,246,1.0,True,246,1.0,True
SCHEDULE_PLUS_ALL_COVERAGE_CEILING,2024-05-20,245,245,1.0,True,245,245,1.0,True,245,1.0,True
SCHEDULE_PLUS_ALL_COVERAGE_CEILING,2024-05-21,243,243,1.0,True,243,243,1.0,True,243,1.0,True
SCHEDULE_PLUS_ALL_COVERAGE_CEILING,2024-05-22,243,243,1.0,True,243,243,1.0,True,243,1.0,True
SCHEDULE_PLUS_ALL_COVERAGE_CEILING,2024-05-27,243,243,1.0,True,243,243,1.0,True,243,1.0,True
SCHEDULE_PLUS_ALL_COVERAGE_CEILING,2024-05-28,242,242,1.0,True,242,242,1.0,True,242,1.0,True
SCHEDULE_PLUS_ALL_COVERAGE_CEILING,2024-05-29,243,243,1.0,True,243,243,1.0,True,243,1.0,True
SCHEDULE_PLUS_ALL_COVERAGE_CEILING,2024-05-30,242,242,1.0,True,242,242,1.0,True,242,1.0,True
SCHEDULE_PLUS_ALL_COVERAGE_CEILING,2024-05-31,242,242,1.0,True,242,242,1.0,True,242,1.0,True
SCHEDULE_PLUS_ALL_COVERAGE_CEILING,2024-06-03,243,243,1.0,True,243,242,0.9958847736625515,True,242,0.9958847736625515,True
SCHEDULE_PLUS_ALL_COVERAGE_CEILING,2024-06-04,240,240,1.0,True,240,239,0.9958333333333333,True,239,0.9958333333333333,True
SCHEDULE_PLUS_ALL_COVERAGE_CEILING,2024-06-05,238,238,1.0,True,238,236,0.9915966386554622,True,236,0.9915966386554622,True
SCHEDULE_PLUS_ALL_COVERAGE_CEILING,2024-06-06,238,238,1.0,True,238,236,0.9915966386554622,True,236,0.9915966386554622,True
SCHEDULE_PLUS_ALL_COVERAGE_CEILING,2024-06-07,237,237,1.0,True,237,235,0.9915611814345991,True,235,0.9915611814345991,True
SCHEDULE_PLUS_ALL_COVERAGE_CEILING,2024-06-10,238,237,0.9957983193277311,True,238,236,0.9915966386554622,True,236,0.9915966386554622,True
SCHEDULE_PLUS_ALL_COVERAGE_CEILING,2024-06-11,238,237,0.9957983193277311,True,238,235,0.9873949579831933,True,235,0.9873949579831933,True
SCHEDULE_PLUS_ALL_COVERAGE_CEILING,2024-06-12,237,235,0.9915611814345991,True,237,234,0.9873417721518988,True,234,0.9873417721518988,True
SCHEDULE_PLUS_ALL_COVERAGE_CEILING,2024-06-13,237,235,0.9915611814345991,True,237,234,0.9873417721518988,True,234,0.9873417721518988,True
SCHEDULE_PLUS_ALL_COVERAGE_CEILING,2024-06-14,238,237,0.9957983193277311,True,238,236,0.9915966386554622,True,236,0.9915966386554622,True
SCHEDULE_PLUS_ALL_COVERAGE_CEILING,2024-06-19,236,235,0.9957627118644068,True,236,234,0.9915254237288136,True,234,0.9915254237288136,True
SCHEDULE_PLUS_ALL_COVERAGE_CEILING,2024-06-20,236,235,0.9957627118644068,True,236,235,0.9957627118644068,True,235,0.9957627118644068,True
SCHEDULE_PLUS_ALL_COVERAGE_CEILING,2024-06-21,237,236,0.9957805907172996,True,237,236,0.9957805907172996,True,236,0.9957805907172996,True
SCHEDULE_PLUS_ALL_COVERAGE_CEILING,2024-06-24,237,236,0.9957805907172996,True,237,236,0.9957805907172996,True,236,0.9957805907172996,True
SCHEDULE_PLUS_ALL_COVERAGE_CEILING,2024-06-25,237,236,0.9957805907172996,True,237,235,0.9915611814345991,True,235,0.9915611814345991,True
SCHEDULE_PLUS_ALL_COVERAGE_CEILING,2024-06-26,236,236,1.0,True,236,235,0.9957627118644068,True,235,0.9957627118644068,True
SCHEDULE_PLUS_ALL_COVERAGE_CEILING,2024-06-27,238,238,1.0,True,238,237,0.9957983193277311,True,237,0.9957983193277311,True
SCHEDULE_PLUS_ALL_COVERAGE_CEILING,2024-06-28,239,239,1.0,True,239,238,0.99581589958159,True,238,0.99581589958159,True
SCHEDULE_PLUS_ALL_COVERAGE_CEILING,2024-07-01,239,239,1.0,True,239,238,0.99581589958159,True,238,0.99581589958159,True
SCHEDULE_PLUS_ALL_COVERAGE_CEILING,2024-07-02,241,240,0.995850622406639,True,241,240,0.995850622406639,True,240,0.995850622406639,True
SCHEDULE_PLUS_ALL_COVERAGE_CEILING,2024-07-03,241,240,0.995850622406639,True,241,240,0.995850622406639,True,240,0.995850622406639,True
SCHEDULE_PLUS_ALL_COVERAGE_CEILING,2024-07-04,241,240,0.995850622406639,True,241,240,0.995850622406639,True,240,0.995850622406639,True
SCHEDULE_PLUS_ALL_COVERAGE_CEILING,2024-07-05,242,241,0.9958677685950413,True,242,241,0.9958677685950413,True,241,0.9958677685950413,True
SCHEDULE_PLUS_ALL_COVERAGE_CEILING,2024-07-08,242,242,1.0,True,242,242,1.0,True,242,1.0,True
SCHEDULE_PLUS_ALL_COVERAGE_CEILING,2024-07-09,242,242,1.0,True,242,242,1.0,True,242,1.0,True
SCHEDULE_PLUS_ALL_COVERAGE_CEILING,2024-07-10,242,242,1.0,True,242,242,1.0,True,242,1.0,True
SCHEDULE_PLUS_ALL_COVERAGE_CEILING,2024-07-11,241,241,1.0,True,241,241,1.0,True,241,1.0,True
SCHEDULE_PLUS_ALL_COVERAGE_CEILING,2024-07-12,241,241,1.0,True,241,241,1.0,True,241,1.0,True
SCHEDULE_PLUS_ALL_COVERAGE_CEILING,2024-07-15,241,241,1.0,True,241,241,1.0,True,241,1.0,True
SCHEDULE_PLUS_ALL_COVERAGE_CEILING,2024-07-16,241,241,1.0,True,241,241,1.0,True,241,1.0,True
SCHEDULE_PLUS_ALL_COVERAGE_CEILING,2024-07-17,239,239,1.0,True,239,239,1.0,True,239,1.0,True
SCHEDULE_PLUS_ALL_COVERAGE_CEILING,2024-07-18,240,240,1.0,True,240,240,1.0,True,240,1.0,True
SCHEDULE_PLUS_ALL_COVERAGE_CEILING,2024-07-19,240,240,1.0,True,240,240,1.0,True,240,1.0,True
SCHEDULE_PLUS_ALL_COVERAGE_CEILING,2024-07-22,236,236,1.0,True,236,236,1.0,True,236,1.0,True
SCHEDULE_PLUS_ALL_COVERAGE_CEILING,2024-07-23,236,236,1.0,True,236,236,1.0,True,236,1.0,True
SCHEDULE_PLUS_ALL_COVERAGE_CEILING,2024-07-24,236,236,1.0,True,236,236,1.0,True,236,1.0,True
SCHEDULE_PLUS_ALL_COVERAGE_CEILING,2024-07-25,237,237,1.0,True,237,237,1.0,True,237,1.0,True
SCHEDULE_PLUS_ALL_COVERAGE_CEILING,2024-07-26,238,238,1.0,True,238,238,1.0,True,238,1.0,True
SCHEDULE_PLUS_ALL_COVERAGE_CEILING,2024-07-29,239,239,1.0,True,239,239,1.0,True,239,1.0,True
SCHEDULE_PLUS_ALL_COVERAGE_CEILING,2024-07-30,239,239,1.0,True,239,239,1.0,True,239,1.0,True
SCHEDULE_PLUS_ALL_COVERAGE_CEILING,2024-07-31,242,242,1.0,True,242,242,1.0,True,242,1.0,True
SCHEDULE_PLUS_ALL_COVERAGE_CEILING,2024-08-01,239,239,1.0,True,239,239,1.0,True,239,1.0,True
SCHEDULE_PLUS_ALL_COVERAGE_CEILING,2024-08-02,239,239,1.0,True,239,239,1.0,True,239,1.0,True
SCHEDULE_PLUS_ALL_COVERAGE_CEILING,2024-08-05,241,241,1.0,True,241,241,1.0,True,241,1.0,True
SCHEDULE_PLUS_ALL_COVERAGE_CEILING,2024-08-06,241,241,1.0,True,241,241,1.0,True,241,1.0,True
SCHEDULE_PLUS_ALL_COVERAGE_CEILING,2024-08-07,241,241,1.0,True,241,241,1.0,True,241,1.0,True
SCHEDULE_PLUS_ALL_COVERAGE_CEILING,2024-08-08,242,242,1.0,True,242,242,1.0,True,242,1.0,True
SCHEDULE_PLUS_ALL_COVERAGE_CEILING,2024-08-09,242,242,1.0,True,242,242,1.0,True,242,1.0,True
SCHEDULE_PLUS_ALL_COVERAGE_CEILING,2024-08-12,244,244,1.0,True,244,244,1.0,True,244,1.0,True
SCHEDULE_PLUS_ALL_COVERAGE_CEILING,2024-08-13,244,244,1.0,True,244,244,1.0,True,244,1.0,True
SCHEDULE_PLUS_ALL_COVERAGE_CEILING,2024-08-14,243,243,1.0,True,243,243,1.0,True,243,1.0,True
SCHEDULE_PLUS_ALL_COVERAGE_CEILING,2024-08-15,245,245,1.0,True,245,245,1.0,True,245,1.0,True
SCHEDULE_PLUS_ALL_COVERAGE_CEILING,2024-08-16,246,246,1.0,True,246,246,1.0,True,246,1.0,True
SCHEDULE_PLUS_ALL_COVERAGE_CEILING,2024-08-19,246,246,1.0,True,246,246,1.0,True,246,1.0,True
SCHEDULE_PLUS_ALL_COVERAGE_CEILING,2024-08-20,245,245,1.0,True,245,245,1.0,True,245,1.0,True
SCHEDULE_PLUS_ALL_COVERAGE_CEILING,2024-08-21,244,244,1.0,True,244,244,1.0,True,244,1.0,True
SCHEDULE_PLUS_ALL_COVERAGE_CEILING,2024-08-22,244,244,1.0,True,244,244,1.0,True,244,1.0,True
SCHEDULE_PLUS_ALL_COVERAGE_CEILING,2024-08-23,242,242,1.0,True,242,242,1.0,True,242,1.0,True
SCHEDULE_PLUS_ALL_COVERAGE_CEILING,2024-08-26,243,243,1.0,True,243,243,1.0,True,243,1.0,True
SCHEDULE_PLUS_ALL_COVERAGE_CEILING,2024-08-27,242,242,1.0,True,242,242,1.0,True,242,1.0,True
SCHEDULE_PLUS_ALL_COVERAGE_CEILING,2024-08-28,242,242,1.0,True,242,242,1.0,True,242,1.0,True
SCHEDULE_PLUS_ALL_COVERAGE_CEILING,2024-08-29,243,243,1.0,True,243,243,1.0,True,243,1.0,True
SCHEDULE_PLUS_ALL_COVERAGE_CEILING,2024-08-30,242,242,1.0,True,242,242,1.0,True,242,1.0,True
SCHEDULE_PLUS_ALL_COVERAGE_CEILING,2024-09-02,245,245,1.0,True,245,245,1.0,True,245,1.0,True
SCHEDULE_PLUS_ALL_COVERAGE_CEILING,2024-09-03,247,247,1.0,True,247,247,1.0,True,247,1.0,True
SCHEDULE_PLUS_ALL_COVERAGE_CEILING,2024-09-04,248,248,1.0,True,248,248,1.0,True,248,1.0,True
SCHEDULE_PLUS_ALL_COVERAGE_CEILING,2024-09-05,247,247,1.0,True,247,247,1.0,True,247,1.0,True
SCHEDULE_PLUS_ALL_COVERAGE_CEILING,2024-09-06,242,242,1.0,True,242,242,1.0,True,242,1.0,True
SCHEDULE_PLUS_ALL_COVERAGE_CEILING,2024-09-09,243,243,1.0,True,243,243,1.0,True,243,1.0,True
SCHEDULE_PLUS_ALL_COVERAGE_CEILING,2024-09-10,244,244,1.0,True,244,244,1.0,True,244,1.0,True
SCHEDULE_PLUS_ALL_COVERAGE_CEILING,2024-09-11,245,245,1.0,True,245,245,1.0,True,245,1.0,True
SCHEDULE_PLUS_ALL_COVERAGE_CEILING,2024-09-12,246,246,1.0,True,246,246,1.0,True,246,1.0,True
SCHEDULE_PLUS_ALL_COVERAGE_CEILING,2024-09-13,246,246,1.0,True,246,246,1.0,True,246,1.0,True
SCHEDULE_PLUS_ALL_COVERAGE_CEILING,2024-09-17,248,248,1.0,True,248,248,1.0,True,248,1.0,True
SCHEDULE_PLUS_ALL_COVERAGE_CEILING,2024-09-18,245,245,1.0,True,245,245,1.0,True,245,1.0,True
SCHEDULE_PLUS_ALL_COVERAGE_CEILING,2024-09-19,246,246,1.0,True,246,246,1.0,True,246,1.0,True
SCHEDULE_PLUS_ALL_COVERAGE_CEILING,2024-09-20,246,246,1.0,True,246,246,1.0,True,246,1.0,True
SCHEDULE_PLUS_ALL_COVERAGE_CEILING,2024-09-23,246,246,1.0,True,246,246,1.0,True,246,1.0,True
SCHEDULE_PLUS_ALL_COVERAGE_CEILING,2024-09-24,247,247,1.0,True,247,247,1.0,True,247,1.0,True
SCHEDULE_PLUS_ALL_COVERAGE_CEILING,2024-09-25,246,246,1.0,True,246,246,1.0,True,246,1.0,True
SCHEDULE_PLUS_ALL_COVERAGE_CEILING,2024-09-26,248,248,1.0,True,248,248,1.0,True,248,1.0,True
SCHEDULE_PLUS_ALL_COVERAGE_CEILING,2024-09-27,247,247,1.0,True,247,247,1.0,True,247,1.0,True
SCHEDULE_PLUS_ALL_COVERAGE_CEILING,2024-09-30,248,248,1.0,True,248,248,1.0,True,248,1.0,True
SCHEDULE_PLUS_ALL_COVERAGE_CEILING,2024-10-01,248,248,1.0,True,248,248,1.0,True,248,1.0,True
SCHEDULE_PLUS_ALL_COVERAGE_CEILING,2024-10-02,248,248,1.0,True,248,248,1.0,True,248,1.0,True
SCHEDULE_PLUS_ALL_COVERAGE_CEILING,2024-10-03,247,247,1.0,True,247,247,1.0,True,247,1.0,True
SCHEDULE_PLUS_ALL_COVERAGE_CEILING,2024-10-04,249,249,1.0,True,249,249,1.0,True,249,1.0,True
SCHEDULE_PLUS_ALL_COVERAGE_CEILING,2024-10-07,248,248,1.0,True,248,248,1.0,True,248,1.0,True
SCHEDULE_PLUS_ALL_COVERAGE_CEILING,2024-10-08,246,246,1.0,True,246,246,1.0,True,246,1.0,True
SCHEDULE_PLUS_ALL_COVERAGE_CEILING,2024-10-09,247,247,1.0,True,247,247,1.0,True,247,1.0,True
SCHEDULE_PLUS_ALL_COVERAGE_CEILING,2024-10-10,249,249,1.0,True,249,249,1.0,True,249,1.0,True
SCHEDULE_PLUS_ALL_COVERAGE_CEILING,2024-10-11,249,249,1.0,True,249,249,1.0,True,249,1.0,True
SCHEDULE_PLUS_ALL_COVERAGE_CEILING,2024-10-14,249,249,1.0,True,249,249,1.0,True,249,1.0,True
SCHEDULE_PLUS_ALL_COVERAGE_CEILING,2024-10-15,249,249,1.0,True,249,249,1.0,True,249,1.0,True
SCHEDULE_PLUS_ALL_COVERAGE_CEILING,2024-10-16,249,249,1.0,True,249,249,1.0,True,249,1.0,True
SCHEDULE_PLUS_ALL_COVERAGE_CEILING,2024-10-17,249,249,1.0,True,249,249,1.0,True,249,1.0,True
SCHEDULE_PLUS_ALL_COVERAGE_CEILING,2024-10-18,251,251,1.0,True,251,251,1.0,True,251,1.0,True
SCHEDULE_PLUS_ALL_COVERAGE_CEILING,2024-10-21,250,250,1.0,True,250,250,1.0,True,250,1.0,True
SCHEDULE_PLUS_ALL_COVERAGE_CEILING,2024-10-22,250,250,1.0,True,250,250,1.0,True,250,1.0,True
SCHEDULE_PLUS_ALL_COVERAGE_CEILING,2024-10-23,252,252,1.0,True,252,252,1.0,True,252,1.0,True
SCHEDULE_PLUS_ALL_COVERAGE_CEILING,2024-10-24,251,251,1.0,True,251,251,1.0,True,251,1.0,True
SCHEDULE_PLUS_ALL_COVERAGE_CEILING,2024-10-25,251,251,1.0,True,251,251,1.0,True,251,1.0,True
SCHEDULE_PLUS_ALL_COVERAGE_CEILING,2024-10-28,252,252,1.0,True,252,251,0.996031746031746,True,251,0.996031746031746,True
SCHEDULE_PLUS_ALL_COVERAGE_CEILING,2024-10-29,254,254,1.0,True,254,253,0.9960629921259843,True,253,0.9960629921259843,True
SCHEDULE_PLUS_ALL_COVERAGE_CEILING,2024-10-30,254,254,1.0,True,254,253,0.9960629921259843,True,253,0.9960629921259843,True
SCHEDULE_PLUS_ALL_COVERAGE_CEILING,2024-10-31,256,256,1.0,True,256,255,0.99609375,True,255,0.99609375,True
SCHEDULE_PLUS_ALL_COVERAGE_CEILING,2024-11-01,257,257,1.0,True,257,256,0.9961089494163424,True,256,0.9961089494163424,True
SCHEDULE_PLUS_ALL_COVERAGE_CEILING,2024-11-04,259,258,0.9961389961389961,True,259,258,0.9961389961389961,True,258,0.9961389961389961,True
SCHEDULE_PLUS_ALL_COVERAGE_CEILING,2024-11-05,261,260,0.9961685823754789,True,261,260,0.9961685823754789,True,260,0.9961685823754789,True
SCHEDULE_PLUS_ALL_COVERAGE_CEILING,2024-11-06,262,261,0.9961832061068703,True,262,261,0.9961832061068703,True,261,0.9961832061068703,True
SCHEDULE_PLUS_ALL_COVERAGE_CEILING,2024-11-07,263,262,0.9961977186311787,True,263,262,0.9961977186311787,True,262,0.9961977186311787,True
SCHEDULE_PLUS_ALL_COVERAGE_CEILING,2024-11-08,264,264,1.0,True,264,264,1.0,True,264,1.0,True
SCHEDULE_PLUS_ALL_COVERAGE_CEILING,2024-11-11,264,264,1.0,True,264,264,1.0,True,264,1.0,True
SCHEDULE_PLUS_ALL_COVERAGE_CEILING,2024-11-12,264,264,1.0,True,264,264,1.0,True,264,1.0,True
SCHEDULE_PLUS_ALL_COVERAGE_CEILING,2024-11-13,261,261,1.0,True,261,261,1.0,True,261,1.0,True
SCHEDULE_PLUS_ALL_COVERAGE_CEILING,2024-11-14,260,260,1.0,True,260,260,1.0,True,260,1.0,True
SCHEDULE_PLUS_ALL_COVERAGE_CEILING,2024-11-15,257,257,1.0,True,257,257,1.0,True,257,1.0,True
SCHEDULE_PLUS_ALL_COVERAGE_CEILING,2024-11-18,257,257,1.0,True,257,257,1.0,True,257,1.0,True
SCHEDULE_PLUS_ALL_COVERAGE_CEILING,2024-11-19,258,258,1.0,True,258,258,1.0,True,258,1.0,True
SCHEDULE_PLUS_ALL_COVERAGE_CEILING,2024-11-20,255,255,1.0,True,255,255,1.0,True,255,1.0,True
SCHEDULE_PLUS_ALL_COVERAGE_CEILING,2024-11-21,256,256,1.0,True,256,256,1.0,True,256,1.0,True
SCHEDULE_PLUS_ALL_COVERAGE_CEILING,2024-11-22,252,252,1.0,True,252,252,1.0,True,252,1.0,True
SCHEDULE_PLUS_ALL_COVERAGE_CEILING,2024-11-25,252,252,1.0,True,252,252,1.0,True,252,1.0,True
SCHEDULE_PLUS_ALL_COVERAGE_CEILING,2024-11-26,252,252,1.0,True,252,252,1.0,True,252,1.0,True
SCHEDULE_PLUS_ALL_COVERAGE_CEILING,2024-11-28,252,252,1.0,True,252,252,1.0,True,252,1.0,True
SCHEDULE_PLUS_ALL_COVERAGE_CEILING,2024-11-29,252,252,1.0,True,252,252,1.0,True,252,1.0,True
SCHEDULE_PLUS_ALL_COVERAGE_CEILING,2024-12-02,251,251,1.0,True,251,251,1.0,True,251,1.0,True
SCHEDULE_PLUS_ALL_COVERAGE_CEILING,2024-12-03,249,249,1.0,True,249,249,1.0,True,249,1.0,True
SCHEDULE_PLUS_ALL_COVERAGE_CEILING,2024-12-04,252,252,1.0,True,252,252,1.0,True,252,1.0,True
SCHEDULE_PLUS_ALL_COVERAGE_CEILING,2024-12-05,252,252,1.0,True,252,252,1.0,True,252,1.0,True
SCHEDULE_PLUS_ALL_COVERAGE_CEILING,2024-12-06,251,251,1.0,True,251,251,1.0,True,251,1.0,True
SCHEDULE_PLUS_ALL_COVERAGE_CEILING,2024-12-09,250,250,1.0,True,250,250,1.0,True,250,1.0,True
SCHEDULE_PLUS_ALL_COVERAGE_CEILING,2024-12-10,252,252,1.0,True,252,252,1.0,True,252,1.0,True
SCHEDULE_PLUS_ALL_COVERAGE_CEILING,2024-12-11,255,255,1.0,True,255,255,1.0,True,255,1.0,True
SCHEDULE_PLUS_ALL_COVERAGE_CEILING,2024-12-12,257,257,1.0,True,257,257,1.0,True,257,1.0,True
SCHEDULE_PLUS_ALL_COVERAGE_CEILING,2024-12-13,256,256,1.0,True,256,255,0.99609375,True,255,0.99609375,True
SCHEDULE_PLUS_ALL_COVERAGE_CEILING,2024-12-16,256,256,1.0,True,256,255,0.99609375,True,255,0.99609375,True
SCHEDULE_PLUS_ALL_COVERAGE_CEILING,2024-12-17,254,254,1.0,True,254,253,0.9960629921259843,True,253,0.9960629921259843,True
SCHEDULE_PLUS_ALL_COVERAGE_CEILING,2024-12-18,255,255,1.0,True,255,254,0.996078431372549,True,254,0.996078431372549,True
SCHEDULE_PLUS_ALL_COVERAGE_CEILING,2024-12-19,254,254,1.0,True,254,253,0.9960629921259843,True,253,0.9960629921259843,True
SCHEDULE_PLUS_ALL_COVERAGE_CEILING,2024-12-20,253,252,0.9960474308300395,True,253,252,0.9960474308300395,True,252,0.9960474308300395,True
SCHEDULE_PLUS_ALL_COVERAGE_CEILING,2024-12-23,249,248,0.9959839357429718,True,249,248,0.9959839357429718,True,248,0.9959839357429718,True
SCHEDULE_PLUS_ALL_COVERAGE_CEILING,2024-12-24,252,251,0.996031746031746,True,252,251,0.996031746031746,True,251,0.996031746031746,True
SCHEDULE_PLUS_ALL_COVERAGE_CEILING,2024-12-27,251,250,0.9960159362549801,True,251,250,0.9960159362549801,True,250,0.9960159362549801,True
SCHEDULE_PLUS_ALL_COVERAGE_CEILING,2024-12-30,248,248,1.0,True,248,248,1.0,True,248,1.0,True
SCHEDULE_PLUS_ALL_COVERAGE_CEILING,2025-01-02,250,250,1.0,True,250,250,1.0,True,250,1.0,True
SCHEDULE_PLUS_ALL_COVERAGE_CEILING,2025-01-03,250,250,1.0,True,250,250,1.0,True,250,1.0,True
SCHEDULE_PLUS_ALL_COVERAGE_CEILING,2025-01-06,248,248,1.0,True,248,248,1.0,True,248,1.0,True
SCHEDULE_PLUS_ALL_COVERAGE_CEILING,2025-01-07,250,250,1.0,True,250,250,1.0,True,250,1.0,True
SCHEDULE_PLUS_ALL_COVERAGE_CEILING,2025-01-08,250,250,1.0,True,250,250,1.0,True,250,1.0,True
SCHEDULE_PLUS_ALL_COVERAGE_CEILING,2025-01-09,246,246,1.0,True,246,246,1.0,True,246,1.0,True
SCHEDULE_PLUS_ALL_COVERAGE_CEILING,2025-01-10,244,244,1.0,True,244,244,1.0,True,244,1.0,True
SCHEDULE_PLUS_ALL_COVERAGE_CEILING,2025-01-13,242,242,1.0,True,242,242,1.0,True,242,1.0,True
SCHEDULE_PLUS_ALL_COVERAGE_CEILING,2025-01-14,240,240,1.0,True,240,240,1.0,True,240,1.0,True
SCHEDULE_PLUS_ALL_COVERAGE_CEILING,2025-01-15,240,240,1.0,True,240,240,1.0,True,240,1.0,True
SCHEDULE_PLUS_ALL_COVERAGE_CEILING,2025-01-16,240,240,1.0,True,240,240,1.0,True,240,1.0,True
SCHEDULE_PLUS_ALL_COVERAGE_CEILING,2025-01-17,239,239,1.0,True,239,239,1.0,True,239,1.0,True
SCHEDULE_PLUS_ALL_COVERAGE_CEILING,2025-01-20,238,238,1.0,True,238,238,1.0,True,238,1.0,True
SCHEDULE_PLUS_ALL_COVERAGE_CEILING,2025-01-21,240,240,1.0,True,240,240,1.0,True,240,1.0,True
SCHEDULE_PLUS_ALL_COVERAGE_CEILING,2025-01-22,240,240,1.0,True,240,240,1.0,True,240,1.0,True
SCHEDULE_PLUS_ALL_COVERAGE_CEILING,2025-01-23,240,240,1.0,True,240,240,1.0,True,240,1.0,True
SCHEDULE_PLUS_ALL_COVERAGE_CEILING,2025-01-24,240,240,1.0,True,240,240,1.0,True,240,1.0,True
SCHEDULE_PLUS_ALL_COVERAGE_CEILING,2025-01-30,240,240,1.0,True,240,240,1.0,True,240,1.0,True
SCHEDULE_PLUS_ALL_COVERAGE_CEILING,2025-01-31,235,235,1.0,True,235,235,1.0,True,235,1.0,True
SCHEDULE_PLUS_ALL_COVERAGE_CEILING,2025-02-03,236,236,1.0,True,236,236,1.0,True,236,1.0,True
SCHEDULE_PLUS_ALL_COVERAGE_CEILING,2025-02-04,230,230,1.0,True,230,230,1.0,True,230,1.0,True
SCHEDULE_PLUS_ALL_COVERAGE_CEILING,2025-02-05,229,229,1.0,True,229,229,1.0,True,229,1.0,True
SCHEDULE_PLUS_ALL_COVERAGE_CEILING,2025-02-06,231,231,1.0,True,231,231,1.0,True,231,1.0,True
SCHEDULE_PLUS_ALL_COVERAGE_CEILING,2025-02-07,234,234,1.0,True,234,234,1.0,True,234,1.0,True
SCHEDULE_PLUS_ALL_COVERAGE_CEILING,2025-02-10,235,235,1.0,True,235,235,1.0,True,235,1.0,True
SCHEDULE_PLUS_ALL_COVERAGE_CEILING,2025-02-11,236,236,1.0,True,236,236,1.0,True,236,1.0,True
SCHEDULE_PLUS_ALL_COVERAGE_CEILING,2025-02-12,235,235,1.0,True,235,235,1.0,True,235,1.0,True
SCHEDULE_PLUS_ALL_COVERAGE_CEILING,2025-02-13,238,238,1.0,True,238,238,1.0,True,238,1.0,True
SCHEDULE_PLUS_ALL_COVERAGE_CEILING,2025-02-14,237,237,1.0,True,237,237,1.0,True,237,1.0,True
SCHEDULE_PLUS_ALL_COVERAGE_CEILING,2025-02-17,232,232,1.0,True,232,232,1.0,True,232,1.0,True
SCHEDULE_PLUS_ALL_COVERAGE_CEILING,2025-02-18,234,234,1.0,True,234,234,1.0,True,234,1.0,True
SCHEDULE_PLUS_ALL_COVERAGE_CEILING,2025-02-19,234,234,1.0,True,234,234,1.0,True,234,1.0,True
SCHEDULE_PLUS_ALL_COVERAGE_CEILING,2025-02-20,234,234,1.0,True,234,234,1.0,True,234,1.0,True
SCHEDULE_PLUS_ALL_COVERAGE_CEILING,2025-02-21,233,233,1.0,True,233,233,1.0,True,233,1.0,True
SCHEDULE_PLUS_ALL_COVERAGE_CEILING,2025-02-24,233,233,1.0,True,233,233,1.0,True,233,1.0,True
SCHEDULE_PLUS_ALL_COVERAGE_CEILING,2025-02-25,230,230,1.0,True,230,230,1.0,True,230,1.0,True
SCHEDULE_PLUS_ALL_COVERAGE_CEILING,2025-02-26,232,232,1.0,True,232,232,1.0,True,232,1.0,True
SCHEDULE_PLUS_ALL_COVERAGE_CEILING,2025-02-27,230,230,1.0,True,230,230,1.0,True,230,1.0,True
SCHEDULE_PLUS_ALL_COVERAGE_CEILING,2025-02-28,231,231,1.0,True,231,231,1.0,True,231,1.0,True
SCHEDULE_PLUS_ALL_COVERAGE_CEILING,2025-03-03,234,234,1.0,True,234,234,1.0,True,234,1.0,True
SCHEDULE_PLUS_ALL_COVERAGE_CEILING,2025-03-04,233,233,1.0,True,233,233,1.0,True,233,1.0,True
SCHEDULE_PLUS_ALL_COVERAGE_CEILING,2025-03-05,236,236,1.0,True,236,236,1.0,True,236,1.0,True
SCHEDULE_PLUS_ALL_COVERAGE_CEILING,2025-03-06,236,236,1.0,True,236,236,1.0,True,236,1.0,True
SCHEDULE_PLUS_ALL_COVERAGE_CEILING,2025-03-07,236,236,1.0,True,236,236,1.0,True,236,1.0,True
SCHEDULE_PLUS_ALL_COVERAGE_CEILING,2025-03-10,234,234,1.0,True,234,234,1.0,True,234,1.0,True
SCHEDULE_PLUS_ALL_COVERAGE_CEILING,2025-03-11,235,235,1.0,True,235,235,1.0,True,235,1.0,True
SCHEDULE_PLUS_ALL_COVERAGE_CEILING,2025-03-12,235,235,1.0,True,235,235,1.0,True,235,1.0,True
SCHEDULE_PLUS_ALL_COVERAGE_CEILING,2025-03-13,235,235,1.0,True,235,235,1.0,True,235,1.0,True
SCHEDULE_PLUS_ALL_COVERAGE_CEILING,2025-03-14,234,234,1.0,True,234,234,1.0,True,234,1.0,True
SCHEDULE_PLUS_ALL_COVERAGE_CEILING,2025-03-17,234,234,1.0,True,234,234,1.0,True,234,1.0,True
SCHEDULE_PLUS_ALL_COVERAGE_CEILING,2025-03-18,234,234,1.0,True,234,234,1.0,True,234,1.0,True
SCHEDULE_PLUS_ALL_COVERAGE_CEILING,2025-03-19,234,234,1.0,True,234,234,1.0,True,234,1.0,True
SCHEDULE_PLUS_ALL_COVERAGE_CEILING,2025-03-20,234,234,1.0,True,234,234,1.0,True,234,1.0,True
SCHEDULE_PLUS_ALL_COVERAGE_CEILING,2025-03-21,233,233,1.0,True,233,233,1.0,True,233,1.0,True
SCHEDULE_PLUS_ALL_COVERAGE_CEILING,2025-03-24,231,231,1.0,True,231,231,1.0,True,231,1.0,True
SCHEDULE_PLUS_ALL_COVERAGE_CEILING,2025-03-25,234,234,1.0,True,234,234,1.0,True,234,1.0,True
SCHEDULE_PLUS_ALL_COVERAGE_CEILING,2025-03-26,232,232,1.0,True,232,232,1.0,True,232,1.0,True
SCHEDULE_PLUS_ALL_COVERAGE_CEILING,2025-03-27,232,232,1.0,True,232,232,1.0,True,232,1.0,True
SCHEDULE_PLUS_ALL_COVERAGE_CEILING,2025-04-08,229,229,1.0,True,229,229,1.0,True,229,1.0,True
SCHEDULE_PLUS_ALL_COVERAGE_CEILING,2025-04-09,228,228,1.0,True,228,228,1.0,True,228,1.0,True
SCHEDULE_PLUS_ALL_COVERAGE_CEILING,2025-04-10,228,228,1.0,True,228,228,1.0,True,228,1.0,True
SCHEDULE_PLUS_ALL_COVERAGE_CEILING,2025-04-11,229,229,1.0,True,229,229,1.0,True,229,1.0,True
SCHEDULE_PLUS_ALL_COVERAGE_CEILING,2025-04-14,229,229,1.0,True,229,229,1.0,True,229,1.0,True
SCHEDULE_PLUS_ALL_COVERAGE_CEILING,2025-04-15,230,230,1.0,True,230,230,1.0,True,230,1.0,True
SCHEDULE_PLUS_ALL_COVERAGE_CEILING,2025-04-16,231,231,1.0,True,231,231,1.0,True,231,1.0,True
SCHEDULE_PLUS_ALL_COVERAGE_CEILING,2025-04-17,229,229,1.0,True,229,229,1.0,True,229,1.0,True
SCHEDULE_PLUS_ALL_COVERAGE_CEILING,2025-04-21,228,228,1.0,True,228,228,1.0,True,228,1.0,True
SCHEDULE_PLUS_ALL_COVERAGE_CEILING,2025-04-22,228,228,1.0,True,228,228,1.0,True,228,1.0,True
SCHEDULE_PLUS_ALL_COVERAGE_CEILING,2025-04-23,226,226,1.0,True,226,226,1.0,True,226,1.0,True
SCHEDULE_PLUS_ALL_COVERAGE_CEILING,2025-04-24,226,226,1.0,True,226,226,1.0,True,226,1.0,True
SCHEDULE_PLUS_ALL_COVERAGE_CEILING,2025-04-25,227,227,1.0,True,227,227,1.0,True,227,1.0,True
SCHEDULE_PLUS_ALL_COVERAGE_CEILING,2025-04-28,225,225,1.0,True,225,225,1.0,True,225,1.0,True
SCHEDULE_PLUS_ALL_COVERAGE_CEILING,2025-04-29,224,224,1.0,True,224,224,1.0,True,224,1.0,True
SCHEDULE_PLUS_ALL_COVERAGE_CEILING,2025-04-30,222,222,1.0,True,222,222,1.0,True,222,1.0,True
SCHEDULE_PLUS_ALL_COVERAGE_CEILING,2025-05-02,226,226,1.0,True,226,226,1.0,True,226,1.0,True
SCHEDULE_PLUS_ALL_COVERAGE_CEILING,2025-05-05,225,225,1.0,True,225,225,1.0,True,225,1.0,True
SCHEDULE_PLUS_ALL_COVERAGE_CEILING,2025-05-06,226,226,1.0,True,226,226,1.0,True,226,1.0,True
SCHEDULE_PLUS_ALL_COVERAGE_CEILING,2025-05-07,225,225,1.0,True,225,225,1.0,True,225,1.0,True
SCHEDULE_PLUS_ALL_COVERAGE_CEILING,2025-05-08,226,226,1.0,True,226,226,1.0,True,226,1.0,True
SCHEDULE_PLUS_ALL_COVERAGE_CEILING,2025-05-09,224,224,1.0,True,224,224,1.0,True,224,1.0,True
SCHEDULE_PLUS_ALL_COVERAGE_CEILING,2025-05-14,223,223,1.0,True,223,223,1.0,True,223,1.0,True
SCHEDULE_PLUS_ALL_COVERAGE_CEILING,2025-05-15,227,227,1.0,True,227,227,1.0,True,227,1.0,True
SCHEDULE_PLUS_ALL_COVERAGE_CEILING,2025-05-16,227,227,1.0,True,227,227,1.0,True,227,1.0,True
SCHEDULE_PLUS_ALL_COVERAGE_CEILING,2025-05-19,228,228,1.0,True,228,227,0.9956140350877193,True,227,0.9956140350877193,True
SCHEDULE_PLUS_ALL_COVERAGE_CEILING,2025-05-20,227,226,0.9955947136563876,True,227,226,0.9955947136563876,True,226,0.9955947136563876,True
SCHEDULE_PLUS_ALL_COVERAGE_CEILING,2025-05-21,228,227,0.9956140350877193,True,228,225,0.9868421052631579,True,225,0.9868421052631579,True
SCHEDULE_PLUS_ALL_COVERAGE_CEILING,2025-05-22,229,228,0.9956331877729258,True,229,226,0.9868995633187773,True,226,0.9868995633187773,True
SCHEDULE_PLUS_ALL_COVERAGE_CEILING,2025-05-23,229,228,0.9956331877729258,True,229,226,0.9868995633187773,True,226,0.9868995633187773,True
SCHEDULE_PLUS_ALL_COVERAGE_CEILING,2025-05-26,230,230,1.0,True,230,228,0.991304347826087,True,228,0.991304347826087,True
SCHEDULE_PLUS_ALL_COVERAGE_CEILING,2025-05-27,233,233,1.0,True,233,231,0.9914163090128756,True,231,0.9914163090128756,True
SCHEDULE_PLUS_ALL_COVERAGE_CEILING,2025-05-28,235,233,0.9914893617021276,True,235,233,0.9914893617021276,True,233,0.9914893617021276,True
SCHEDULE_PLUS_ALL_COVERAGE_CEILING,2025-06-02,236,234,0.9915254237288136,True,236,234,0.9915254237288136,True,234,0.9915254237288136,True
SCHEDULE_PLUS_ALL_COVERAGE_CEILING,2025-06-03,235,233,0.9914893617021276,True,235,233,0.9914893617021276,True,233,0.9914893617021276,True
SCHEDULE_PLUS_ALL_COVERAGE_CEILING,2025-06-04,235,233,0.9914893617021276,True,235,233,0.9914893617021276,True,233,0.9914893617021276,True
SCHEDULE_PLUS_ALL_COVERAGE_CEILING,2025-06-05,237,237,1.0,True,237,237,1.0,True,237,1.0,True
SCHEDULE_PLUS_ALL_COVERAGE_CEILING,2025-06-10,238,238,1.0,True,238,238,1.0,True,238,1.0,True
SCHEDULE_PLUS_ALL_COVERAGE_CEILING,2025-06-11,238,238,1.0,True,238,238,1.0,True,238,1.0,True
SCHEDULE_PLUS_ALL_COVERAGE_CEILING,2025-06-12,238,238,1.0,True,238,238,1.0,True,238,1.0,True
SCHEDULE_PLUS_ALL_COVERAGE_CEILING,2025-06-13,241,241,1.0,True,241,241,1.0,True,241,1.0,True
SCHEDULE_PLUS_ALL_COVERAGE_CEILING,2025-06-16,241,241,1.0,True,241,241,1.0,True,241,1.0,True
SCHEDULE_PLUS_ALL_COVERAGE_CEILING,2025-06-17,240,240,1.0,True,240,239,0.9958333333333333,True,239,0.9958333333333333,True
SCHEDULE_PLUS_ALL_COVERAGE_CEILING,2025-06-18,239,239,1.0,True,239,238,0.99581589958159,True,238,0.99581589958159,True
SCHEDULE_PLUS_ALL_COVERAGE_CEILING,2025-06-19,240,240,1.0,True,240,239,0.9958333333333333,True,239,0.9958333333333333,True
SCHEDULE_PLUS_ALL_COVERAGE_CEILING,2025-06-20,239,239,1.0,True,239,237,0.9916317991631799,True,237,0.9916317991631799,True
SCHEDULE_PLUS_ALL_COVERAGE_CEILING,2025-06-23,239,239,1.0,True,239,237,0.9916317991631799,True,237,0.9916317991631799,True
SCHEDULE_PLUS_ALL_COVERAGE_CEILING,2025-06-24,241,240,0.995850622406639,True,241,238,0.9875518672199171,True,238,0.9875518672199171,True
SCHEDULE_PLUS_ALL_COVERAGE_CEILING,2025-06-25,243,242,0.9958847736625515,True,243,240,0.9876543209876543,True,240,0.9876543209876543,True
SCHEDULE_PLUS_ALL_COVERAGE_CEILING,2025-06-26,244,243,0.9959016393442623,True,244,241,0.9877049180327869,True,241,0.9877049180327869,True
SCHEDULE_PLUS_ALL_COVERAGE_CEILING,2025-06-30,244,242,0.9918032786885246,True,244,241,0.9877049180327869,True,241,0.9877049180327869,True
SCHEDULE_PLUS_ALL_COVERAGE_CEILING,2025-07-01,242,241,0.9958677685950413,True,242,240,0.9917355371900827,True,240,0.9917355371900827,True
SCHEDULE_PLUS_ALL_COVERAGE_CEILING,2025-07-02,241,239,0.991701244813278,True,241,239,0.991701244813278,True,239,0.991701244813278,True
SCHEDULE_PLUS_ALL_COVERAGE_CEILING,2025-07-03,242,240,0.9917355371900827,True,242,240,0.9917355371900827,True,240,0.9917355371900827,True
SCHEDULE_PLUS_ALL_COVERAGE_CEILING,2025-07-04,244,243,0.9959016393442623,True,244,243,0.9959016393442623,True,243,0.9959016393442623,True
SCHEDULE_PLUS_ALL_COVERAGE_CEILING,2025-07-07,242,241,0.9958677685950413,True,242,241,0.9958677685950413,True,241,0.9958677685950413,True
SCHEDULE_PLUS_ALL_COVERAGE_CEILING,2025-07-08,242,242,1.0,True,242,242,1.0,True,242,1.0,True
SCHEDULE_PLUS_ALL_COVERAGE_CEILING,2025-07-09,241,241,1.0,True,241,241,1.0,True,241,1.0,True
SCHEDULE_PLUS_ALL_COVERAGE_CEILING,2025-07-10,242,242,1.0,True,242,242,1.0,True,242,1.0,True
SCHEDULE_PLUS_ALL_COVERAGE_CEILING,2025-07-11,242,242,1.0,True,242,242,1.0,True,242,1.0,True
SCHEDULE_PLUS_ALL_COVERAGE_CEILING,2025-07-14,242,242,1.0,True,242,242,1.0,True,242,1.0,True
SCHEDULE_PLUS_ALL_COVERAGE_CEILING,2025-07-15,244,244,1.0,True,244,244,1.0,True,244,1.0,True
SCHEDULE_PLUS_ALL_COVERAGE_CEILING,2025-07-16,245,245,1.0,True,245,245,1.0,True,245,1.0,True
SCHEDULE_PLUS_ALL_COVERAGE_CEILING,2025-07-17,247,247,1.0,True,247,247,1.0,True,247,1.0,True
SCHEDULE_PLUS_ALL_COVERAGE_CEILING,2025-07-18,248,248,1.0,True,248,248,1.0,True,248,1.0,True
SCHEDULE_PLUS_ALL_COVERAGE_CEILING,2025-07-21,250,250,1.0,True,250,250,1.0,True,250,1.0,True
SCHEDULE_PLUS_ALL_COVERAGE_CEILING,2025-07-22,250,250,1.0,True,250,250,1.0,True,250,1.0,True
SCHEDULE_PLUS_ALL_COVERAGE_CEILING,2025-07-23,250,250,1.0,True,250,250,1.0,True,250,1.0,True
SCHEDULE_PLUS_ALL_COVERAGE_CEILING,2025-07-24,249,249,1.0,True,249,249,1.0,True,249,1.0,True
SCHEDULE_PLUS_ALL_COVERAGE_CEILING,2025-07-25,251,251,1.0,True,251,251,1.0,True,251,1.0,True
SCHEDULE_PLUS_ALL_COVERAGE_CEILING,2025-07-28,252,252,1.0,True,252,252,1.0,True,252,1.0,True
SCHEDULE_PLUS_ALL_COVERAGE_CEILING,2025-07-29,255,255,1.0,True,255,255,1.0,True,255,1.0,True
SCHEDULE_PLUS_ALL_COVERAGE_CEILING,2025-07-30,256,256,1.0,True,256,256,1.0,True,256,1.0,True
SCHEDULE_PLUS_ALL_COVERAGE_CEILING,2025-07-31,256,256,1.0,True,256,256,1.0,True,256,1.0,True
SCHEDULE_PLUS_ALL_COVERAGE_CEILING,2025-08-01,256,256,1.0,True,256,256,1.0,True,256,1.0,True
SCHEDULE_PLUS_ALL_COVERAGE_CEILING,2025-08-04,258,258,1.0,True,258,258,1.0,True,258,1.0,True
SCHEDULE_PLUS_ALL_COVERAGE_CEILING,2025-08-05,259,259,1.0,True,259,259,1.0,True,259,1.0,True
SCHEDULE_PLUS_ALL_COVERAGE_CEILING,2025-08-06,261,261,1.0,True,261,261,1.0,True,261,1.0,True
SCHEDULE_PLUS_ALL_COVERAGE_CEILING,2025-08-07,262,262,1.0,True,262,262,1.0,True,262,1.0,True
SCHEDULE_PLUS_ALL_COVERAGE_CEILING,2025-08-08,267,267,1.0,True,267,267,1.0,True,267,1.0,True
SCHEDULE_PLUS_ALL_COVERAGE_CEILING,2025-08-11,266,266,1.0,True,266,266,1.0,True,266,1.0,True
SCHEDULE_PLUS_ALL_COVERAGE_CEILING,2025-08-12,266,266,1.0,True,266,266,1.0,True,266,1.0,True
SCHEDULE_PLUS_ALL_COVERAGE_CEILING,2025-08-13,267,267,1.0,True,267,267,1.0,True,267,1.0,True
SCHEDULE_PLUS_ALL_COVERAGE_CEILING,2025-08-14,266,266,1.0,True,266,266,1.0,True,266,1.0,True
SCHEDULE_PLUS_ALL_COVERAGE_CEILING,2025-08-15,268,268,1.0,True,268,268,1.0,True,268,1.0,True
SCHEDULE_PLUS_ALL_COVERAGE_CEILING,2025-08-19,267,267,1.0,True,267,267,1.0,True,267,1.0,True
SCHEDULE_PLUS_ALL_COVERAGE_CEILING,2025-08-20,268,268,1.0,True,268,268,1.0,True,268,1.0,True
SCHEDULE_PLUS_ALL_COVERAGE_CEILING,2025-08-21,266,266,1.0,True,266,266,1.0,True,266,1.0,True
SCHEDULE_PLUS_ALL_COVERAGE_CEILING,2025-08-22,268,268,1.0,True,268,268,1.0,True,268,1.0,True
SCHEDULE_PLUS_ALL_COVERAGE_CEILING,2025-08-25,269,269,1.0,True,269,269,1.0,True,269,1.0,True
SCHEDULE_PLUS_ALL_COVERAGE_CEILING,2025-08-26,269,269,1.0,True,269,269,1.0,True,269,1.0,True
SCHEDULE_PLUS_ALL_COVERAGE_CEILING,2025-08-27,273,273,1.0,True,273,273,1.0,True,273,1.0,True
SCHEDULE_PLUS_ALL_COVERAGE_CEILING,2025-08-28,273,273,1.0,True,273,273,1.0,True,273,1.0,True
SCHEDULE_PLUS_ALL_COVERAGE_CEILING,2025-08-29,271,271,1.0,True,271,271,1.0,True,271,1.0,True
SCHEDULE_PLUS_ALL_COVERAGE_CEILING,2025-09-01,275,275,1.0,True,275,275,1.0,True,275,1.0,True
SCHEDULE_PLUS_ALL_COVERAGE_CEILING,2025-09-02,276,276,1.0,True,276,276,1.0,True,276,1.0,True
SCHEDULE_PLUS_ALL_COVERAGE_CEILING,2025-09-03,278,278,1.0,True,278,278,1.0,True,278,1.0,True
SCHEDULE_PLUS_ALL_COVERAGE_CEILING,2025-09-04,279,279,1.0,True,279,279,1.0,True,279,1.0,True
SCHEDULE_PLUS_ALL_COVERAGE_CEILING,2025-09-08,281,281,1.0,True,281,281,1.0,True,281,1.0,True
SCHEDULE_PLUS_ALL_COVERAGE_CEILING,2025-09-09,282,282,1.0,True,282,282,1.0,True,282,1.0,True
SCHEDULE_PLUS_ALL_COVERAGE_CEILING,2025-09-10,283,283,1.0,True,283,283,1.0,True,283,1.0,True
SCHEDULE_PLUS_ALL_COVERAGE_CEILING,2025-09-11,287,287,1.0,True,287,287,1.0,True,287,1.0,True
SCHEDULE_PLUS_ALL_COVERAGE_CEILING,2025-09-12,289,289,1.0,True,289,289,1.0,True,289,1.0,True
SCHEDULE_PLUS_ALL_COVERAGE_CEILING,2025-09-15,289,289,1.0,True,289,289,1.0,True,289,1.0,True
SCHEDULE_PLUS_ALL_COVERAGE_CEILING,2025-09-16,293,293,1.0,True,293,293,1.0,True,293,1.0,True
SCHEDULE_PLUS_ALL_COVERAGE_CEILING,2025-09-17,293,293,1.0,True,293,293,1.0,True,293,1.0,True
SCHEDULE_PLUS_ALL_COVERAGE_CEILING,2025-09-18,298,298,1.0,True,298,298,1.0,True,298,1.0,True
SCHEDULE_PLUS_ALL_COVERAGE_CEILING,2025-09-19,298,298,1.0,True,298,298,1.0,True,298,1.0,True
SCHEDULE_PLUS_ALL_COVERAGE_CEILING,2025-09-22,299,299,1.0,True,299,299,1.0,True,299,1.0,True
SCHEDULE_PLUS_ALL_COVERAGE_CEILING,2025-09-23,304,304,1.0,True,304,304,1.0,True,304,1.0,True
SCHEDULE_PLUS_ALL_COVERAGE_CEILING,2025-09-24,306,306,1.0,True,306,306,1.0,True,306,1.0,True
SCHEDULE_PLUS_ALL_COVERAGE_CEILING,2025-09-25,311,311,1.0,True,311,311,1.0,True,311,1.0,True
SCHEDULE_PLUS_ALL_COVERAGE_CEILING,2025-09-26,311,311,1.0,True,311,311,1.0,True,311,1.0,True
SCHEDULE_PLUS_ALL_COVERAGE_CEILING,2025-09-29,316,316,1.0,True,316,316,1.0,True,316,1.0,True
SCHEDULE_PLUS_ALL_COVERAGE_CEILING,2025-09-30,316,316,1.0,True,316,316,1.0,True,316,1.0,True
SCHEDULE_PLUS_ALL_COVERAGE_CEILING,2025-10-01,323,323,1.0,True,323,323,1.0,True,323,1.0,True
SCHEDULE_PLUS_ALL_COVERAGE_CEILING,2025-10-02,330,330,1.0,True,330,330,1.0,True,330,1.0,True
SCHEDULE_PLUS_ALL_COVERAGE_CEILING,2025-10-03,334,334,1.0,True,334,334,1.0,True,334,1.0,True
SCHEDULE_PLUS_ALL_COVERAGE_CEILING,2025-10-06,332,332,1.0,True,332,332,1.0,True,332,1.0,True
SCHEDULE_PLUS_ALL_COVERAGE_CEILING,2025-10-07,340,340,1.0,True,340,340,1.0,True,340,1.0,True
SCHEDULE_PLUS_ALL_COVERAGE_CEILING,2025-10-08,343,343,1.0,True,343,343,1.0,True,343,1.0,True
SCHEDULE_PLUS_ALL_COVERAGE_CEILING,2025-10-09,348,348,1.0,True,348,348,1.0,True,348,1.0,True
SCHEDULE_PLUS_ALL_COVERAGE_CEILING,2025-10-10,349,349,1.0,True,349,349,1.0,True,349,1.0,True
SCHEDULE_PLUS_ALL_COVERAGE_CEILING,2025-10-13,356,356,1.0,True,356,356,1.0,True,356,1.0,True
SCHEDULE_PLUS_ALL_COVERAGE_CEILING,2025-10-14,361,361,1.0,True,361,361,1.0,True,361,1.0,True
SCHEDULE_PLUS_ALL_COVERAGE_CEILING,2025-10-15,361,361,1.0,True,361,361,1.0,True,361,1.0,True
SCHEDULE_PLUS_ALL_COVERAGE_CEILING,2025-10-16,365,365,1.0,True,365,365,1.0,True,365,1.0,True
SCHEDULE_PLUS_ALL_COVERAGE_CEILING,2025-10-17,367,367,1.0,True,367,367,1.0,True,367,1.0,True
SCHEDULE_PLUS_ALL_COVERAGE_CEILING,2025-10-20,370,370,1.0,True,370,370,1.0,True,370,1.0,True
SCHEDULE_PLUS_ALL_COVERAGE_CEILING,2025-10-21,375,375,1.0,True,375,375,1.0,True,375,1.0,True
SCHEDULE_PLUS_ALL_COVERAGE_CEILING,2025-10-22,376,376,1.0,True,376,376,1.0,True,376,1.0,True
SCHEDULE_PLUS_ALL_COVERAGE_CEILING,2025-10-23,376,376,1.0,True,376,376,1.0,True,376,1.0,True
SCHEDULE_PLUS_ALL_COVERAGE_CEILING,2025-10-24,379,379,1.0,True,379,379,1.0,True,379,1.0,True
SCHEDULE_PLUS_ALL_COVERAGE_CEILING,2025-10-27,381,381,1.0,True,381,381,1.0,True,381,1.0,True
SCHEDULE_PLUS_ALL_COVERAGE_CEILING,2025-10-28,379,379,1.0,True,379,379,1.0,True,379,1.0,True
SCHEDULE_PLUS_ALL_COVERAGE_CEILING,2025-10-29,382,382,1.0,True,382,382,1.0,True,382,1.0,True
SCHEDULE_PLUS_ALL_COVERAGE_CEILING,2025-10-30,388,388,1.0,True,388,388,1.0,True,388,1.0,True
SCHEDULE_PLUS_ALL_COVERAGE_CEILING,2025-10-31,388,388,1.0,True,388,388,1.0,True,388,1.0,True
SCHEDULE_PLUS_ALL_COVERAGE_CEILING,2025-11-03,391,391,1.0,True,391,391,1.0,True,391,1.0,True
SCHEDULE_PLUS_ALL_COVERAGE_CEILING,2025-11-04,394,394,1.0,True,394,394,1.0,True,394,1.0,True
SCHEDULE_PLUS_ALL_COVERAGE_CEILING,2025-11-05,394,394,1.0,True,394,394,1.0,True,394,1.0,True
SCHEDULE_PLUS_ALL_COVERAGE_CEILING,2025-11-06,390,390,1.0,True,390,390,1.0,True,390,1.0,True
SCHEDULE_PLUS_ALL_COVERAGE_CEILING,2025-11-07,391,391,1.0,True,391,391,1.0,True,391,1.0,True
SCHEDULE_PLUS_ALL_COVERAGE_CEILING,2025-11-10,394,394,1.0,True,394,394,1.0,True,394,1.0,True
SCHEDULE_PLUS_ALL_COVERAGE_CEILING,2025-11-11,393,393,1.0,True,393,393,1.0,True,393,1.0,True
SCHEDULE_PLUS_ALL_COVERAGE_CEILING,2025-11-12,393,393,1.0,True,393,393,1.0,True,393,1.0,True
SCHEDULE_PLUS_ALL_COVERAGE_CEILING,2025-11-13,393,393,1.0,True,393,393,1.0,True,393,1.0,True
SCHEDULE_PLUS_ALL_COVERAGE_CEILING,2025-11-14,393,393,1.0,True,393,393,1.0,True,393,1.0,True
SCHEDULE_PLUS_ALL_COVERAGE_CEILING,2025-11-17,393,393,1.0,True,393,393,1.0,True,393,1.0,True
SCHEDULE_PLUS_ALL_COVERAGE_CEILING,2025-11-18,390,390,1.0,True,390,390,1.0,True,390,1.0,True
SCHEDULE_PLUS_ALL_COVERAGE_CEILING,2025-11-19,393,393,1.0,True,393,393,1.0,True,393,1.0,True
SCHEDULE_PLUS_ALL_COVERAGE_CEILING,2025-11-20,392,392,1.0,True,392,392,1.0,True,392,1.0,True
SCHEDULE_PLUS_ALL_COVERAGE_CEILING,2025-11-21,389,389,1.0,True,389,389,1.0,True,389,1.0,True
SCHEDULE_PLUS_ALL_COVERAGE_CEILING,2025-11-24,392,392,1.0,True,392,392,1.0,True,392,1.0,True
SCHEDULE_PLUS_ALL_COVERAGE_CEILING,2025-11-25,394,394,1.0,True,394,394,1.0,True,394,1.0,True
SCHEDULE_PLUS_ALL_COVERAGE_CEILING,2025-11-26,390,390,1.0,True,390,390,1.0,True,390,1.0,True
SCHEDULE_PLUS_ALL_COVERAGE_CEILING,2025-11-27,389,389,1.0,True,389,389,1.0,True,389,1.0,True
SCHEDULE_PLUS_ALL_COVERAGE_CEILING,2025-11-28,389,389,1.0,True,389,389,1.0,True,389,1.0,True
SCHEDULE_PLUS_ALL_COVERAGE_CEILING,2025-12-01,391,391,1.0,True,391,391,1.0,True,391,1.0,True
SCHEDULE_PLUS_ALL_COVERAGE_CEILING,2025-12-02,389,389,1.0,True,389,389,1.0,True,389,1.0,True
SCHEDULE_PLUS_ALL_COVERAGE_CEILING,2025-12-03,393,393,1.0,True,393,393,1.0,True,393,1.0,True
SCHEDULE_PLUS_ALL_COVERAGE_CEILING,2025-12-04,393,393,1.0,True,393,393,1.0,True,393,1.0,True
SCHEDULE_PLUS_ALL_COVERAGE_CEILING,2025-12-05,387,387,1.0,True,387,387,1.0,True,387,1.0,True
SCHEDULE_PLUS_ALL_COVERAGE_CEILING,2025-12-08,390,390,1.0,True,390,390,1.0,True,390,1.0,True
SCHEDULE_PLUS_ALL_COVERAGE_CEILING,2025-12-09,390,390,1.0,True,390,390,1.0,True,390,1.0,True
SCHEDULE_PLUS_ALL_COVERAGE_CEILING,2025-12-10,390,390,1.0,True,390,390,1.0,True,390,1.0,True
SCHEDULE_PLUS_ALL_COVERAGE_CEILING,2025-12-11,391,391,1.0,True,391,391,1.0,True,391,1.0,True
SCHEDULE_PLUS_ALL_COVERAGE_CEILING,2025-12-12,392,392,1.0,True,392,392,1.0,True,392,1.0,True
SCHEDULE_PLUS_ALL_COVERAGE_CEILING,2025-12-15,388,388,1.0,True,388,388,1.0,True,388,1.0,True
SCHEDULE_PLUS_ALL_COVERAGE_CEILING,2025-12-16,386,386,1.0,True,386,386,1.0,True,386,1.0,True
SCHEDULE_PLUS_ALL_COVERAGE_CEILING,2025-12-17,387,387,1.0,True,387,387,1.0,True,387,1.0,True
SCHEDULE_PLUS_ALL_COVERAGE_CEILING,2025-12-18,387,387,1.0,True,387,387,1.0,True,387,1.0,True
SCHEDULE_PLUS_ALL_COVERAGE_CEILING,2025-12-19,388,388,1.0,True,388,388,1.0,True,388,1.0,True
SCHEDULE_PLUS_ALL_COVERAGE_CEILING,2025-12-22,389,389,1.0,True,389,389,1.0,True,389,1.0,True
SCHEDULE_PLUS_ALL_COVERAGE_CEILING,2025-12-23,391,391,1.0,True,391,391,1.0,True,391,1.0,True
SCHEDULE_PLUS_ALL_COVERAGE_CEILING,2025-12-24,390,390,1.0,True,390,390,1.0,True,390,1.0,True
SCHEDULE_PLUS_ALL_COVERAGE_CEILING,2025-12-29,390,390,1.0,True,390,390,1.0,True,390,1.0,True
SCHEDULE_PLUS_ALL_COVERAGE_CEILING,2025-12-30,391,391,1.0,True,391,391,1.0,True,391,1.0,True
SCHEDULE_PLUS_ALL_COVERAGE_CEILING,2026-01-02,388,388,1.0,True,388,388,1.0,True,388,1.0,True
SCHEDULE_PLUS_ALL_COVERAGE_CEILING,2026-01-05,383,383,1.0,True,383,383,1.0,True,383,1.0,True
SCHEDULE_PLUS_ALL_COVERAGE_CEILING,2026-01-06,384,384,1.0,True,384,384,1.0,True,384,1.0,True
SCHEDULE_PLUS_ALL_COVERAGE_CEILING,2026-01-07,384,384,1.0,True,384,384,1.0,True,384,1.0,True
SCHEDULE_PLUS_ALL_COVERAGE_CEILING,2026-01-08,386,386,1.0,True,386,386,1.0,True,386,1.0,True
SCHEDULE_PLUS_ALL_COVERAGE_CEILING,2026-01-09,385,385,1.0,True,385,385,1.0,True,385,1.0,True
SCHEDULE_PLUS_ALL_COVERAGE_CEILING,2026-01-12,386,386,1.0,True,386,386,1.0,True,386,1.0,True
SCHEDULE_PLUS_ALL_COVERAGE_CEILING,2026-01-13,384,384,1.0,True,384,384,1.0,True,384,1.0,True
SCHEDULE_PLUS_ALL_COVERAGE_CEILING,2026-01-14,385,385,1.0,True,385,385,1.0,True,385,1.0,True
SCHEDULE_PLUS_ALL_COVERAGE_CEILING,2026-01-15,387,387,1.0,True,387,387,1.0,True,387,1.0,True
SCHEDULE_PLUS_ALL_COVERAGE_CEILING,2026-01-19,392,392,1.0,True,392,392,1.0,True,392,1.0,True
SCHEDULE_PLUS_ALL_COVERAGE_CEILING,2026-01-20,394,394,1.0,True,394,394,1.0,True,394,1.0,True
SCHEDULE_PLUS_ALL_COVERAGE_CEILING,2026-01-21,400,400,1.0,True,400,400,1.0,True,400,1.0,True
SCHEDULE_PLUS_ALL_COVERAGE_CEILING,2026-01-22,407,407,1.0,True,407,407,1.0,True,407,1.0,True
SCHEDULE_PLUS_ALL_COVERAGE_CEILING,2026-01-23,412,412,1.0,True,412,412,1.0,True,412,1.0,True
SCHEDULE_PLUS_ALL_COVERAGE_CEILING,2026-01-26,410,410,1.0,True,410,410,1.0,True,410,1.0,True
SCHEDULE_PLUS_ALL_COVERAGE_CEILING,2026-01-27,417,417,1.0,True,417,417,1.0,True,417,1.0,True
SCHEDULE_PLUS_ALL_COVERAGE_CEILING,2026-01-28,420,420,1.0,True,420,420,1.0,True,420,1.0,True
SCHEDULE_PLUS_ALL_COVERAGE_CEILING,2026-01-29,424,424,1.0,True,424,424,1.0,True,424,1.0,True
SCHEDULE_PLUS_ALL_COVERAGE_CEILING,2026-01-30,423,423,1.0,True,423,423,1.0,True,423,1.0,True
SCHEDULE_PLUS_ALL_COVERAGE_CEILING,2026-02-02,423,423,1.0,True,423,423,1.0,True,423,1.0,True
SCHEDULE_PLUS_ALL_COVERAGE_CEILING,2026-02-03,425,425,1.0,True,425,425,1.0,True,425,1.0,True
SCHEDULE_PLUS_ALL_COVERAGE_CEILING,2026-02-04,423,423,1.0,True,423,423,1.0,True,423,1.0,True
SCHEDULE_PLUS_ALL_COVERAGE_CEILING,2026-02-05,424,424,1.0,True,424,424,1.0,True,424,1.0,True
SCHEDULE_PLUS_ALL_COVERAGE_CEILING,2026-02-06,427,427,1.0,True,427,427,1.0,True,427,1.0,True
SCHEDULE_PLUS_ALL_COVERAGE_CEILING,2026-02-09,428,428,1.0,True,428,428,1.0,True,428,1.0,True
SCHEDULE_PLUS_ALL_COVERAGE_CEILING,2026-02-10,428,428,1.0,True,428,428,1.0,True,428,1.0,True
SCHEDULE_PLUS_ALL_COVERAGE_CEILING,2026-02-11,427,427,1.0,True,427,427,1.0,True,427,1.0,True
SCHEDULE_PLUS_ALL_COVERAGE_CEILING,2026-02-12,426,426,1.0,True,426,426,1.0,True,426,1.0,True
SCHEDULE_PLUS_ALL_COVERAGE_CEILING,2026-02-13,429,429,1.0,True,429,429,1.0,True,429,1.0,True
SCHEDULE_PLUS_ALL_COVERAGE_CEILING,2026-02-18,427,427,1.0,True,427,427,1.0,True,427,1.0,True
SCHEDULE_PLUS_ALL_COVERAGE_CEILING,2026-02-19,427,427,1.0,True,427,427,1.0,True,427,1.0,True
SCHEDULE_PLUS_ALL_COVERAGE_CEILING,2026-02-20,427,427,1.0,True,427,427,1.0,True,427,1.0,True
SCHEDULE_PLUS_ALL_COVERAGE_CEILING,2026-02-23,425,425,1.0,True,425,425,1.0,True,425,1.0,True
SCHEDULE_PLUS_ALL_COVERAGE_CEILING,2026-02-24,431,431,1.0,True,431,431,1.0,True,431,1.0,True
SCHEDULE_PLUS_ALL_COVERAGE_CEILING,2026-02-25,431,431,1.0,True,431,431,1.0,True,431,1.0,True
SCHEDULE_PLUS_ALL_COVERAGE_CEILING,2026-02-26,428,428,1.0,True,428,428,1.0,True,428,1.0,True
SCHEDULE_PLUS_ALL_COVERAGE_CEILING,2026-02-27,428,428,1.0,True,428,428,1.0,True,428,1.0,True
SCHEDULE_PLUS_ALL_COVERAGE_CEILING,2026-03-02,427,427,1.0,True,427,427,1.0,True,427,1.0,True
SCHEDULE_PLUS_ALL_COVERAGE_CEILING,2026-03-03,431,431,1.0,True,431,431,1.0,True,431,1.0,True
SCHEDULE_PLUS_ALL_COVERAGE_CEILING,2026-03-04,433,433,1.0,True,433,433,1.0,True,433,1.0,True
SCHEDULE_PLUS_ALL_COVERAGE_CEILING,2026-03-05,429,429,1.0,True,429,429,1.0,True,429,1.0,True
SCHEDULE_PLUS_ALL_COVERAGE_CEILING,2026-03-06,426,426,1.0,True,426,426,1.0,True,426,1.0,True
SCHEDULE_PLUS_ALL_COVERAGE_CEILING,2026-03-09,422,422,1.0,True,422,422,1.0,True,422,1.0,True
SCHEDULE_PLUS_ALL_COVERAGE_CEILING,2026-03-10,416,416,1.0,True,416,416,1.0,True,416,1.0,True
SCHEDULE_PLUS_ALL_COVERAGE_CEILING,2026-03-11,414,414,1.0,True,414,414,1.0,True,414,1.0,True
SCHEDULE_PLUS_ALL_COVERAGE_CEILING,2026-03-12,416,416,1.0,True,416,416,1.0,True,416,1.0,True
SCHEDULE_PLUS_ALL_COVERAGE_CEILING,2026-03-13,414,414,1.0,True,414,414,1.0,True,414,1.0,True
SCHEDULE_PLUS_ALL_COVERAGE_CEILING,2026-03-16,411,411,1.0,True,411,411,1.0,True,411,1.0,True
SCHEDULE_PLUS_ALL_COVERAGE_CEILING,2026-03-17,407,407,1.0,True,407,407,1.0,True,407,1.0,True
SCHEDULE_PLUS_ALL_COVERAGE_CEILING,2026-03-25,407,407,1.0,True,407,407,1.0,True,407,1.0,True
SCHEDULE_PLUS_ALL_COVERAGE_CEILING,2026-03-26,402,402,1.0,True,402,402,1.0,True,402,1.0,True
SCHEDULE_PLUS_ALL_COVERAGE_CEILING,2026-03-27,399,399,1.0,True,399,399,1.0,True,399,1.0,True
SCHEDULE_PLUS_ALL_COVERAGE_CEILING,2026-03-30,396,396,1.0,True,396,396,1.0,True,396,1.0,True
SCHEDULE_PLUS_ALL_COVERAGE_CEILING,2026-03-31,395,395,1.0,True,395,395,1.0,True,395,1.0,True
SCHEDULE_PLUS_ALL_COVERAGE_CEILING,2026-04-01,390,390,1.0,True,390,390,1.0,True,390,1.0,True
SCHEDULE_PLUS_ALL_COVERAGE_CEILING,2026-04-02,390,390,1.0,True,390,390,1.0,True,390,1.0,True
SCHEDULE_PLUS_ALL_COVERAGE_CEILING,2026-04-06,389,389,1.0,True,389,389,1.0,True,389,1.0,True
SCHEDULE_PLUS_ALL_COVERAGE_CEILING,2026-04-07,388,388,1.0,True,388,388,1.0,True,388,1.0,True
SCHEDULE_PLUS_ALL_COVERAGE_CEILING,2026-04-08,387,387,1.0,True,387,387,1.0,True,387,1.0,True
SCHEDULE_PLUS_ALL_COVERAGE_CEILING,2026-04-09,387,387,1.0,True,387,387,1.0,True,387,1.0,True
SCHEDULE_PLUS_ALL_COVERAGE_CEILING,2026-04-10,385,385,1.0,True,385,385,1.0,True,385,1.0,True
SCHEDULE_PLUS_ALL_COVERAGE_CEILING,2026-04-13,381,381,1.0,True,381,381,1.0,True,381,1.0,True
SCHEDULE_PLUS_ALL_COVERAGE_CEILING,2026-04-14,380,380,1.0,True,380,380,1.0,True,380,1.0,True
SCHEDULE_PLUS_ALL_COVERAGE_CEILING,2026-04-15,376,376,1.0,True,376,376,1.0,True,376,1.0,True
SCHEDULE_PLUS_ALL_COVERAGE_CEILING,2026-04-16,376,376,1.0,True,376,376,1.0,True,376,1.0,True
SCHEDULE_PLUS_ALL_COVERAGE_CEILING,2026-04-17,376,376,1.0,True,376,376,1.0,True,376,1.0,True
SCHEDULE_PLUS_ALL_COVERAGE_CEILING,2026-04-20,375,375,1.0,True,375,375,1.0,True,375,1.0,True
SCHEDULE_PLUS_ALL_COVERAGE_CEILING,2026-04-21,376,376,1.0,True,376,376,1.0,True,376,1.0,True
SCHEDULE_PLUS_ALL_COVERAGE_CEILING,2026-04-22,375,375,1.0,True,375,375,1.0,True,375,1.0,True
SCHEDULE_PLUS_ALL_COVERAGE_CEILING,2026-04-23,373,373,1.0,True,373,373,1.0,True,373,1.0,True
SCHEDULE_PLUS_ALL_COVERAGE_CEILING,2026-04-24,371,371,1.0,True,371,371,1.0,True,371,1.0,True
SCHEDULE_PLUS_ALL_COVERAGE_CEILING,2026-04-27,371,371,1.0,True,371,371,1.0,True,371,1.0,True
SCHEDULE_PLUS_ALL_COVERAGE_CEILING,2026-04-28,369,369,1.0,True,369,369,1.0,True,369,1.0,True
SCHEDULE_PLUS_ALL_COVERAGE_CEILING,2026-04-29,366,366,1.0,True,366,366,1.0,True,366,1.0,True
SCHEDULE_PLUS_ALL_COVERAGE_CEILING,2026-04-30,364,364,1.0,True,364,364,1.0,True,364,1.0,True
SCHEDULE_PLUS_ALL_COVERAGE_CEILING,2026-05-04,365,365,1.0,True,365,365,1.0,True,365,1.0,True
SCHEDULE_PLUS_ALL_COVERAGE_CEILING,2026-05-05,362,362,1.0,True,362,362,1.0,True,362,1.0,True
SCHEDULE_PLUS_ALL_COVERAGE_CEILING,2026-05-06,363,363,1.0,True,363,363,1.0,True,363,1.0,True
SCHEDULE_PLUS_ALL_COVERAGE_CEILING,2026-05-07,362,362,1.0,True,362,362,1.0,True,362,1.0,True
SCHEDULE_PLUS_ALL_COVERAGE_CEILING,2026-05-08,361,361,1.0,True,361,360,0.997229916897507,True,360,0.997229916897507,True
SCHEDULE_PLUS_ALL_COVERAGE_CEILING,2026-05-11,362,362,1.0,True,362,361,0.9972375690607734,True,361,0.9972375690607734,True
SCHEDULE_PLUS_ALL_COVERAGE_CEILING,2026-05-12,361,361,1.0,True,361,360,0.997229916897507,True,360,0.997229916897507,True
SCHEDULE_PLUS_ALL_COVERAGE_CEILING,2026-05-13,362,362,1.0,True,362,361,0.9972375690607734,True,361,0.9972375690607734,True
SCHEDULE_PLUS_ALL_COVERAGE_CEILING,2026-05-18,361,361,1.0,True,361,360,0.997229916897507,True,360,0.997229916897507,True
SCHEDULE_PLUS_ALL_COVERAGE_CEILING,2026-05-19,359,358,0.9972144846796658,True,359,358,0.9972144846796658,True,358,0.9972144846796658,True
SCHEDULE_PLUS_ALL_COVERAGE_CEILING,2026-05-20,356,355,0.9971910112359551,True,356,355,0.9971910112359551,True,355,0.9971910112359551,True
SCHEDULE_PLUS_ALL_COVERAGE_CEILING,2026-05-21,355,354,0.9971830985915493,True,355,354,0.9971830985915493,True,354,0.9971830985915493,True
SCHEDULE_PLUS_ALL_COVERAGE_CEILING,2026-05-22,353,352,0.9971671388101983,True,353,352,0.9971671388101983,True,352,0.9971671388101983,True
SCHEDULE_PLUS_ALL_COVERAGE_CEILING,2026-05-25,350,350,1.0,True,350,350,1.0,True,350,1.0,True
SCHEDULE_PLUS_ALL_COVERAGE_CEILING,2026-05-26,348,348,1.0,True,348,348,1.0,True,348,1.0,True
SCHEDULE_PLUS_ALL_COVERAGE_CEILING,2026-05-29,346,346,1.0,True,346,346,1.0,True,346,1.0,True
SCHEDULE_PLUS_ALL_COVERAGE_CEILING,2026-06-02,343,343,1.0,True,343,343,1.0,True,343,1.0,True
SCHEDULE_PLUS_ALL_COVERAGE_CEILING,2026-06-03,339,339,1.0,True,339,339,1.0,True,339,1.0,True
SCHEDULE_PLUS_ALL_COVERAGE_CEILING,2026-06-04,337,337,1.0,True,337,337,1.0,True,337,1.0,True
SCHEDULE_PLUS_ALL_COVERAGE_CEILING,2026-06-05,334,334,1.0,True,334,334,1.0,True,334,1.0,True
SCHEDULE_PLUS_ALL_COVERAGE_CEILING,2026-06-08,332,332,1.0,True,332,332,1.0,True,332,1.0,True
SCHEDULE_PLUS_ALL_COVERAGE_CEILING,2026-06-09,330,330,1.0,True,330,330,1.0,True,330,1.0,True
SCHEDULE_PLUS_ALL_COVERAGE_CEILING,2026-06-10,329,329,1.0,True,329,329,1.0,True,329,1.0,True
SCHEDULE_PLUS_ALL_COVERAGE_CEILING,2026-06-11,329,329,1.0,True,329,329,1.0,True,329,1.0,True
SCHEDULE_PLUS_ALL_COVERAGE_CEILING,2026-06-12,326,326,1.0,True,326,326,1.0,True,326,1.0,True
SCHEDULE_PLUS_ALL_COVERAGE_CEILING,2026-06-15,328,328,1.0,True,328,328,1.0,True,328,1.0,True
SCHEDULE_PLUS_ALL_COVERAGE_CEILING,2026-06-17,328,328,1.0,True,328,328,1.0,True,328,1.0,True
SCHEDULE_PLUS_ALL_COVERAGE_CEILING,2026-06-18,327,327,1.0,True,327,327,1.0,True,327,1.0,True
SCHEDULE_PLUS_ALL_COVERAGE_CEILING,2026-06-19,325,325,1.0,True,325,325,1.0,True,325,1.0,True
SCHEDULE_PLUS_ALL_COVERAGE_CEILING,2026-06-22,322,322,1.0,True,322,322,1.0,True,322,1.0,True
SCHEDULE_PLUS_ALL_COVERAGE_CEILING,2026-06-23,323,323,1.0,True,323,322,0.9969040247678018,True,322,0.9969040247678018,True
SCHEDULE_PLUS_ALL_COVERAGE_CEILING,2026-06-24,323,323,1.0,True,323,322,0.9969040247678018,True,322,0.9969040247678018,True
SCHEDULE_PLUS_ALL_COVERAGE_CEILING,2026-06-25,321,321,1.0,True,321,316,0.9844236760124611,True,316,0.9844236760124611,True
SCHEDULE_PLUS_ALL_COVERAGE_CEILING,2026-06-26,320,320,1.0,True,320,315,0.984375,True,315,0.984375,True
SCHEDULE_PLUS_ALL_COVERAGE_CEILING,2026-06-29,318,318,1.0,True,318,313,0.9842767295597484,True,313,0.9842767295597484,True
SCHEDULE_PLUS_ALL_COVERAGE_CEILING,2026-06-30,314,313,0.9968152866242038,True,314,309,0.9840764331210191,True,309,0.9840764331210191,True
SCHEDULE_PLUS_ALL_COVERAGE_CEILING,2026-07-01,314,313,0.9968152866242038,True,314,310,0.9872611464968153,True,310,0.9872611464968153,True
SCHEDULE_PLUS_ALL_COVERAGE_CEILING,2026-07-02,312,308,0.9871794871794872,True,312,308,0.9871794871794872,True,308,0.9871794871794872,True
SCHEDULE_PLUS_ALL_COVERAGE_CEILING,2026-07-03,314,310,0.9872611464968153,True,314,310,0.9872611464968153,True,310,0.9872611464968153,True
SCHEDULE_PLUS_ALL_COVERAGE_CEILING,2026-07-06,311,308,0.9903536977491961,True,311,308,0.9903536977491961,True,308,0.9903536977491961,True
SCHEDULE_PLUS_ALL_COVERAGE_CEILING,2026-07-07,312,308,0.9871794871794872,True,312,308,0.9871794871794872,True,308,0.9871794871794872,True
SCHEDULE_PLUS_ALL_COVERAGE_CEILING,2026-07-08,312,312,1.0,True,312,312,1.0,True,312,1.0,True
SCHEDULE_PLUS_ALL_COVERAGE_CEILING,2026-07-09,312,312,1.0,True,312,312,1.0,True,312,1.0,True
SCHEDULE_PLUS_ALL_COVERAGE_CEILING,2026-07-10,312,312,1.0,True,312,312,1.0,True,312,1.0,True
SCHEDULE_PLUS_ALL_COVERAGE_CEILING,2026-07-13,311,311,1.0,True,311,311,1.0,True,311,1.0,True
SCHEDULE_PLUS_ALL_COVERAGE_CEILING,2026-07-14,309,309,1.0,True,309,309,1.0,True,309,1.0,True
SCHEDULE_PLUS_ALL_COVERAGE_CEILING,2026-07-15,308,308,1.0,True,308,308,1.0,True,308,1.0,True
SCHEDULE_PLUS_ALL_COVERAGE_CEILING,2026-07-16,306,306,1.0,True,306,306,1.0,True,306,1.0,True
SCHEDULE_PLUS_ALL_COVERAGE_CEILING,2026-07-17,303,303,1.0,True,303,303,1.0,True,303,1.0,True
