scenario,date,h5_decision_rows,h5_resolved_rows,h5_rate,h5_gate,h10_decision_rows,h10_resolved_rows,h10_rate,h10_gate,consensus_resolved_rows,consensus_rate,consensus_gate
BASELINE,2023-12-28,262,239,0.9122137404580153,True,262,239,0.9122137404580153,True,239,0.9122137404580153,True
BASELINE,2023-12-29,263,239,0.908745247148289,True,263,239,0.908745247148289,True,239,0.908745247148289,True
BASELINE,2024-01-02,265,242,0.9132075471698113,True,265,242,0.9132075471698113,True,242,0.9132075471698113,True
BASELINE,2024-01-03,263,240,0.9125475285171103,True,263,240,0.9125475285171103,True,240,0.9125475285171103,True
BASELINE,2024-01-04,262,239,0.9122137404580153,True,262,239,0.9122137404580153,True,239,0.9122137404580153,True
BASELINE,2024-01-05,260,237,0.9115384615384615,True,260,237,0.9115384615384615,True,237,0.9115384615384615,True
BASELINE,2024-01-08,262,238,0.9083969465648855,True,262,238,0.9083969465648855,True,238,0.9083969465648855,True
BASELINE,2024-01-09,260,236,0.9076923076923077,True,260,236,0.9076923076923077,True,236,0.9076923076923077,True
BASELINE,2024-01-10,258,234,0.9069767441860465,True,258,234,0.9069767441860465,True,234,0.9069767441860465,True
BASELINE,2024-01-11,253,229,0.9051383399209486,True,253,229,0.9051383399209486,True,229,0.9051383399209486,True
BASELINE,2024-01-12,251,228,0.9083665338645418,True,251,228,0.9083665338645418,True,228,0.9083665338645418,True
BASELINE,2024-01-15,250,228,0.912,True,250,228,0.912,True,228,0.912,True
BASELINE,2024-01-16,251,228,0.9083665338645418,True,251,228,0.9083665338645418,True,228,0.9083665338645418,True
BASELINE,2024-01-17,251,228,0.9083665338645418,True,251,228,0.9083665338645418,True,228,0.9083665338645418,True
BASELINE,2024-01-18,251,229,0.9123505976095617,True,251,229,0.9123505976095617,True,229,0.9123505976095617,True
BASELINE,2024-01-19,249,227,0.9116465863453815,True,249,227,0.9116465863453815,True,227,0.9116465863453815,True
BASELINE,2024-01-22,247,225,0.9109311740890689,True,247,225,0.9109311740890689,True,225,0.9109311740890689,True
BASELINE,2024-01-23,247,225,0.9109311740890689,True,247,225,0.9109311740890689,True,225,0.9109311740890689,True
BASELINE,2024-01-24,246,224,0.9105691056910569,True,246,224,0.9105691056910569,True,224,0.9105691056910569,True
BASELINE,2024-01-25,246,224,0.9105691056910569,True,246,224,0.9105691056910569,True,224,0.9105691056910569,True
BASELINE,2024-01-26,246,224,0.9105691056910569,True,246,224,0.9105691056910569,True,224,0.9105691056910569,True
BASELINE,2024-01-29,243,221,0.9094650205761317,True,243,221,0.9094650205761317,True,221,0.9094650205761317,True
BASELINE,2024-01-30,243,221,0.9094650205761317,True,243,221,0.9094650205761317,True,221,0.9094650205761317,True
BASELINE,2024-01-31,242,220,0.9090909090909091,True,242,220,0.9090909090909091,True,220,0.9090909090909091,True
BASELINE,2024-02-01,241,219,0.9087136929460581,True,241,219,0.9087136929460581,True,219,0.9087136929460581,True
BASELINE,2024-02-02,243,221,0.9094650205761317,True,243,221,0.9094650205761317,True,221,0.9094650205761317,True
BASELINE,2024-02-05,241,219,0.9087136929460581,True,241,219,0.9087136929460581,True,219,0.9087136929460581,True
BASELINE,2024-02-06,242,220,0.9090909090909091,True,242,220,0.9090909090909091,True,220,0.9090909090909091,True
BASELINE,2024-02-07,246,224,0.9105691056910569,True,246,224,0.9105691056910569,True,224,0.9105691056910569,True
BASELINE,2024-02-12,242,220,0.9090909090909091,True,242,220,0.9090909090909091,True,220,0.9090909090909091,True
BASELINE,2024-02-13,244,222,0.9098360655737705,True,244,222,0.9098360655737705,True,222,0.9098360655737705,True
BASELINE,2024-02-15,244,222,0.9098360655737705,True,244,222,0.9098360655737705,True,222,0.9098360655737705,True
BASELINE,2024-02-16,243,221,0.9094650205761317,True,243,221,0.9094650205761317,True,221,0.9094650205761317,True
BASELINE,2024-02-19,244,222,0.9098360655737705,True,244,222,0.9098360655737705,True,222,0.9098360655737705,True
BASELINE,2024-02-20,244,222,0.9098360655737705,True,244,222,0.9098360655737705,True,222,0.9098360655737705,True
BASELINE,2024-02-21,245,223,0.9102040816326531,True,245,223,0.9102040816326531,True,223,0.9102040816326531,True
BASELINE,2024-02-22,243,221,0.9094650205761317,True,243,221,0.9094650205761317,True,221,0.9094650205761317,True
BASELINE,2024-02-23,239,218,0.9121338912133892,True,239,218,0.9121338912133892,True,218,0.9121338912133892,True
BASELINE,2024-02-26,236,215,0.9110169491525424,True,236,215,0.9110169491525424,True,215,0.9110169491525424,True
BASELINE,2024-02-27,236,215,0.9110169491525424,True,236,215,0.9110169491525424,True,215,0.9110169491525424,True
BASELINE,2024-02-28,236,215,0.9110169491525424,True,236,215,0.9110169491525424,True,215,0.9110169491525424,True
BASELINE,2024-02-29,237,216,0.9113924050632911,True,237,216,0.9113924050632911,True,216,0.9113924050632911,True
BASELINE,2024-03-01,232,212,0.9137931034482759,True,232,212,0.9137931034482759,True,212,0.9137931034482759,True
BASELINE,2024-03-04,235,215,0.9148936170212766,True,235,215,0.9148936170212766,True,215,0.9148936170212766,True
BASELINE,2024-03-05,236,216,0.9152542372881356,True,236,216,0.9152542372881356,True,216,0.9152542372881356,True
BASELINE,2024-03-06,236,217,0.9194915254237288,True,236,217,0.9194915254237288,True,217,0.9194915254237288,True
BASELINE,2024-03-07,237,218,0.919831223628692,True,237,218,0.919831223628692,True,218,0.919831223628692,True
BASELINE,2024-03-08,238,219,0.9201680672268907,True,238,219,0.9201680672268907,True,219,0.9201680672268907,True
BASELINE,2024-03-13,241,221,0.91701244813278,True,241,221,0.91701244813278,True,221,0.91701244813278,True
BASELINE,2024-03-14,243,223,0.9176954732510288,True,243,223,0.9176954732510288,True,223,0.9176954732510288,True
BASELINE,2024-03-15,240,220,0.9166666666666666,True,240,220,0.9166666666666666,True,220,0.9166666666666666,True
BASELINE,2024-03-18,243,223,0.9176954732510288,True,243,223,0.9176954732510288,True,223,0.9176954732510288,True
BASELINE,2024-03-19,243,223,0.9176954732510288,True,243,223,0.9176954732510288,True,223,0.9176954732510288,True
BASELINE,2024-03-20,242,222,0.9173553719008265,True,242,222,0.9173553719008265,True,222,0.9173553719008265,True
BASELINE,2024-03-21,242,222,0.9173553719008265,True,242,222,0.9173553719008265,True,222,0.9173553719008265,True
BASELINE,2024-03-22,242,222,0.9173553719008265,True,242,222,0.9173553719008265,True,222,0.9173553719008265,True
BASELINE,2024-03-25,243,222,0.9135802469135802,True,243,222,0.9135802469135802,True,222,0.9135802469135802,True
BASELINE,2024-03-26,244,224,0.9180327868852459,True,244,224,0.9180327868852459,True,224,0.9180327868852459,True
BASELINE,2024-03-27,245,225,0.9183673469387755,True,245,225,0.9183673469387755,True,225,0.9183673469387755,True
BASELINE,2024-03-28,244,224,0.9180327868852459,True,244,224,0.9180327868852459,True,224,0.9180327868852459,True
BASELINE,2024-04-01,250,230,0.92,True,250,230,0.92,True,230,0.92,True
BASELINE,2024-04-02,250,230,0.92,True,250,230,0.92,True,230,0.92,True
BASELINE,2024-04-03,251,231,0.9203187250996016,True,251,231,0.9203187250996016,True,231,0.9203187250996016,True
BASELINE,2024-04-04,250,230,0.92,True,250,230,0.92,True,230,0.92,True
BASELINE,2024-04-05,250,230,0.92,True,250,230,0.92,True,230,0.92,True
BASELINE,2024-04-16,250,230,0.92,True,250,230,0.92,True,230,0.92,True
BASELINE,2024-04-17,249,229,0.9196787148594378,True,249,229,0.9196787148594378,True,229,0.9196787148594378,True
BASELINE,2024-04-18,247,227,0.9190283400809717,True,247,227,0.9190283400809717,True,227,0.9190283400809717,True
BASELINE,2024-04-19,246,227,0.9227642276422764,True,246,227,0.9227642276422764,True,227,0.9227642276422764,True
BASELINE,2024-04-22,246,227,0.9227642276422764,True,246,227,0.9227642276422764,True,227,0.9227642276422764,True
BASELINE,2024-04-23,245,226,0.9224489795918367,True,245,226,0.9224489795918367,True,226,0.9224489795918367,True
BASELINE,2024-04-24,245,226,0.9224489795918367,True,245,226,0.9224489795918367,True,226,0.9224489795918367,True
BASELINE,2024-04-25,246,227,0.9227642276422764,True,246,227,0.9227642276422764,True,227,0.9227642276422764,True
BASELINE,2024-04-26,246,227,0.9227642276422764,True,246,227,0.9227642276422764,True,227,0.9227642276422764,True
BASELINE,2024-04-29,246,227,0.9227642276422764,True,246,227,0.9227642276422764,True,227,0.9227642276422764,True
BASELINE,2024-04-30,245,226,0.9224489795918367,True,245,226,0.9224489795918367,True,226,0.9224489795918367,True
BASELINE,2024-05-02,242,223,0.9214876033057852,True,242,223,0.9214876033057852,True,223,0.9214876033057852,True
BASELINE,2024-05-03,240,221,0.9208333333333333,True,240,221,0.9208333333333333,True,221,0.9208333333333333,True
BASELINE,2024-05-06,240,221,0.9208333333333333,True,240,221,0.9208333333333333,True,221,0.9208333333333333,True
BASELINE,2024-05-07,242,223,0.9214876033057852,True,242,223,0.9214876033057852,True,223,0.9214876033057852,True
BASELINE,2024-05-08,242,223,0.9214876033057852,True,242,223,0.9214876033057852,True,223,0.9214876033057852,True
BASELINE,2024-05-13,243,225,0.9259259259259259,True,243,225,0.9259259259259259,True,225,0.9259259259259259,True
BASELINE,2024-05-14,243,225,0.9259259259259259,True,243,225,0.9259259259259259,True,225,0.9259259259259259,True
BASELINE,2024-05-15,242,223,0.9214876033057852,True,242,223,0.9214876033057852,True,223,0.9214876033057852,True
BASELINE,2024-05-16,246,227,0.9227642276422764,True,246,227,0.9227642276422764,True,227,0.9227642276422764,True
BASELINE,2024-05-17,246,227,0.9227642276422764,True,246,227,0.9227642276422764,True,227,0.9227642276422764,True
BASELINE,2024-05-20,245,226,0.9224489795918367,True,245,226,0.9224489795918367,True,226,0.9224489795918367,True
BASELINE,2024-05-21,243,224,0.9218106995884774,True,243,224,0.9218106995884774,True,224,0.9218106995884774,True
BASELINE,2024-05-22,243,224,0.9218106995884774,True,243,224,0.9218106995884774,True,224,0.9218106995884774,True
BASELINE,2024-05-27,243,224,0.9218106995884774,True,243,224,0.9218106995884774,True,224,0.9218106995884774,True
BASELINE,2024-05-28,242,223,0.9214876033057852,True,242,223,0.9214876033057852,True,223,0.9214876033057852,True
BASELINE,2024-05-29,243,224,0.9218106995884774,True,243,224,0.9218106995884774,True,224,0.9218106995884774,True
BASELINE,2024-05-30,242,223,0.9214876033057852,True,242,223,0.9214876033057852,True,223,0.9214876033057852,True
BASELINE,2024-05-31,242,223,0.9214876033057852,True,242,223,0.9214876033057852,True,223,0.9214876033057852,True
BASELINE,2024-06-03,243,224,0.9218106995884774,True,243,223,0.9176954732510288,True,223,0.9176954732510288,True
BASELINE,2024-06-04,240,221,0.9208333333333333,True,240,220,0.9166666666666666,True,220,0.9166666666666666,True
BASELINE,2024-06-05,238,219,0.9201680672268907,True,238,217,0.9117647058823529,True,217,0.9117647058823529,True
BASELINE,2024-06-06,238,219,0.9201680672268907,True,238,217,0.9117647058823529,True,217,0.9117647058823529,True
BASELINE,2024-06-07,237,218,0.919831223628692,True,237,216,0.9113924050632911,True,216,0.9113924050632911,True
BASELINE,2024-06-10,238,218,0.9159663865546218,True,238,217,0.9117647058823529,True,217,0.9117647058823529,True
BASELINE,2024-06-11,238,218,0.9159663865546218,True,238,216,0.907563025210084,True,216,0.907563025210084,True
BASELINE,2024-06-12,237,216,0.9113924050632911,True,237,215,0.9071729957805907,True,215,0.9071729957805907,True
BASELINE,2024-06-13,237,216,0.9113924050632911,True,237,215,0.9071729957805907,True,215,0.9071729957805907,True
BASELINE,2024-06-14,238,218,0.9159663865546218,True,238,217,0.9117647058823529,True,217,0.9117647058823529,True
BASELINE,2024-06-19,236,216,0.9152542372881356,True,236,215,0.9110169491525424,True,215,0.9110169491525424,True
BASELINE,2024-06-20,236,216,0.9152542372881356,True,236,216,0.9152542372881356,True,216,0.9152542372881356,True
BASELINE,2024-06-21,237,217,0.9156118143459916,True,237,217,0.9156118143459916,True,217,0.9156118143459916,True
BASELINE,2024-06-24,237,217,0.9156118143459916,True,237,217,0.9156118143459916,True,217,0.9156118143459916,True
BASELINE,2024-06-25,237,217,0.9156118143459916,True,237,216,0.9113924050632911,True,216,0.9113924050632911,True
BASELINE,2024-06-26,236,218,0.923728813559322,True,236,217,0.9194915254237288,True,217,0.9194915254237288,True
BASELINE,2024-06-27,238,220,0.9243697478991597,True,238,219,0.9201680672268907,True,219,0.9201680672268907,True
BASELINE,2024-06-28,239,221,0.9246861924686193,True,239,220,0.9205020920502092,True,220,0.9205020920502092,True
BASELINE,2024-07-01,239,221,0.9246861924686193,True,239,220,0.9205020920502092,True,220,0.9205020920502092,True
BASELINE,2024-07-02,241,222,0.921161825726141,True,241,222,0.921161825726141,True,222,0.921161825726141,True
BASELINE,2024-07-03,241,222,0.921161825726141,True,241,222,0.921161825726141,True,222,0.921161825726141,True
BASELINE,2024-07-04,241,221,0.91701244813278,True,241,221,0.91701244813278,True,221,0.91701244813278,True
BASELINE,2024-07-05,242,222,0.9173553719008265,True,242,222,0.9173553719008265,True,222,0.9173553719008265,True
BASELINE,2024-07-08,242,223,0.9214876033057852,True,242,223,0.9214876033057852,True,223,0.9214876033057852,True
BASELINE,2024-07-09,242,222,0.9173553719008265,True,242,222,0.9173553719008265,True,222,0.9173553719008265,True
BASELINE,2024-07-10,242,222,0.9173553719008265,True,242,222,0.9173553719008265,True,222,0.9173553719008265,True
BASELINE,2024-07-11,241,222,0.921161825726141,True,241,222,0.921161825726141,True,222,0.921161825726141,True
BASELINE,2024-07-12,241,221,0.91701244813278,True,241,221,0.91701244813278,True,221,0.91701244813278,True
BASELINE,2024-07-15,241,221,0.91701244813278,True,241,221,0.91701244813278,True,221,0.91701244813278,True
BASELINE,2024-07-16,241,221,0.91701244813278,True,241,221,0.91701244813278,True,221,0.91701244813278,True
BASELINE,2024-07-17,239,219,0.9163179916317992,True,239,219,0.9163179916317992,True,219,0.9163179916317992,True
BASELINE,2024-07-18,240,219,0.9125,True,240,219,0.9125,True,219,0.9125,True
BASELINE,2024-07-19,240,219,0.9125,True,240,219,0.9125,True,219,0.9125,True
BASELINE,2024-07-22,236,215,0.9110169491525424,True,236,215,0.9110169491525424,True,215,0.9110169491525424,True
BASELINE,2024-07-23,236,215,0.9110169491525424,True,236,215,0.9110169491525424,True,215,0.9110169491525424,True
BASELINE,2024-07-24,236,215,0.9110169491525424,True,236,215,0.9110169491525424,True,215,0.9110169491525424,True
BASELINE,2024-07-25,237,216,0.9113924050632911,True,237,216,0.9113924050632911,True,216,0.9113924050632911,True
BASELINE,2024-07-26,238,216,0.907563025210084,True,238,216,0.907563025210084,True,216,0.907563025210084,True
BASELINE,2024-07-29,239,217,0.9079497907949791,True,239,217,0.9079497907949791,True,217,0.9079497907949791,True
BASELINE,2024-07-30,239,217,0.9079497907949791,True,239,217,0.9079497907949791,True,217,0.9079497907949791,True
BASELINE,2024-07-31,242,220,0.9090909090909091,True,242,220,0.9090909090909091,True,220,0.9090909090909091,True
BASELINE,2024-08-01,239,217,0.9079497907949791,True,239,217,0.9079497907949791,True,217,0.9079497907949791,True
BASELINE,2024-08-02,239,217,0.9079497907949791,True,239,217,0.9079497907949791,True,217,0.9079497907949791,True
BASELINE,2024-08-05,241,219,0.9087136929460581,True,241,219,0.9087136929460581,True,219,0.9087136929460581,True
BASELINE,2024-08-06,241,220,0.9128630705394191,True,241,220,0.9128630705394191,True,220,0.9128630705394191,True
BASELINE,2024-08-07,241,220,0.9128630705394191,True,241,220,0.9128630705394191,True,220,0.9128630705394191,True
BASELINE,2024-08-08,242,221,0.9132231404958677,True,242,221,0.9132231404958677,True,221,0.9132231404958677,True
BASELINE,2024-08-09,242,221,0.9132231404958677,True,242,221,0.9132231404958677,True,221,0.9132231404958677,True
BASELINE,2024-08-12,244,222,0.9098360655737705,True,244,222,0.9098360655737705,True,222,0.9098360655737705,True
BASELINE,2024-08-13,244,222,0.9098360655737705,True,244,222,0.9098360655737705,True,222,0.9098360655737705,True
BASELINE,2024-08-14,243,221,0.9094650205761317,True,243,221,0.9094650205761317,True,221,0.9094650205761317,True
BASELINE,2024-08-15,245,223,0.9102040816326531,True,245,223,0.9102040816326531,True,223,0.9102040816326531,True
BASELINE,2024-08-16,246,224,0.9105691056910569,True,246,224,0.9105691056910569,True,224,0.9105691056910569,True
BASELINE,2024-08-19,246,224,0.9105691056910569,True,246,224,0.9105691056910569,True,224,0.9105691056910569,True
BASELINE,2024-08-20,245,223,0.9102040816326531,True,245,223,0.9102040816326531,True,223,0.9102040816326531,True
BASELINE,2024-08-21,244,222,0.9098360655737705,True,244,222,0.9098360655737705,True,222,0.9098360655737705,True
BASELINE,2024-08-22,244,222,0.9098360655737705,True,244,222,0.9098360655737705,True,222,0.9098360655737705,True
BASELINE,2024-08-23,242,220,0.9090909090909091,True,242,220,0.9090909090909091,True,220,0.9090909090909091,True
BASELINE,2024-08-26,243,221,0.9094650205761317,True,243,221,0.9094650205761317,True,221,0.9094650205761317,True
BASELINE,2024-08-27,242,220,0.9090909090909091,True,242,220,0.9090909090909091,True,220,0.9090909090909091,True
BASELINE,2024-08-28,242,221,0.9132231404958677,True,242,221,0.9132231404958677,True,221,0.9132231404958677,True
BASELINE,2024-08-29,243,221,0.9094650205761317,True,243,221,0.9094650205761317,True,221,0.9094650205761317,True
BASELINE,2024-08-30,242,220,0.9090909090909091,True,242,220,0.9090909090909091,True,220,0.9090909090909091,True
BASELINE,2024-09-02,245,223,0.9102040816326531,True,245,223,0.9102040816326531,True,223,0.9102040816326531,True
BASELINE,2024-09-03,247,225,0.9109311740890689,True,247,225,0.9109311740890689,True,225,0.9109311740890689,True
BASELINE,2024-09-04,248,226,0.9112903225806451,True,248,226,0.9112903225806451,True,226,0.9112903225806451,True
BASELINE,2024-09-05,247,225,0.9109311740890689,True,247,225,0.9109311740890689,True,225,0.9109311740890689,True
BASELINE,2024-09-06,242,220,0.9090909090909091,True,242,220,0.9090909090909091,True,220,0.9090909090909091,True
BASELINE,2024-09-09,243,221,0.9094650205761317,True,243,221,0.9094650205761317,True,221,0.9094650205761317,True
BASELINE,2024-09-10,244,222,0.9098360655737705,True,244,222,0.9098360655737705,True,222,0.9098360655737705,True
BASELINE,2024-09-11,245,223,0.9102040816326531,True,245,223,0.9102040816326531,True,223,0.9102040816326531,True
BASELINE,2024-09-12,246,223,0.9065040650406504,True,246,223,0.9065040650406504,True,223,0.9065040650406504,True
BASELINE,2024-09-13,246,223,0.9065040650406504,True,246,223,0.9065040650406504,True,223,0.9065040650406504,True
BASELINE,2024-09-17,248,225,0.907258064516129,True,248,225,0.907258064516129,True,225,0.907258064516129,True
BASELINE,2024-09-18,245,223,0.9102040816326531,True,245,223,0.9102040816326531,True,223,0.9102040816326531,True
BASELINE,2024-09-19,246,224,0.9105691056910569,True,246,224,0.9105691056910569,True,224,0.9105691056910569,True
BASELINE,2024-09-20,246,224,0.9105691056910569,True,246,224,0.9105691056910569,True,224,0.9105691056910569,True
BASELINE,2024-09-23,246,224,0.9105691056910569,True,246,224,0.9105691056910569,True,224,0.9105691056910569,True
BASELINE,2024-09-24,247,225,0.9109311740890689,True,247,225,0.9109311740890689,True,225,0.9109311740890689,True
BASELINE,2024-09-25,246,224,0.9105691056910569,True,246,224,0.9105691056910569,True,224,0.9105691056910569,True
BASELINE,2024-09-26,248,226,0.9112903225806451,True,248,226,0.9112903225806451,True,226,0.9112903225806451,True
BASELINE,2024-09-27,247,225,0.9109311740890689,True,247,225,0.9109311740890689,True,225,0.9109311740890689,True
BASELINE,2024-09-30,248,226,0.9112903225806451,True,248,226,0.9112903225806451,True,226,0.9112903225806451,True
BASELINE,2024-10-01,248,226,0.9112903225806451,True,248,226,0.9112903225806451,True,226,0.9112903225806451,True
BASELINE,2024-10-02,248,225,0.907258064516129,True,248,225,0.907258064516129,True,225,0.907258064516129,True
BASELINE,2024-10-03,247,224,0.9068825910931174,True,247,224,0.9068825910931174,True,224,0.9068825910931174,True
BASELINE,2024-10-04,249,226,0.9076305220883534,True,249,226,0.9076305220883534,True,226,0.9076305220883534,True
BASELINE,2024-10-07,248,225,0.907258064516129,True,248,225,0.907258064516129,True,225,0.907258064516129,True
BASELINE,2024-10-08,246,224,0.9105691056910569,True,246,224,0.9105691056910569,True,224,0.9105691056910569,True
BASELINE,2024-10-09,247,225,0.9109311740890689,True,247,225,0.9109311740890689,True,225,0.9109311740890689,True
BASELINE,2024-10-10,249,226,0.9076305220883534,True,249,226,0.9076305220883534,True,226,0.9076305220883534,True
BASELINE,2024-10-11,249,226,0.9076305220883534,True,249,226,0.9076305220883534,True,226,0.9076305220883534,True
BASELINE,2024-10-14,249,226,0.9076305220883534,True,249,226,0.9076305220883534,True,226,0.9076305220883534,True
BASELINE,2024-10-15,249,226,0.9076305220883534,True,249,226,0.9076305220883534,True,226,0.9076305220883534,True
BASELINE,2024-10-16,249,226,0.9076305220883534,True,249,226,0.9076305220883534,True,226,0.9076305220883534,True
BASELINE,2024-10-17,249,226,0.9076305220883534,True,249,226,0.9076305220883534,True,226,0.9076305220883534,True
BASELINE,2024-10-18,251,228,0.9083665338645418,True,251,228,0.9083665338645418,True,228,0.9083665338645418,True
BASELINE,2024-10-21,250,228,0.912,True,250,228,0.912,True,228,0.912,True
BASELINE,2024-10-22,250,228,0.912,True,250,228,0.912,True,228,0.912,True
BASELINE,2024-10-23,252,230,0.9126984126984127,True,252,230,0.9126984126984127,True,230,0.9126984126984127,True
BASELINE,2024-10-24,251,229,0.9123505976095617,True,251,229,0.9123505976095617,True,229,0.9123505976095617,True
BASELINE,2024-10-25,251,229,0.9123505976095617,True,251,229,0.9123505976095617,True,229,0.9123505976095617,True
BASELINE,2024-10-28,252,228,0.9047619047619048,True,252,227,0.9007936507936508,True,227,0.9007936507936508,True
BASELINE,2024-10-29,254,230,0.905511811023622,True,254,229,0.9015748031496063,True,229,0.9015748031496063,True
BASELINE,2024-10-30,254,230,0.905511811023622,True,254,229,0.9015748031496063,True,229,0.9015748031496063,True
BASELINE,2024-10-31,256,232,0.90625,True,256,231,0.90234375,True,231,0.90234375,True
BASELINE,2024-11-01,257,233,0.9066147859922179,True,257,232,0.9027237354085603,True,232,0.9027237354085603,True
BASELINE,2024-11-04,259,234,0.9034749034749034,True,259,234,0.9034749034749034,True,234,0.9034749034749034,True
BASELINE,2024-11-05,261,235,0.9003831417624522,True,261,235,0.9003831417624522,True,235,0.9003831417624522,True
BASELINE,2024-11-06,262,237,0.9045801526717557,True,262,237,0.9045801526717557,True,237,0.9045801526717557,True
BASELINE,2024-11-07,263,238,0.9049429657794676,True,263,238,0.9049429657794676,True,238,0.9049429657794676,True
BASELINE,2024-11-08,264,240,0.9090909090909091,True,264,240,0.9090909090909091,True,240,0.9090909090909091,True
BASELINE,2024-11-11,264,240,0.9090909090909091,True,264,240,0.9090909090909091,True,240,0.9090909090909091,True
BASELINE,2024-11-12,264,240,0.9090909090909091,True,264,240,0.9090909090909091,True,240,0.9090909090909091,True
BASELINE,2024-11-13,261,238,0.9118773946360154,True,261,238,0.9118773946360154,True,238,0.9118773946360154,True
BASELINE,2024-11-14,260,237,0.9115384615384615,True,260,237,0.9115384615384615,True,237,0.9115384615384615,True
BASELINE,2024-11-15,257,234,0.9105058365758755,True,257,234,0.9105058365758755,True,234,0.9105058365758755,True
BASELINE,2024-11-18,257,233,0.9066147859922179,True,257,233,0.9066147859922179,True,233,0.9066147859922179,True
BASELINE,2024-11-19,258,234,0.9069767441860465,True,258,234,0.9069767441860465,True,234,0.9069767441860465,True
BASELINE,2024-11-20,255,231,0.9058823529411765,True,255,231,0.9058823529411765,True,231,0.9058823529411765,True
BASELINE,2024-11-21,256,231,0.90234375,True,256,231,0.90234375,True,231,0.90234375,True
BASELINE,2024-11-22,252,228,0.9047619047619048,True,252,228,0.9047619047619048,True,228,0.9047619047619048,True
BASELINE,2024-11-25,252,228,0.9047619047619048,True,252,228,0.9047619047619048,True,228,0.9047619047619048,True
BASELINE,2024-11-26,252,227,0.9007936507936508,True,252,227,0.9007936507936508,True,227,0.9007936507936508,True
BASELINE,2024-11-28,252,228,0.9047619047619048,True,252,228,0.9047619047619048,True,228,0.9047619047619048,True
BASELINE,2024-11-29,252,228,0.9047619047619048,True,252,228,0.9047619047619048,True,228,0.9047619047619048,True
BASELINE,2024-12-02,251,226,0.900398406374502,True,251,226,0.900398406374502,True,226,0.900398406374502,True
BASELINE,2024-12-03,249,225,0.9036144578313253,True,249,225,0.9036144578313253,True,225,0.9036144578313253,True
BASELINE,2024-12-04,252,227,0.9007936507936508,True,252,227,0.9007936507936508,True,227,0.9007936507936508,True
BASELINE,2024-12-05,252,227,0.9007936507936508,True,252,227,0.9007936507936508,True,227,0.9007936507936508,True
BASELINE,2024-12-06,251,227,0.9043824701195219,True,251,227,0.9043824701195219,True,227,0.9043824701195219,True
BASELINE,2024-12-09,250,226,0.904,True,250,226,0.904,True,226,0.904,True
BASELINE,2024-12-10,252,228,0.9047619047619048,True,252,228,0.9047619047619048,True,228,0.9047619047619048,True
BASELINE,2024-12-11,255,231,0.9058823529411765,True,255,231,0.9058823529411765,True,231,0.9058823529411765,True
BASELINE,2024-12-12,257,233,0.9066147859922179,True,257,233,0.9066147859922179,True,233,0.9066147859922179,True
BASELINE,2024-12-13,256,232,0.90625,True,256,231,0.90234375,True,231,0.90234375,True
BASELINE,2024-12-16,256,232,0.90625,True,256,231,0.90234375,True,231,0.90234375,True
BASELINE,2024-12-17,254,231,0.9094488188976378,True,254,230,0.905511811023622,True,230,0.905511811023622,True
BASELINE,2024-12-18,255,232,0.9098039215686274,True,255,231,0.9058823529411765,True,231,0.9058823529411765,True
BASELINE,2024-12-19,254,231,0.9094488188976378,True,254,230,0.905511811023622,True,230,0.905511811023622,True
BASELINE,2024-12-20,253,229,0.9051383399209486,True,253,229,0.9051383399209486,True,229,0.9051383399209486,True
BASELINE,2024-12-23,249,225,0.9036144578313253,True,249,225,0.9036144578313253,True,225,0.9036144578313253,True
BASELINE,2024-12-24,252,227,0.9007936507936508,True,252,227,0.9007936507936508,True,227,0.9007936507936508,True
BASELINE,2024-12-27,251,226,0.900398406374502,True,251,226,0.900398406374502,True,226,0.900398406374502,True
BASELINE,2024-12-30,248,225,0.907258064516129,True,248,225,0.907258064516129,True,225,0.907258064516129,True
BASELINE,2025-01-02,250,226,0.904,True,250,226,0.904,True,226,0.904,True
BASELINE,2025-01-03,250,226,0.904,True,250,226,0.904,True,226,0.904,True
BASELINE,2025-01-06,248,224,0.9032258064516129,True,248,224,0.9032258064516129,True,224,0.9032258064516129,True
BASELINE,2025-01-07,250,226,0.904,True,250,226,0.904,True,226,0.904,True
BASELINE,2025-01-08,250,226,0.904,True,250,226,0.904,True,226,0.904,True
BASELINE,2025-01-09,246,222,0.9024390243902439,True,246,222,0.9024390243902439,True,222,0.9024390243902439,True
BASELINE,2025-01-10,244,220,0.9016393442622951,True,244,220,0.9016393442622951,True,220,0.9016393442622951,True
BASELINE,2025-01-13,242,218,0.9008264462809917,True,242,218,0.9008264462809917,True,218,0.9008264462809917,True
BASELINE,2025-01-14,240,216,0.9,True,240,216,0.9,True,216,0.9,True
BASELINE,2025-01-15,240,216,0.9,True,240,216,0.9,True,216,0.9,True
BASELINE,2025-01-16,240,216,0.9,True,240,216,0.9,True,216,0.9,True
BASELINE,2025-01-17,239,216,0.9037656903765691,True,239,216,0.9037656903765691,True,216,0.9037656903765691,True
BASELINE,2025-01-20,238,215,0.9033613445378151,True,238,215,0.9033613445378151,True,215,0.9033613445378151,True
BASELINE,2025-01-21,240,217,0.9041666666666667,True,240,217,0.9041666666666667,True,217,0.9041666666666667,True
BASELINE,2025-01-22,240,217,0.9041666666666667,True,240,217,0.9041666666666667,True,217,0.9041666666666667,True
BASELINE,2025-01-23,240,217,0.9041666666666667,True,240,217,0.9041666666666667,True,217,0.9041666666666667,True
BASELINE,2025-01-24,240,217,0.9041666666666667,True,240,217,0.9041666666666667,True,217,0.9041666666666667,True
BASELINE,2025-01-30,240,217,0.9041666666666667,True,240,217,0.9041666666666667,True,217,0.9041666666666667,True
BASELINE,2025-01-31,235,212,0.902127659574468,True,235,212,0.902127659574468,True,212,0.902127659574468,True
BASELINE,2025-02-03,236,214,0.9067796610169492,True,236,214,0.9067796610169492,True,214,0.9067796610169492,True
BASELINE,2025-02-04,230,208,0.9043478260869565,True,230,208,0.9043478260869565,True,208,0.9043478260869565,True
BASELINE,2025-02-05,229,207,0.9039301310043668,True,229,207,0.9039301310043668,True,207,0.9039301310043668,True
BASELINE,2025-02-06,231,210,0.9090909090909091,True,231,210,0.9090909090909091,True,210,0.9090909090909091,True
BASELINE,2025-02-07,234,212,0.905982905982906,True,234,212,0.905982905982906,True,212,0.905982905982906,True
BASELINE,2025-02-10,235,213,0.9063829787234042,True,235,213,0.9063829787234042,True,213,0.9063829787234042,True
BASELINE,2025-02-11,236,214,0.9067796610169492,True,236,214,0.9067796610169492,True,214,0.9067796610169492,True
BASELINE,2025-02-12,235,214,0.9106382978723404,True,235,214,0.9106382978723404,True,214,0.9106382978723404,True
BASELINE,2025-02-13,238,216,0.907563025210084,True,238,216,0.907563025210084,True,216,0.907563025210084,True
BASELINE,2025-02-14,237,215,0.9071729957805907,True,237,215,0.9071729957805907,True,215,0.9071729957805907,True
BASELINE,2025-02-17,232,210,0.9051724137931034,True,232,210,0.9051724137931034,True,210,0.9051724137931034,True
BASELINE,2025-02-18,234,212,0.905982905982906,True,234,212,0.905982905982906,True,212,0.905982905982906,True
BASELINE,2025-02-19,234,213,0.9102564102564102,True,234,213,0.9102564102564102,True,213,0.9102564102564102,True
BASELINE,2025-02-20,234,213,0.9102564102564102,True,234,213,0.9102564102564102,True,213,0.9102564102564102,True
BASELINE,2025-02-21,233,212,0.9098712446351931,True,233,212,0.9098712446351931,True,212,0.9098712446351931,True
BASELINE,2025-02-24,233,211,0.9055793991416309,True,233,211,0.9055793991416309,True,211,0.9055793991416309,True
BASELINE,2025-02-25,230,209,0.908695652173913,True,230,209,0.908695652173913,True,209,0.908695652173913,True
BASELINE,2025-02-26,232,210,0.9051724137931034,True,232,210,0.9051724137931034,True,210,0.9051724137931034,True
BASELINE,2025-02-27,230,208,0.9043478260869565,True,230,208,0.9043478260869565,True,208,0.9043478260869565,True
BASELINE,2025-02-28,231,209,0.9047619047619048,True,231,209,0.9047619047619048,True,209,0.9047619047619048,True
BASELINE,2025-03-03,234,212,0.905982905982906,True,234,212,0.905982905982906,True,212,0.905982905982906,True
BASELINE,2025-03-04,233,212,0.9098712446351931,True,233,212,0.9098712446351931,True,212,0.9098712446351931,True
BASELINE,2025-03-05,236,213,0.902542372881356,True,236,213,0.902542372881356,True,213,0.902542372881356,True
BASELINE,2025-03-06,236,213,0.902542372881356,True,236,213,0.902542372881356,True,213,0.902542372881356,True
BASELINE,2025-03-07,236,213,0.902542372881356,True,236,213,0.902542372881356,True,213,0.902542372881356,True
BASELINE,2025-03-10,234,211,0.9017094017094017,True,234,211,0.9017094017094017,True,211,0.9017094017094017,True
BASELINE,2025-03-11,235,211,0.8978723404255319,False,235,211,0.8978723404255319,False,211,0.8978723404255319,False
BASELINE,2025-03-12,235,211,0.8978723404255319,False,235,211,0.8978723404255319,False,211,0.8978723404255319,False
BASELINE,2025-03-13,235,211,0.8978723404255319,False,235,211,0.8978723404255319,False,211,0.8978723404255319,False
BASELINE,2025-03-14,234,210,0.8974358974358975,False,234,210,0.8974358974358975,False,210,0.8974358974358975,False
BASELINE,2025-03-17,234,210,0.8974358974358975,False,234,210,0.8974358974358975,False,210,0.8974358974358975,False
BASELINE,2025-03-18,234,210,0.8974358974358975,False,234,210,0.8974358974358975,False,210,0.8974358974358975,False
BASELINE,2025-03-19,234,209,0.8931623931623932,False,234,209,0.8931623931623932,False,209,0.8931623931623932,False
BASELINE,2025-03-20,234,209,0.8931623931623932,False,234,209,0.8931623931623932,False,209,0.8931623931623932,False
BASELINE,2025-03-21,233,208,0.8927038626609443,False,233,208,0.8927038626609443,False,208,0.8927038626609443,False
BASELINE,2025-03-24,231,206,0.8917748917748918,False,231,206,0.8917748917748918,False,206,0.8917748917748918,False
BASELINE,2025-03-25,234,208,0.8888888888888888,False,234,208,0.8888888888888888,False,208,0.8888888888888888,False
BASELINE,2025-03-26,232,206,0.8879310344827587,False,232,206,0.8879310344827587,False,206,0.8879310344827587,False
BASELINE,2025-03-27,232,207,0.8922413793103449,False,232,207,0.8922413793103449,False,207,0.8922413793103449,False
BASELINE,2025-04-08,229,204,0.8908296943231441,False,229,204,0.8908296943231441,False,204,0.8908296943231441,False
BASELINE,2025-04-09,228,202,0.8859649122807017,False,228,202,0.8859649122807017,False,202,0.8859649122807017,False
BASELINE,2025-04-10,228,202,0.8859649122807017,False,228,202,0.8859649122807017,False,202,0.8859649122807017,False
BASELINE,2025-04-11,229,203,0.8864628820960698,False,229,203,0.8864628820960698,False,203,0.8864628820960698,False
BASELINE,2025-04-14,229,203,0.8864628820960698,False,229,203,0.8864628820960698,False,203,0.8864628820960698,False
BASELINE,2025-04-15,230,204,0.8869565217391304,False,230,204,0.8869565217391304,False,204,0.8869565217391304,False
BASELINE,2025-04-16,231,205,0.8874458874458875,False,231,205,0.8874458874458875,False,205,0.8874458874458875,False
BASELINE,2025-04-17,229,203,0.8864628820960698,False,229,203,0.8864628820960698,False,203,0.8864628820960698,False
BASELINE,2025-04-21,228,202,0.8859649122807017,False,228,202,0.8859649122807017,False,202,0.8859649122807017,False
BASELINE,2025-04-22,228,202,0.8859649122807017,False,228,202,0.8859649122807017,False,202,0.8859649122807017,False
BASELINE,2025-04-23,226,200,0.8849557522123894,False,226,200,0.8849557522123894,False,200,0.8849557522123894,False
BASELINE,2025-04-24,226,200,0.8849557522123894,False,226,200,0.8849557522123894,False,200,0.8849557522123894,False
BASELINE,2025-04-25,227,201,0.8854625550660793,False,227,201,0.8854625550660793,False,201,0.8854625550660793,False
BASELINE,2025-04-28,225,199,0.8844444444444445,False,225,199,0.8844444444444445,False,199,0.8844444444444445,False
BASELINE,2025-04-29,224,199,0.8883928571428571,False,224,199,0.8883928571428571,False,199,0.8883928571428571,False
BASELINE,2025-04-30,222,198,0.8918918918918919,False,222,198,0.8918918918918919,False,198,0.8918918918918919,False
BASELINE,2025-05-02,226,201,0.8893805309734514,False,226,201,0.8893805309734514,False,201,0.8893805309734514,False
BASELINE,2025-05-05,225,200,0.8888888888888888,False,225,200,0.8888888888888888,False,200,0.8888888888888888,False
BASELINE,2025-05-06,226,201,0.8893805309734514,False,226,201,0.8893805309734514,False,201,0.8893805309734514,False
BASELINE,2025-05-07,225,201,0.8933333333333333,False,225,201,0.8933333333333333,False,201,0.8933333333333333,False
BASELINE,2025-05-08,226,202,0.8938053097345132,False,226,202,0.8938053097345132,False,202,0.8938053097345132,False
BASELINE,2025-05-09,224,200,0.8928571428571429,False,224,200,0.8928571428571429,False,200,0.8928571428571429,False
BASELINE,2025-05-14,223,200,0.8968609865470852,False,223,200,0.8968609865470852,False,200,0.8968609865470852,False
BASELINE,2025-05-15,227,203,0.8942731277533039,False,227,203,0.8942731277533039,False,203,0.8942731277533039,False
BASELINE,2025-05-16,227,203,0.8942731277533039,False,227,203,0.8942731277533039,False,203,0.8942731277533039,False
BASELINE,2025-05-19,228,204,0.8947368421052632,False,228,203,0.8903508771929824,False,203,0.8903508771929824,False
BASELINE,2025-05-20,227,203,0.8942731277533039,False,227,203,0.8942731277533039,False,203,0.8942731277533039,False
BASELINE,2025-05-21,228,203,0.8903508771929824,False,228,201,0.881578947368421,False,201,0.881578947368421,False
BASELINE,2025-05-22,229,204,0.8908296943231441,False,229,202,0.8820960698689956,False,202,0.8820960698689956,False
BASELINE,2025-05-23,229,204,0.8908296943231441,False,229,202,0.8820960698689956,False,202,0.8820960698689956,False
BASELINE,2025-05-26,230,206,0.8956521739130435,False,230,204,0.8869565217391304,False,204,0.8869565217391304,False
BASELINE,2025-05-27,233,209,0.8969957081545065,False,233,207,0.8884120171673819,False,207,0.8884120171673819,False
BASELINE,2025-05-28,235,209,0.8893617021276595,False,235,209,0.8893617021276595,False,209,0.8893617021276595,False
BASELINE,2025-06-02,236,210,0.8898305084745762,False,236,210,0.8898305084745762,False,210,0.8898305084745762,False
BASELINE,2025-06-03,235,209,0.8893617021276595,False,235,209,0.8893617021276595,False,209,0.8893617021276595,False
BASELINE,2025-06-04,235,209,0.8893617021276595,False,235,209,0.8893617021276595,False,209,0.8893617021276595,False
BASELINE,2025-06-05,237,213,0.8987341772151899,False,237,213,0.8987341772151899,False,213,0.8987341772151899,False
BASELINE,2025-06-10,238,214,0.8991596638655462,False,238,214,0.8991596638655462,False,214,0.8991596638655462,False
BASELINE,2025-06-11,238,214,0.8991596638655462,False,238,214,0.8991596638655462,False,214,0.8991596638655462,False
BASELINE,2025-06-12,238,215,0.9033613445378151,True,238,215,0.9033613445378151,True,215,0.9033613445378151,True
BASELINE,2025-06-13,241,217,0.9004149377593361,True,241,217,0.9004149377593361,True,217,0.9004149377593361,True
BASELINE,2025-06-16,241,217,0.9004149377593361,True,241,217,0.9004149377593361,True,217,0.9004149377593361,True
BASELINE,2025-06-17,240,218,0.9083333333333333,True,240,217,0.9041666666666667,True,217,0.9041666666666667,True
BASELINE,2025-06-18,239,217,0.9079497907949791,True,239,216,0.9037656903765691,True,216,0.9037656903765691,True
BASELINE,2025-06-19,240,219,0.9125,True,240,218,0.9083333333333333,True,218,0.9083333333333333,True
BASELINE,2025-06-20,239,219,0.9163179916317992,True,239,217,0.9079497907949791,True,217,0.9079497907949791,True
BASELINE,2025-06-23,239,219,0.9163179916317992,True,239,217,0.9079497907949791,True,217,0.9079497907949791,True
BASELINE,2025-06-24,241,220,0.9128630705394191,True,241,217,0.9004149377593361,True,217,0.9004149377593361,True
BASELINE,2025-06-25,243,222,0.9135802469135802,True,243,219,0.9012345679012346,True,219,0.9012345679012346,True
BASELINE,2025-06-26,244,223,0.9139344262295082,True,244,220,0.9016393442622951,True,220,0.9016393442622951,True
BASELINE,2025-06-30,244,221,0.9057377049180327,True,244,219,0.8975409836065574,False,219,0.8975409836065574,False
BASELINE,2025-07-01,242,220,0.9090909090909091,True,242,218,0.9008264462809917,True,218,0.9008264462809917,True
BASELINE,2025-07-02,241,217,0.9004149377593361,True,241,217,0.9004149377593361,True,217,0.9004149377593361,True
BASELINE,2025-07-03,242,218,0.9008264462809917,True,242,218,0.9008264462809917,True,218,0.9008264462809917,True
BASELINE,2025-07-04,244,221,0.9057377049180327,True,244,221,0.9057377049180327,True,221,0.9057377049180327,True
BASELINE,2025-07-07,242,219,0.9049586776859504,True,242,219,0.9049586776859504,True,219,0.9049586776859504,True
BASELINE,2025-07-08,242,221,0.9132231404958677,True,242,221,0.9132231404958677,True,221,0.9132231404958677,True
BASELINE,2025-07-09,241,220,0.9128630705394191,True,241,220,0.9128630705394191,True,220,0.9128630705394191,True
BASELINE,2025-07-10,242,220,0.9090909090909091,True,242,220,0.9090909090909091,True,220,0.9090909090909091,True
BASELINE,2025-07-11,242,220,0.9090909090909091,True,242,220,0.9090909090909091,True,220,0.9090909090909091,True
BASELINE,2025-07-14,242,220,0.9090909090909091,True,242,220,0.9090909090909091,True,220,0.9090909090909091,True
BASELINE,2025-07-15,244,221,0.9057377049180327,True,244,221,0.9057377049180327,True,221,0.9057377049180327,True
BASELINE,2025-07-16,245,222,0.9061224489795918,True,245,222,0.9061224489795918,True,222,0.9061224489795918,True
BASELINE,2025-07-17,247,223,0.902834008097166,True,247,223,0.902834008097166,True,223,0.902834008097166,True
BASELINE,2025-07-18,248,224,0.9032258064516129,True,248,224,0.9032258064516129,True,224,0.9032258064516129,True
BASELINE,2025-07-21,250,226,0.904,True,250,226,0.904,True,226,0.904,True
BASELINE,2025-07-22,250,226,0.904,True,250,226,0.904,True,226,0.904,True
BASELINE,2025-07-23,250,226,0.904,True,250,226,0.904,True,226,0.904,True
BASELINE,2025-07-24,249,225,0.9036144578313253,True,249,225,0.9036144578313253,True,225,0.9036144578313253,True
BASELINE,2025-07-25,251,227,0.9043824701195219,True,251,227,0.9043824701195219,True,227,0.9043824701195219,True
BASELINE,2025-07-28,252,228,0.9047619047619048,True,252,228,0.9047619047619048,True,228,0.9047619047619048,True
BASELINE,2025-07-29,255,231,0.9058823529411765,True,255,231,0.9058823529411765,True,231,0.9058823529411765,True
BASELINE,2025-07-30,256,233,0.91015625,True,256,233,0.91015625,True,233,0.91015625,True
BASELINE,2025-07-31,256,232,0.90625,True,256,232,0.90625,True,232,0.90625,True
BASELINE,2025-08-01,256,233,0.91015625,True,256,233,0.91015625,True,233,0.91015625,True
BASELINE,2025-08-04,258,234,0.9069767441860465,True,258,234,0.9069767441860465,True,234,0.9069767441860465,True
BASELINE,2025-08-05,259,235,0.9073359073359073,True,259,235,0.9073359073359073,True,235,0.9073359073359073,True
BASELINE,2025-08-06,261,237,0.9080459770114943,True,261,237,0.9080459770114943,True,237,0.9080459770114943,True
BASELINE,2025-08-07,262,238,0.9083969465648855,True,262,238,0.9083969465648855,True,238,0.9083969465648855,True
BASELINE,2025-08-08,267,243,0.9101123595505618,True,267,243,0.9101123595505618,True,243,0.9101123595505618,True
BASELINE,2025-08-11,266,242,0.9097744360902256,True,266,242,0.9097744360902256,True,242,0.9097744360902256,True
BASELINE,2025-08-12,266,241,0.9060150375939849,True,266,241,0.9060150375939849,True,241,0.9060150375939849,True
BASELINE,2025-08-13,267,242,0.9063670411985019,True,267,242,0.9063670411985019,True,242,0.9063670411985019,True
BASELINE,2025-08-14,266,242,0.9097744360902256,True,266,242,0.9097744360902256,True,242,0.9097744360902256,True
BASELINE,2025-08-15,268,243,0.9067164179104478,True,268,243,0.9067164179104478,True,243,0.9067164179104478,True
BASELINE,2025-08-19,267,243,0.9101123595505618,True,267,243,0.9101123595505618,True,243,0.9101123595505618,True
BASELINE,2025-08-20,268,244,0.9104477611940298,True,268,244,0.9104477611940298,True,244,0.9104477611940298,True
BASELINE,2025-08-21,266,242,0.9097744360902256,True,266,242,0.9097744360902256,True,242,0.9097744360902256,True
BASELINE,2025-08-22,268,243,0.9067164179104478,True,268,243,0.9067164179104478,True,243,0.9067164179104478,True
BASELINE,2025-08-25,269,243,0.9033457249070632,True,269,243,0.9033457249070632,True,243,0.9033457249070632,True
BASELINE,2025-08-26,269,241,0.895910780669145,False,269,241,0.895910780669145,False,241,0.895910780669145,False
BASELINE,2025-08-27,273,244,0.8937728937728938,False,273,244,0.8937728937728938,False,244,0.8937728937728938,False
BASELINE,2025-08-28,273,244,0.8937728937728938,False,273,244,0.8937728937728938,False,244,0.8937728937728938,False
BASELINE,2025-08-29,271,242,0.8929889298892989,False,271,242,0.8929889298892989,False,242,0.8929889298892989,False
BASELINE,2025-09-01,275,246,0.8945454545454545,False,275,246,0.8945454545454545,False,246,0.8945454545454545,False
BASELINE,2025-09-02,276,247,0.894927536231884,False,276,247,0.894927536231884,False,247,0.894927536231884,False
BASELINE,2025-09-03,278,249,0.89568345323741,False,278,249,0.89568345323741,False,249,0.89568345323741,False
BASELINE,2025-09-04,279,250,0.8960573476702509,False,279,250,0.8960573476702509,False,250,0.8960573476702509,False
BASELINE,2025-09-08,281,252,0.896797153024911,False,281,252,0.896797153024911,False,252,0.896797153024911,False
BASELINE,2025-09-09,282,253,0.8971631205673759,False,282,253,0.8971631205673759,False,253,0.8971631205673759,False
BASELINE,2025-09-10,283,254,0.8975265017667845,False,283,254,0.8975265017667845,False,254,0.8975265017667845,False
BASELINE,2025-09-11,287,258,0.8989547038327527,False,287,258,0.8989547038327527,False,258,0.8989547038327527,False
BASELINE,2025-09-12,289,259,0.8961937716262975,False,289,259,0.8961937716262975,False,259,0.8961937716262975,False
BASELINE,2025-09-15,289,259,0.8961937716262975,False,289,259,0.8961937716262975,False,259,0.8961937716262975,False
BASELINE,2025-09-16,293,263,0.8976109215017065,False,293,263,0.8976109215017065,False,263,0.8976109215017065,False
BASELINE,2025-09-17,293,263,0.8976109215017065,False,293,263,0.8976109215017065,False,263,0.8976109215017065,False
BASELINE,2025-09-18,298,268,0.8993288590604027,False,298,268,0.8993288590604027,False,268,0.8993288590604027,False
BASELINE,2025-09-19,298,268,0.8993288590604027,False,298,268,0.8993288590604027,False,268,0.8993288590604027,False
BASELINE,2025-09-22,299,269,0.8996655518394648,False,299,269,0.8996655518394648,False,269,0.8996655518394648,False
BASELINE,2025-09-23,304,273,0.8980263157894737,False,304,273,0.8980263157894737,False,273,0.8980263157894737,False
BASELINE,2025-09-24,306,275,0.8986928104575164,False,306,275,0.8986928104575164,False,275,0.8986928104575164,False
BASELINE,2025-09-25,311,279,0.8971061093247589,False,311,279,0.8971061093247589,False,279,0.8971061093247589,False
BASELINE,2025-09-26,311,281,0.9035369774919614,True,311,281,0.9035369774919614,True,281,0.9035369774919614,True
BASELINE,2025-09-29,316,283,0.8955696202531646,False,316,283,0.8955696202531646,False,283,0.8955696202531646,False
BASELINE,2025-09-30,316,284,0.8987341772151899,False,316,284,0.8987341772151899,False,284,0.8987341772151899,False
BASELINE,2025-10-01,323,291,0.9009287925696594,True,323,291,0.9009287925696594,True,291,0.9009287925696594,True
BASELINE,2025-10-02,330,296,0.896969696969697,False,330,296,0.896969696969697,False,296,0.896969696969697,False
BASELINE,2025-10-03,334,300,0.8982035928143712,False,334,300,0.8982035928143712,False,300,0.8982035928143712,False
BASELINE,2025-10-06,332,299,0.9006024096385542,True,332,299,0.9006024096385542,True,299,0.9006024096385542,True
BASELINE,2025-10-07,340,307,0.9029411764705882,True,340,307,0.9029411764705882,True,307,0.9029411764705882,True
BASELINE,2025-10-08,343,309,0.9008746355685131,True,343,309,0.9008746355685131,True,309,0.9008746355685131,True
BASELINE,2025-10-09,348,315,0.9051724137931034,True,348,315,0.9051724137931034,True,315,0.9051724137931034,True
BASELINE,2025-10-10,349,316,0.9054441260744985,True,349,316,0.9054441260744985,True,316,0.9054441260744985,True
BASELINE,2025-10-13,356,323,0.9073033707865169,True,356,323,0.9073033707865169,True,323,0.9073033707865169,True
BASELINE,2025-10-14,361,327,0.9058171745152355,True,361,327,0.9058171745152355,True,327,0.9058171745152355,True
BASELINE,2025-10-15,361,327,0.9058171745152355,True,361,327,0.9058171745152355,True,327,0.9058171745152355,True
BASELINE,2025-10-16,365,331,0.9068493150684932,True,365,331,0.9068493150684932,True,331,0.9068493150684932,True
BASELINE,2025-10-17,367,333,0.9073569482288828,True,367,333,0.9073569482288828,True,333,0.9073569482288828,True
BASELINE,2025-10-20,370,335,0.9054054054054054,True,370,335,0.9054054054054054,True,335,0.9054054054054054,True
BASELINE,2025-10-21,375,340,0.9066666666666666,True,375,340,0.9066666666666666,True,340,0.9066666666666666,True
BASELINE,2025-10-22,376,341,0.9069148936170213,True,376,341,0.9069148936170213,True,341,0.9069148936170213,True
BASELINE,2025-10-23,376,341,0.9069148936170213,True,376,341,0.9069148936170213,True,341,0.9069148936170213,True
BASELINE,2025-10-24,379,344,0.9076517150395779,True,379,344,0.9076517150395779,True,344,0.9076517150395779,True
BASELINE,2025-10-27,381,346,0.9081364829396326,True,381,346,0.9081364829396326,True,346,0.9081364829396326,True
BASELINE,2025-10-28,379,344,0.9076517150395779,True,379,344,0.9076517150395779,True,344,0.9076517150395779,True
BASELINE,2025-10-29,382,347,0.9083769633507853,True,382,347,0.9083769633507853,True,347,0.9083769633507853,True
BASELINE,2025-10-30,388,353,0.9097938144329897,True,388,353,0.9097938144329897,True,353,0.9097938144329897,True
BASELINE,2025-10-31,388,353,0.9097938144329897,True,388,353,0.9097938144329897,True,353,0.9097938144329897,True
BASELINE,2025-11-03,391,355,0.907928388746803,True,391,355,0.907928388746803,True,355,0.907928388746803,True
BASELINE,2025-11-04,394,358,0.9086294416243654,True,394,358,0.9086294416243654,True,358,0.9086294416243654,True
BASELINE,2025-11-05,394,358,0.9086294416243654,True,394,358,0.9086294416243654,True,358,0.9086294416243654,True
BASELINE,2025-11-06,390,354,0.9076923076923077,True,390,354,0.9076923076923077,True,354,0.9076923076923077,True
BASELINE,2025-11-07,391,355,0.907928388746803,True,391,355,0.907928388746803,True,355,0.907928388746803,True
BASELINE,2025-11-10,394,357,0.9060913705583756,True,394,357,0.9060913705583756,True,357,0.9060913705583756,True
BASELINE,2025-11-11,393,356,0.905852417302799,True,393,356,0.905852417302799,True,356,0.905852417302799,True
BASELINE,2025-11-12,393,356,0.905852417302799,True,393,356,0.905852417302799,True,356,0.905852417302799,True
BASELINE,2025-11-13,393,356,0.905852417302799,True,393,356,0.905852417302799,True,356,0.905852417302799,True
BASELINE,2025-11-14,393,356,0.905852417302799,True,393,356,0.905852417302799,True,356,0.905852417302799,True
BASELINE,2025-11-17,393,357,0.9083969465648855,True,393,357,0.9083969465648855,True,357,0.9083969465648855,True
BASELINE,2025-11-18,390,354,0.9076923076923077,True,390,354,0.9076923076923077,True,354,0.9076923076923077,True
BASELINE,2025-11-19,393,356,0.905852417302799,True,393,356,0.905852417302799,True,356,0.905852417302799,True
BASELINE,2025-11-20,392,355,0.9056122448979592,True,392,355,0.9056122448979592,True,355,0.9056122448979592,True
BASELINE,2025-11-21,389,352,0.9048843187660668,True,389,352,0.9048843187660668,True,352,0.9048843187660668,True
BASELINE,2025-11-24,392,354,0.9030612244897959,True,392,354,0.9030612244897959,True,354,0.9030612244897959,True
BASELINE,2025-11-25,394,357,0.9060913705583756,True,394,357,0.9060913705583756,True,357,0.9060913705583756,True
BASELINE,2025-11-26,390,354,0.9076923076923077,True,390,354,0.9076923076923077,True,354,0.9076923076923077,True
BASELINE,2025-11-27,389,353,0.9074550128534704,True,389,353,0.9074550128534704,True,353,0.9074550128534704,True
BASELINE,2025-11-28,389,353,0.9074550128534704,True,389,353,0.9074550128534704,True,353,0.9074550128534704,True
BASELINE,2025-12-01,391,354,0.9053708439897699,True,391,354,0.9053708439897699,True,354,0.9053708439897699,True
BASELINE,2025-12-02,389,352,0.9048843187660668,True,389,352,0.9048843187660668,True,352,0.9048843187660668,True
BASELINE,2025-12-03,393,354,0.9007633587786259,True,393,354,0.9007633587786259,True,354,0.9007633587786259,True
BASELINE,2025-12-04,393,355,0.9033078880407125,True,393,355,0.9033078880407125,True,355,0.9033078880407125,True
BASELINE,2025-12-05,387,351,0.9069767441860465,True,387,351,0.9069767441860465,True,351,0.9069767441860465,True
BASELINE,2025-12-08,390,353,0.9051282051282051,True,390,353,0.9051282051282051,True,353,0.9051282051282051,True
BASELINE,2025-12-09,390,353,0.9051282051282051,True,390,353,0.9051282051282051,True,353,0.9051282051282051,True
BASELINE,2025-12-10,390,352,0.9025641025641026,True,390,352,0.9025641025641026,True,352,0.9025641025641026,True
BASELINE,2025-12-11,391,354,0.9053708439897699,True,391,354,0.9053708439897699,True,354,0.9053708439897699,True
BASELINE,2025-12-12,392,355,0.9056122448979592,True,392,355,0.9056122448979592,True,355,0.9056122448979592,True
BASELINE,2025-12-15,388,351,0.904639175257732,True,388,351,0.904639175257732,True,351,0.904639175257732,True
BASELINE,2025-12-16,386,350,0.9067357512953368,True,386,350,0.9067357512953368,True,350,0.9067357512953368,True
BASELINE,2025-12-17,387,350,0.9043927648578811,True,387,350,0.9043927648578811,True,350,0.9043927648578811,True
BASELINE,2025-12-18,387,350,0.9043927648578811,True,387,350,0.9043927648578811,True,350,0.9043927648578811,True
BASELINE,2025-12-19,388,352,0.9072164948453608,True,388,352,0.9072164948453608,True,352,0.9072164948453608,True
BASELINE,2025-12-22,389,353,0.9074550128534704,True,389,353,0.9074550128534704,True,353,0.9074550128534704,True
BASELINE,2025-12-23,391,355,0.907928388746803,True,391,355,0.907928388746803,True,355,0.907928388746803,True
BASELINE,2025-12-24,390,354,0.9076923076923077,True,390,354,0.9076923076923077,True,354,0.9076923076923077,True
BASELINE,2025-12-29,390,354,0.9076923076923077,True,390,354,0.9076923076923077,True,354,0.9076923076923077,True
BASELINE,2025-12-30,391,355,0.907928388746803,True,391,355,0.907928388746803,True,355,0.907928388746803,True
BASELINE,2026-01-02,388,352,0.9072164948453608,True,388,352,0.9072164948453608,True,352,0.9072164948453608,True
BASELINE,2026-01-05,383,348,0.9086161879895561,True,383,348,0.9086161879895561,True,348,0.9086161879895561,True
BASELINE,2026-01-06,384,348,0.90625,True,384,348,0.90625,True,348,0.90625,True
BASELINE,2026-01-07,384,348,0.90625,True,384,348,0.90625,True,348,0.90625,True
BASELINE,2026-01-08,386,350,0.9067357512953368,True,386,350,0.9067357512953368,True,350,0.9067357512953368,True
BASELINE,2026-01-09,385,349,0.9064935064935065,True,385,349,0.9064935064935065,True,349,0.9064935064935065,True
BASELINE,2026-01-12,386,350,0.9067357512953368,True,386,350,0.9067357512953368,True,350,0.9067357512953368,True
BASELINE,2026-01-13,384,350,0.9114583333333334,True,384,350,0.9114583333333334,True,350,0.9114583333333334,True
BASELINE,2026-01-14,385,351,0.9116883116883117,True,385,351,0.9116883116883117,True,351,0.9116883116883117,True
BASELINE,2026-01-15,387,353,0.9121447028423773,True,387,353,0.9121447028423773,True,353,0.9121447028423773,True
BASELINE,2026-01-19,392,358,0.9132653061224489,True,392,358,0.9132653061224489,True,358,0.9132653061224489,True
BASELINE,2026-01-20,394,360,0.9137055837563451,True,394,360,0.9137055837563451,True,360,0.9137055837563451,True
BASELINE,2026-01-21,400,365,0.9125,True,400,365,0.9125,True,365,0.9125,True
BASELINE,2026-01-22,407,371,0.9115479115479116,True,407,371,0.9115479115479116,True,371,0.9115479115479116,True
BASELINE,2026-01-23,412,375,0.9101941747572816,True,412,375,0.9101941747572816,True,375,0.9101941747572816,True
BASELINE,2026-01-26,410,373,0.9097560975609756,True,410,373,0.9097560975609756,True,373,0.9097560975609756,True
BASELINE,2026-01-27,417,380,0.9112709832134293,True,417,380,0.9112709832134293,True,380,0.9112709832134293,True
BASELINE,2026-01-28,420,383,0.9119047619047619,True,420,383,0.9119047619047619,True,383,0.9119047619047619,True
BASELINE,2026-01-29,424,387,0.9127358490566038,True,424,387,0.9127358490566038,True,387,0.9127358490566038,True
BASELINE,2026-01-30,423,386,0.9125295508274232,True,423,386,0.9125295508274232,True,386,0.9125295508274232,True
BASELINE,2026-02-02,423,386,0.9125295508274232,True,423,386,0.9125295508274232,True,386,0.9125295508274232,True
BASELINE,2026-02-03,425,388,0.9129411764705883,True,425,388,0.9129411764705883,True,388,0.9129411764705883,True
BASELINE,2026-02-04,423,386,0.9125295508274232,True,423,386,0.9125295508274232,True,386,0.9125295508274232,True
BASELINE,2026-02-05,424,387,0.9127358490566038,True,424,387,0.9127358490566038,True,387,0.9127358490566038,True
BASELINE,2026-02-06,427,390,0.9133489461358314,True,427,390,0.9133489461358314,True,390,0.9133489461358314,True
BASELINE,2026-02-09,428,391,0.9135514018691588,True,428,391,0.9135514018691588,True,391,0.9135514018691588,True
BASELINE,2026-02-10,428,391,0.9135514018691588,True,428,391,0.9135514018691588,True,391,0.9135514018691588,True
BASELINE,2026-02-11,427,390,0.9133489461358314,True,427,390,0.9133489461358314,True,390,0.9133489461358314,True
BASELINE,2026-02-12,426,389,0.9131455399061033,True,426,389,0.9131455399061033,True,389,0.9131455399061033,True
BASELINE,2026-02-13,429,392,0.9137529137529138,True,429,392,0.9137529137529138,True,392,0.9137529137529138,True
BASELINE,2026-02-18,427,389,0.9110070257611241,True,427,389,0.9110070257611241,True,389,0.9110070257611241,True
BASELINE,2026-02-19,427,390,0.9133489461358314,True,427,390,0.9133489461358314,True,390,0.9133489461358314,True
BASELINE,2026-02-20,427,390,0.9133489461358314,True,427,390,0.9133489461358314,True,390,0.9133489461358314,True
BASELINE,2026-02-23,425,388,0.9129411764705883,True,425,388,0.9129411764705883,True,388,0.9129411764705883,True
BASELINE,2026-02-24,431,393,0.9118329466357309,True,431,393,0.9118329466357309,True,393,0.9118329466357309,True
BASELINE,2026-02-25,431,393,0.9118329466357309,True,431,393,0.9118329466357309,True,393,0.9118329466357309,True
BASELINE,2026-02-26,428,390,0.9112149532710281,True,428,390,0.9112149532710281,True,390,0.9112149532710281,True
BASELINE,2026-02-27,428,390,0.9112149532710281,True,428,390,0.9112149532710281,True,390,0.9112149532710281,True
BASELINE,2026-03-02,427,389,0.9110070257611241,True,427,389,0.9110070257611241,True,389,0.9110070257611241,True
BASELINE,2026-03-03,431,392,0.9095127610208816,True,431,392,0.9095127610208816,True,392,0.9095127610208816,True
BASELINE,2026-03-04,433,395,0.9122401847575058,True,433,395,0.9122401847575058,True,395,0.9122401847575058,True
BASELINE,2026-03-05,429,390,0.9090909090909091,True,429,390,0.9090909090909091,True,390,0.9090909090909091,True
BASELINE,2026-03-06,426,387,0.9084507042253521,True,426,387,0.9084507042253521,True,387,0.9084507042253521,True
BASELINE,2026-03-09,422,382,0.9052132701421801,True,422,382,0.9052132701421801,True,382,0.9052132701421801,True
BASELINE,2026-03-10,416,376,0.9038461538461539,True,416,376,0.9038461538461539,True,376,0.9038461538461539,True
BASELINE,2026-03-11,414,374,0.9033816425120773,True,414,374,0.9033816425120773,True,374,0.9033816425120773,True
BASELINE,2026-03-12,416,376,0.9038461538461539,True,416,376,0.9038461538461539,True,376,0.9038461538461539,True
BASELINE,2026-03-13,414,374,0.9033816425120773,True,414,374,0.9033816425120773,True,374,0.9033816425120773,True
BASELINE,2026-03-16,411,371,0.902676399026764,True,411,371,0.902676399026764,True,371,0.902676399026764,True
BASELINE,2026-03-17,407,368,0.9041769041769042,True,407,368,0.9041769041769042,True,368,0.9041769041769042,True
BASELINE,2026-03-25,407,368,0.9041769041769042,True,407,368,0.9041769041769042,True,368,0.9041769041769042,True
BASELINE,2026-03-26,402,363,0.9029850746268657,True,402,363,0.9029850746268657,True,363,0.9029850746268657,True
BASELINE,2026-03-27,399,360,0.9022556390977443,True,399,360,0.9022556390977443,True,360,0.9022556390977443,True
BASELINE,2026-03-30,396,357,0.9015151515151515,True,396,357,0.9015151515151515,True,357,0.9015151515151515,True
BASELINE,2026-03-31,395,356,0.9012658227848102,True,395,356,0.9012658227848102,True,356,0.9012658227848102,True
BASELINE,2026-04-01,390,353,0.9051282051282051,True,390,353,0.9051282051282051,True,353,0.9051282051282051,True
BASELINE,2026-04-02,390,353,0.9051282051282051,True,390,353,0.9051282051282051,True,353,0.9051282051282051,True
BASELINE,2026-04-06,389,352,0.9048843187660668,True,389,352,0.9048843187660668,True,352,0.9048843187660668,True
BASELINE,2026-04-07,388,351,0.904639175257732,True,388,351,0.904639175257732,True,351,0.904639175257732,True
BASELINE,2026-04-08,387,350,0.9043927648578811,True,387,350,0.9043927648578811,True,350,0.9043927648578811,True
BASELINE,2026-04-09,387,350,0.9043927648578811,True,387,350,0.9043927648578811,True,350,0.9043927648578811,True
BASELINE,2026-04-10,385,348,0.9038961038961039,True,385,348,0.9038961038961039,True,348,0.9038961038961039,True
BASELINE,2026-04-13,381,345,0.905511811023622,True,381,345,0.905511811023622,True,345,0.905511811023622,True
BASELINE,2026-04-14,380,343,0.9026315789473685,True,380,343,0.9026315789473685,True,343,0.9026315789473685,True
BASELINE,2026-04-15,376,339,0.901595744680851,True,376,339,0.901595744680851,True,339,0.901595744680851,True
BASELINE,2026-04-16,376,338,0.898936170212766,False,376,338,0.898936170212766,False,338,0.898936170212766,False
BASELINE,2026-04-17,376,338,0.898936170212766,False,376,338,0.898936170212766,False,338,0.898936170212766,False
BASELINE,2026-04-20,375,337,0.8986666666666666,False,375,337,0.8986666666666666,False,337,0.8986666666666666,False
BASELINE,2026-04-21,376,338,0.898936170212766,False,376,338,0.898936170212766,False,338,0.898936170212766,False
BASELINE,2026-04-22,375,337,0.8986666666666666,False,375,337,0.8986666666666666,False,337,0.8986666666666666,False
BASELINE,2026-04-23,373,335,0.8981233243967829,False,373,335,0.8981233243967829,False,335,0.8981233243967829,False
BASELINE,2026-04-24,371,333,0.8975741239892183,False,371,333,0.8975741239892183,False,333,0.8975741239892183,False
BASELINE,2026-04-27,371,333,0.8975741239892183,False,371,333,0.8975741239892183,False,333,0.8975741239892183,False
BASELINE,2026-04-28,369,331,0.8970189701897019,False,369,331,0.8970189701897019,False,331,0.8970189701897019,False
BASELINE,2026-04-29,366,328,0.8961748633879781,False,366,328,0.8961748633879781,False,328,0.8961748633879781,False
BASELINE,2026-04-30,364,326,0.8956043956043956,False,364,326,0.8956043956043956,False,326,0.8956043956043956,False
BASELINE,2026-05-04,365,327,0.8958904109589041,False,365,327,0.8958904109589041,False,327,0.8958904109589041,False
BASELINE,2026-05-05,362,324,0.8950276243093923,False,362,324,0.8950276243093923,False,324,0.8950276243093923,False
BASELINE,2026-05-06,363,326,0.8980716253443526,False,363,326,0.8980716253443526,False,326,0.8980716253443526,False
BASELINE,2026-05-07,362,325,0.8977900552486188,False,362,325,0.8977900552486188,False,325,0.8977900552486188,False
BASELINE,2026-05-08,361,324,0.8975069252077562,False,361,323,0.8947368421052632,False,323,0.8947368421052632,False
BASELINE,2026-05-11,362,325,0.8977900552486188,False,362,324,0.8950276243093923,False,324,0.8950276243093923,False
BASELINE,2026-05-12,361,324,0.8975069252077562,False,361,323,0.8947368421052632,False,323,0.8947368421052632,False
BASELINE,2026-05-13,362,325,0.8977900552486188,False,362,324,0.8950276243093923,False,324,0.8950276243093923,False
BASELINE,2026-05-18,361,324,0.8975069252077562,False,361,323,0.8947368421052632,False,323,0.8947368421052632,False
BASELINE,2026-05-19,359,321,0.8941504178272981,False,359,321,0.8941504178272981,False,321,0.8941504178272981,False
BASELINE,2026-05-20,356,318,0.8932584269662921,False,356,318,0.8932584269662921,False,318,0.8932584269662921,False
BASELINE,2026-05-21,355,317,0.8929577464788733,False,355,317,0.8929577464788733,False,317,0.8929577464788733,False
BASELINE,2026-05-22,353,315,0.8923512747875354,False,353,315,0.8923512747875354,False,315,0.8923512747875354,False
BASELINE,2026-05-25,350,313,0.8942857142857142,False,350,313,0.8942857142857142,False,313,0.8942857142857142,False
BASELINE,2026-05-26,348,312,0.896551724137931,False,348,312,0.896551724137931,False,312,0.896551724137931,False
BASELINE,2026-05-29,346,310,0.8959537572254336,False,346,310,0.8959537572254336,False,310,0.8959537572254336,False
BASELINE,2026-06-02,343,308,0.8979591836734694,False,343,308,0.8979591836734694,False,308,0.8979591836734694,False
BASELINE,2026-06-03,339,304,0.8967551622418879,False,339,304,0.8967551622418879,False,304,0.8967551622418879,False
BASELINE,2026-06-04,337,303,0.8991097922848664,False,337,303,0.8991097922848664,False,303,0.8991097922848664,False
BASELINE,2026-06-05,334,299,0.8952095808383234,False,334,299,0.8952095808383234,False,299,0.8952095808383234,False
BASELINE,2026-06-08,332,298,0.8975903614457831,False,332,298,0.8975903614457831,False,298,0.8975903614457831,False
BASELINE,2026-06-09,330,296,0.896969696969697,False,330,296,0.896969696969697,False,296,0.896969696969697,False
BASELINE,2026-06-10,329,295,0.8966565349544073,False,329,295,0.8966565349544073,False,295,0.8966565349544073,False
BASELINE,2026-06-11,329,295,0.8966565349544073,False,329,295,0.8966565349544073,False,295,0.8966565349544073,False
BASELINE,2026-06-12,326,292,0.8957055214723927,False,326,292,0.8957055214723927,False,292,0.8957055214723927,False
BASELINE,2026-06-15,328,294,0.8963414634146342,False,328,294,0.8963414634146342,False,294,0.8963414634146342,False
BASELINE,2026-06-17,328,294,0.8963414634146342,False,328,294,0.8963414634146342,False,294,0.8963414634146342,False
BASELINE,2026-06-18,327,293,0.8960244648318043,False,327,293,0.8960244648318043,False,293,0.8960244648318043,False
BASELINE,2026-06-19,325,291,0.8953846153846153,False,325,291,0.8953846153846153,False,291,0.8953846153846153,False
BASELINE,2026-06-22,322,289,0.8975155279503105,False,322,289,0.8975155279503105,False,289,0.8975155279503105,False
BASELINE,2026-06-23,323,290,0.8978328173374613,False,323,289,0.8947368421052632,False,289,0.8947368421052632,False
BASELINE,2026-06-24,323,290,0.8978328173374613,False,323,289,0.8947368421052632,False,289,0.8947368421052632,False
BASELINE,2026-06-25,321,288,0.897196261682243,False,321,283,0.881619937694704,False,283,0.881619937694704,False
BASELINE,2026-06-26,320,287,0.896875,False,320,282,0.88125,False,282,0.88125,False
BASELINE,2026-06-29,318,285,0.8962264150943396,False,318,280,0.8805031446540881,False,280,0.8805031446540881,False
BASELINE,2026-06-30,314,280,0.89171974522293,False,314,276,0.8789808917197452,False,276,0.8789808917197452,False
BASELINE,2026-07-01,314,280,0.89171974522293,False,314,277,0.8821656050955414,False,277,0.8821656050955414,False
BASELINE,2026-07-02,312,275,0.8814102564102564,False,312,275,0.8814102564102564,False,275,0.8814102564102564,False
BASELINE,2026-07-03,314,277,0.8821656050955414,False,314,277,0.8821656050955414,False,277,0.8821656050955414,False
BASELINE,2026-07-06,311,275,0.8842443729903537,False,311,275,0.8842443729903537,False,275,0.8842443729903537,False
BASELINE,2026-07-07,312,275,0.8814102564102564,False,312,275,0.8814102564102564,False,275,0.8814102564102564,False
BASELINE,2026-07-08,312,279,0.8942307692307693,False,312,279,0.8942307692307693,False,279,0.8942307692307693,False
BASELINE,2026-07-09,312,279,0.8942307692307693,False,312,279,0.8942307692307693,False,279,0.8942307692307693,False
BASELINE,2026-07-10,312,279,0.8942307692307693,False,312,279,0.8942307692307693,False,279,0.8942307692307693,False
BASELINE,2026-07-13,311,278,0.8938906752411575,False,311,278,0.8938906752411575,False,278,0.8938906752411575,False
BASELINE,2026-07-14,309,276,0.8932038834951457,False,309,276,0.8932038834951457,False,276,0.8932038834951457,False
BASELINE,2026-07-15,308,276,0.8961038961038961,False,308,276,0.8961038961038961,False,276,0.8961038961038961,False
BASELINE,2026-07-16,306,275,0.8986928104575164,False,306,275,0.8986928104575164,False,275,0.8986928104575164,False
BASELINE,2026-07-17,303,272,0.8976897689768977,False,303,272,0.8976897689768977,False,272,0.8976897689768977,False
SCHEDULE_ONLY_CEILING,2023-12-28,262,254,0.9694656488549618,True,262,254,0.9694656488549618,True,254,0.9694656488549618,True
SCHEDULE_ONLY_CEILING,2023-12-29,263,254,0.9657794676806084,True,263,254,0.9657794676806084,True,254,0.9657794676806084,True
SCHEDULE_ONLY_CEILING,2024-01-02,265,257,0.969811320754717,True,265,257,0.969811320754717,True,257,0.969811320754717,True
SCHEDULE_ONLY_CEILING,2024-01-03,263,255,0.9695817490494296,True,263,255,0.9695817490494296,True,255,0.9695817490494296,True
SCHEDULE_ONLY_CEILING,2024-01-04,262,254,0.9694656488549618,True,262,254,0.9694656488549618,True,254,0.9694656488549618,True
SCHEDULE_ONLY_CEILING,2024-01-05,260,252,0.9692307692307692,True,260,252,0.9692307692307692,True,252,0.9692307692307692,True
SCHEDULE_ONLY_CEILING,2024-01-08,262,254,0.9694656488549618,True,262,254,0.9694656488549618,True,254,0.9694656488549618,True
SCHEDULE_ONLY_CEILING,2024-01-09,260,252,0.9692307692307692,True,260,252,0.9692307692307692,True,252,0.9692307692307692,True
SCHEDULE_ONLY_CEILING,2024-01-10,258,250,0.9689922480620154,True,258,250,0.9689922480620154,True,250,0.9689922480620154,True
SCHEDULE_ONLY_CEILING,2024-01-11,253,245,0.9683794466403162,True,253,245,0.9683794466403162,True,245,0.9683794466403162,True
SCHEDULE_ONLY_CEILING,2024-01-12,251,244,0.9721115537848606,True,251,244,0.9721115537848606,True,244,0.9721115537848606,True
SCHEDULE_ONLY_CEILING,2024-01-15,250,244,0.976,True,250,244,0.976,True,244,0.976,True
SCHEDULE_ONLY_CEILING,2024-01-16,251,245,0.9760956175298805,True,251,245,0.9760956175298805,True,245,0.9760956175298805,True
SCHEDULE_ONLY_CEILING,2024-01-17,251,245,0.9760956175298805,True,251,245,0.9760956175298805,True,245,0.9760956175298805,True
SCHEDULE_ONLY_CEILING,2024-01-18,251,245,0.9760956175298805,True,251,245,0.9760956175298805,True,245,0.9760956175298805,True
SCHEDULE_ONLY_CEILING,2024-01-19,249,243,0.9759036144578314,True,249,243,0.9759036144578314,True,243,0.9759036144578314,True
SCHEDULE_ONLY_CEILING,2024-01-22,247,241,0.9757085020242915,True,247,241,0.9757085020242915,True,241,0.9757085020242915,True
SCHEDULE_ONLY_CEILING,2024-01-23,247,241,0.9757085020242915,True,247,241,0.9757085020242915,True,241,0.9757085020242915,True
SCHEDULE_ONLY_CEILING,2024-01-24,246,240,0.975609756097561,True,246,240,0.975609756097561,True,240,0.975609756097561,True
SCHEDULE_ONLY_CEILING,2024-01-25,246,240,0.975609756097561,True,246,240,0.975609756097561,True,240,0.975609756097561,True
SCHEDULE_ONLY_CEILING,2024-01-26,246,240,0.975609756097561,True,246,240,0.975609756097561,True,240,0.975609756097561,True
SCHEDULE_ONLY_CEILING,2024-01-29,243,237,0.9753086419753086,True,243,237,0.9753086419753086,True,237,0.9753086419753086,True
SCHEDULE_ONLY_CEILING,2024-01-30,243,237,0.9753086419753086,True,243,237,0.9753086419753086,True,237,0.9753086419753086,True
SCHEDULE_ONLY_CEILING,2024-01-31,242,236,0.9752066115702479,True,242,236,0.9752066115702479,True,236,0.9752066115702479,True
SCHEDULE_ONLY_CEILING,2024-02-01,241,235,0.975103734439834,True,241,235,0.975103734439834,True,235,0.975103734439834,True
SCHEDULE_ONLY_CEILING,2024-02-02,243,237,0.9753086419753086,True,243,237,0.9753086419753086,True,237,0.9753086419753086,True
SCHEDULE_ONLY_CEILING,2024-02-05,241,235,0.975103734439834,True,241,235,0.975103734439834,True,235,0.975103734439834,True
SCHEDULE_ONLY_CEILING,2024-02-06,242,236,0.9752066115702479,True,242,236,0.9752066115702479,True,236,0.9752066115702479,True
SCHEDULE_ONLY_CEILING,2024-02-07,246,240,0.975609756097561,True,246,240,0.975609756097561,True,240,0.975609756097561,True
SCHEDULE_ONLY_CEILING,2024-02-12,242,236,0.9752066115702479,True,242,236,0.9752066115702479,True,236,0.9752066115702479,True
SCHEDULE_ONLY_CEILING,2024-02-13,244,238,0.9754098360655737,True,244,238,0.9754098360655737,True,238,0.9754098360655737,True
SCHEDULE_ONLY_CEILING,2024-02-15,244,238,0.9754098360655737,True,244,238,0.9754098360655737,True,238,0.9754098360655737,True
SCHEDULE_ONLY_CEILING,2024-02-16,243,237,0.9753086419753086,True,243,237,0.9753086419753086,True,237,0.9753086419753086,True
SCHEDULE_ONLY_CEILING,2024-02-19,244,238,0.9754098360655737,True,244,238,0.9754098360655737,True,238,0.9754098360655737,True
SCHEDULE_ONLY_CEILING,2024-02-20,244,238,0.9754098360655737,True,244,238,0.9754098360655737,True,238,0.9754098360655737,True
SCHEDULE_ONLY_CEILING,2024-02-21,245,239,0.9755102040816327,True,245,239,0.9755102040816327,True,239,0.9755102040816327,True
SCHEDULE_ONLY_CEILING,2024-02-22,243,237,0.9753086419753086,True,243,237,0.9753086419753086,True,237,0.9753086419753086,True
SCHEDULE_ONLY_CEILING,2024-02-23,239,233,0.9748953974895398,True,239,233,0.9748953974895398,True,233,0.9748953974895398,True
SCHEDULE_ONLY_CEILING,2024-02-26,236,230,0.9745762711864406,True,236,230,0.9745762711864406,True,230,0.9745762711864406,True
SCHEDULE_ONLY_CEILING,2024-02-27,236,230,0.9745762711864406,True,236,230,0.9745762711864406,True,230,0.9745762711864406,True
SCHEDULE_ONLY_CEILING,2024-02-28,236,230,0.9745762711864406,True,236,230,0.9745762711864406,True,230,0.9745762711864406,True
SCHEDULE_ONLY_CEILING,2024-02-29,237,231,0.9746835443037974,True,237,231,0.9746835443037974,True,231,0.9746835443037974,True
SCHEDULE_ONLY_CEILING,2024-03-01,232,226,0.9741379310344828,True,232,226,0.9741379310344828,True,226,0.9741379310344828,True
SCHEDULE_ONLY_CEILING,2024-03-04,235,229,0.9744680851063829,True,235,229,0.9744680851063829,True,229,0.9744680851063829,True
SCHEDULE_ONLY_CEILING,2024-03-05,236,230,0.9745762711864406,True,236,230,0.9745762711864406,True,230,0.9745762711864406,True
SCHEDULE_ONLY_CEILING,2024-03-06,236,230,0.9745762711864406,True,236,230,0.9745762711864406,True,230,0.9745762711864406,True
SCHEDULE_ONLY_CEILING,2024-03-07,237,231,0.9746835443037974,True,237,231,0.9746835443037974,True,231,0.9746835443037974,True
SCHEDULE_ONLY_CEILING,2024-03-08,238,232,0.9747899159663865,True,238,232,0.9747899159663865,True,232,0.9747899159663865,True
SCHEDULE_ONLY_CEILING,2024-03-13,241,235,0.975103734439834,True,241,235,0.975103734439834,True,235,0.975103734439834,True
SCHEDULE_ONLY_CEILING,2024-03-14,243,237,0.9753086419753086,True,243,237,0.9753086419753086,True,237,0.9753086419753086,True
SCHEDULE_ONLY_CEILING,2024-03-15,240,234,0.975,True,240,234,0.975,True,234,0.975,True
SCHEDULE_ONLY_CEILING,2024-03-18,243,237,0.9753086419753086,True,243,237,0.9753086419753086,True,237,0.9753086419753086,True
SCHEDULE_ONLY_CEILING,2024-03-19,243,237,0.9753086419753086,True,243,237,0.9753086419753086,True,237,0.9753086419753086,True
SCHEDULE_ONLY_CEILING,2024-03-20,242,236,0.9752066115702479,True,242,236,0.9752066115702479,True,236,0.9752066115702479,True
SCHEDULE_ONLY_CEILING,2024-03-21,242,236,0.9752066115702479,True,242,236,0.9752066115702479,True,236,0.9752066115702479,True
SCHEDULE_ONLY_CEILING,2024-03-22,242,236,0.9752066115702479,True,242,236,0.9752066115702479,True,236,0.9752066115702479,True
SCHEDULE_ONLY_CEILING,2024-03-25,243,237,0.9753086419753086,True,243,237,0.9753086419753086,True,237,0.9753086419753086,True
SCHEDULE_ONLY_CEILING,2024-03-26,244,238,0.9754098360655737,True,244,238,0.9754098360655737,True,238,0.9754098360655737,True
SCHEDULE_ONLY_CEILING,2024-03-27,245,239,0.9755102040816327,True,245,239,0.9755102040816327,True,239,0.9755102040816327,True
SCHEDULE_ONLY_CEILING,2024-03-28,244,238,0.9754098360655737,True,244,238,0.9754098360655737,True,238,0.9754098360655737,True
SCHEDULE_ONLY_CEILING,2024-04-01,250,244,0.976,True,250,244,0.976,True,244,0.976,True
SCHEDULE_ONLY_CEILING,2024-04-02,250,244,0.976,True,250,244,0.976,True,244,0.976,True
SCHEDULE_ONLY_CEILING,2024-04-03,251,245,0.9760956175298805,True,251,245,0.9760956175298805,True,245,0.9760956175298805,True
SCHEDULE_ONLY_CEILING,2024-04-04,250,244,0.976,True,250,244,0.976,True,244,0.976,True
SCHEDULE_ONLY_CEILING,2024-04-05,250,244,0.976,True,250,244,0.976,True,244,0.976,True
SCHEDULE_ONLY_CEILING,2024-04-16,250,244,0.976,True,250,244,0.976,True,244,0.976,True
SCHEDULE_ONLY_CEILING,2024-04-17,249,243,0.9759036144578314,True,249,243,0.9759036144578314,True,243,0.9759036144578314,True
SCHEDULE_ONLY_CEILING,2024-04-18,247,241,0.9757085020242915,True,247,241,0.9757085020242915,True,241,0.9757085020242915,True
SCHEDULE_ONLY_CEILING,2024-04-19,246,240,0.975609756097561,True,246,240,0.975609756097561,True,240,0.975609756097561,True
SCHEDULE_ONLY_CEILING,2024-04-22,246,240,0.975609756097561,True,246,240,0.975609756097561,True,240,0.975609756097561,True
SCHEDULE_ONLY_CEILING,2024-04-23,245,239,0.9755102040816327,True,245,239,0.9755102040816327,True,239,0.9755102040816327,True
SCHEDULE_ONLY_CEILING,2024-04-24,245,239,0.9755102040816327,True,245,239,0.9755102040816327,True,239,0.9755102040816327,True
SCHEDULE_ONLY_CEILING,2024-04-25,246,240,0.975609756097561,True,246,240,0.975609756097561,True,240,0.975609756097561,True
SCHEDULE_ONLY_CEILING,2024-04-26,246,240,0.975609756097561,True,246,240,0.975609756097561,True,240,0.975609756097561,True
SCHEDULE_ONLY_CEILING,2024-04-29,246,240,0.975609756097561,True,246,240,0.975609756097561,True,240,0.975609756097561,True
SCHEDULE_ONLY_CEILING,2024-04-30,245,239,0.9755102040816327,True,245,239,0.9755102040816327,True,239,0.9755102040816327,True
SCHEDULE_ONLY_CEILING,2024-05-02,242,236,0.9752066115702479,True,242,236,0.9752066115702479,True,236,0.9752066115702479,True
SCHEDULE_ONLY_CEILING,2024-05-03,240,234,0.975,True,240,234,0.975,True,234,0.975,True
SCHEDULE_ONLY_CEILING,2024-05-06,240,234,0.975,True,240,234,0.975,True,234,0.975,True
SCHEDULE_ONLY_CEILING,2024-05-07,242,236,0.9752066115702479,True,242,236,0.9752066115702479,True,236,0.9752066115702479,True
SCHEDULE_ONLY_CEILING,2024-05-08,242,236,0.9752066115702479,True,242,236,0.9752066115702479,True,236,0.9752066115702479,True
SCHEDULE_ONLY_CEILING,2024-05-13,243,238,0.9794238683127572,True,243,238,0.9794238683127572,True,238,0.9794238683127572,True
SCHEDULE_ONLY_CEILING,2024-05-14,243,238,0.9794238683127572,True,243,238,0.9794238683127572,True,238,0.9794238683127572,True
SCHEDULE_ONLY_CEILING,2024-05-15,242,237,0.9793388429752066,True,242,237,0.9793388429752066,True,237,0.9793388429752066,True
SCHEDULE_ONLY_CEILING,2024-05-16,246,241,0.9796747967479674,True,246,241,0.9796747967479674,True,241,0.9796747967479674,True
SCHEDULE_ONLY_CEILING,2024-05-17,246,241,0.9796747967479674,True,246,241,0.9796747967479674,True,241,0.9796747967479674,True
SCHEDULE_ONLY_CEILING,2024-05-20,245,240,0.9795918367346939,True,245,240,0.9795918367346939,True,240,0.9795918367346939,True
SCHEDULE_ONLY_CEILING,2024-05-21,243,238,0.9794238683127572,True,243,238,0.9794238683127572,True,238,0.9794238683127572,True
SCHEDULE_ONLY_CEILING,2024-05-22,243,238,0.9794238683127572,True,243,238,0.9794238683127572,True,238,0.9794238683127572,True
SCHEDULE_ONLY_CEILING,2024-05-27,243,238,0.9794238683127572,True,243,238,0.9794238683127572,True,238,0.9794238683127572,True
SCHEDULE_ONLY_CEILING,2024-05-28,242,237,0.9793388429752066,True,242,237,0.9793388429752066,True,237,0.9793388429752066,True
SCHEDULE_ONLY_CEILING,2024-05-29,243,238,0.9794238683127572,True,243,238,0.9794238683127572,True,238,0.9794238683127572,True
SCHEDULE_ONLY_CEILING,2024-05-30,242,237,0.9793388429752066,True,242,237,0.9793388429752066,True,237,0.9793388429752066,True
SCHEDULE_ONLY_CEILING,2024-05-31,242,237,0.9793388429752066,True,242,237,0.9793388429752066,True,237,0.9793388429752066,True
SCHEDULE_ONLY_CEILING,2024-06-03,243,238,0.9794238683127572,True,243,237,0.9753086419753086,True,237,0.9753086419753086,True
SCHEDULE_ONLY_CEILING,2024-06-04,240,235,0.9791666666666666,True,240,234,0.975,True,234,0.975,True
SCHEDULE_ONLY_CEILING,2024-06-05,238,233,0.9789915966386554,True,238,231,0.9705882352941176,True,231,0.9705882352941176,True
SCHEDULE_ONLY_CEILING,2024-06-06,238,233,0.9789915966386554,True,238,231,0.9705882352941176,True,231,0.9705882352941176,True
SCHEDULE_ONLY_CEILING,2024-06-07,237,232,0.9789029535864979,True,237,230,0.9704641350210971,True,230,0.9704641350210971,True
SCHEDULE_ONLY_CEILING,2024-06-10,238,232,0.9747899159663865,True,238,231,0.9705882352941176,True,231,0.9705882352941176,True
SCHEDULE_ONLY_CEILING,2024-06-11,238,232,0.9747899159663865,True,238,230,0.9663865546218487,True,230,0.9663865546218487,True
SCHEDULE_ONLY_CEILING,2024-06-12,237,230,0.9704641350210971,True,237,229,0.9662447257383966,True,229,0.9662447257383966,True
SCHEDULE_ONLY_CEILING,2024-06-13,237,230,0.9704641350210971,True,237,229,0.9662447257383966,True,229,0.9662447257383966,True
SCHEDULE_ONLY_CEILING,2024-06-14,238,232,0.9747899159663865,True,238,231,0.9705882352941176,True,231,0.9705882352941176,True
SCHEDULE_ONLY_CEILING,2024-06-19,236,230,0.9745762711864406,True,236,229,0.9703389830508474,True,229,0.9703389830508474,True
SCHEDULE_ONLY_CEILING,2024-06-20,236,230,0.9745762711864406,True,236,230,0.9745762711864406,True,230,0.9745762711864406,True
SCHEDULE_ONLY_CEILING,2024-06-21,237,231,0.9746835443037974,True,237,231,0.9746835443037974,True,231,0.9746835443037974,True
SCHEDULE_ONLY_CEILING,2024-06-24,237,231,0.9746835443037974,True,237,231,0.9746835443037974,True,231,0.9746835443037974,True
SCHEDULE_ONLY_CEILING,2024-06-25,237,231,0.9746835443037974,True,237,230,0.9704641350210971,True,230,0.9704641350210971,True
SCHEDULE_ONLY_CEILING,2024-06-26,236,231,0.9788135593220338,True,236,230,0.9745762711864406,True,230,0.9745762711864406,True
SCHEDULE_ONLY_CEILING,2024-06-27,238,233,0.9789915966386554,True,238,232,0.9747899159663865,True,232,0.9747899159663865,True
SCHEDULE_ONLY_CEILING,2024-06-28,239,234,0.9790794979079498,True,239,233,0.9748953974895398,True,233,0.9748953974895398,True
SCHEDULE_ONLY_CEILING,2024-07-01,239,234,0.9790794979079498,True,239,233,0.9748953974895398,True,233,0.9748953974895398,True
SCHEDULE_ONLY_CEILING,2024-07-02,241,235,0.975103734439834,True,241,235,0.975103734439834,True,235,0.975103734439834,True
SCHEDULE_ONLY_CEILING,2024-07-03,241,235,0.975103734439834,True,241,235,0.975103734439834,True,235,0.975103734439834,True
SCHEDULE_ONLY_CEILING,2024-07-04,241,235,0.975103734439834,True,241,235,0.975103734439834,True,235,0.975103734439834,True
SCHEDULE_ONLY_CEILING,2024-07-05,242,236,0.9752066115702479,True,242,236,0.9752066115702479,True,236,0.9752066115702479,True
SCHEDULE_ONLY_CEILING,2024-07-08,242,237,0.9793388429752066,True,242,237,0.9793388429752066,True,237,0.9793388429752066,True
SCHEDULE_ONLY_CEILING,2024-07-09,242,237,0.9793388429752066,True,242,237,0.9793388429752066,True,237,0.9793388429752066,True
SCHEDULE_ONLY_CEILING,2024-07-10,242,237,0.9793388429752066,True,242,237,0.9793388429752066,True,237,0.9793388429752066,True
SCHEDULE_ONLY_CEILING,2024-07-11,241,236,0.979253112033195,True,241,236,0.979253112033195,True,236,0.979253112033195,True
SCHEDULE_ONLY_CEILING,2024-07-12,241,236,0.979253112033195,True,241,236,0.979253112033195,True,236,0.979253112033195,True
SCHEDULE_ONLY_CEILING,2024-07-15,241,236,0.979253112033195,True,241,236,0.979253112033195,True,236,0.979253112033195,True
SCHEDULE_ONLY_CEILING,2024-07-16,241,236,0.979253112033195,True,241,236,0.979253112033195,True,236,0.979253112033195,True
SCHEDULE_ONLY_CEILING,2024-07-17,239,234,0.9790794979079498,True,239,234,0.9790794979079498,True,234,0.9790794979079498,True
SCHEDULE_ONLY_CEILING,2024-07-18,240,235,0.9791666666666666,True,240,235,0.9791666666666666,True,235,0.9791666666666666,True
SCHEDULE_ONLY_CEILING,2024-07-19,240,235,0.9791666666666666,True,240,235,0.9791666666666666,True,235,0.9791666666666666,True
SCHEDULE_ONLY_CEILING,2024-07-22,236,231,0.9788135593220338,True,236,231,0.9788135593220338,True,231,0.9788135593220338,True
SCHEDULE_ONLY_CEILING,2024-07-23,236,231,0.9788135593220338,True,236,231,0.9788135593220338,True,231,0.9788135593220338,True
SCHEDULE_ONLY_CEILING,2024-07-24,236,231,0.9788135593220338,True,236,231,0.9788135593220338,True,231,0.9788135593220338,True
SCHEDULE_ONLY_CEILING,2024-07-25,237,232,0.9789029535864979,True,237,232,0.9789029535864979,True,232,0.9789029535864979,True
SCHEDULE_ONLY_CEILING,2024-07-26,238,233,0.9789915966386554,True,238,233,0.9789915966386554,True,233,0.9789915966386554,True
SCHEDULE_ONLY_CEILING,2024-07-29,239,234,0.9790794979079498,True,239,234,0.9790794979079498,True,234,0.9790794979079498,True
SCHEDULE_ONLY_CEILING,2024-07-30,239,234,0.9790794979079498,True,239,234,0.9790794979079498,True,234,0.9790794979079498,True
SCHEDULE_ONLY_CEILING,2024-07-31,242,237,0.9793388429752066,True,242,237,0.9793388429752066,True,237,0.9793388429752066,True
SCHEDULE_ONLY_CEILING,2024-08-01,239,234,0.9790794979079498,True,239,234,0.9790794979079498,True,234,0.9790794979079498,True
SCHEDULE_ONLY_CEILING,2024-08-02,239,234,0.9790794979079498,True,239,234,0.9790794979079498,True,234,0.9790794979079498,True
SCHEDULE_ONLY_CEILING,2024-08-05,241,236,0.979253112033195,True,241,236,0.979253112033195,True,236,0.979253112033195,True
SCHEDULE_ONLY_CEILING,2024-08-06,241,236,0.979253112033195,True,241,236,0.979253112033195,True,236,0.979253112033195,True
SCHEDULE_ONLY_CEILING,2024-08-07,241,236,0.979253112033195,True,241,236,0.979253112033195,True,236,0.979253112033195,True
SCHEDULE_ONLY_CEILING,2024-08-08,242,237,0.9793388429752066,True,242,237,0.9793388429752066,True,237,0.9793388429752066,True
SCHEDULE_ONLY_CEILING,2024-08-09,242,237,0.9793388429752066,True,242,237,0.9793388429752066,True,237,0.9793388429752066,True
SCHEDULE_ONLY_CEILING,2024-08-12,244,239,0.9795081967213115,True,244,239,0.9795081967213115,True,239,0.9795081967213115,True
SCHEDULE_ONLY_CEILING,2024-08-13,244,239,0.9795081967213115,True,244,239,0.9795081967213115,True,239,0.9795081967213115,True
SCHEDULE_ONLY_CEILING,2024-08-14,243,238,0.9794238683127572,True,243,238,0.9794238683127572,True,238,0.9794238683127572,True
SCHEDULE_ONLY_CEILING,2024-08-15,245,240,0.9795918367346939,True,245,240,0.9795918367346939,True,240,0.9795918367346939,True
SCHEDULE_ONLY_CEILING,2024-08-16,246,241,0.9796747967479674,True,246,241,0.9796747967479674,True,241,0.9796747967479674,True
SCHEDULE_ONLY_CEILING,2024-08-19,246,241,0.9796747967479674,True,246,241,0.9796747967479674,True,241,0.9796747967479674,True
SCHEDULE_ONLY_CEILING,2024-08-20,245,240,0.9795918367346939,True,245,240,0.9795918367346939,True,240,0.9795918367346939,True
SCHEDULE_ONLY_CEILING,2024-08-21,244,239,0.9795081967213115,True,244,239,0.9795081967213115,True,239,0.9795081967213115,True
SCHEDULE_ONLY_CEILING,2024-08-22,244,239,0.9795081967213115,True,244,239,0.9795081967213115,True,239,0.9795081967213115,True
SCHEDULE_ONLY_CEILING,2024-08-23,242,237,0.9793388429752066,True,242,237,0.9793388429752066,True,237,0.9793388429752066,True
SCHEDULE_ONLY_CEILING,2024-08-26,243,238,0.9794238683127572,True,243,238,0.9794238683127572,True,238,0.9794238683127572,True
SCHEDULE_ONLY_CEILING,2024-08-27,242,237,0.9793388429752066,True,242,237,0.9793388429752066,True,237,0.9793388429752066,True
SCHEDULE_ONLY_CEILING,2024-08-28,242,237,0.9793388429752066,True,242,237,0.9793388429752066,True,237,0.9793388429752066,True
SCHEDULE_ONLY_CEILING,2024-08-29,243,238,0.9794238683127572,True,243,238,0.9794238683127572,True,238,0.9794238683127572,True
SCHEDULE_ONLY_CEILING,2024-08-30,242,237,0.9793388429752066,True,242,237,0.9793388429752066,True,237,0.9793388429752066,True
SCHEDULE_ONLY_CEILING,2024-09-02,245,240,0.9795918367346939,True,245,240,0.9795918367346939,True,240,0.9795918367346939,True
SCHEDULE_ONLY_CEILING,2024-09-03,247,242,0.979757085020243,True,247,242,0.979757085020243,True,242,0.979757085020243,True
SCHEDULE_ONLY_CEILING,2024-09-04,248,243,0.9798387096774194,True,248,243,0.9798387096774194,True,243,0.9798387096774194,True
SCHEDULE_ONLY_CEILING,2024-09-05,247,242,0.979757085020243,True,247,242,0.979757085020243,True,242,0.979757085020243,True
SCHEDULE_ONLY_CEILING,2024-09-06,242,237,0.9793388429752066,True,242,237,0.9793388429752066,True,237,0.9793388429752066,True
SCHEDULE_ONLY_CEILING,2024-09-09,243,238,0.9794238683127572,True,243,238,0.9794238683127572,True,238,0.9794238683127572,True
SCHEDULE_ONLY_CEILING,2024-09-10,244,239,0.9795081967213115,True,244,239,0.9795081967213115,True,239,0.9795081967213115,True
SCHEDULE_ONLY_CEILING,2024-09-11,245,240,0.9795918367346939,True,245,240,0.9795918367346939,True,240,0.9795918367346939,True
SCHEDULE_ONLY_CEILING,2024-09-12,246,241,0.9796747967479674,True,246,241,0.9796747967479674,True,241,0.9796747967479674,True
SCHEDULE_ONLY_CEILING,2024-09-13,246,241,0.9796747967479674,True,246,241,0.9796747967479674,True,241,0.9796747967479674,True
SCHEDULE_ONLY_CEILING,2024-09-17,248,243,0.9798387096774194,True,248,243,0.9798387096774194,True,243,0.9798387096774194,True
SCHEDULE_ONLY_CEILING,2024-09-18,245,240,0.9795918367346939,True,245,240,0.9795918367346939,True,240,0.9795918367346939,True
SCHEDULE_ONLY_CEILING,2024-09-19,246,241,0.9796747967479674,True,246,241,0.9796747967479674,True,241,0.9796747967479674,True
SCHEDULE_ONLY_CEILING,2024-09-20,246,241,0.9796747967479674,True,246,241,0.9796747967479674,True,241,0.9796747967479674,True
SCHEDULE_ONLY_CEILING,2024-09-23,246,241,0.9796747967479674,True,246,241,0.9796747967479674,True,241,0.9796747967479674,True
SCHEDULE_ONLY_CEILING,2024-09-24,247,242,0.979757085020243,True,247,242,0.979757085020243,True,242,0.979757085020243,True
SCHEDULE_ONLY_CEILING,2024-09-25,246,241,0.9796747967479674,True,246,241,0.9796747967479674,True,241,0.9796747967479674,True
SCHEDULE_ONLY_CEILING,2024-09-26,248,243,0.9798387096774194,True,248,243,0.9798387096774194,True,243,0.9798387096774194,True
SCHEDULE_ONLY_CEILING,2024-09-27,247,242,0.979757085020243,True,247,242,0.979757085020243,True,242,0.979757085020243,True
SCHEDULE_ONLY_CEILING,2024-09-30,248,243,0.9798387096774194,True,248,243,0.9798387096774194,True,243,0.9798387096774194,True
SCHEDULE_ONLY_CEILING,2024-10-01,248,243,0.9798387096774194,True,248,243,0.9798387096774194,True,243,0.9798387096774194,True
SCHEDULE_ONLY_CEILING,2024-10-02,248,243,0.9798387096774194,True,248,243,0.9798387096774194,True,243,0.9798387096774194,True
SCHEDULE_ONLY_CEILING,2024-10-03,247,242,0.979757085020243,True,247,242,0.979757085020243,True,242,0.979757085020243,True
SCHEDULE_ONLY_CEILING,2024-10-04,249,244,0.9799196787148594,True,249,244,0.9799196787148594,True,244,0.9799196787148594,True
SCHEDULE_ONLY_CEILING,2024-10-07,248,243,0.9798387096774194,True,248,243,0.9798387096774194,True,243,0.9798387096774194,True
SCHEDULE_ONLY_CEILING,2024-10-08,246,241,0.9796747967479674,True,246,241,0.9796747967479674,True,241,0.9796747967479674,True
SCHEDULE_ONLY_CEILING,2024-10-09,247,242,0.979757085020243,True,247,242,0.979757085020243,True,242,0.979757085020243,True
SCHEDULE_ONLY_CEILING,2024-10-10,249,244,0.9799196787148594,True,249,244,0.9799196787148594,True,244,0.9799196787148594,True
SCHEDULE_ONLY_CEILING,2024-10-11,249,244,0.9799196787148594,True,249,244,0.9799196787148594,True,244,0.9799196787148594,True
SCHEDULE_ONLY_CEILING,2024-10-14,249,244,0.9799196787148594,True,249,244,0.9799196787148594,True,244,0.9799196787148594,True
SCHEDULE_ONLY_CEILING,2024-10-15,249,244,0.9799196787148594,True,249,244,0.9799196787148594,True,244,0.9799196787148594,True
SCHEDULE_ONLY_CEILING,2024-10-16,249,244,0.9799196787148594,True,249,244,0.9799196787148594,True,244,0.9799196787148594,True
SCHEDULE_ONLY_CEILING,2024-10-17,249,244,0.9799196787148594,True,249,244,0.9799196787148594,True,244,0.9799196787148594,True
SCHEDULE_ONLY_CEILING,2024-10-18,251,246,0.9800796812749004,True,251,246,0.9800796812749004,True,246,0.9800796812749004,True
SCHEDULE_ONLY_CEILING,2024-10-21,250,245,0.98,True,250,245,0.98,True,245,0.98,True
SCHEDULE_ONLY_CEILING,2024-10-22,250,245,0.98,True,250,245,0.98,True,245,0.98,True
SCHEDULE_ONLY_CEILING,2024-10-23,252,247,0.9801587301587301,True,252,247,0.9801587301587301,True,247,0.9801587301587301,True
SCHEDULE_ONLY_CEILING,2024-10-24,251,246,0.9800796812749004,True,251,246,0.9800796812749004,True,246,0.9800796812749004,True
SCHEDULE_ONLY_CEILING,2024-10-25,251,246,0.9800796812749004,True,251,246,0.9800796812749004,True,246,0.9800796812749004,True
SCHEDULE_ONLY_CEILING,2024-10-28,252,247,0.9801587301587301,True,252,246,0.9761904761904762,True,246,0.9761904761904762,True
SCHEDULE_ONLY_CEILING,2024-10-29,254,249,0.9803149606299213,True,254,248,0.9763779527559056,True,248,0.9763779527559056,True
SCHEDULE_ONLY_CEILING,2024-10-30,254,249,0.9803149606299213,True,254,248,0.9763779527559056,True,248,0.9763779527559056,True
SCHEDULE_ONLY_CEILING,2024-10-31,256,251,0.98046875,True,256,250,0.9765625,True,250,0.9765625,True
SCHEDULE_ONLY_CEILING,2024-11-01,257,252,0.980544747081712,True,257,251,0.9766536964980544,True,251,0.9766536964980544,True
SCHEDULE_ONLY_CEILING,2024-11-04,259,253,0.9768339768339769,True,259,253,0.9768339768339769,True,253,0.9768339768339769,True
SCHEDULE_ONLY_CEILING,2024-11-05,261,255,0.9770114942528736,True,261,255,0.9770114942528736,True,255,0.9770114942528736,True
SCHEDULE_ONLY_CEILING,2024-11-06,262,256,0.9770992366412213,True,262,256,0.9770992366412213,True,256,0.9770992366412213,True
SCHEDULE_ONLY_CEILING,2024-11-07,263,257,0.9771863117870723,True,263,257,0.9771863117870723,True,257,0.9771863117870723,True
SCHEDULE_ONLY_CEILING,2024-11-08,264,259,0.9810606060606061,True,264,259,0.9810606060606061,True,259,0.9810606060606061,True
SCHEDULE_ONLY_CEILING,2024-11-11,264,259,0.9810606060606061,True,264,259,0.9810606060606061,True,259,0.9810606060606061,True
SCHEDULE_ONLY_CEILING,2024-11-12,264,259,0.9810606060606061,True,264,259,0.9810606060606061,True,259,0.9810606060606061,True
SCHEDULE_ONLY_CEILING,2024-11-13,261,256,0.9808429118773946,True,261,256,0.9808429118773946,True,256,0.9808429118773946,True
SCHEDULE_ONLY_CEILING,2024-11-14,260,255,0.9807692307692307,True,260,255,0.9807692307692307,True,255,0.9807692307692307,True
SCHEDULE_ONLY_CEILING,2024-11-15,257,252,0.980544747081712,True,257,252,0.980544747081712,True,252,0.980544747081712,True
SCHEDULE_ONLY_CEILING,2024-11-18,257,252,0.980544747081712,True,257,252,0.980544747081712,True,252,0.980544747081712,True
SCHEDULE_ONLY_CEILING,2024-11-19,258,253,0.9806201550387597,True,258,253,0.9806201550387597,True,253,0.9806201550387597,True
SCHEDULE_ONLY_CEILING,2024-11-20,255,250,0.9803921568627451,True,255,250,0.9803921568627451,True,250,0.9803921568627451,True
SCHEDULE_ONLY_CEILING,2024-11-21,256,251,0.98046875,True,256,251,0.98046875,True,251,0.98046875,True
SCHEDULE_ONLY_CEILING,2024-11-22,252,247,0.9801587301587301,True,252,247,0.9801587301587301,True,247,0.9801587301587301,True
SCHEDULE_ONLY_CEILING,2024-11-25,252,247,0.9801587301587301,True,252,247,0.9801587301587301,True,247,0.9801587301587301,True
SCHEDULE_ONLY_CEILING,2024-11-26,252,247,0.9801587301587301,True,252,247,0.9801587301587301,True,247,0.9801587301587301,True
SCHEDULE_ONLY_CEILING,2024-11-28,252,247,0.9801587301587301,True,252,247,0.9801587301587301,True,247,0.9801587301587301,True
SCHEDULE_ONLY_CEILING,2024-11-29,252,247,0.9801587301587301,True,252,247,0.9801587301587301,True,247,0.9801587301587301,True
SCHEDULE_ONLY_CEILING,2024-12-02,251,246,0.9800796812749004,True,251,246,0.9800796812749004,True,246,0.9800796812749004,True
SCHEDULE_ONLY_CEILING,2024-12-03,249,244,0.9799196787148594,True,249,244,0.9799196787148594,True,244,0.9799196787148594,True
SCHEDULE_ONLY_CEILING,2024-12-04,252,247,0.9801587301587301,True,252,247,0.9801587301587301,True,247,0.9801587301587301,True
SCHEDULE_ONLY_CEILING,2024-12-05,252,247,0.9801587301587301,True,252,247,0.9801587301587301,True,247,0.9801587301587301,True
SCHEDULE_ONLY_CEILING,2024-12-06,251,246,0.9800796812749004,True,251,246,0.9800796812749004,True,246,0.9800796812749004,True
SCHEDULE_ONLY_CEILING,2024-12-09,250,245,0.98,True,250,245,0.98,True,245,0.98,True
SCHEDULE_ONLY_CEILING,2024-12-10,252,247,0.9801587301587301,True,252,247,0.9801587301587301,True,247,0.9801587301587301,True
SCHEDULE_ONLY_CEILING,2024-12-11,255,250,0.9803921568627451,True,255,250,0.9803921568627451,True,250,0.9803921568627451,True
SCHEDULE_ONLY_CEILING,2024-12-12,257,252,0.980544747081712,True,257,252,0.980544747081712,True,252,0.980544747081712,True
SCHEDULE_ONLY_CEILING,2024-12-13,256,251,0.98046875,True,256,250,0.9765625,True,250,0.9765625,True
SCHEDULE_ONLY_CEILING,2024-12-16,256,251,0.98046875,True,256,250,0.9765625,True,250,0.9765625,True
SCHEDULE_ONLY_CEILING,2024-12-17,254,249,0.9803149606299213,True,254,248,0.9763779527559056,True,248,0.9763779527559056,True
SCHEDULE_ONLY_CEILING,2024-12-18,255,250,0.9803921568627451,True,255,249,0.9764705882352941,True,249,0.9764705882352941,True
SCHEDULE_ONLY_CEILING,2024-12-19,254,249,0.9803149606299213,True,254,248,0.9763779527559056,True,248,0.9763779527559056,True
SCHEDULE_ONLY_CEILING,2024-12-20,253,247,0.9762845849802372,True,253,247,0.9762845849802372,True,247,0.9762845849802372,True
SCHEDULE_ONLY_CEILING,2024-12-23,249,243,0.9759036144578314,True,249,243,0.9759036144578314,True,243,0.9759036144578314,True
SCHEDULE_ONLY_CEILING,2024-12-24,252,246,0.9761904761904762,True,252,246,0.9761904761904762,True,246,0.9761904761904762,True
SCHEDULE_ONLY_CEILING,2024-12-27,251,245,0.9760956175298805,True,251,245,0.9760956175298805,True,245,0.9760956175298805,True
SCHEDULE_ONLY_CEILING,2024-12-30,248,243,0.9798387096774194,True,248,243,0.9798387096774194,True,243,0.9798387096774194,True
SCHEDULE_ONLY_CEILING,2025-01-02,250,245,0.98,True,250,245,0.98,True,245,0.98,True
SCHEDULE_ONLY_CEILING,2025-01-03,250,245,0.98,True,250,245,0.98,True,245,0.98,True
SCHEDULE_ONLY_CEILING,2025-01-06,248,243,0.9798387096774194,True,248,243,0.9798387096774194,True,243,0.9798387096774194,True
SCHEDULE_ONLY_CEILING,2025-01-07,250,245,0.98,True,250,245,0.98,True,245,0.98,True
SCHEDULE_ONLY_CEILING,2025-01-08,250,245,0.98,True,250,245,0.98,True,245,0.98,True
SCHEDULE_ONLY_CEILING,2025-01-09,246,241,0.9796747967479674,True,246,241,0.9796747967479674,True,241,0.9796747967479674,True
SCHEDULE_ONLY_CEILING,2025-01-10,244,239,0.9795081967213115,True,244,239,0.9795081967213115,True,239,0.9795081967213115,True
SCHEDULE_ONLY_CEILING,2025-01-13,242,237,0.9793388429752066,True,242,237,0.9793388429752066,True,237,0.9793388429752066,True
SCHEDULE_ONLY_CEILING,2025-01-14,240,235,0.9791666666666666,True,240,235,0.9791666666666666,True,235,0.9791666666666666,True
SCHEDULE_ONLY_CEILING,2025-01-15,240,235,0.9791666666666666,True,240,235,0.9791666666666666,True,235,0.9791666666666666,True
SCHEDULE_ONLY_CEILING,2025-01-16,240,235,0.9791666666666666,True,240,235,0.9791666666666666,True,235,0.9791666666666666,True
SCHEDULE_ONLY_CEILING,2025-01-17,239,234,0.9790794979079498,True,239,234,0.9790794979079498,True,234,0.9790794979079498,True
SCHEDULE_ONLY_CEILING,2025-01-20,238,233,0.9789915966386554,True,238,233,0.9789915966386554,True,233,0.9789915966386554,True
SCHEDULE_ONLY_CEILING,2025-01-21,240,235,0.9791666666666666,True,240,235,0.9791666666666666,True,235,0.9791666666666666,True
SCHEDULE_ONLY_CEILING,2025-01-22,240,235,0.9791666666666666,True,240,235,0.9791666666666666,True,235,0.9791666666666666,True
SCHEDULE_ONLY_CEILING,2025-01-23,240,235,0.9791666666666666,True,240,235,0.9791666666666666,True,235,0.9791666666666666,True
SCHEDULE_ONLY_CEILING,2025-01-24,240,235,0.9791666666666666,True,240,235,0.9791666666666666,True,235,0.9791666666666666,True
SCHEDULE_ONLY_CEILING,2025-01-30,240,235,0.9791666666666666,True,240,235,0.9791666666666666,True,235,0.9791666666666666,True
SCHEDULE_ONLY_CEILING,2025-01-31,235,230,0.9787234042553191,True,235,230,0.9787234042553191,True,230,0.9787234042553191,True
SCHEDULE_ONLY_CEILING,2025-02-03,236,231,0.9788135593220338,True,236,231,0.9788135593220338,True,231,0.9788135593220338,True
SCHEDULE_ONLY_CEILING,2025-02-04,230,225,0.9782608695652174,True,230,225,0.9782608695652174,True,225,0.9782608695652174,True
SCHEDULE_ONLY_CEILING,2025-02-05,229,224,0.9781659388646288,True,229,224,0.9781659388646288,True,224,0.9781659388646288,True
SCHEDULE_ONLY_CEILING,2025-02-06,231,226,0.9783549783549783,True,231,226,0.9783549783549783,True,226,0.9783549783549783,True
SCHEDULE_ONLY_CEILING,2025-02-07,234,229,0.9786324786324786,True,234,229,0.9786324786324786,True,229,0.9786324786324786,True
SCHEDULE_ONLY_CEILING,2025-02-10,235,230,0.9787234042553191,True,235,230,0.9787234042553191,True,230,0.9787234042553191,True
SCHEDULE_ONLY_CEILING,2025-02-11,236,231,0.9788135593220338,True,236,231,0.9788135593220338,True,231,0.9788135593220338,True
SCHEDULE_ONLY_CEILING,2025-02-12,235,230,0.9787234042553191,True,235,230,0.9787234042553191,True,230,0.9787234042553191,True
SCHEDULE_ONLY_CEILING,2025-02-13,238,233,0.9789915966386554,True,238,233,0.9789915966386554,True,233,0.9789915966386554,True
SCHEDULE_ONLY_CEILING,2025-02-14,237,232,0.9789029535864979,True,237,232,0.9789029535864979,True,232,0.9789029535864979,True
SCHEDULE_ONLY_CEILING,2025-02-17,232,227,0.978448275862069,True,232,227,0.978448275862069,True,227,0.978448275862069,True
SCHEDULE_ONLY_CEILING,2025-02-18,234,229,0.9786324786324786,True,234,229,0.9786324786324786,True,229,0.9786324786324786,True
SCHEDULE_ONLY_CEILING,2025-02-19,234,229,0.9786324786324786,True,234,229,0.9786324786324786,True,229,0.9786324786324786,True
SCHEDULE_ONLY_CEILING,2025-02-20,234,229,0.9786324786324786,True,234,229,0.9786324786324786,True,229,0.9786324786324786,True
SCHEDULE_ONLY_CEILING,2025-02-21,233,228,0.9785407725321889,True,233,228,0.9785407725321889,True,228,0.9785407725321889,True
SCHEDULE_ONLY_CEILING,2025-02-24,233,228,0.9785407725321889,True,233,228,0.9785407725321889,True,228,0.9785407725321889,True
SCHEDULE_ONLY_CEILING,2025-02-25,230,225,0.9782608695652174,True,230,225,0.9782608695652174,True,225,0.9782608695652174,True
SCHEDULE_ONLY_CEILING,2025-02-26,232,227,0.978448275862069,True,232,227,0.978448275862069,True,227,0.978448275862069,True
SCHEDULE_ONLY_CEILING,2025-02-27,230,225,0.9782608695652174,True,230,225,0.9782608695652174,True,225,0.9782608695652174,True
SCHEDULE_ONLY_CEILING,2025-02-28,231,226,0.9783549783549783,True,231,226,0.9783549783549783,True,226,0.9783549783549783,True
SCHEDULE_ONLY_CEILING,2025-03-03,234,229,0.9786324786324786,True,234,229,0.9786324786324786,True,229,0.9786324786324786,True
SCHEDULE_ONLY_CEILING,2025-03-04,233,228,0.9785407725321889,True,233,228,0.9785407725321889,True,228,0.9785407725321889,True
SCHEDULE_ONLY_CEILING,2025-03-05,236,231,0.9788135593220338,True,236,231,0.9788135593220338,True,231,0.9788135593220338,True
SCHEDULE_ONLY_CEILING,2025-03-06,236,231,0.9788135593220338,True,236,231,0.9788135593220338,True,231,0.9788135593220338,True
SCHEDULE_ONLY_CEILING,2025-03-07,236,231,0.9788135593220338,True,236,231,0.9788135593220338,True,231,0.9788135593220338,True
SCHEDULE_ONLY_CEILING,2025-03-10,234,229,0.9786324786324786,True,234,229,0.9786324786324786,True,229,0.9786324786324786,True
SCHEDULE_ONLY_CEILING,2025-03-11,235,230,0.9787234042553191,True,235,230,0.9787234042553191,True,230,0.9787234042553191,True
SCHEDULE_ONLY_CEILING,2025-03-12,235,230,0.9787234042553191,True,235,230,0.9787234042553191,True,230,0.9787234042553191,True
SCHEDULE_ONLY_CEILING,2025-03-13,235,230,0.9787234042553191,True,235,230,0.9787234042553191,True,230,0.9787234042553191,True
SCHEDULE_ONLY_CEILING,2025-03-14,234,229,0.9786324786324786,True,234,229,0.9786324786324786,True,229,0.9786324786324786,True
SCHEDULE_ONLY_CEILING,2025-03-17,234,229,0.9786324786324786,True,234,229,0.9786324786324786,True,229,0.9786324786324786,True
SCHEDULE_ONLY_CEILING,2025-03-18,234,229,0.9786324786324786,True,234,229,0.9786324786324786,True,229,0.9786324786324786,True
SCHEDULE_ONLY_CEILING,2025-03-19,234,229,0.9786324786324786,True,234,229,0.9786324786324786,True,229,0.9786324786324786,True
SCHEDULE_ONLY_CEILING,2025-03-20,234,229,0.9786324786324786,True,234,229,0.9786324786324786,True,229,0.9786324786324786,True
SCHEDULE_ONLY_CEILING,2025-03-21,233,228,0.9785407725321889,True,233,228,0.9785407725321889,True,228,0.9785407725321889,True
SCHEDULE_ONLY_CEILING,2025-03-24,231,226,0.9783549783549783,True,231,226,0.9783549783549783,True,226,0.9783549783549783,True
SCHEDULE_ONLY_CEILING,2025-03-25,234,229,0.9786324786324786,True,234,229,0.9786324786324786,True,229,0.9786324786324786,True
SCHEDULE_ONLY_CEILING,2025-03-26,232,227,0.978448275862069,True,232,227,0.978448275862069,True,227,0.978448275862069,True
SCHEDULE_ONLY_CEILING,2025-03-27,232,227,0.978448275862069,True,232,227,0.978448275862069,True,227,0.978448275862069,True
SCHEDULE_ONLY_CEILING,2025-04-08,229,224,0.9781659388646288,True,229,224,0.9781659388646288,True,224,0.9781659388646288,True
SCHEDULE_ONLY_CEILING,2025-04-09,228,223,0.9780701754385965,True,228,223,0.9780701754385965,True,223,0.9780701754385965,True
SCHEDULE_ONLY_CEILING,2025-04-10,228,223,0.9780701754385965,True,228,223,0.9780701754385965,True,223,0.9780701754385965,True
SCHEDULE_ONLY_CEILING,2025-04-11,229,224,0.9781659388646288,True,229,224,0.9781659388646288,True,224,0.9781659388646288,True
SCHEDULE_ONLY_CEILING,2025-04-14,229,224,0.9781659388646288,True,229,224,0.9781659388646288,True,224,0.9781659388646288,True
SCHEDULE_ONLY_CEILING,2025-04-15,230,225,0.9782608695652174,True,230,225,0.9782608695652174,True,225,0.9782608695652174,True
SCHEDULE_ONLY_CEILING,2025-04-16,231,226,0.9783549783549783,True,231,226,0.9783549783549783,True,226,0.9783549783549783,True
SCHEDULE_ONLY_CEILING,2025-04-17,229,224,0.9781659388646288,True,229,224,0.9781659388646288,True,224,0.9781659388646288,True
SCHEDULE_ONLY_CEILING,2025-04-21,228,223,0.9780701754385965,True,228,223,0.9780701754385965,True,223,0.9780701754385965,True
SCHEDULE_ONLY_CEILING,2025-04-22,228,223,0.9780701754385965,True,228,223,0.9780701754385965,True,223,0.9780701754385965,True
SCHEDULE_ONLY_CEILING,2025-04-23,226,221,0.9778761061946902,True,226,221,0.9778761061946902,True,221,0.9778761061946902,True
SCHEDULE_ONLY_CEILING,2025-04-24,226,221,0.9778761061946902,True,226,221,0.9778761061946902,True,221,0.9778761061946902,True
SCHEDULE_ONLY_CEILING,2025-04-25,227,222,0.9779735682819384,True,227,222,0.9779735682819384,True,222,0.9779735682819384,True
SCHEDULE_ONLY_CEILING,2025-04-28,225,220,0.9777777777777777,True,225,220,0.9777777777777777,True,220,0.9777777777777777,True
SCHEDULE_ONLY_CEILING,2025-04-29,224,219,0.9776785714285714,True,224,219,0.9776785714285714,True,219,0.9776785714285714,True
SCHEDULE_ONLY_CEILING,2025-04-30,222,217,0.9774774774774775,True,222,217,0.9774774774774775,True,217,0.9774774774774775,True
SCHEDULE_ONLY_CEILING,2025-05-02,226,221,0.9778761061946902,True,226,221,0.9778761061946902,True,221,0.9778761061946902,True
SCHEDULE_ONLY_CEILING,2025-05-05,225,220,0.9777777777777777,True,225,220,0.9777777777777777,True,220,0.9777777777777777,True
SCHEDULE_ONLY_CEILING,2025-05-06,226,221,0.9778761061946902,True,226,221,0.9778761061946902,True,221,0.9778761061946902,True
SCHEDULE_ONLY_CEILING,2025-05-07,225,220,0.9777777777777777,True,225,220,0.9777777777777777,True,220,0.9777777777777777,True
SCHEDULE_ONLY_CEILING,2025-05-08,226,221,0.9778761061946902,True,226,221,0.9778761061946902,True,221,0.9778761061946902,True
SCHEDULE_ONLY_CEILING,2025-05-09,224,219,0.9776785714285714,True,224,219,0.9776785714285714,True,219,0.9776785714285714,True
SCHEDULE_ONLY_CEILING,2025-05-14,223,218,0.9775784753363229,True,223,218,0.9775784753363229,True,218,0.9775784753363229,True
SCHEDULE_ONLY_CEILING,2025-05-15,227,222,0.9779735682819384,True,227,222,0.9779735682819384,True,222,0.9779735682819384,True
SCHEDULE_ONLY_CEILING,2025-05-16,227,222,0.9779735682819384,True,227,222,0.9779735682819384,True,222,0.9779735682819384,True
SCHEDULE_ONLY_CEILING,2025-05-19,228,223,0.9780701754385965,True,228,222,0.9736842105263158,True,222,0.9736842105263158,True
SCHEDULE_ONLY_CEILING,2025-05-20,227,221,0.973568281938326,True,227,221,0.973568281938326,True,221,0.973568281938326,True
SCHEDULE_ONLY_CEILING,2025-05-21,228,222,0.9736842105263158,True,228,220,0.9649122807017544,True,220,0.9649122807017544,True
SCHEDULE_ONLY_CEILING,2025-05-22,229,223,0.9737991266375546,True,229,221,0.9650655021834061,True,221,0.9650655021834061,True
SCHEDULE_ONLY_CEILING,2025-05-23,229,223,0.9737991266375546,True,229,221,0.9650655021834061,True,221,0.9650655021834061,True
SCHEDULE_ONLY_CEILING,2025-05-26,230,225,0.9782608695652174,True,230,223,0.9695652173913043,True,223,0.9695652173913043,True
SCHEDULE_ONLY_CEILING,2025-05-27,233,228,0.9785407725321889,True,233,226,0.9699570815450643,True,226,0.9699570815450643,True
SCHEDULE_ONLY_CEILING,2025-05-28,235,228,0.9702127659574468,True,235,228,0.9702127659574468,True,228,0.9702127659574468,True
SCHEDULE_ONLY_CEILING,2025-06-02,236,229,0.9703389830508474,True,236,229,0.9703389830508474,True,229,0.9703389830508474,True
SCHEDULE_ONLY_CEILING,2025-06-03,235,228,0.9702127659574468,True,235,228,0.9702127659574468,True,228,0.9702127659574468,True
SCHEDULE_ONLY_CEILING,2025-06-04,235,228,0.9702127659574468,True,235,228,0.9702127659574468,True,228,0.9702127659574468,True
SCHEDULE_ONLY_CEILING,2025-06-05,237,232,0.9789029535864979,True,237,232,0.9789029535864979,True,232,0.9789029535864979,True
SCHEDULE_ONLY_CEILING,2025-06-10,238,233,0.9789915966386554,True,238,233,0.9789915966386554,True,233,0.9789915966386554,True
SCHEDULE_ONLY_CEILING,2025-06-11,238,233,0.9789915966386554,True,238,233,0.9789915966386554,True,233,0.9789915966386554,True
SCHEDULE_ONLY_CEILING,2025-06-12,238,233,0.9789915966386554,True,238,233,0.9789915966386554,True,233,0.9789915966386554,True
SCHEDULE_ONLY_CEILING,2025-06-13,241,236,0.979253112033195,True,241,236,0.979253112033195,True,236,0.979253112033195,True
SCHEDULE_ONLY_CEILING,2025-06-16,241,236,0.979253112033195,True,241,236,0.979253112033195,True,236,0.979253112033195,True
SCHEDULE_ONLY_CEILING,2025-06-17,240,235,0.9791666666666666,True,240,234,0.975,True,234,0.975,True
SCHEDULE_ONLY_CEILING,2025-06-18,239,234,0.9790794979079498,True,239,233,0.9748953974895398,True,233,0.9748953974895398,True
SCHEDULE_ONLY_CEILING,2025-06-19,240,235,0.9791666666666666,True,240,234,0.975,True,234,0.975,True
SCHEDULE_ONLY_CEILING,2025-06-20,239,234,0.9790794979079498,True,239,232,0.9707112970711297,True,232,0.9707112970711297,True
SCHEDULE_ONLY_CEILING,2025-06-23,239,234,0.9790794979079498,True,239,232,0.9707112970711297,True,232,0.9707112970711297,True
SCHEDULE_ONLY_CEILING,2025-06-24,241,235,0.975103734439834,True,241,232,0.9626556016597511,True,232,0.9626556016597511,True
SCHEDULE_ONLY_CEILING,2025-06-25,243,237,0.9753086419753086,True,243,234,0.9629629629629629,True,234,0.9629629629629629,True
SCHEDULE_ONLY_CEILING,2025-06-26,244,238,0.9754098360655737,True,244,235,0.9631147540983607,True,235,0.9631147540983607,True
SCHEDULE_ONLY_CEILING,2025-06-30,244,237,0.9713114754098361,True,244,235,0.9631147540983607,True,235,0.9631147540983607,True
SCHEDULE_ONLY_CEILING,2025-07-01,242,236,0.9752066115702479,True,242,234,0.9669421487603306,True,234,0.9669421487603306,True
SCHEDULE_ONLY_CEILING,2025-07-02,241,233,0.966804979253112,True,241,233,0.966804979253112,True,233,0.966804979253112,True
SCHEDULE_ONLY_CEILING,2025-07-03,242,234,0.9669421487603306,True,242,234,0.9669421487603306,True,234,0.9669421487603306,True
SCHEDULE_ONLY_CEILING,2025-07-04,244,237,0.9713114754098361,True,244,237,0.9713114754098361,True,237,0.9713114754098361,True
SCHEDULE_ONLY_CEILING,2025-07-07,242,235,0.9710743801652892,True,242,235,0.9710743801652892,True,235,0.9710743801652892,True
SCHEDULE_ONLY_CEILING,2025-07-08,242,237,0.9793388429752066,True,242,237,0.9793388429752066,True,237,0.9793388429752066,True
SCHEDULE_ONLY_CEILING,2025-07-09,241,236,0.979253112033195,True,241,236,0.979253112033195,True,236,0.979253112033195,True
SCHEDULE_ONLY_CEILING,2025-07-10,242,236,0.9752066115702479,True,242,236,0.9752066115702479,True,236,0.9752066115702479,True
SCHEDULE_ONLY_CEILING,2025-07-11,242,236,0.9752066115702479,True,242,236,0.9752066115702479,True,236,0.9752066115702479,True
SCHEDULE_ONLY_CEILING,2025-07-14,242,236,0.9752066115702479,True,242,236,0.9752066115702479,True,236,0.9752066115702479,True
SCHEDULE_ONLY_CEILING,2025-07-15,244,238,0.9754098360655737,True,244,238,0.9754098360655737,True,238,0.9754098360655737,True
SCHEDULE_ONLY_CEILING,2025-07-16,245,239,0.9755102040816327,True,245,239,0.9755102040816327,True,239,0.9755102040816327,True
SCHEDULE_ONLY_CEILING,2025-07-17,247,241,0.9757085020242915,True,247,241,0.9757085020242915,True,241,0.9757085020242915,True
SCHEDULE_ONLY_CEILING,2025-07-18,248,242,0.9758064516129032,True,248,242,0.9758064516129032,True,242,0.9758064516129032,True
SCHEDULE_ONLY_CEILING,2025-07-21,250,244,0.976,True,250,244,0.976,True,244,0.976,True
SCHEDULE_ONLY_CEILING,2025-07-22,250,244,0.976,True,250,244,0.976,True,244,0.976,True
SCHEDULE_ONLY_CEILING,2025-07-23,250,244,0.976,True,250,244,0.976,True,244,0.976,True
SCHEDULE_ONLY_CEILING,2025-07-24,249,243,0.9759036144578314,True,249,243,0.9759036144578314,True,243,0.9759036144578314,True
SCHEDULE_ONLY_CEILING,2025-07-25,251,245,0.9760956175298805,True,251,245,0.9760956175298805,True,245,0.9760956175298805,True
SCHEDULE_ONLY_CEILING,2025-07-28,252,246,0.9761904761904762,True,252,246,0.9761904761904762,True,246,0.9761904761904762,True
SCHEDULE_ONLY_CEILING,2025-07-29,255,249,0.9764705882352941,True,255,249,0.9764705882352941,True,249,0.9764705882352941,True
SCHEDULE_ONLY_CEILING,2025-07-30,256,250,0.9765625,True,256,250,0.9765625,True,250,0.9765625,True
SCHEDULE_ONLY_CEILING,2025-07-31,256,250,0.9765625,True,256,250,0.9765625,True,250,0.9765625,True
SCHEDULE_ONLY_CEILING,2025-08-01,256,250,0.9765625,True,256,250,0.9765625,True,250,0.9765625,True
SCHEDULE_ONLY_CEILING,2025-08-04,258,252,0.9767441860465116,True,258,252,0.9767441860465116,True,252,0.9767441860465116,True
SCHEDULE_ONLY_CEILING,2025-08-05,259,253,0.9768339768339769,True,259,253,0.9768339768339769,True,253,0.9768339768339769,True
SCHEDULE_ONLY_CEILING,2025-08-06,261,255,0.9770114942528736,True,261,255,0.9770114942528736,True,255,0.9770114942528736,True
SCHEDULE_ONLY_CEILING,2025-08-07,262,256,0.9770992366412213,True,262,256,0.9770992366412213,True,256,0.9770992366412213,True
SCHEDULE_ONLY_CEILING,2025-08-08,267,261,0.9775280898876404,True,267,261,0.9775280898876404,True,261,0.9775280898876404,True
SCHEDULE_ONLY_CEILING,2025-08-11,266,260,0.9774436090225563,True,266,260,0.9774436090225563,True,260,0.9774436090225563,True
SCHEDULE_ONLY_CEILING,2025-08-12,266,260,0.9774436090225563,True,266,260,0.9774436090225563,True,260,0.9774436090225563,True
SCHEDULE_ONLY_CEILING,2025-08-13,267,261,0.9775280898876404,True,267,261,0.9775280898876404,True,261,0.9775280898876404,True
SCHEDULE_ONLY_CEILING,2025-08-14,266,260,0.9774436090225563,True,266,260,0.9774436090225563,True,260,0.9774436090225563,True
SCHEDULE_ONLY_CEILING,2025-08-15,268,262,0.9776119402985075,True,268,262,0.9776119402985075,True,262,0.9776119402985075,True
SCHEDULE_ONLY_CEILING,2025-08-19,267,261,0.9775280898876404,True,267,261,0.9775280898876404,True,261,0.9775280898876404,True
SCHEDULE_ONLY_CEILING,2025-08-20,268,262,0.9776119402985075,True,268,262,0.9776119402985075,True,262,0.9776119402985075,True
SCHEDULE_ONLY_CEILING,2025-08-21,266,260,0.9774436090225563,True,266,260,0.9774436090225563,True,260,0.9774436090225563,True
SCHEDULE_ONLY_CEILING,2025-08-22,268,262,0.9776119402985075,True,268,262,0.9776119402985075,True,262,0.9776119402985075,True
SCHEDULE_ONLY_CEILING,2025-08-25,269,263,0.9776951672862454,True,269,263,0.9776951672862454,True,263,0.9776951672862454,True
SCHEDULE_ONLY_CEILING,2025-08-26,269,263,0.9776951672862454,True,269,263,0.9776951672862454,True,263,0.9776951672862454,True
SCHEDULE_ONLY_CEILING,2025-08-27,273,267,0.978021978021978,True,273,267,0.978021978021978,True,267,0.978021978021978,True
SCHEDULE_ONLY_CEILING,2025-08-28,273,267,0.978021978021978,True,273,267,0.978021978021978,True,267,0.978021978021978,True
SCHEDULE_ONLY_CEILING,2025-08-29,271,265,0.977859778597786,True,271,265,0.977859778597786,True,265,0.977859778597786,True
SCHEDULE_ONLY_CEILING,2025-09-01,275,269,0.9781818181818182,True,275,269,0.9781818181818182,True,269,0.9781818181818182,True
SCHEDULE_ONLY_CEILING,2025-09-02,276,270,0.9782608695652174,True,276,270,0.9782608695652174,True,270,0.9782608695652174,True
SCHEDULE_ONLY_CEILING,2025-09-03,278,272,0.9784172661870504,True,278,272,0.9784172661870504,True,272,0.9784172661870504,True
SCHEDULE_ONLY_CEILING,2025-09-04,279,273,0.978494623655914,True,279,273,0.978494623655914,True,273,0.978494623655914,True
SCHEDULE_ONLY_CEILING,2025-09-08,281,275,0.9786476868327402,True,281,275,0.9786476868327402,True,275,0.9786476868327402,True
SCHEDULE_ONLY_CEILING,2025-09-09,282,276,0.9787234042553191,True,282,276,0.9787234042553191,True,276,0.9787234042553191,True
SCHEDULE_ONLY_CEILING,2025-09-10,283,277,0.9787985865724381,True,283,277,0.9787985865724381,True,277,0.9787985865724381,True
SCHEDULE_ONLY_CEILING,2025-09-11,287,281,0.9790940766550522,True,287,281,0.9790940766550522,True,281,0.9790940766550522,True
SCHEDULE_ONLY_CEILING,2025-09-12,289,283,0.9792387543252595,True,289,283,0.9792387543252595,True,283,0.9792387543252595,True
SCHEDULE_ONLY_CEILING,2025-09-15,289,283,0.9792387543252595,True,289,283,0.9792387543252595,True,283,0.9792387543252595,True
SCHEDULE_ONLY_CEILING,2025-09-16,293,287,0.9795221843003413,True,293,287,0.9795221843003413,True,287,0.9795221843003413,True
SCHEDULE_ONLY_CEILING,2025-09-17,293,287,0.9795221843003413,True,293,287,0.9795221843003413,True,287,0.9795221843003413,True
SCHEDULE_ONLY_CEILING,2025-09-18,298,292,0.9798657718120806,True,298,292,0.9798657718120806,True,292,0.9798657718120806,True
SCHEDULE_ONLY_CEILING,2025-09-19,298,292,0.9798657718120806,True,298,292,0.9798657718120806,True,292,0.9798657718120806,True
SCHEDULE_ONLY_CEILING,2025-09-22,299,293,0.979933110367893,True,299,293,0.979933110367893,True,293,0.979933110367893,True
SCHEDULE_ONLY_CEILING,2025-09-23,304,298,0.9802631578947368,True,304,298,0.9802631578947368,True,298,0.9802631578947368,True
SCHEDULE_ONLY_CEILING,2025-09-24,306,300,0.9803921568627451,True,306,300,0.9803921568627451,True,300,0.9803921568627451,True
SCHEDULE_ONLY_CEILING,2025-09-25,311,304,0.977491961414791,True,311,304,0.977491961414791,True,304,0.977491961414791,True
SCHEDULE_ONLY_CEILING,2025-09-26,311,304,0.977491961414791,True,311,304,0.977491961414791,True,304,0.977491961414791,True
SCHEDULE_ONLY_CEILING,2025-09-29,316,308,0.9746835443037974,True,316,308,0.9746835443037974,True,308,0.9746835443037974,True
SCHEDULE_ONLY_CEILING,2025-09-30,316,308,0.9746835443037974,True,316,308,0.9746835443037974,True,308,0.9746835443037974,True
SCHEDULE_ONLY_CEILING,2025-10-01,323,315,0.9752321981424149,True,323,315,0.9752321981424149,True,315,0.9752321981424149,True
SCHEDULE_ONLY_CEILING,2025-10-02,330,320,0.9696969696969697,True,330,320,0.9696969696969697,True,320,0.9696969696969697,True
SCHEDULE_ONLY_CEILING,2025-10-03,334,324,0.9700598802395209,True,334,324,0.9700598802395209,True,324,0.9700598802395209,True
SCHEDULE_ONLY_CEILING,2025-10-06,332,322,0.9698795180722891,True,332,322,0.9698795180722891,True,322,0.9698795180722891,True
SCHEDULE_ONLY_CEILING,2025-10-07,340,330,0.9705882352941176,True,340,330,0.9705882352941176,True,330,0.9705882352941176,True
SCHEDULE_ONLY_CEILING,2025-10-08,343,333,0.9708454810495627,True,343,333,0.9708454810495627,True,333,0.9708454810495627,True
SCHEDULE_ONLY_CEILING,2025-10-09,348,338,0.9712643678160919,True,348,338,0.9712643678160919,True,338,0.9712643678160919,True
SCHEDULE_ONLY_CEILING,2025-10-10,349,339,0.9713467048710601,True,349,339,0.9713467048710601,True,339,0.9713467048710601,True
SCHEDULE_ONLY_CEILING,2025-10-13,356,346,0.9719101123595506,True,356,346,0.9719101123595506,True,346,0.9719101123595506,True
SCHEDULE_ONLY_CEILING,2025-10-14,361,351,0.9722991689750693,True,361,351,0.9722991689750693,True,351,0.9722991689750693,True
SCHEDULE_ONLY_CEILING,2025-10-15,361,351,0.9722991689750693,True,361,351,0.9722991689750693,True,351,0.9722991689750693,True
SCHEDULE_ONLY_CEILING,2025-10-16,365,355,0.9726027397260274,True,365,355,0.9726027397260274,True,355,0.9726027397260274,True
SCHEDULE_ONLY_CEILING,2025-10-17,367,357,0.9727520435967303,True,367,357,0.9727520435967303,True,357,0.9727520435967303,True
SCHEDULE_ONLY_CEILING,2025-10-20,370,360,0.972972972972973,True,370,360,0.972972972972973,True,360,0.972972972972973,True
SCHEDULE_ONLY_CEILING,2025-10-21,375,365,0.9733333333333334,True,375,365,0.9733333333333334,True,365,0.9733333333333334,True
SCHEDULE_ONLY_CEILING,2025-10-22,376,366,0.973404255319149,True,376,366,0.973404255319149,True,366,0.973404255319149,True
SCHEDULE_ONLY_CEILING,2025-10-23,376,366,0.973404255319149,True,376,366,0.973404255319149,True,366,0.973404255319149,True
SCHEDULE_ONLY_CEILING,2025-10-24,379,369,0.9736147757255936,True,379,369,0.9736147757255936,True,369,0.9736147757255936,True
SCHEDULE_ONLY_CEILING,2025-10-27,381,371,0.973753280839895,True,381,371,0.973753280839895,True,371,0.973753280839895,True
SCHEDULE_ONLY_CEILING,2025-10-28,379,369,0.9736147757255936,True,379,369,0.9736147757255936,True,369,0.9736147757255936,True
SCHEDULE_ONLY_CEILING,2025-10-29,382,372,0.9738219895287958,True,382,372,0.9738219895287958,True,372,0.9738219895287958,True
SCHEDULE_ONLY_CEILING,2025-10-30,388,378,0.9742268041237113,True,388,378,0.9742268041237113,True,378,0.9742268041237113,True
SCHEDULE_ONLY_CEILING,2025-10-31,388,378,0.9742268041237113,True,388,378,0.9742268041237113,True,378,0.9742268041237113,True
SCHEDULE_ONLY_CEILING,2025-11-03,391,380,0.9718670076726342,True,391,380,0.9718670076726342,True,380,0.9718670076726342,True
SCHEDULE_ONLY_CEILING,2025-11-04,394,383,0.9720812182741116,True,394,383,0.9720812182741116,True,383,0.9720812182741116,True
SCHEDULE_ONLY_CEILING,2025-11-05,394,383,0.9720812182741116,True,394,383,0.9720812182741116,True,383,0.9720812182741116,True
SCHEDULE_ONLY_CEILING,2025-11-06,390,379,0.9717948717948718,True,390,379,0.9717948717948718,True,379,0.9717948717948718,True
SCHEDULE_ONLY_CEILING,2025-11-07,391,380,0.9718670076726342,True,391,380,0.9718670076726342,True,380,0.9718670076726342,True
SCHEDULE_ONLY_CEILING,2025-11-10,394,383,0.9720812182741116,True,394,383,0.9720812182741116,True,383,0.9720812182741116,True
SCHEDULE_ONLY_CEILING,2025-11-11,393,382,0.9720101781170484,True,393,382,0.9720101781170484,True,382,0.9720101781170484,True
SCHEDULE_ONLY_CEILING,2025-11-12,393,382,0.9720101781170484,True,393,382,0.9720101781170484,True,382,0.9720101781170484,True
SCHEDULE_ONLY_CEILING,2025-11-13,393,382,0.9720101781170484,True,393,382,0.9720101781170484,True,382,0.9720101781170484,True
SCHEDULE_ONLY_CEILING,2025-11-14,393,382,0.9720101781170484,True,393,382,0.9720101781170484,True,382,0.9720101781170484,True
SCHEDULE_ONLY_CEILING,2025-11-17,393,382,0.9720101781170484,True,393,382,0.9720101781170484,True,382,0.9720101781170484,True
SCHEDULE_ONLY_CEILING,2025-11-18,390,379,0.9717948717948718,True,390,379,0.9717948717948718,True,379,0.9717948717948718,True
SCHEDULE_ONLY_CEILING,2025-11-19,393,382,0.9720101781170484,True,393,382,0.9720101781170484,True,382,0.9720101781170484,True
SCHEDULE_ONLY_CEILING,2025-11-20,392,381,0.9719387755102041,True,392,381,0.9719387755102041,True,381,0.9719387755102041,True
SCHEDULE_ONLY_CEILING,2025-11-21,389,378,0.9717223650385605,True,389,378,0.9717223650385605,True,378,0.9717223650385605,True
SCHEDULE_ONLY_CEILING,2025-11-24,392,381,0.9719387755102041,True,392,381,0.9719387755102041,True,381,0.9719387755102041,True
SCHEDULE_ONLY_CEILING,2025-11-25,394,383,0.9720812182741116,True,394,383,0.9720812182741116,True,383,0.9720812182741116,True
SCHEDULE_ONLY_CEILING,2025-11-26,390,380,0.9743589743589743,True,390,380,0.9743589743589743,True,380,0.9743589743589743,True
SCHEDULE_ONLY_CEILING,2025-11-27,389,379,0.974293059125964,True,389,379,0.974293059125964,True,379,0.974293059125964,True
SCHEDULE_ONLY_CEILING,2025-11-28,389,379,0.974293059125964,True,389,379,0.974293059125964,True,379,0.974293059125964,True
SCHEDULE_ONLY_CEILING,2025-12-01,391,380,0.9718670076726342,True,391,380,0.9718670076726342,True,380,0.9718670076726342,True
SCHEDULE_ONLY_CEILING,2025-12-02,389,378,0.9717223650385605,True,389,378,0.9717223650385605,True,378,0.9717223650385605,True
SCHEDULE_ONLY_CEILING,2025-12-03,393,382,0.9720101781170484,True,393,382,0.9720101781170484,True,382,0.9720101781170484,True
SCHEDULE_ONLY_CEILING,2025-12-04,393,382,0.9720101781170484,True,393,382,0.9720101781170484,True,382,0.9720101781170484,True
SCHEDULE_ONLY_CEILING,2025-12-05,387,377,0.9741602067183462,True,387,377,0.9741602067183462,True,377,0.9741602067183462,True
SCHEDULE_ONLY_CEILING,2025-12-08,390,380,0.9743589743589743,True,390,380,0.9743589743589743,True,380,0.9743589743589743,True
SCHEDULE_ONLY_CEILING,2025-12-09,390,380,0.9743589743589743,True,390,380,0.9743589743589743,True,380,0.9743589743589743,True
SCHEDULE_ONLY_CEILING,2025-12-10,390,380,0.9743589743589743,True,390,380,0.9743589743589743,True,380,0.9743589743589743,True
SCHEDULE_ONLY_CEILING,2025-12-11,391,381,0.9744245524296675,True,391,381,0.9744245524296675,True,381,0.9744245524296675,True
SCHEDULE_ONLY_CEILING,2025-12-12,392,382,0.9744897959183674,True,392,382,0.9744897959183674,True,382,0.9744897959183674,True
SCHEDULE_ONLY_CEILING,2025-12-15,388,378,0.9742268041237113,True,388,378,0.9742268041237113,True,378,0.9742268041237113,True
SCHEDULE_ONLY_CEILING,2025-12-16,386,377,0.9766839378238342,True,386,377,0.9766839378238342,True,377,0.9766839378238342,True
SCHEDULE_ONLY_CEILING,2025-12-17,387,377,0.9741602067183462,True,387,377,0.9741602067183462,True,377,0.9741602067183462,True
SCHEDULE_ONLY_CEILING,2025-12-18,387,377,0.9741602067183462,True,387,377,0.9741602067183462,True,377,0.9741602067183462,True
SCHEDULE_ONLY_CEILING,2025-12-19,388,379,0.9768041237113402,True,388,379,0.9768041237113402,True,379,0.9768041237113402,True
SCHEDULE_ONLY_CEILING,2025-12-22,389,380,0.9768637532133676,True,389,380,0.9768637532133676,True,380,0.9768637532133676,True
SCHEDULE_ONLY_CEILING,2025-12-23,391,382,0.9769820971867008,True,391,382,0.9769820971867008,True,382,0.9769820971867008,True
SCHEDULE_ONLY_CEILING,2025-12-24,390,381,0.9769230769230769,True,390,381,0.9769230769230769,True,381,0.9769230769230769,True
SCHEDULE_ONLY_CEILING,2025-12-29,390,381,0.9769230769230769,True,390,381,0.9769230769230769,True,381,0.9769230769230769,True
SCHEDULE_ONLY_CEILING,2025-12-30,391,382,0.9769820971867008,True,391,382,0.9769820971867008,True,382,0.9769820971867008,True
SCHEDULE_ONLY_CEILING,2026-01-02,388,379,0.9768041237113402,True,388,379,0.9768041237113402,True,379,0.9768041237113402,True
SCHEDULE_ONLY_CEILING,2026-01-05,383,375,0.97911227154047,True,383,375,0.97911227154047,True,375,0.97911227154047,True
SCHEDULE_ONLY_CEILING,2026-01-06,384,375,0.9765625,True,384,375,0.9765625,True,375,0.9765625,True
SCHEDULE_ONLY_CEILING,2026-01-07,384,375,0.9765625,True,384,375,0.9765625,True,375,0.9765625,True
SCHEDULE_ONLY_CEILING,2026-01-08,386,377,0.9766839378238342,True,386,377,0.9766839378238342,True,377,0.9766839378238342,True
SCHEDULE_ONLY_CEILING,2026-01-09,385,376,0.9766233766233766,True,385,376,0.9766233766233766,True,376,0.9766233766233766,True
SCHEDULE_ONLY_CEILING,2026-01-12,386,377,0.9766839378238342,True,386,377,0.9766839378238342,True,377,0.9766839378238342,True
SCHEDULE_ONLY_CEILING,2026-01-13,384,376,0.9791666666666666,True,384,376,0.9791666666666666,True,376,0.9791666666666666,True
SCHEDULE_ONLY_CEILING,2026-01-14,385,377,0.9792207792207792,True,385,377,0.9792207792207792,True,377,0.9792207792207792,True
SCHEDULE_ONLY_CEILING,2026-01-15,387,379,0.979328165374677,True,387,379,0.979328165374677,True,379,0.979328165374677,True
SCHEDULE_ONLY_CEILING,2026-01-19,392,384,0.9795918367346939,True,392,384,0.9795918367346939,True,384,0.9795918367346939,True
SCHEDULE_ONLY_CEILING,2026-01-20,394,386,0.9796954314720813,True,394,386,0.9796954314720813,True,386,0.9796954314720813,True
SCHEDULE_ONLY_CEILING,2026-01-21,400,392,0.98,True,400,392,0.98,True,392,0.98,True
SCHEDULE_ONLY_CEILING,2026-01-22,407,398,0.9778869778869779,True,407,398,0.9778869778869779,True,398,0.9778869778869779,True
SCHEDULE_ONLY_CEILING,2026-01-23,412,403,0.9781553398058253,True,412,403,0.9781553398058253,True,403,0.9781553398058253,True
SCHEDULE_ONLY_CEILING,2026-01-26,410,400,0.975609756097561,True,410,400,0.975609756097561,True,400,0.975609756097561,True
SCHEDULE_ONLY_CEILING,2026-01-27,417,407,0.9760191846522782,True,417,407,0.9760191846522782,True,407,0.9760191846522782,True
SCHEDULE_ONLY_CEILING,2026-01-28,420,410,0.9761904761904762,True,420,410,0.9761904761904762,True,410,0.9761904761904762,True
SCHEDULE_ONLY_CEILING,2026-01-29,424,414,0.9764150943396226,True,424,414,0.9764150943396226,True,414,0.9764150943396226,True
SCHEDULE_ONLY_CEILING,2026-01-30,423,413,0.9763593380614657,True,423,413,0.9763593380614657,True,413,0.9763593380614657,True
SCHEDULE_ONLY_CEILING,2026-02-02,423,413,0.9763593380614657,True,423,413,0.9763593380614657,True,413,0.9763593380614657,True
SCHEDULE_ONLY_CEILING,2026-02-03,425,415,0.9764705882352941,True,425,415,0.9764705882352941,True,415,0.9764705882352941,True
SCHEDULE_ONLY_CEILING,2026-02-04,423,413,0.9763593380614657,True,423,413,0.9763593380614657,True,413,0.9763593380614657,True
SCHEDULE_ONLY_CEILING,2026-02-05,424,414,0.9764150943396226,True,424,414,0.9764150943396226,True,414,0.9764150943396226,True
SCHEDULE_ONLY_CEILING,2026-02-06,427,417,0.9765807962529274,True,427,417,0.9765807962529274,True,417,0.9765807962529274,True
SCHEDULE_ONLY_CEILING,2026-02-09,428,418,0.9766355140186916,True,428,418,0.9766355140186916,True,418,0.9766355140186916,True
SCHEDULE_ONLY_CEILING,2026-02-10,428,418,0.9766355140186916,True,428,418,0.9766355140186916,True,418,0.9766355140186916,True
SCHEDULE_ONLY_CEILING,2026-02-11,427,417,0.9765807962529274,True,427,417,0.9765807962529274,True,417,0.9765807962529274,True
SCHEDULE_ONLY_CEILING,2026-02-12,426,416,0.9765258215962441,True,426,416,0.9765258215962441,True,416,0.9765258215962441,True
SCHEDULE_ONLY_CEILING,2026-02-13,429,419,0.9766899766899767,True,429,419,0.9766899766899767,True,419,0.9766899766899767,True
SCHEDULE_ONLY_CEILING,2026-02-18,427,416,0.9742388758782201,True,427,416,0.9742388758782201,True,416,0.9742388758782201,True
SCHEDULE_ONLY_CEILING,2026-02-19,427,417,0.9765807962529274,True,427,417,0.9765807962529274,True,417,0.9765807962529274,True
SCHEDULE_ONLY_CEILING,2026-02-20,427,417,0.9765807962529274,True,427,417,0.9765807962529274,True,417,0.9765807962529274,True
SCHEDULE_ONLY_CEILING,2026-02-23,425,415,0.9764705882352941,True,425,415,0.9764705882352941,True,415,0.9764705882352941,True
SCHEDULE_ONLY_CEILING,2026-02-24,431,421,0.9767981438515081,True,431,421,0.9767981438515081,True,421,0.9767981438515081,True
SCHEDULE_ONLY_CEILING,2026-02-25,431,421,0.9767981438515081,True,431,421,0.9767981438515081,True,421,0.9767981438515081,True
SCHEDULE_ONLY_CEILING,2026-02-26,428,418,0.9766355140186916,True,428,418,0.9766355140186916,True,418,0.9766355140186916,True
SCHEDULE_ONLY_CEILING,2026-02-27,428,418,0.9766355140186916,True,428,418,0.9766355140186916,True,418,0.9766355140186916,True
SCHEDULE_ONLY_CEILING,2026-03-02,427,417,0.9765807962529274,True,427,417,0.9765807962529274,True,417,0.9765807962529274,True
SCHEDULE_ONLY_CEILING,2026-03-03,431,420,0.974477958236659,True,431,420,0.974477958236659,True,420,0.974477958236659,True
SCHEDULE_ONLY_CEILING,2026-03-04,433,423,0.976905311778291,True,433,423,0.976905311778291,True,423,0.976905311778291,True
SCHEDULE_ONLY_CEILING,2026-03-05,429,419,0.9766899766899767,True,429,419,0.9766899766899767,True,419,0.9766899766899767,True
SCHEDULE_ONLY_CEILING,2026-03-06,426,416,0.9765258215962441,True,426,416,0.9765258215962441,True,416,0.9765258215962441,True
SCHEDULE_ONLY_CEILING,2026-03-09,422,411,0.9739336492890995,True,422,411,0.9739336492890995,True,411,0.9739336492890995,True
SCHEDULE_ONLY_CEILING,2026-03-10,416,405,0.9735576923076923,True,416,405,0.9735576923076923,True,405,0.9735576923076923,True
SCHEDULE_ONLY_CEILING,2026-03-11,414,403,0.9734299516908212,True,414,403,0.9734299516908212,True,403,0.9734299516908212,True
SCHEDULE_ONLY_CEILING,2026-03-12,416,405,0.9735576923076923,True,416,405,0.9735576923076923,True,405,0.9735576923076923,True
SCHEDULE_ONLY_CEILING,2026-03-13,414,403,0.9734299516908212,True,414,403,0.9734299516908212,True,403,0.9734299516908212,True
SCHEDULE_ONLY_CEILING,2026-03-16,411,400,0.9732360097323601,True,411,400,0.9732360097323601,True,400,0.9732360097323601,True
SCHEDULE_ONLY_CEILING,2026-03-17,407,397,0.9754299754299754,True,407,397,0.9754299754299754,True,397,0.9754299754299754,True
SCHEDULE_ONLY_CEILING,2026-03-25,407,397,0.9754299754299754,True,407,397,0.9754299754299754,True,397,0.9754299754299754,True
SCHEDULE_ONLY_CEILING,2026-03-26,402,392,0.9751243781094527,True,402,392,0.9751243781094527,True,392,0.9751243781094527,True
SCHEDULE_ONLY_CEILING,2026-03-27,399,389,0.974937343358396,True,399,389,0.974937343358396,True,389,0.974937343358396,True
SCHEDULE_ONLY_CEILING,2026-03-30,396,386,0.9747474747474747,True,396,386,0.9747474747474747,True,386,0.9747474747474747,True
SCHEDULE_ONLY_CEILING,2026-03-31,395,385,0.9746835443037974,True,395,385,0.9746835443037974,True,385,0.9746835443037974,True
SCHEDULE_ONLY_CEILING,2026-04-01,390,380,0.9743589743589743,True,390,380,0.9743589743589743,True,380,0.9743589743589743,True
SCHEDULE_ONLY_CEILING,2026-04-02,390,380,0.9743589743589743,True,390,380,0.9743589743589743,True,380,0.9743589743589743,True
SCHEDULE_ONLY_CEILING,2026-04-06,389,379,0.974293059125964,True,389,379,0.974293059125964,True,379,0.974293059125964,True
SCHEDULE_ONLY_CEILING,2026-04-07,388,378,0.9742268041237113,True,388,378,0.9742268041237113,True,378,0.9742268041237113,True
SCHEDULE_ONLY_CEILING,2026-04-08,387,377,0.9741602067183462,True,387,377,0.9741602067183462,True,377,0.9741602067183462,True
SCHEDULE_ONLY_CEILING,2026-04-09,387,377,0.9741602067183462,True,387,377,0.9741602067183462,True,377,0.9741602067183462,True
SCHEDULE_ONLY_CEILING,2026-04-10,385,375,0.974025974025974,True,385,375,0.974025974025974,True,375,0.974025974025974,True
SCHEDULE_ONLY_CEILING,2026-04-13,381,371,0.973753280839895,True,381,371,0.973753280839895,True,371,0.973753280839895,True
SCHEDULE_ONLY_CEILING,2026-04-14,380,370,0.9736842105263158,True,380,370,0.9736842105263158,True,370,0.9736842105263158,True
SCHEDULE_ONLY_CEILING,2026-04-15,376,366,0.973404255319149,True,376,366,0.973404255319149,True,366,0.973404255319149,True
SCHEDULE_ONLY_CEILING,2026-04-16,376,366,0.973404255319149,True,376,366,0.973404255319149,True,366,0.973404255319149,True
SCHEDULE_ONLY_CEILING,2026-04-17,376,366,0.973404255319149,True,376,366,0.973404255319149,True,366,0.973404255319149,True
SCHEDULE_ONLY_CEILING,2026-04-20,375,365,0.9733333333333334,True,375,365,0.9733333333333334,True,365,0.9733333333333334,True
SCHEDULE_ONLY_CEILING,2026-04-21,376,366,0.973404255319149,True,376,366,0.973404255319149,True,366,0.973404255319149,True
SCHEDULE_ONLY_CEILING,2026-04-22,375,365,0.9733333333333334,True,375,365,0.9733333333333334,True,365,0.9733333333333334,True
SCHEDULE_ONLY_CEILING,2026-04-23,373,363,0.9731903485254692,True,373,363,0.9731903485254692,True,363,0.9731903485254692,True
SCHEDULE_ONLY_CEILING,2026-04-24,371,361,0.9730458221024259,True,371,361,0.9730458221024259,True,361,0.9730458221024259,True
SCHEDULE_ONLY_CEILING,2026-04-27,371,361,0.9730458221024259,True,371,361,0.9730458221024259,True,361,0.9730458221024259,True
SCHEDULE_ONLY_CEILING,2026-04-28,369,359,0.9728997289972899,True,369,359,0.9728997289972899,True,359,0.9728997289972899,True
SCHEDULE_ONLY_CEILING,2026-04-29,366,356,0.9726775956284153,True,366,356,0.9726775956284153,True,356,0.9726775956284153,True
SCHEDULE_ONLY_CEILING,2026-04-30,364,354,0.9725274725274725,True,364,354,0.9725274725274725,True,354,0.9725274725274725,True
SCHEDULE_ONLY_CEILING,2026-05-04,365,355,0.9726027397260274,True,365,355,0.9726027397260274,True,355,0.9726027397260274,True
SCHEDULE_ONLY_CEILING,2026-05-05,362,352,0.9723756906077348,True,362,352,0.9723756906077348,True,352,0.9723756906077348,True
SCHEDULE_ONLY_CEILING,2026-05-06,363,354,0.9752066115702479,True,363,354,0.9752066115702479,True,354,0.9752066115702479,True
SCHEDULE_ONLY_CEILING,2026-05-07,362,353,0.9751381215469613,True,362,353,0.9751381215469613,True,353,0.9751381215469613,True
SCHEDULE_ONLY_CEILING,2026-05-08,361,352,0.9750692520775623,True,361,351,0.9722991689750693,True,351,0.9722991689750693,True
SCHEDULE_ONLY_CEILING,2026-05-11,362,353,0.9751381215469613,True,362,352,0.9723756906077348,True,352,0.9723756906077348,True
SCHEDULE_ONLY_CEILING,2026-05-12,361,352,0.9750692520775623,True,361,351,0.9722991689750693,True,351,0.9722991689750693,True
SCHEDULE_ONLY_CEILING,2026-05-13,362,353,0.9751381215469613,True,362,352,0.9723756906077348,True,352,0.9723756906077348,True
SCHEDULE_ONLY_CEILING,2026-05-18,361,352,0.9750692520775623,True,361,351,0.9722991689750693,True,351,0.9722991689750693,True
SCHEDULE_ONLY_CEILING,2026-05-19,359,349,0.9721448467966574,True,359,349,0.9721448467966574,True,349,0.9721448467966574,True
SCHEDULE_ONLY_CEILING,2026-05-20,356,346,0.9719101123595506,True,356,346,0.9719101123595506,True,346,0.9719101123595506,True
SCHEDULE_ONLY_CEILING,2026-05-21,355,345,0.971830985915493,True,355,345,0.971830985915493,True,345,0.971830985915493,True
SCHEDULE_ONLY_CEILING,2026-05-22,353,343,0.9716713881019831,True,353,343,0.9716713881019831,True,343,0.9716713881019831,True
SCHEDULE_ONLY_CEILING,2026-05-25,350,341,0.9742857142857143,True,350,341,0.9742857142857143,True,341,0.9742857142857143,True
SCHEDULE_ONLY_CEILING,2026-05-26,348,339,0.9741379310344828,True,348,339,0.9741379310344828,True,339,0.9741379310344828,True
SCHEDULE_ONLY_CEILING,2026-05-29,346,337,0.9739884393063584,True,346,337,0.9739884393063584,True,337,0.9739884393063584,True
SCHEDULE_ONLY_CEILING,2026-06-02,343,335,0.9766763848396501,True,343,335,0.9766763848396501,True,335,0.9766763848396501,True
SCHEDULE_ONLY_CEILING,2026-06-03,339,331,0.976401179941003,True,339,331,0.976401179941003,True,331,0.976401179941003,True
SCHEDULE_ONLY_CEILING,2026-06-04,337,329,0.9762611275964391,True,337,329,0.9762611275964391,True,329,0.9762611275964391,True
SCHEDULE_ONLY_CEILING,2026-06-05,334,326,0.9760479041916168,True,334,326,0.9760479041916168,True,326,0.9760479041916168,True
SCHEDULE_ONLY_CEILING,2026-06-08,332,324,0.9759036144578314,True,332,324,0.9759036144578314,True,324,0.9759036144578314,True
SCHEDULE_ONLY_CEILING,2026-06-09,330,322,0.9757575757575757,True,330,322,0.9757575757575757,True,322,0.9757575757575757,True
SCHEDULE_ONLY_CEILING,2026-06-10,329,321,0.9756838905775076,True,329,321,0.9756838905775076,True,321,0.9756838905775076,True
SCHEDULE_ONLY_CEILING,2026-06-11,329,321,0.9756838905775076,True,329,321,0.9756838905775076,True,321,0.9756838905775076,True
SCHEDULE_ONLY_CEILING,2026-06-12,326,318,0.9754601226993865,True,326,318,0.9754601226993865,True,318,0.9754601226993865,True
SCHEDULE_ONLY_CEILING,2026-06-15,328,320,0.975609756097561,True,328,320,0.975609756097561,True,320,0.975609756097561,True
SCHEDULE_ONLY_CEILING,2026-06-17,328,320,0.975609756097561,True,328,320,0.975609756097561,True,320,0.975609756097561,True
SCHEDULE_ONLY_CEILING,2026-06-18,327,319,0.9755351681957186,True,327,319,0.9755351681957186,True,319,0.9755351681957186,True
SCHEDULE_ONLY_CEILING,2026-06-19,325,317,0.9753846153846154,True,325,317,0.9753846153846154,True,317,0.9753846153846154,True
SCHEDULE_ONLY_CEILING,2026-06-22,322,314,0.9751552795031055,True,322,314,0.9751552795031055,True,314,0.9751552795031055,True
SCHEDULE_ONLY_CEILING,2026-06-23,323,315,0.9752321981424149,True,323,314,0.9721362229102167,True,314,0.9721362229102167,True
SCHEDULE_ONLY_CEILING,2026-06-24,323,315,0.9752321981424149,True,323,314,0.9721362229102167,True,314,0.9721362229102167,True
SCHEDULE_ONLY_CEILING,2026-06-25,321,313,0.9750778816199377,True,321,308,0.9595015576323987,True,308,0.9595015576323987,True
SCHEDULE_ONLY_CEILING,2026-06-26,320,312,0.975,True,320,307,0.959375,True,307,0.959375,True
SCHEDULE_ONLY_CEILING,2026-06-29,318,310,0.9748427672955975,True,318,305,0.9591194968553459,True,305,0.9591194968553459,True
SCHEDULE_ONLY_CEILING,2026-06-30,314,305,0.9713375796178344,True,314,301,0.9585987261146497,True,301,0.9585987261146497,True
SCHEDULE_ONLY_CEILING,2026-07-01,314,305,0.9713375796178344,True,314,302,0.9617834394904459,True,302,0.9617834394904459,True
SCHEDULE_ONLY_CEILING,2026-07-02,312,300,0.9615384615384616,True,312,300,0.9615384615384616,True,300,0.9615384615384616,True
SCHEDULE_ONLY_CEILING,2026-07-03,314,302,0.9617834394904459,True,314,302,0.9617834394904459,True,302,0.9617834394904459,True
SCHEDULE_ONLY_CEILING,2026-07-06,311,300,0.9646302250803859,True,311,300,0.9646302250803859,True,300,0.9646302250803859,True
SCHEDULE_ONLY_CEILING,2026-07-07,312,300,0.9615384615384616,True,312,300,0.9615384615384616,True,300,0.9615384615384616,True
SCHEDULE_ONLY_CEILING,2026-07-08,312,304,0.9743589743589743,True,312,304,0.9743589743589743,True,304,0.9743589743589743,True
SCHEDULE_ONLY_CEILING,2026-07-09,312,304,0.9743589743589743,True,312,304,0.9743589743589743,True,304,0.9743589743589743,True
SCHEDULE_ONLY_CEILING,2026-07-10,312,304,0.9743589743589743,True,312,304,0.9743589743589743,True,304,0.9743589743589743,True
SCHEDULE_ONLY_CEILING,2026-07-13,311,303,0.9742765273311897,True,311,303,0.9742765273311897,True,303,0.9742765273311897,True
SCHEDULE_ONLY_CEILING,2026-07-14,309,301,0.9741100323624595,True,309,301,0.9741100323624595,True,301,0.9741100323624595,True
SCHEDULE_ONLY_CEILING,2026-07-15,308,300,0.974025974025974,True,308,300,0.974025974025974,True,300,0.974025974025974,True
SCHEDULE_ONLY_CEILING,2026-07-16,306,298,0.9738562091503268,True,306,298,0.9738562091503268,True,298,0.9738562091503268,True
SCHEDULE_ONLY_CEILING,2026-07-17,303,295,0.9735973597359736,True,303,295,0.9735973597359736,True,295,0.9735973597359736,True
KSEI_COVERAGE_ONLY_CEILING,2023-12-28,262,245,0.9351145038167938,True,262,245,0.9351145038167938,True,245,0.9351145038167938,True
KSEI_COVERAGE_ONLY_CEILING,2023-12-29,263,246,0.935361216730038,True,263,246,0.935361216730038,True,246,0.935361216730038,True
KSEI_COVERAGE_ONLY_CEILING,2024-01-02,265,249,0.939622641509434,True,265,249,0.939622641509434,True,249,0.939622641509434,True
KSEI_COVERAGE_ONLY_CEILING,2024-01-03,263,247,0.9391634980988594,True,263,247,0.9391634980988594,True,247,0.9391634980988594,True
KSEI_COVERAGE_ONLY_CEILING,2024-01-04,262,246,0.9389312977099237,True,262,246,0.9389312977099237,True,246,0.9389312977099237,True
KSEI_COVERAGE_ONLY_CEILING,2024-01-05,260,244,0.9384615384615385,True,260,244,0.9384615384615385,True,244,0.9384615384615385,True
KSEI_COVERAGE_ONLY_CEILING,2024-01-08,262,245,0.9351145038167938,True,262,245,0.9351145038167938,True,245,0.9351145038167938,True
KSEI_COVERAGE_ONLY_CEILING,2024-01-09,260,243,0.9346153846153846,True,260,243,0.9346153846153846,True,243,0.9346153846153846,True
KSEI_COVERAGE_ONLY_CEILING,2024-01-10,258,241,0.9341085271317829,True,258,241,0.9341085271317829,True,241,0.9341085271317829,True
KSEI_COVERAGE_ONLY_CEILING,2024-01-11,253,236,0.932806324110672,True,253,236,0.932806324110672,True,236,0.932806324110672,True
KSEI_COVERAGE_ONLY_CEILING,2024-01-12,251,234,0.9322709163346613,True,251,234,0.9322709163346613,True,234,0.9322709163346613,True
KSEI_COVERAGE_ONLY_CEILING,2024-01-15,250,233,0.932,True,250,233,0.932,True,233,0.932,True
KSEI_COVERAGE_ONLY_CEILING,2024-01-16,251,233,0.9282868525896414,True,251,233,0.9282868525896414,True,233,0.9282868525896414,True
KSEI_COVERAGE_ONLY_CEILING,2024-01-17,251,233,0.9282868525896414,True,251,233,0.9282868525896414,True,233,0.9282868525896414,True
KSEI_COVERAGE_ONLY_CEILING,2024-01-18,251,234,0.9322709163346613,True,251,234,0.9322709163346613,True,234,0.9322709163346613,True
KSEI_COVERAGE_ONLY_CEILING,2024-01-19,249,232,0.9317269076305221,True,249,232,0.9317269076305221,True,232,0.9317269076305221,True
KSEI_COVERAGE_ONLY_CEILING,2024-01-22,247,230,0.9311740890688259,True,247,230,0.9311740890688259,True,230,0.9311740890688259,True
KSEI_COVERAGE_ONLY_CEILING,2024-01-23,247,230,0.9311740890688259,True,247,230,0.9311740890688259,True,230,0.9311740890688259,True
KSEI_COVERAGE_ONLY_CEILING,2024-01-24,246,229,0.9308943089430894,True,246,229,0.9308943089430894,True,229,0.9308943089430894,True
KSEI_COVERAGE_ONLY_CEILING,2024-01-25,246,229,0.9308943089430894,True,246,229,0.9308943089430894,True,229,0.9308943089430894,True
KSEI_COVERAGE_ONLY_CEILING,2024-01-26,246,229,0.9308943089430894,True,246,229,0.9308943089430894,True,229,0.9308943089430894,True
KSEI_COVERAGE_ONLY_CEILING,2024-01-29,243,226,0.9300411522633745,True,243,226,0.9300411522633745,True,226,0.9300411522633745,True
KSEI_COVERAGE_ONLY_CEILING,2024-01-30,243,226,0.9300411522633745,True,243,226,0.9300411522633745,True,226,0.9300411522633745,True
KSEI_COVERAGE_ONLY_CEILING,2024-01-31,242,225,0.9297520661157025,True,242,225,0.9297520661157025,True,225,0.9297520661157025,True
KSEI_COVERAGE_ONLY_CEILING,2024-02-01,241,224,0.9294605809128631,True,241,224,0.9294605809128631,True,224,0.9294605809128631,True
KSEI_COVERAGE_ONLY_CEILING,2024-02-02,243,226,0.9300411522633745,True,243,226,0.9300411522633745,True,226,0.9300411522633745,True
KSEI_COVERAGE_ONLY_CEILING,2024-02-05,241,224,0.9294605809128631,True,241,224,0.9294605809128631,True,224,0.9294605809128631,True
KSEI_COVERAGE_ONLY_CEILING,2024-02-06,242,225,0.9297520661157025,True,242,225,0.9297520661157025,True,225,0.9297520661157025,True
KSEI_COVERAGE_ONLY_CEILING,2024-02-07,246,229,0.9308943089430894,True,246,229,0.9308943089430894,True,229,0.9308943089430894,True
KSEI_COVERAGE_ONLY_CEILING,2024-02-12,242,225,0.9297520661157025,True,242,225,0.9297520661157025,True,225,0.9297520661157025,True
KSEI_COVERAGE_ONLY_CEILING,2024-02-13,244,227,0.930327868852459,True,244,227,0.930327868852459,True,227,0.930327868852459,True
KSEI_COVERAGE_ONLY_CEILING,2024-02-15,244,227,0.930327868852459,True,244,227,0.930327868852459,True,227,0.930327868852459,True
KSEI_COVERAGE_ONLY_CEILING,2024-02-16,243,226,0.9300411522633745,True,243,226,0.9300411522633745,True,226,0.9300411522633745,True
KSEI_COVERAGE_ONLY_CEILING,2024-02-19,244,227,0.930327868852459,True,244,227,0.930327868852459,True,227,0.930327868852459,True
KSEI_COVERAGE_ONLY_CEILING,2024-02-20,244,227,0.930327868852459,True,244,227,0.930327868852459,True,227,0.930327868852459,True
KSEI_COVERAGE_ONLY_CEILING,2024-02-21,245,228,0.9306122448979591,True,245,228,0.9306122448979591,True,228,0.9306122448979591,True
KSEI_COVERAGE_ONLY_CEILING,2024-02-22,243,226,0.9300411522633745,True,243,226,0.9300411522633745,True,226,0.9300411522633745,True
KSEI_COVERAGE_ONLY_CEILING,2024-02-23,239,223,0.9330543933054394,True,239,223,0.9330543933054394,True,223,0.9330543933054394,True
KSEI_COVERAGE_ONLY_CEILING,2024-02-26,236,220,0.9322033898305084,True,236,220,0.9322033898305084,True,220,0.9322033898305084,True
KSEI_COVERAGE_ONLY_CEILING,2024-02-27,236,220,0.9322033898305084,True,236,220,0.9322033898305084,True,220,0.9322033898305084,True
KSEI_COVERAGE_ONLY_CEILING,2024-02-28,236,220,0.9322033898305084,True,236,220,0.9322033898305084,True,220,0.9322033898305084,True
KSEI_COVERAGE_ONLY_CEILING,2024-02-29,237,221,0.9324894514767933,True,237,221,0.9324894514767933,True,221,0.9324894514767933,True
KSEI_COVERAGE_ONLY_CEILING,2024-03-01,232,217,0.9353448275862069,True,232,217,0.9353448275862069,True,217,0.9353448275862069,True
KSEI_COVERAGE_ONLY_CEILING,2024-03-04,235,220,0.9361702127659575,True,235,220,0.9361702127659575,True,220,0.9361702127659575,True
KSEI_COVERAGE_ONLY_CEILING,2024-03-05,236,221,0.9364406779661016,True,236,221,0.9364406779661016,True,221,0.9364406779661016,True
KSEI_COVERAGE_ONLY_CEILING,2024-03-06,236,222,0.940677966101695,True,236,222,0.940677966101695,True,222,0.940677966101695,True
KSEI_COVERAGE_ONLY_CEILING,2024-03-07,237,223,0.9409282700421941,True,237,223,0.9409282700421941,True,223,0.9409282700421941,True
KSEI_COVERAGE_ONLY_CEILING,2024-03-08,238,224,0.9411764705882353,True,238,224,0.9411764705882353,True,224,0.9411764705882353,True
KSEI_COVERAGE_ONLY_CEILING,2024-03-13,241,226,0.9377593360995851,True,241,226,0.9377593360995851,True,226,0.9377593360995851,True
KSEI_COVERAGE_ONLY_CEILING,2024-03-14,243,228,0.9382716049382716,True,243,228,0.9382716049382716,True,228,0.9382716049382716,True
KSEI_COVERAGE_ONLY_CEILING,2024-03-15,240,225,0.9375,True,240,225,0.9375,True,225,0.9375,True
KSEI_COVERAGE_ONLY_CEILING,2024-03-18,243,228,0.9382716049382716,True,243,228,0.9382716049382716,True,228,0.9382716049382716,True
KSEI_COVERAGE_ONLY_CEILING,2024-03-19,243,228,0.9382716049382716,True,243,228,0.9382716049382716,True,228,0.9382716049382716,True
KSEI_COVERAGE_ONLY_CEILING,2024-03-20,242,227,0.9380165289256198,True,242,227,0.9380165289256198,True,227,0.9380165289256198,True
KSEI_COVERAGE_ONLY_CEILING,2024-03-21,242,227,0.9380165289256198,True,242,227,0.9380165289256198,True,227,0.9380165289256198,True
KSEI_COVERAGE_ONLY_CEILING,2024-03-22,242,227,0.9380165289256198,True,242,227,0.9380165289256198,True,227,0.9380165289256198,True
KSEI_COVERAGE_ONLY_CEILING,2024-03-25,243,227,0.934156378600823,True,243,227,0.934156378600823,True,227,0.934156378600823,True
KSEI_COVERAGE_ONLY_CEILING,2024-03-26,244,229,0.9385245901639344,True,244,229,0.9385245901639344,True,229,0.9385245901639344,True
KSEI_COVERAGE_ONLY_CEILING,2024-03-27,245,230,0.9387755102040817,True,245,230,0.9387755102040817,True,230,0.9387755102040817,True
KSEI_COVERAGE_ONLY_CEILING,2024-03-28,244,229,0.9385245901639344,True,244,229,0.9385245901639344,True,229,0.9385245901639344,True
KSEI_COVERAGE_ONLY_CEILING,2024-04-01,250,235,0.94,True,250,235,0.94,True,235,0.94,True
KSEI_COVERAGE_ONLY_CEILING,2024-04-02,250,235,0.94,True,250,235,0.94,True,235,0.94,True
KSEI_COVERAGE_ONLY_CEILING,2024-04-03,251,236,0.9402390438247012,True,251,236,0.9402390438247012,True,236,0.9402390438247012,True
KSEI_COVERAGE_ONLY_CEILING,2024-04-04,250,235,0.94,True,250,235,0.94,True,235,0.94,True
KSEI_COVERAGE_ONLY_CEILING,2024-04-05,250,235,0.94,True,250,235,0.94,True,235,0.94,True
KSEI_COVERAGE_ONLY_CEILING,2024-04-16,250,235,0.94,True,250,235,0.94,True,235,0.94,True
KSEI_COVERAGE_ONLY_CEILING,2024-04-17,249,234,0.9397590361445783,True,249,234,0.9397590361445783,True,234,0.9397590361445783,True
KSEI_COVERAGE_ONLY_CEILING,2024-04-18,247,232,0.9392712550607287,True,247,232,0.9392712550607287,True,232,0.9392712550607287,True
KSEI_COVERAGE_ONLY_CEILING,2024-04-19,246,232,0.943089430894309,True,246,232,0.943089430894309,True,232,0.943089430894309,True
KSEI_COVERAGE_ONLY_CEILING,2024-04-22,246,232,0.943089430894309,True,246,232,0.943089430894309,True,232,0.943089430894309,True
KSEI_COVERAGE_ONLY_CEILING,2024-04-23,245,231,0.9428571428571428,True,245,231,0.9428571428571428,True,231,0.9428571428571428,True
KSEI_COVERAGE_ONLY_CEILING,2024-04-24,245,231,0.9428571428571428,True,245,231,0.9428571428571428,True,231,0.9428571428571428,True
KSEI_COVERAGE_ONLY_CEILING,2024-04-25,246,232,0.943089430894309,True,246,232,0.943089430894309,True,232,0.943089430894309,True
KSEI_COVERAGE_ONLY_CEILING,2024-04-26,246,232,0.943089430894309,True,246,232,0.943089430894309,True,232,0.943089430894309,True
KSEI_COVERAGE_ONLY_CEILING,2024-04-29,246,232,0.943089430894309,True,246,232,0.943089430894309,True,232,0.943089430894309,True
KSEI_COVERAGE_ONLY_CEILING,2024-04-30,245,231,0.9428571428571428,True,245,231,0.9428571428571428,True,231,0.9428571428571428,True
KSEI_COVERAGE_ONLY_CEILING,2024-05-02,242,228,0.9421487603305785,True,242,228,0.9421487603305785,True,228,0.9421487603305785,True
KSEI_COVERAGE_ONLY_CEILING,2024-05-03,240,226,0.9416666666666667,True,240,226,0.9416666666666667,True,226,0.9416666666666667,True
KSEI_COVERAGE_ONLY_CEILING,2024-05-06,240,226,0.9416666666666667,True,240,226,0.9416666666666667,True,226,0.9416666666666667,True
KSEI_COVERAGE_ONLY_CEILING,2024-05-07,242,228,0.9421487603305785,True,242,228,0.9421487603305785,True,228,0.9421487603305785,True
KSEI_COVERAGE_ONLY_CEILING,2024-05-08,242,228,0.9421487603305785,True,242,228,0.9421487603305785,True,228,0.9421487603305785,True
KSEI_COVERAGE_ONLY_CEILING,2024-05-13,243,229,0.9423868312757202,True,243,229,0.9423868312757202,True,229,0.9423868312757202,True
KSEI_COVERAGE_ONLY_CEILING,2024-05-14,243,229,0.9423868312757202,True,243,229,0.9423868312757202,True,229,0.9423868312757202,True
KSEI_COVERAGE_ONLY_CEILING,2024-05-15,242,227,0.9380165289256198,True,242,227,0.9380165289256198,True,227,0.9380165289256198,True
KSEI_COVERAGE_ONLY_CEILING,2024-05-16,246,231,0.9390243902439024,True,246,231,0.9390243902439024,True,231,0.9390243902439024,True
KSEI_COVERAGE_ONLY_CEILING,2024-05-17,246,231,0.9390243902439024,True,246,231,0.9390243902439024,True,231,0.9390243902439024,True
KSEI_COVERAGE_ONLY_CEILING,2024-05-20,245,230,0.9387755102040817,True,245,230,0.9387755102040817,True,230,0.9387755102040817,True
KSEI_COVERAGE_ONLY_CEILING,2024-05-21,243,228,0.9382716049382716,True,243,228,0.9382716049382716,True,228,0.9382716049382716,True
KSEI_COVERAGE_ONLY_CEILING,2024-05-22,243,228,0.9382716049382716,True,243,228,0.9382716049382716,True,228,0.9382716049382716,True
KSEI_COVERAGE_ONLY_CEILING,2024-05-27,243,228,0.9382716049382716,True,243,228,0.9382716049382716,True,228,0.9382716049382716,True
KSEI_COVERAGE_ONLY_CEILING,2024-05-28,242,227,0.9380165289256198,True,242,227,0.9380165289256198,True,227,0.9380165289256198,True
KSEI_COVERAGE_ONLY_CEILING,2024-05-29,243,228,0.9382716049382716,True,243,228,0.9382716049382716,True,228,0.9382716049382716,True
KSEI_COVERAGE_ONLY_CEILING,2024-05-30,242,227,0.9380165289256198,True,242,227,0.9380165289256198,True,227,0.9380165289256198,True
KSEI_COVERAGE_ONLY_CEILING,2024-05-31,242,227,0.9380165289256198,True,242,227,0.9380165289256198,True,227,0.9380165289256198,True
KSEI_COVERAGE_ONLY_CEILING,2024-06-03,243,228,0.9382716049382716,True,243,227,0.934156378600823,True,227,0.934156378600823,True
KSEI_COVERAGE_ONLY_CEILING,2024-06-04,240,225,0.9375,True,240,224,0.9333333333333333,True,224,0.9333333333333333,True
KSEI_COVERAGE_ONLY_CEILING,2024-06-05,238,223,0.9369747899159664,True,238,221,0.9285714285714286,True,221,0.9285714285714286,True
KSEI_COVERAGE_ONLY_CEILING,2024-06-06,238,223,0.9369747899159664,True,238,221,0.9285714285714286,True,221,0.9285714285714286,True
KSEI_COVERAGE_ONLY_CEILING,2024-06-07,237,222,0.9367088607594937,True,237,220,0.9282700421940928,True,220,0.9282700421940928,True
KSEI_COVERAGE_ONLY_CEILING,2024-06-10,238,222,0.9327731092436975,True,238,221,0.9285714285714286,True,221,0.9285714285714286,True
KSEI_COVERAGE_ONLY_CEILING,2024-06-11,238,222,0.9327731092436975,True,238,220,0.9243697478991597,True,220,0.9243697478991597,True
KSEI_COVERAGE_ONLY_CEILING,2024-06-12,237,220,0.9282700421940928,True,237,219,0.9240506329113924,True,219,0.9240506329113924,True
KSEI_COVERAGE_ONLY_CEILING,2024-06-13,237,220,0.9282700421940928,True,237,219,0.9240506329113924,True,219,0.9240506329113924,True
KSEI_COVERAGE_ONLY_CEILING,2024-06-14,238,222,0.9327731092436975,True,238,221,0.9285714285714286,True,221,0.9285714285714286,True
KSEI_COVERAGE_ONLY_CEILING,2024-06-19,236,220,0.9322033898305084,True,236,219,0.9279661016949152,True,219,0.9279661016949152,True
KSEI_COVERAGE_ONLY_CEILING,2024-06-20,236,220,0.9322033898305084,True,236,220,0.9322033898305084,True,220,0.9322033898305084,True
KSEI_COVERAGE_ONLY_CEILING,2024-06-21,237,221,0.9324894514767933,True,237,221,0.9324894514767933,True,221,0.9324894514767933,True
KSEI_COVERAGE_ONLY_CEILING,2024-06-24,237,221,0.9324894514767933,True,237,221,0.9324894514767933,True,221,0.9324894514767933,True
KSEI_COVERAGE_ONLY_CEILING,2024-06-25,237,221,0.9324894514767933,True,237,220,0.9282700421940928,True,220,0.9282700421940928,True
KSEI_COVERAGE_ONLY_CEILING,2024-06-26,236,222,0.940677966101695,True,236,221,0.9364406779661016,True,221,0.9364406779661016,True
KSEI_COVERAGE_ONLY_CEILING,2024-06-27,238,224,0.9411764705882353,True,238,223,0.9369747899159664,True,223,0.9369747899159664,True
KSEI_COVERAGE_ONLY_CEILING,2024-06-28,239,225,0.9414225941422594,True,239,224,0.9372384937238494,True,224,0.9372384937238494,True
KSEI_COVERAGE_ONLY_CEILING,2024-07-01,239,225,0.9414225941422594,True,239,224,0.9372384937238494,True,224,0.9372384937238494,True
KSEI_COVERAGE_ONLY_CEILING,2024-07-02,241,226,0.9377593360995851,True,241,226,0.9377593360995851,True,226,0.9377593360995851,True
KSEI_COVERAGE_ONLY_CEILING,2024-07-03,241,226,0.9377593360995851,True,241,226,0.9377593360995851,True,226,0.9377593360995851,True
KSEI_COVERAGE_ONLY_CEILING,2024-07-04,241,225,0.9336099585062241,True,241,225,0.9336099585062241,True,225,0.9336099585062241,True
KSEI_COVERAGE_ONLY_CEILING,2024-07-05,242,226,0.9338842975206612,True,242,226,0.9338842975206612,True,226,0.9338842975206612,True
KSEI_COVERAGE_ONLY_CEILING,2024-07-08,242,227,0.9380165289256198,True,242,227,0.9380165289256198,True,227,0.9380165289256198,True
KSEI_COVERAGE_ONLY_CEILING,2024-07-09,242,226,0.9338842975206612,True,242,226,0.9338842975206612,True,226,0.9338842975206612,True
KSEI_COVERAGE_ONLY_CEILING,2024-07-10,242,226,0.9338842975206612,True,242,226,0.9338842975206612,True,226,0.9338842975206612,True
KSEI_COVERAGE_ONLY_CEILING,2024-07-11,241,226,0.9377593360995851,True,241,226,0.9377593360995851,True,226,0.9377593360995851,True
KSEI_COVERAGE_ONLY_CEILING,2024-07-12,241,225,0.9336099585062241,True,241,225,0.9336099585062241,True,225,0.9336099585062241,True
KSEI_COVERAGE_ONLY_CEILING,2024-07-15,241,225,0.9336099585062241,True,241,225,0.9336099585062241,True,225,0.9336099585062241,True
KSEI_COVERAGE_ONLY_CEILING,2024-07-16,241,225,0.9336099585062241,True,241,225,0.9336099585062241,True,225,0.9336099585062241,True
KSEI_COVERAGE_ONLY_CEILING,2024-07-17,239,223,0.9330543933054394,True,239,223,0.9330543933054394,True,223,0.9330543933054394,True
KSEI_COVERAGE_ONLY_CEILING,2024-07-18,240,223,0.9291666666666667,True,240,223,0.9291666666666667,True,223,0.9291666666666667,True
KSEI_COVERAGE_ONLY_CEILING,2024-07-19,240,223,0.9291666666666667,True,240,223,0.9291666666666667,True,223,0.9291666666666667,True
KSEI_COVERAGE_ONLY_CEILING,2024-07-22,236,219,0.9279661016949152,True,236,219,0.9279661016949152,True,219,0.9279661016949152,True
KSEI_COVERAGE_ONLY_CEILING,2024-07-23,236,219,0.9279661016949152,True,236,219,0.9279661016949152,True,219,0.9279661016949152,True
KSEI_COVERAGE_ONLY_CEILING,2024-07-24,236,219,0.9279661016949152,True,236,219,0.9279661016949152,True,219,0.9279661016949152,True
KSEI_COVERAGE_ONLY_CEILING,2024-07-25,237,220,0.9282700421940928,True,237,220,0.9282700421940928,True,220,0.9282700421940928,True
KSEI_COVERAGE_ONLY_CEILING,2024-07-26,238,220,0.9243697478991597,True,238,220,0.9243697478991597,True,220,0.9243697478991597,True
KSEI_COVERAGE_ONLY_CEILING,2024-07-29,239,221,0.9246861924686193,True,239,221,0.9246861924686193,True,221,0.9246861924686193,True
KSEI_COVERAGE_ONLY_CEILING,2024-07-30,239,221,0.9246861924686193,True,239,221,0.9246861924686193,True,221,0.9246861924686193,True
KSEI_COVERAGE_ONLY_CEILING,2024-07-31,242,224,0.9256198347107438,True,242,224,0.9256198347107438,True,224,0.9256198347107438,True
KSEI_COVERAGE_ONLY_CEILING,2024-08-01,239,221,0.9246861924686193,True,239,221,0.9246861924686193,True,221,0.9246861924686193,True
KSEI_COVERAGE_ONLY_CEILING,2024-08-02,239,221,0.9246861924686193,True,239,221,0.9246861924686193,True,221,0.9246861924686193,True
KSEI_COVERAGE_ONLY_CEILING,2024-08-05,241,223,0.9253112033195021,True,241,223,0.9253112033195021,True,223,0.9253112033195021,True
KSEI_COVERAGE_ONLY_CEILING,2024-08-06,241,224,0.9294605809128631,True,241,224,0.9294605809128631,True,224,0.9294605809128631,True
KSEI_COVERAGE_ONLY_CEILING,2024-08-07,241,224,0.9294605809128631,True,241,224,0.9294605809128631,True,224,0.9294605809128631,True
KSEI_COVERAGE_ONLY_CEILING,2024-08-08,242,225,0.9297520661157025,True,242,225,0.9297520661157025,True,225,0.9297520661157025,True
KSEI_COVERAGE_ONLY_CEILING,2024-08-09,242,225,0.9297520661157025,True,242,225,0.9297520661157025,True,225,0.9297520661157025,True
KSEI_COVERAGE_ONLY_CEILING,2024-08-12,244,226,0.9262295081967213,True,244,226,0.9262295081967213,True,226,0.9262295081967213,True
KSEI_COVERAGE_ONLY_CEILING,2024-08-13,244,226,0.9262295081967213,True,244,226,0.9262295081967213,True,226,0.9262295081967213,True
KSEI_COVERAGE_ONLY_CEILING,2024-08-14,243,225,0.9259259259259259,True,243,225,0.9259259259259259,True,225,0.9259259259259259,True
KSEI_COVERAGE_ONLY_CEILING,2024-08-15,245,227,0.926530612244898,True,245,227,0.926530612244898,True,227,0.926530612244898,True
KSEI_COVERAGE_ONLY_CEILING,2024-08-16,246,228,0.926829268292683,True,246,228,0.926829268292683,True,228,0.926829268292683,True
KSEI_COVERAGE_ONLY_CEILING,2024-08-19,246,228,0.926829268292683,True,246,228,0.926829268292683,True,228,0.926829268292683,True
KSEI_COVERAGE_ONLY_CEILING,2024-08-20,245,227,0.926530612244898,True,245,227,0.926530612244898,True,227,0.926530612244898,True
KSEI_COVERAGE_ONLY_CEILING,2024-08-21,244,226,0.9262295081967213,True,244,226,0.9262295081967213,True,226,0.9262295081967213,True
KSEI_COVERAGE_ONLY_CEILING,2024-08-22,244,226,0.9262295081967213,True,244,226,0.9262295081967213,True,226,0.9262295081967213,True
KSEI_COVERAGE_ONLY_CEILING,2024-08-23,242,224,0.9256198347107438,True,242,224,0.9256198347107438,True,224,0.9256198347107438,True
KSEI_COVERAGE_ONLY_CEILING,2024-08-26,243,225,0.9259259259259259,True,243,225,0.9259259259259259,True,225,0.9259259259259259,True
KSEI_COVERAGE_ONLY_CEILING,2024-08-27,242,224,0.9256198347107438,True,242,224,0.9256198347107438,True,224,0.9256198347107438,True
KSEI_COVERAGE_ONLY_CEILING,2024-08-28,242,225,0.9297520661157025,True,242,225,0.9297520661157025,True,225,0.9297520661157025,True
KSEI_COVERAGE_ONLY_CEILING,2024-08-29,243,225,0.9259259259259259,True,243,225,0.9259259259259259,True,225,0.9259259259259259,True
KSEI_COVERAGE_ONLY_CEILING,2024-08-30,242,224,0.9256198347107438,True,242,224,0.9256198347107438,True,224,0.9256198347107438,True
KSEI_COVERAGE_ONLY_CEILING,2024-09-02,245,227,0.926530612244898,True,245,227,0.926530612244898,True,227,0.926530612244898,True
KSEI_COVERAGE_ONLY_CEILING,2024-09-03,247,229,0.9271255060728745,True,247,229,0.9271255060728745,True,229,0.9271255060728745,True
KSEI_COVERAGE_ONLY_CEILING,2024-09-04,248,230,0.9274193548387096,True,248,230,0.9274193548387096,True,230,0.9274193548387096,True
KSEI_COVERAGE_ONLY_CEILING,2024-09-05,247,229,0.9271255060728745,True,247,229,0.9271255060728745,True,229,0.9271255060728745,True
KSEI_COVERAGE_ONLY_CEILING,2024-09-06,242,224,0.9256198347107438,True,242,224,0.9256198347107438,True,224,0.9256198347107438,True
KSEI_COVERAGE_ONLY_CEILING,2024-09-09,243,225,0.9259259259259259,True,243,225,0.9259259259259259,True,225,0.9259259259259259,True
KSEI_COVERAGE_ONLY_CEILING,2024-09-10,244,226,0.9262295081967213,True,244,226,0.9262295081967213,True,226,0.9262295081967213,True
KSEI_COVERAGE_ONLY_CEILING,2024-09-11,245,227,0.926530612244898,True,245,227,0.926530612244898,True,227,0.926530612244898,True
KSEI_COVERAGE_ONLY_CEILING,2024-09-12,246,227,0.9227642276422764,True,246,227,0.9227642276422764,True,227,0.9227642276422764,True
KSEI_COVERAGE_ONLY_CEILING,2024-09-13,246,227,0.9227642276422764,True,246,227,0.9227642276422764,True,227,0.9227642276422764,True
KSEI_COVERAGE_ONLY_CEILING,2024-09-17,248,229,0.9233870967741935,True,248,229,0.9233870967741935,True,229,0.9233870967741935,True
KSEI_COVERAGE_ONLY_CEILING,2024-09-18,245,227,0.926530612244898,True,245,227,0.926530612244898,True,227,0.926530612244898,True
KSEI_COVERAGE_ONLY_CEILING,2024-09-19,246,228,0.926829268292683,True,246,228,0.926829268292683,True,228,0.926829268292683,True
KSEI_COVERAGE_ONLY_CEILING,2024-09-20,246,228,0.926829268292683,True,246,228,0.926829268292683,True,228,0.926829268292683,True
KSEI_COVERAGE_ONLY_CEILING,2024-09-23,246,228,0.926829268292683,True,246,228,0.926829268292683,True,228,0.926829268292683,True
KSEI_COVERAGE_ONLY_CEILING,2024-09-24,247,229,0.9271255060728745,True,247,229,0.9271255060728745,True,229,0.9271255060728745,True
KSEI_COVERAGE_ONLY_CEILING,2024-09-25,246,228,0.926829268292683,True,246,228,0.926829268292683,True,228,0.926829268292683,True
KSEI_COVERAGE_ONLY_CEILING,2024-09-26,248,230,0.9274193548387096,True,248,230,0.9274193548387096,True,230,0.9274193548387096,True
KSEI_COVERAGE_ONLY_CEILING,2024-09-27,247,229,0.9271255060728745,True,247,229,0.9271255060728745,True,229,0.9271255060728745,True
KSEI_COVERAGE_ONLY_CEILING,2024-09-30,248,230,0.9274193548387096,True,248,230,0.9274193548387096,True,230,0.9274193548387096,True
KSEI_COVERAGE_ONLY_CEILING,2024-10-01,248,230,0.9274193548387096,True,248,230,0.9274193548387096,True,230,0.9274193548387096,True
KSEI_COVERAGE_ONLY_CEILING,2024-10-02,248,229,0.9233870967741935,True,248,229,0.9233870967741935,True,229,0.9233870967741935,True
KSEI_COVERAGE_ONLY_CEILING,2024-10-03,247,228,0.9230769230769231,True,247,228,0.9230769230769231,True,228,0.9230769230769231,True
KSEI_COVERAGE_ONLY_CEILING,2024-10-04,249,230,0.9236947791164659,True,249,230,0.9236947791164659,True,230,0.9236947791164659,True
KSEI_COVERAGE_ONLY_CEILING,2024-10-07,248,229,0.9233870967741935,True,248,229,0.9233870967741935,True,229,0.9233870967741935,True
KSEI_COVERAGE_ONLY_CEILING,2024-10-08,246,228,0.926829268292683,True,246,228,0.926829268292683,True,228,0.926829268292683,True
KSEI_COVERAGE_ONLY_CEILING,2024-10-09,247,229,0.9271255060728745,True,247,229,0.9271255060728745,True,229,0.9271255060728745,True
KSEI_COVERAGE_ONLY_CEILING,2024-10-10,249,230,0.9236947791164659,True,249,230,0.9236947791164659,True,230,0.9236947791164659,True
KSEI_COVERAGE_ONLY_CEILING,2024-10-11,249,230,0.9236947791164659,True,249,230,0.9236947791164659,True,230,0.9236947791164659,True
KSEI_COVERAGE_ONLY_CEILING,2024-10-14,249,230,0.9236947791164659,True,249,230,0.9236947791164659,True,230,0.9236947791164659,True
KSEI_COVERAGE_ONLY_CEILING,2024-10-15,249,230,0.9236947791164659,True,249,230,0.9236947791164659,True,230,0.9236947791164659,True
KSEI_COVERAGE_ONLY_CEILING,2024-10-16,249,230,0.9236947791164659,True,249,230,0.9236947791164659,True,230,0.9236947791164659,True
KSEI_COVERAGE_ONLY_CEILING,2024-10-17,249,230,0.9236947791164659,True,249,230,0.9236947791164659,True,230,0.9236947791164659,True
KSEI_COVERAGE_ONLY_CEILING,2024-10-18,251,232,0.9243027888446215,True,251,232,0.9243027888446215,True,232,0.9243027888446215,True
KSEI_COVERAGE_ONLY_CEILING,2024-10-21,250,232,0.928,True,250,232,0.928,True,232,0.928,True
KSEI_COVERAGE_ONLY_CEILING,2024-10-22,250,232,0.928,True,250,232,0.928,True,232,0.928,True
KSEI_COVERAGE_ONLY_CEILING,2024-10-23,252,234,0.9285714285714286,True,252,234,0.9285714285714286,True,234,0.9285714285714286,True
KSEI_COVERAGE_ONLY_CEILING,2024-10-24,251,233,0.9282868525896414,True,251,233,0.9282868525896414,True,233,0.9282868525896414,True
KSEI_COVERAGE_ONLY_CEILING,2024-10-25,251,233,0.9282868525896414,True,251,233,0.9282868525896414,True,233,0.9282868525896414,True
KSEI_COVERAGE_ONLY_CEILING,2024-10-28,252,232,0.9206349206349206,True,252,231,0.9166666666666666,True,231,0.9166666666666666,True
KSEI_COVERAGE_ONLY_CEILING,2024-10-29,254,234,0.9212598425196851,True,254,233,0.9173228346456693,True,233,0.9173228346456693,True
KSEI_COVERAGE_ONLY_CEILING,2024-10-30,254,234,0.9212598425196851,True,254,233,0.9173228346456693,True,233,0.9173228346456693,True
KSEI_COVERAGE_ONLY_CEILING,2024-10-31,256,236,0.921875,True,256,235,0.91796875,True,235,0.91796875,True
KSEI_COVERAGE_ONLY_CEILING,2024-11-01,257,237,0.9221789883268483,True,257,236,0.9182879377431906,True,236,0.9182879377431906,True
KSEI_COVERAGE_ONLY_CEILING,2024-11-04,259,238,0.918918918918919,True,259,238,0.918918918918919,True,238,0.918918918918919,True
KSEI_COVERAGE_ONLY_CEILING,2024-11-05,261,239,0.9157088122605364,True,261,239,0.9157088122605364,True,239,0.9157088122605364,True
KSEI_COVERAGE_ONLY_CEILING,2024-11-06,262,241,0.9198473282442748,True,262,241,0.9198473282442748,True,241,0.9198473282442748,True
KSEI_COVERAGE_ONLY_CEILING,2024-11-07,263,242,0.9201520912547528,True,263,242,0.9201520912547528,True,242,0.9201520912547528,True
KSEI_COVERAGE_ONLY_CEILING,2024-11-08,264,244,0.9242424242424242,True,264,244,0.9242424242424242,True,244,0.9242424242424242,True
KSEI_COVERAGE_ONLY_CEILING,2024-11-11,264,244,0.9242424242424242,True,264,244,0.9242424242424242,True,244,0.9242424242424242,True
KSEI_COVERAGE_ONLY_CEILING,2024-11-12,264,244,0.9242424242424242,True,264,244,0.9242424242424242,True,244,0.9242424242424242,True
KSEI_COVERAGE_ONLY_CEILING,2024-11-13,261,242,0.9272030651340997,True,261,242,0.9272030651340997,True,242,0.9272030651340997,True
KSEI_COVERAGE_ONLY_CEILING,2024-11-14,260,241,0.926923076923077,True,260,241,0.926923076923077,True,241,0.926923076923077,True
KSEI_COVERAGE_ONLY_CEILING,2024-11-15,257,238,0.9260700389105059,True,257,238,0.9260700389105059,True,238,0.9260700389105059,True
KSEI_COVERAGE_ONLY_CEILING,2024-11-18,257,237,0.9221789883268483,True,257,237,0.9221789883268483,True,237,0.9221789883268483,True
KSEI_COVERAGE_ONLY_CEILING,2024-11-19,258,238,0.9224806201550387,True,258,238,0.9224806201550387,True,238,0.9224806201550387,True
KSEI_COVERAGE_ONLY_CEILING,2024-11-20,255,235,0.9215686274509803,True,255,235,0.9215686274509803,True,235,0.9215686274509803,True
KSEI_COVERAGE_ONLY_CEILING,2024-11-21,256,235,0.91796875,True,256,235,0.91796875,True,235,0.91796875,True
KSEI_COVERAGE_ONLY_CEILING,2024-11-22,252,232,0.9206349206349206,True,252,232,0.9206349206349206,True,232,0.9206349206349206,True
KSEI_COVERAGE_ONLY_CEILING,2024-11-25,252,232,0.9206349206349206,True,252,232,0.9206349206349206,True,232,0.9206349206349206,True
KSEI_COVERAGE_ONLY_CEILING,2024-11-26,252,231,0.9166666666666666,True,252,231,0.9166666666666666,True,231,0.9166666666666666,True
KSEI_COVERAGE_ONLY_CEILING,2024-11-28,252,232,0.9206349206349206,True,252,232,0.9206349206349206,True,232,0.9206349206349206,True
KSEI_COVERAGE_ONLY_CEILING,2024-11-29,252,232,0.9206349206349206,True,252,232,0.9206349206349206,True,232,0.9206349206349206,True
KSEI_COVERAGE_ONLY_CEILING,2024-12-02,251,230,0.9163346613545816,True,251,230,0.9163346613545816,True,230,0.9163346613545816,True
KSEI_COVERAGE_ONLY_CEILING,2024-12-03,249,229,0.9196787148594378,True,249,229,0.9196787148594378,True,229,0.9196787148594378,True
KSEI_COVERAGE_ONLY_CEILING,2024-12-04,252,231,0.9166666666666666,True,252,231,0.9166666666666666,True,231,0.9166666666666666,True
KSEI_COVERAGE_ONLY_CEILING,2024-12-05,252,231,0.9166666666666666,True,252,231,0.9166666666666666,True,231,0.9166666666666666,True
KSEI_COVERAGE_ONLY_CEILING,2024-12-06,251,231,0.9203187250996016,True,251,231,0.9203187250996016,True,231,0.9203187250996016,True
KSEI_COVERAGE_ONLY_CEILING,2024-12-09,250,230,0.92,True,250,230,0.92,True,230,0.92,True
KSEI_COVERAGE_ONLY_CEILING,2024-12-10,252,232,0.9206349206349206,True,252,232,0.9206349206349206,True,232,0.9206349206349206,True
KSEI_COVERAGE_ONLY_CEILING,2024-12-11,255,235,0.9215686274509803,True,255,235,0.9215686274509803,True,235,0.9215686274509803,True
KSEI_COVERAGE_ONLY_CEILING,2024-12-12,257,237,0.9221789883268483,True,257,237,0.9221789883268483,True,237,0.9221789883268483,True
KSEI_COVERAGE_ONLY_CEILING,2024-12-13,256,236,0.921875,True,256,235,0.91796875,True,235,0.91796875,True
KSEI_COVERAGE_ONLY_CEILING,2024-12-16,256,236,0.921875,True,256,235,0.91796875,True,235,0.91796875,True
KSEI_COVERAGE_ONLY_CEILING,2024-12-17,254,235,0.9251968503937008,True,254,234,0.9212598425196851,True,234,0.9212598425196851,True
KSEI_COVERAGE_ONLY_CEILING,2024-12-18,255,236,0.9254901960784314,True,255,235,0.9215686274509803,True,235,0.9215686274509803,True
KSEI_COVERAGE_ONLY_CEILING,2024-12-19,254,235,0.9251968503937008,True,254,234,0.9212598425196851,True,234,0.9212598425196851,True
KSEI_COVERAGE_ONLY_CEILING,2024-12-20,253,233,0.9209486166007905,True,253,233,0.9209486166007905,True,233,0.9209486166007905,True
KSEI_COVERAGE_ONLY_CEILING,2024-12-23,249,229,0.9196787148594378,True,249,229,0.9196787148594378,True,229,0.9196787148594378,True
KSEI_COVERAGE_ONLY_CEILING,2024-12-24,252,231,0.9166666666666666,True,252,231,0.9166666666666666,True,231,0.9166666666666666,True
KSEI_COVERAGE_ONLY_CEILING,2024-12-27,251,230,0.9163346613545816,True,251,230,0.9163346613545816,True,230,0.9163346613545816,True
KSEI_COVERAGE_ONLY_CEILING,2024-12-30,248,229,0.9233870967741935,True,248,229,0.9233870967741935,True,229,0.9233870967741935,True
KSEI_COVERAGE_ONLY_CEILING,2025-01-02,250,230,0.92,True,250,230,0.92,True,230,0.92,True
KSEI_COVERAGE_ONLY_CEILING,2025-01-03,250,230,0.92,True,250,230,0.92,True,230,0.92,True
KSEI_COVERAGE_ONLY_CEILING,2025-01-06,248,228,0.9193548387096774,True,248,228,0.9193548387096774,True,228,0.9193548387096774,True
KSEI_COVERAGE_ONLY_CEILING,2025-01-07,250,230,0.92,True,250,230,0.92,True,230,0.92,True
KSEI_COVERAGE_ONLY_CEILING,2025-01-08,250,230,0.92,True,250,230,0.92,True,230,0.92,True
KSEI_COVERAGE_ONLY_CEILING,2025-01-09,246,226,0.9186991869918699,True,246,226,0.9186991869918699,True,226,0.9186991869918699,True
KSEI_COVERAGE_ONLY_CEILING,2025-01-10,244,224,0.9180327868852459,True,244,224,0.9180327868852459,True,224,0.9180327868852459,True
KSEI_COVERAGE_ONLY_CEILING,2025-01-13,242,222,0.9173553719008265,True,242,222,0.9173553719008265,True,222,0.9173553719008265,True
KSEI_COVERAGE_ONLY_CEILING,2025-01-14,240,220,0.9166666666666666,True,240,220,0.9166666666666666,True,220,0.9166666666666666,True
KSEI_COVERAGE_ONLY_CEILING,2025-01-15,240,220,0.9166666666666666,True,240,220,0.9166666666666666,True,220,0.9166666666666666,True
KSEI_COVERAGE_ONLY_CEILING,2025-01-16,240,220,0.9166666666666666,True,240,220,0.9166666666666666,True,220,0.9166666666666666,True
KSEI_COVERAGE_ONLY_CEILING,2025-01-17,239,220,0.9205020920502092,True,239,220,0.9205020920502092,True,220,0.9205020920502092,True
KSEI_COVERAGE_ONLY_CEILING,2025-01-20,238,219,0.9201680672268907,True,238,219,0.9201680672268907,True,219,0.9201680672268907,True
KSEI_COVERAGE_ONLY_CEILING,2025-01-21,240,221,0.9208333333333333,True,240,221,0.9208333333333333,True,221,0.9208333333333333,True
KSEI_COVERAGE_ONLY_CEILING,2025-01-22,240,221,0.9208333333333333,True,240,221,0.9208333333333333,True,221,0.9208333333333333,True
KSEI_COVERAGE_ONLY_CEILING,2025-01-23,240,221,0.9208333333333333,True,240,221,0.9208333333333333,True,221,0.9208333333333333,True
KSEI_COVERAGE_ONLY_CEILING,2025-01-24,240,221,0.9208333333333333,True,240,221,0.9208333333333333,True,221,0.9208333333333333,True
KSEI_COVERAGE_ONLY_CEILING,2025-01-30,240,221,0.9208333333333333,True,240,221,0.9208333333333333,True,221,0.9208333333333333,True
KSEI_COVERAGE_ONLY_CEILING,2025-01-31,235,216,0.9191489361702128,True,235,216,0.9191489361702128,True,216,0.9191489361702128,True
KSEI_COVERAGE_ONLY_CEILING,2025-02-03,236,218,0.923728813559322,True,236,218,0.923728813559322,True,218,0.923728813559322,True
KSEI_COVERAGE_ONLY_CEILING,2025-02-04,230,212,0.9217391304347826,True,230,212,0.9217391304347826,True,212,0.9217391304347826,True
KSEI_COVERAGE_ONLY_CEILING,2025-02-05,229,211,0.9213973799126638,True,229,211,0.9213973799126638,True,211,0.9213973799126638,True
KSEI_COVERAGE_ONLY_CEILING,2025-02-06,231,214,0.9264069264069265,True,231,214,0.9264069264069265,True,214,0.9264069264069265,True
KSEI_COVERAGE_ONLY_CEILING,2025-02-07,234,216,0.9230769230769231,True,234,216,0.9230769230769231,True,216,0.9230769230769231,True
KSEI_COVERAGE_ONLY_CEILING,2025-02-10,235,217,0.9234042553191489,True,235,217,0.9234042553191489,True,217,0.9234042553191489,True
KSEI_COVERAGE_ONLY_CEILING,2025-02-11,236,218,0.923728813559322,True,236,218,0.923728813559322,True,218,0.923728813559322,True
KSEI_COVERAGE_ONLY_CEILING,2025-02-12,235,218,0.9276595744680851,True,235,218,0.9276595744680851,True,218,0.9276595744680851,True
KSEI_COVERAGE_ONLY_CEILING,2025-02-13,238,220,0.9243697478991597,True,238,220,0.9243697478991597,True,220,0.9243697478991597,True
KSEI_COVERAGE_ONLY_CEILING,2025-02-14,237,219,0.9240506329113924,True,237,219,0.9240506329113924,True,219,0.9240506329113924,True
KSEI_COVERAGE_ONLY_CEILING,2025-02-17,232,214,0.9224137931034483,True,232,214,0.9224137931034483,True,214,0.9224137931034483,True
KSEI_COVERAGE_ONLY_CEILING,2025-02-18,234,216,0.9230769230769231,True,234,216,0.9230769230769231,True,216,0.9230769230769231,True
KSEI_COVERAGE_ONLY_CEILING,2025-02-19,234,217,0.9273504273504274,True,234,217,0.9273504273504274,True,217,0.9273504273504274,True
KSEI_COVERAGE_ONLY_CEILING,2025-02-20,234,217,0.9273504273504274,True,234,217,0.9273504273504274,True,217,0.9273504273504274,True
KSEI_COVERAGE_ONLY_CEILING,2025-02-21,233,216,0.927038626609442,True,233,216,0.927038626609442,True,216,0.927038626609442,True
KSEI_COVERAGE_ONLY_CEILING,2025-02-24,233,215,0.9227467811158798,True,233,215,0.9227467811158798,True,215,0.9227467811158798,True
KSEI_COVERAGE_ONLY_CEILING,2025-02-25,230,213,0.9260869565217391,True,230,213,0.9260869565217391,True,213,0.9260869565217391,True
KSEI_COVERAGE_ONLY_CEILING,2025-02-26,232,214,0.9224137931034483,True,232,214,0.9224137931034483,True,214,0.9224137931034483,True
KSEI_COVERAGE_ONLY_CEILING,2025-02-27,230,212,0.9217391304347826,True,230,212,0.9217391304347826,True,212,0.9217391304347826,True
KSEI_COVERAGE_ONLY_CEILING,2025-02-28,231,213,0.922077922077922,True,231,213,0.922077922077922,True,213,0.922077922077922,True
KSEI_COVERAGE_ONLY_CEILING,2025-03-03,234,216,0.9230769230769231,True,234,216,0.9230769230769231,True,216,0.9230769230769231,True
KSEI_COVERAGE_ONLY_CEILING,2025-03-04,233,216,0.927038626609442,True,233,216,0.927038626609442,True,216,0.927038626609442,True
KSEI_COVERAGE_ONLY_CEILING,2025-03-05,236,217,0.9194915254237288,True,236,217,0.9194915254237288,True,217,0.9194915254237288,True
KSEI_COVERAGE_ONLY_CEILING,2025-03-06,236,217,0.9194915254237288,True,236,217,0.9194915254237288,True,217,0.9194915254237288,True
KSEI_COVERAGE_ONLY_CEILING,2025-03-07,236,217,0.9194915254237288,True,236,217,0.9194915254237288,True,217,0.9194915254237288,True
KSEI_COVERAGE_ONLY_CEILING,2025-03-10,234,215,0.9188034188034188,True,234,215,0.9188034188034188,True,215,0.9188034188034188,True
KSEI_COVERAGE_ONLY_CEILING,2025-03-11,235,215,0.9148936170212766,True,235,215,0.9148936170212766,True,215,0.9148936170212766,True
KSEI_COVERAGE_ONLY_CEILING,2025-03-12,235,215,0.9148936170212766,True,235,215,0.9148936170212766,True,215,0.9148936170212766,True
KSEI_COVERAGE_ONLY_CEILING,2025-03-13,235,215,0.9148936170212766,True,235,215,0.9148936170212766,True,215,0.9148936170212766,True
KSEI_COVERAGE_ONLY_CEILING,2025-03-14,234,214,0.9145299145299145,True,234,214,0.9145299145299145,True,214,0.9145299145299145,True
KSEI_COVERAGE_ONLY_CEILING,2025-03-17,234,214,0.9145299145299145,True,234,214,0.9145299145299145,True,214,0.9145299145299145,True
KSEI_COVERAGE_ONLY_CEILING,2025-03-18,234,214,0.9145299145299145,True,234,214,0.9145299145299145,True,214,0.9145299145299145,True
KSEI_COVERAGE_ONLY_CEILING,2025-03-19,234,213,0.9102564102564102,True,234,213,0.9102564102564102,True,213,0.9102564102564102,True
KSEI_COVERAGE_ONLY_CEILING,2025-03-20,234,213,0.9102564102564102,True,234,213,0.9102564102564102,True,213,0.9102564102564102,True
KSEI_COVERAGE_ONLY_CEILING,2025-03-21,233,212,0.9098712446351931,True,233,212,0.9098712446351931,True,212,0.9098712446351931,True
KSEI_COVERAGE_ONLY_CEILING,2025-03-24,231,210,0.9090909090909091,True,231,210,0.9090909090909091,True,210,0.9090909090909091,True
KSEI_COVERAGE_ONLY_CEILING,2025-03-25,234,212,0.905982905982906,True,234,212,0.905982905982906,True,212,0.905982905982906,True
KSEI_COVERAGE_ONLY_CEILING,2025-03-26,232,210,0.9051724137931034,True,232,210,0.9051724137931034,True,210,0.9051724137931034,True
KSEI_COVERAGE_ONLY_CEILING,2025-03-27,232,211,0.9094827586206896,True,232,211,0.9094827586206896,True,211,0.9094827586206896,True
KSEI_COVERAGE_ONLY_CEILING,2025-04-08,229,208,0.9082969432314411,True,229,208,0.9082969432314411,True,208,0.9082969432314411,True
KSEI_COVERAGE_ONLY_CEILING,2025-04-09,228,206,0.9035087719298246,True,228,206,0.9035087719298246,True,206,0.9035087719298246,True
KSEI_COVERAGE_ONLY_CEILING,2025-04-10,228,206,0.9035087719298246,True,228,206,0.9035087719298246,True,206,0.9035087719298246,True
KSEI_COVERAGE_ONLY_CEILING,2025-04-11,229,207,0.9039301310043668,True,229,207,0.9039301310043668,True,207,0.9039301310043668,True
KSEI_COVERAGE_ONLY_CEILING,2025-04-14,229,207,0.9039301310043668,True,229,207,0.9039301310043668,True,207,0.9039301310043668,True
KSEI_COVERAGE_ONLY_CEILING,2025-04-15,230,208,0.9043478260869565,True,230,208,0.9043478260869565,True,208,0.9043478260869565,True
KSEI_COVERAGE_ONLY_CEILING,2025-04-16,231,209,0.9047619047619048,True,231,209,0.9047619047619048,True,209,0.9047619047619048,True
KSEI_COVERAGE_ONLY_CEILING,2025-04-17,229,207,0.9039301310043668,True,229,207,0.9039301310043668,True,207,0.9039301310043668,True
KSEI_COVERAGE_ONLY_CEILING,2025-04-21,228,206,0.9035087719298246,True,228,206,0.9035087719298246,True,206,0.9035087719298246,True
KSEI_COVERAGE_ONLY_CEILING,2025-04-22,228,206,0.9035087719298246,True,228,206,0.9035087719298246,True,206,0.9035087719298246,True
KSEI_COVERAGE_ONLY_CEILING,2025-04-23,226,204,0.9026548672566371,True,226,204,0.9026548672566371,True,204,0.9026548672566371,True
KSEI_COVERAGE_ONLY_CEILING,2025-04-24,226,204,0.9026548672566371,True,226,204,0.9026548672566371,True,204,0.9026548672566371,True
KSEI_COVERAGE_ONLY_CEILING,2025-04-25,227,205,0.9030837004405287,True,227,205,0.9030837004405287,True,205,0.9030837004405287,True
KSEI_COVERAGE_ONLY_CEILING,2025-04-28,225,203,0.9022222222222223,True,225,203,0.9022222222222223,True,203,0.9022222222222223,True
KSEI_COVERAGE_ONLY_CEILING,2025-04-29,224,203,0.90625,True,224,203,0.90625,True,203,0.90625,True
KSEI_COVERAGE_ONLY_CEILING,2025-04-30,222,202,0.9099099099099099,True,222,202,0.9099099099099099,True,202,0.9099099099099099,True
KSEI_COVERAGE_ONLY_CEILING,2025-05-02,226,205,0.9070796460176991,True,226,205,0.9070796460176991,True,205,0.9070796460176991,True
KSEI_COVERAGE_ONLY_CEILING,2025-05-05,225,204,0.9066666666666666,True,225,204,0.9066666666666666,True,204,0.9066666666666666,True
KSEI_COVERAGE_ONLY_CEILING,2025-05-06,226,205,0.9070796460176991,True,226,205,0.9070796460176991,True,205,0.9070796460176991,True
KSEI_COVERAGE_ONLY_CEILING,2025-05-07,225,205,0.9111111111111111,True,225,205,0.9111111111111111,True,205,0.9111111111111111,True
KSEI_COVERAGE_ONLY_CEILING,2025-05-08,226,206,0.911504424778761,True,226,206,0.911504424778761,True,206,0.911504424778761,True
KSEI_COVERAGE_ONLY_CEILING,2025-05-09,224,204,0.9107142857142857,True,224,204,0.9107142857142857,True,204,0.9107142857142857,True
KSEI_COVERAGE_ONLY_CEILING,2025-05-14,223,204,0.9147982062780269,True,223,204,0.9147982062780269,True,204,0.9147982062780269,True
KSEI_COVERAGE_ONLY_CEILING,2025-05-15,227,207,0.9118942731277533,True,227,207,0.9118942731277533,True,207,0.9118942731277533,True
KSEI_COVERAGE_ONLY_CEILING,2025-05-16,227,207,0.9118942731277533,True,227,207,0.9118942731277533,True,207,0.9118942731277533,True
KSEI_COVERAGE_ONLY_CEILING,2025-05-19,228,208,0.9122807017543859,True,228,207,0.9078947368421053,True,207,0.9078947368421053,True
KSEI_COVERAGE_ONLY_CEILING,2025-05-20,227,207,0.9118942731277533,True,227,207,0.9118942731277533,True,207,0.9118942731277533,True
KSEI_COVERAGE_ONLY_CEILING,2025-05-21,228,207,0.9078947368421053,True,228,205,0.8991228070175439,False,205,0.8991228070175439,False
KSEI_COVERAGE_ONLY_CEILING,2025-05-22,229,208,0.9082969432314411,True,229,206,0.8995633187772926,False,206,0.8995633187772926,False
KSEI_COVERAGE_ONLY_CEILING,2025-05-23,229,208,0.9082969432314411,True,229,206,0.8995633187772926,False,206,0.8995633187772926,False
KSEI_COVERAGE_ONLY_CEILING,2025-05-26,230,210,0.9130434782608695,True,230,208,0.9043478260869565,True,208,0.9043478260869565,True
KSEI_COVERAGE_ONLY_CEILING,2025-05-27,233,213,0.9141630901287554,True,233,211,0.9055793991416309,True,211,0.9055793991416309,True
KSEI_COVERAGE_ONLY_CEILING,2025-05-28,235,213,0.9063829787234042,True,235,213,0.9063829787234042,True,213,0.9063829787234042,True
KSEI_COVERAGE_ONLY_CEILING,2025-06-02,236,214,0.9067796610169492,True,236,214,0.9067796610169492,True,214,0.9067796610169492,True
KSEI_COVERAGE_ONLY_CEILING,2025-06-03,235,213,0.9063829787234042,True,235,213,0.9063829787234042,True,213,0.9063829787234042,True
KSEI_COVERAGE_ONLY_CEILING,2025-06-04,235,213,0.9063829787234042,True,235,213,0.9063829787234042,True,213,0.9063829787234042,True
KSEI_COVERAGE_ONLY_CEILING,2025-06-05,237,217,0.9156118143459916,True,237,217,0.9156118143459916,True,217,0.9156118143459916,True
KSEI_COVERAGE_ONLY_CEILING,2025-06-10,238,218,0.9159663865546218,True,238,218,0.9159663865546218,True,218,0.9159663865546218,True
KSEI_COVERAGE_ONLY_CEILING,2025-06-11,238,218,0.9159663865546218,True,238,218,0.9159663865546218,True,218,0.9159663865546218,True
KSEI_COVERAGE_ONLY_CEILING,2025-06-12,238,219,0.9201680672268907,True,238,219,0.9201680672268907,True,219,0.9201680672268907,True
KSEI_COVERAGE_ONLY_CEILING,2025-06-13,241,221,0.91701244813278,True,241,221,0.91701244813278,True,221,0.91701244813278,True
KSEI_COVERAGE_ONLY_CEILING,2025-06-16,241,221,0.91701244813278,True,241,221,0.91701244813278,True,221,0.91701244813278,True
KSEI_COVERAGE_ONLY_CEILING,2025-06-17,240,222,0.925,True,240,221,0.9208333333333333,True,221,0.9208333333333333,True
KSEI_COVERAGE_ONLY_CEILING,2025-06-18,239,221,0.9246861924686193,True,239,220,0.9205020920502092,True,220,0.9205020920502092,True
KSEI_COVERAGE_ONLY_CEILING,2025-06-19,240,223,0.9291666666666667,True,240,222,0.925,True,222,0.925,True
KSEI_COVERAGE_ONLY_CEILING,2025-06-20,239,223,0.9330543933054394,True,239,221,0.9246861924686193,True,221,0.9246861924686193,True
KSEI_COVERAGE_ONLY_CEILING,2025-06-23,239,223,0.9330543933054394,True,239,221,0.9246861924686193,True,221,0.9246861924686193,True
KSEI_COVERAGE_ONLY_CEILING,2025-06-24,241,224,0.9294605809128631,True,241,221,0.91701244813278,True,221,0.91701244813278,True
KSEI_COVERAGE_ONLY_CEILING,2025-06-25,243,226,0.9300411522633745,True,243,223,0.9176954732510288,True,223,0.9176954732510288,True
KSEI_COVERAGE_ONLY_CEILING,2025-06-26,244,227,0.930327868852459,True,244,224,0.9180327868852459,True,224,0.9180327868852459,True
KSEI_COVERAGE_ONLY_CEILING,2025-06-30,244,225,0.9221311475409836,True,244,223,0.9139344262295082,True,223,0.9139344262295082,True
KSEI_COVERAGE_ONLY_CEILING,2025-07-01,242,224,0.9256198347107438,True,242,222,0.9173553719008265,True,222,0.9173553719008265,True
KSEI_COVERAGE_ONLY_CEILING,2025-07-02,241,221,0.91701244813278,True,241,221,0.91701244813278,True,221,0.91701244813278,True
KSEI_COVERAGE_ONLY_CEILING,2025-07-03,242,222,0.9173553719008265,True,242,222,0.9173553719008265,True,222,0.9173553719008265,True
KSEI_COVERAGE_ONLY_CEILING,2025-07-04,244,225,0.9221311475409836,True,244,225,0.9221311475409836,True,225,0.9221311475409836,True
KSEI_COVERAGE_ONLY_CEILING,2025-07-07,242,223,0.9214876033057852,True,242,223,0.9214876033057852,True,223,0.9214876033057852,True
KSEI_COVERAGE_ONLY_CEILING,2025-07-08,242,225,0.9297520661157025,True,242,225,0.9297520661157025,True,225,0.9297520661157025,True
KSEI_COVERAGE_ONLY_CEILING,2025-07-09,241,224,0.9294605809128631,True,241,224,0.9294605809128631,True,224,0.9294605809128631,True
KSEI_COVERAGE_ONLY_CEILING,2025-07-10,242,225,0.9297520661157025,True,242,225,0.9297520661157025,True,225,0.9297520661157025,True
KSEI_COVERAGE_ONLY_CEILING,2025-07-11,242,225,0.9297520661157025,True,242,225,0.9297520661157025,True,225,0.9297520661157025,True
KSEI_COVERAGE_ONLY_CEILING,2025-07-14,242,225,0.9297520661157025,True,242,225,0.9297520661157025,True,225,0.9297520661157025,True
KSEI_COVERAGE_ONLY_CEILING,2025-07-15,244,226,0.9262295081967213,True,244,226,0.9262295081967213,True,226,0.9262295081967213,True
KSEI_COVERAGE_ONLY_CEILING,2025-07-16,245,227,0.926530612244898,True,245,227,0.926530612244898,True,227,0.926530612244898,True
KSEI_COVERAGE_ONLY_CEILING,2025-07-17,247,228,0.9230769230769231,True,247,228,0.9230769230769231,True,228,0.9230769230769231,True
KSEI_COVERAGE_ONLY_CEILING,2025-07-18,248,229,0.9233870967741935,True,248,229,0.9233870967741935,True,229,0.9233870967741935,True
KSEI_COVERAGE_ONLY_CEILING,2025-07-21,250,231,0.924,True,250,231,0.924,True,231,0.924,True
KSEI_COVERAGE_ONLY_CEILING,2025-07-22,250,231,0.924,True,250,231,0.924,True,231,0.924,True
KSEI_COVERAGE_ONLY_CEILING,2025-07-23,250,231,0.924,True,250,231,0.924,True,231,0.924,True
KSEI_COVERAGE_ONLY_CEILING,2025-07-24,249,230,0.9236947791164659,True,249,230,0.9236947791164659,True,230,0.9236947791164659,True
KSEI_COVERAGE_ONLY_CEILING,2025-07-25,251,232,0.9243027888446215,True,251,232,0.9243027888446215,True,232,0.9243027888446215,True
KSEI_COVERAGE_ONLY_CEILING,2025-07-28,252,233,0.9246031746031746,True,252,233,0.9246031746031746,True,233,0.9246031746031746,True
KSEI_COVERAGE_ONLY_CEILING,2025-07-29,255,236,0.9254901960784314,True,255,236,0.9254901960784314,True,236,0.9254901960784314,True
KSEI_COVERAGE_ONLY_CEILING,2025-07-30,256,238,0.9296875,True,256,238,0.9296875,True,238,0.9296875,True
KSEI_COVERAGE_ONLY_CEILING,2025-07-31,256,237,0.92578125,True,256,237,0.92578125,True,237,0.92578125,True
KSEI_COVERAGE_ONLY_CEILING,2025-08-01,256,238,0.9296875,True,256,238,0.9296875,True,238,0.9296875,True
KSEI_COVERAGE_ONLY_CEILING,2025-08-04,258,239,0.9263565891472868,True,258,239,0.9263565891472868,True,239,0.9263565891472868,True
KSEI_COVERAGE_ONLY_CEILING,2025-08-05,259,240,0.9266409266409267,True,259,240,0.9266409266409267,True,240,0.9266409266409267,True
KSEI_COVERAGE_ONLY_CEILING,2025-08-06,261,242,0.9272030651340997,True,261,242,0.9272030651340997,True,242,0.9272030651340997,True
KSEI_COVERAGE_ONLY_CEILING,2025-08-07,262,243,0.9274809160305344,True,262,243,0.9274809160305344,True,243,0.9274809160305344,True
KSEI_COVERAGE_ONLY_CEILING,2025-08-08,267,248,0.9288389513108615,True,267,248,0.9288389513108615,True,248,0.9288389513108615,True
KSEI_COVERAGE_ONLY_CEILING,2025-08-11,266,247,0.9285714285714286,True,266,247,0.9285714285714286,True,247,0.9285714285714286,True
KSEI_COVERAGE_ONLY_CEILING,2025-08-12,266,246,0.924812030075188,True,266,246,0.924812030075188,True,246,0.924812030075188,True
KSEI_COVERAGE_ONLY_CEILING,2025-08-13,267,247,0.9250936329588015,True,267,247,0.9250936329588015,True,247,0.9250936329588015,True
KSEI_COVERAGE_ONLY_CEILING,2025-08-14,266,247,0.9285714285714286,True,266,247,0.9285714285714286,True,247,0.9285714285714286,True
KSEI_COVERAGE_ONLY_CEILING,2025-08-15,268,248,0.9253731343283582,True,268,248,0.9253731343283582,True,248,0.9253731343283582,True
KSEI_COVERAGE_ONLY_CEILING,2025-08-19,267,248,0.9288389513108615,True,267,248,0.9288389513108615,True,248,0.9288389513108615,True
KSEI_COVERAGE_ONLY_CEILING,2025-08-20,268,249,0.9291044776119403,True,268,249,0.9291044776119403,True,249,0.9291044776119403,True
KSEI_COVERAGE_ONLY_CEILING,2025-08-21,266,247,0.9285714285714286,True,266,247,0.9285714285714286,True,247,0.9285714285714286,True
KSEI_COVERAGE_ONLY_CEILING,2025-08-22,268,248,0.9253731343283582,True,268,248,0.9253731343283582,True,248,0.9253731343283582,True
KSEI_COVERAGE_ONLY_CEILING,2025-08-25,269,248,0.9219330855018587,True,269,248,0.9219330855018587,True,248,0.9219330855018587,True
KSEI_COVERAGE_ONLY_CEILING,2025-08-26,269,246,0.9144981412639405,True,269,246,0.9144981412639405,True,246,0.9144981412639405,True
KSEI_COVERAGE_ONLY_CEILING,2025-08-27,273,249,0.9120879120879121,True,273,249,0.9120879120879121,True,249,0.9120879120879121,True
KSEI_COVERAGE_ONLY_CEILING,2025-08-28,273,249,0.9120879120879121,True,273,249,0.9120879120879121,True,249,0.9120879120879121,True
KSEI_COVERAGE_ONLY_CEILING,2025-08-29,271,247,0.9114391143911439,True,271,247,0.9114391143911439,True,247,0.9114391143911439,True
KSEI_COVERAGE_ONLY_CEILING,2025-09-01,275,251,0.9127272727272727,True,275,251,0.9127272727272727,True,251,0.9127272727272727,True
KSEI_COVERAGE_ONLY_CEILING,2025-09-02,276,252,0.9130434782608695,True,276,252,0.9130434782608695,True,252,0.9130434782608695,True
KSEI_COVERAGE_ONLY_CEILING,2025-09-03,278,254,0.9136690647482014,True,278,254,0.9136690647482014,True,254,0.9136690647482014,True
KSEI_COVERAGE_ONLY_CEILING,2025-09-04,279,255,0.9139784946236559,True,279,255,0.9139784946236559,True,255,0.9139784946236559,True
KSEI_COVERAGE_ONLY_CEILING,2025-09-08,281,257,0.9145907473309609,True,281,257,0.9145907473309609,True,257,0.9145907473309609,True
KSEI_COVERAGE_ONLY_CEILING,2025-09-09,282,258,0.9148936170212766,True,282,258,0.9148936170212766,True,258,0.9148936170212766,True
KSEI_COVERAGE_ONLY_CEILING,2025-09-10,283,259,0.9151943462897526,True,283,259,0.9151943462897526,True,259,0.9151943462897526,True
KSEI_COVERAGE_ONLY_CEILING,2025-09-11,287,263,0.9163763066202091,True,287,263,0.9163763066202091,True,263,0.9163763066202091,True
KSEI_COVERAGE_ONLY_CEILING,2025-09-12,289,264,0.9134948096885813,True,289,264,0.9134948096885813,True,264,0.9134948096885813,True
KSEI_COVERAGE_ONLY_CEILING,2025-09-15,289,264,0.9134948096885813,True,289,264,0.9134948096885813,True,264,0.9134948096885813,True
KSEI_COVERAGE_ONLY_CEILING,2025-09-16,293,268,0.9146757679180887,True,293,268,0.9146757679180887,True,268,0.9146757679180887,True
KSEI_COVERAGE_ONLY_CEILING,2025-09-17,293,268,0.9146757679180887,True,293,268,0.9146757679180887,True,268,0.9146757679180887,True
KSEI_COVERAGE_ONLY_CEILING,2025-09-18,298,273,0.9161073825503355,True,298,273,0.9161073825503355,True,273,0.9161073825503355,True
KSEI_COVERAGE_ONLY_CEILING,2025-09-19,298,273,0.9161073825503355,True,298,273,0.9161073825503355,True,273,0.9161073825503355,True
KSEI_COVERAGE_ONLY_CEILING,2025-09-22,299,274,0.9163879598662207,True,299,274,0.9163879598662207,True,274,0.9163879598662207,True
KSEI_COVERAGE_ONLY_CEILING,2025-09-23,304,278,0.9144736842105263,True,304,278,0.9144736842105263,True,278,0.9144736842105263,True
KSEI_COVERAGE_ONLY_CEILING,2025-09-24,306,280,0.9150326797385621,True,306,280,0.9150326797385621,True,280,0.9150326797385621,True
KSEI_COVERAGE_ONLY_CEILING,2025-09-25,311,285,0.9163987138263665,True,311,285,0.9163987138263665,True,285,0.9163987138263665,True
KSEI_COVERAGE_ONLY_CEILING,2025-09-26,311,287,0.9228295819935691,True,311,287,0.9228295819935691,True,287,0.9228295819935691,True
KSEI_COVERAGE_ONLY_CEILING,2025-09-29,316,290,0.9177215189873418,True,316,290,0.9177215189873418,True,290,0.9177215189873418,True
KSEI_COVERAGE_ONLY_CEILING,2025-09-30,316,291,0.9208860759493671,True,316,291,0.9208860759493671,True,291,0.9208860759493671,True
KSEI_COVERAGE_ONLY_CEILING,2025-10-01,323,298,0.9226006191950464,True,323,298,0.9226006191950464,True,298,0.9226006191950464,True
KSEI_COVERAGE_ONLY_CEILING,2025-10-02,330,305,0.9242424242424242,True,330,305,0.9242424242424242,True,305,0.9242424242424242,True
KSEI_COVERAGE_ONLY_CEILING,2025-10-03,334,309,0.9251497005988024,True,334,309,0.9251497005988024,True,309,0.9251497005988024,True
KSEI_COVERAGE_ONLY_CEILING,2025-10-06,332,308,0.927710843373494,True,332,308,0.927710843373494,True,308,0.927710843373494,True
KSEI_COVERAGE_ONLY_CEILING,2025-10-07,340,316,0.9294117647058824,True,340,316,0.9294117647058824,True,316,0.9294117647058824,True
KSEI_COVERAGE_ONLY_CEILING,2025-10-08,343,318,0.9271137026239067,True,343,318,0.9271137026239067,True,318,0.9271137026239067,True
KSEI_COVERAGE_ONLY_CEILING,2025-10-09,348,324,0.9310344827586207,True,348,324,0.9310344827586207,True,324,0.9310344827586207,True
KSEI_COVERAGE_ONLY_CEILING,2025-10-10,349,325,0.9312320916905444,True,349,325,0.9312320916905444,True,325,0.9312320916905444,True
KSEI_COVERAGE_ONLY_CEILING,2025-10-13,356,332,0.9325842696629213,True,356,332,0.9325842696629213,True,332,0.9325842696629213,True
KSEI_COVERAGE_ONLY_CEILING,2025-10-14,361,336,0.9307479224376731,True,361,336,0.9307479224376731,True,336,0.9307479224376731,True
KSEI_COVERAGE_ONLY_CEILING,2025-10-15,361,336,0.9307479224376731,True,361,336,0.9307479224376731,True,336,0.9307479224376731,True
KSEI_COVERAGE_ONLY_CEILING,2025-10-16,365,340,0.9315068493150684,True,365,340,0.9315068493150684,True,340,0.9315068493150684,True
KSEI_COVERAGE_ONLY_CEILING,2025-10-17,367,342,0.9318801089918256,True,367,342,0.9318801089918256,True,342,0.9318801089918256,True
KSEI_COVERAGE_ONLY_CEILING,2025-10-20,370,344,0.9297297297297298,True,370,344,0.9297297297297298,True,344,0.9297297297297298,True
KSEI_COVERAGE_ONLY_CEILING,2025-10-21,375,349,0.9306666666666666,True,375,349,0.9306666666666666,True,349,0.9306666666666666,True
KSEI_COVERAGE_ONLY_CEILING,2025-10-22,376,350,0.9308510638297872,True,376,350,0.9308510638297872,True,350,0.9308510638297872,True
KSEI_COVERAGE_ONLY_CEILING,2025-10-23,376,350,0.9308510638297872,True,376,350,0.9308510638297872,True,350,0.9308510638297872,True
KSEI_COVERAGE_ONLY_CEILING,2025-10-24,379,353,0.9313984168865436,True,379,353,0.9313984168865436,True,353,0.9313984168865436,True
KSEI_COVERAGE_ONLY_CEILING,2025-10-27,381,355,0.931758530183727,True,381,355,0.931758530183727,True,355,0.931758530183727,True
KSEI_COVERAGE_ONLY_CEILING,2025-10-28,379,353,0.9313984168865436,True,379,353,0.9313984168865436,True,353,0.9313984168865436,True
KSEI_COVERAGE_ONLY_CEILING,2025-10-29,382,356,0.9319371727748691,True,382,356,0.9319371727748691,True,356,0.9319371727748691,True
KSEI_COVERAGE_ONLY_CEILING,2025-10-30,388,362,0.9329896907216495,True,388,362,0.9329896907216495,True,362,0.9329896907216495,True
KSEI_COVERAGE_ONLY_CEILING,2025-10-31,388,362,0.9329896907216495,True,388,362,0.9329896907216495,True,362,0.9329896907216495,True
KSEI_COVERAGE_ONLY_CEILING,2025-11-03,391,365,0.9335038363171355,True,391,365,0.9335038363171355,True,365,0.9335038363171355,True
KSEI_COVERAGE_ONLY_CEILING,2025-11-04,394,368,0.934010152284264,True,394,368,0.934010152284264,True,368,0.934010152284264,True
KSEI_COVERAGE_ONLY_CEILING,2025-11-05,394,368,0.934010152284264,True,394,368,0.934010152284264,True,368,0.934010152284264,True
KSEI_COVERAGE_ONLY_CEILING,2025-11-06,390,364,0.9333333333333333,True,390,364,0.9333333333333333,True,364,0.9333333333333333,True
KSEI_COVERAGE_ONLY_CEILING,2025-11-07,391,365,0.9335038363171355,True,391,365,0.9335038363171355,True,365,0.9335038363171355,True
KSEI_COVERAGE_ONLY_CEILING,2025-11-10,394,367,0.9314720812182741,True,394,367,0.9314720812182741,True,367,0.9314720812182741,True
KSEI_COVERAGE_ONLY_CEILING,2025-11-11,393,366,0.9312977099236641,True,393,366,0.9312977099236641,True,366,0.9312977099236641,True
KSEI_COVERAGE_ONLY_CEILING,2025-11-12,393,366,0.9312977099236641,True,393,366,0.9312977099236641,True,366,0.9312977099236641,True
KSEI_COVERAGE_ONLY_CEILING,2025-11-13,393,366,0.9312977099236641,True,393,366,0.9312977099236641,True,366,0.9312977099236641,True
KSEI_COVERAGE_ONLY_CEILING,2025-11-14,393,366,0.9312977099236641,True,393,366,0.9312977099236641,True,366,0.9312977099236641,True
KSEI_COVERAGE_ONLY_CEILING,2025-11-17,393,367,0.9338422391857506,True,393,367,0.9338422391857506,True,367,0.9338422391857506,True
KSEI_COVERAGE_ONLY_CEILING,2025-11-18,390,364,0.9333333333333333,True,390,364,0.9333333333333333,True,364,0.9333333333333333,True
KSEI_COVERAGE_ONLY_CEILING,2025-11-19,393,366,0.9312977099236641,True,393,366,0.9312977099236641,True,366,0.9312977099236641,True
KSEI_COVERAGE_ONLY_CEILING,2025-11-20,392,365,0.9311224489795918,True,392,365,0.9311224489795918,True,365,0.9311224489795918,True
KSEI_COVERAGE_ONLY_CEILING,2025-11-21,389,362,0.9305912596401028,True,389,362,0.9305912596401028,True,362,0.9305912596401028,True
KSEI_COVERAGE_ONLY_CEILING,2025-11-24,392,364,0.9285714285714286,True,392,364,0.9285714285714286,True,364,0.9285714285714286,True
KSEI_COVERAGE_ONLY_CEILING,2025-11-25,394,367,0.9314720812182741,True,394,367,0.9314720812182741,True,367,0.9314720812182741,True
KSEI_COVERAGE_ONLY_CEILING,2025-11-26,390,363,0.9307692307692308,True,390,363,0.9307692307692308,True,363,0.9307692307692308,True
KSEI_COVERAGE_ONLY_CEILING,2025-11-27,389,362,0.9305912596401028,True,389,362,0.9305912596401028,True,362,0.9305912596401028,True
KSEI_COVERAGE_ONLY_CEILING,2025-11-28,389,362,0.9305912596401028,True,389,362,0.9305912596401028,True,362,0.9305912596401028,True
KSEI_COVERAGE_ONLY_CEILING,2025-12-01,391,364,0.9309462915601023,True,391,364,0.9309462915601023,True,364,0.9309462915601023,True
KSEI_COVERAGE_ONLY_CEILING,2025-12-02,389,362,0.9305912596401028,True,389,362,0.9305912596401028,True,362,0.9305912596401028,True
KSEI_COVERAGE_ONLY_CEILING,2025-12-03,393,364,0.926208651399491,True,393,364,0.926208651399491,True,364,0.926208651399491,True
KSEI_COVERAGE_ONLY_CEILING,2025-12-04,393,365,0.9287531806615776,True,393,365,0.9287531806615776,True,365,0.9287531806615776,True
KSEI_COVERAGE_ONLY_CEILING,2025-12-05,387,360,0.9302325581395349,True,387,360,0.9302325581395349,True,360,0.9302325581395349,True
KSEI_COVERAGE_ONLY_CEILING,2025-12-08,390,362,0.9282051282051282,True,390,362,0.9282051282051282,True,362,0.9282051282051282,True
KSEI_COVERAGE_ONLY_CEILING,2025-12-09,390,362,0.9282051282051282,True,390,362,0.9282051282051282,True,362,0.9282051282051282,True
KSEI_COVERAGE_ONLY_CEILING,2025-12-10,390,361,0.9256410256410257,True,390,361,0.9256410256410257,True,361,0.9256410256410257,True
KSEI_COVERAGE_ONLY_CEILING,2025-12-11,391,363,0.928388746803069,True,391,363,0.928388746803069,True,363,0.928388746803069,True
KSEI_COVERAGE_ONLY_CEILING,2025-12-12,392,364,0.9285714285714286,True,392,364,0.9285714285714286,True,364,0.9285714285714286,True
KSEI_COVERAGE_ONLY_CEILING,2025-12-15,388,360,0.9278350515463918,True,388,360,0.9278350515463918,True,360,0.9278350515463918,True
KSEI_COVERAGE_ONLY_CEILING,2025-12-16,386,358,0.927461139896373,True,386,358,0.927461139896373,True,358,0.927461139896373,True
KSEI_COVERAGE_ONLY_CEILING,2025-12-17,387,359,0.9276485788113695,True,387,359,0.9276485788113695,True,359,0.9276485788113695,True
KSEI_COVERAGE_ONLY_CEILING,2025-12-18,387,359,0.9276485788113695,True,387,359,0.9276485788113695,True,359,0.9276485788113695,True
KSEI_COVERAGE_ONLY_CEILING,2025-12-19,388,360,0.9278350515463918,True,388,360,0.9278350515463918,True,360,0.9278350515463918,True
KSEI_COVERAGE_ONLY_CEILING,2025-12-22,389,361,0.9280205655526992,True,389,361,0.9280205655526992,True,361,0.9280205655526992,True
KSEI_COVERAGE_ONLY_CEILING,2025-12-23,391,363,0.928388746803069,True,391,363,0.928388746803069,True,363,0.928388746803069,True
KSEI_COVERAGE_ONLY_CEILING,2025-12-24,390,362,0.9282051282051282,True,390,362,0.9282051282051282,True,362,0.9282051282051282,True
KSEI_COVERAGE_ONLY_CEILING,2025-12-29,390,362,0.9282051282051282,True,390,362,0.9282051282051282,True,362,0.9282051282051282,True
KSEI_COVERAGE_ONLY_CEILING,2025-12-30,391,363,0.928388746803069,True,391,363,0.928388746803069,True,363,0.928388746803069,True
KSEI_COVERAGE_ONLY_CEILING,2026-01-02,388,360,0.9278350515463918,True,388,360,0.9278350515463918,True,360,0.9278350515463918,True
KSEI_COVERAGE_ONLY_CEILING,2026-01-05,383,355,0.9268929503916449,True,383,355,0.9268929503916449,True,355,0.9268929503916449,True
KSEI_COVERAGE_ONLY_CEILING,2026-01-06,384,356,0.9270833333333334,True,384,356,0.9270833333333334,True,356,0.9270833333333334,True
KSEI_COVERAGE_ONLY_CEILING,2026-01-07,384,356,0.9270833333333334,True,384,356,0.9270833333333334,True,356,0.9270833333333334,True
KSEI_COVERAGE_ONLY_CEILING,2026-01-08,386,358,0.927461139896373,True,386,358,0.927461139896373,True,358,0.927461139896373,True
KSEI_COVERAGE_ONLY_CEILING,2026-01-09,385,357,0.9272727272727272,True,385,357,0.9272727272727272,True,357,0.9272727272727272,True
KSEI_COVERAGE_ONLY_CEILING,2026-01-12,386,358,0.927461139896373,True,386,358,0.927461139896373,True,358,0.927461139896373,True
KSEI_COVERAGE_ONLY_CEILING,2026-01-13,384,357,0.9296875,True,384,357,0.9296875,True,357,0.9296875,True
KSEI_COVERAGE_ONLY_CEILING,2026-01-14,385,358,0.9298701298701298,True,385,358,0.9298701298701298,True,358,0.9298701298701298,True
KSEI_COVERAGE_ONLY_CEILING,2026-01-15,387,360,0.9302325581395349,True,387,360,0.9302325581395349,True,360,0.9302325581395349,True
KSEI_COVERAGE_ONLY_CEILING,2026-01-19,392,365,0.9311224489795918,True,392,365,0.9311224489795918,True,365,0.9311224489795918,True
KSEI_COVERAGE_ONLY_CEILING,2026-01-20,394,367,0.9314720812182741,True,394,367,0.9314720812182741,True,367,0.9314720812182741,True
KSEI_COVERAGE_ONLY_CEILING,2026-01-21,400,372,0.93,True,400,372,0.93,True,372,0.93,True
KSEI_COVERAGE_ONLY_CEILING,2026-01-22,407,379,0.9312039312039312,True,407,379,0.9312039312039312,True,379,0.9312039312039312,True
KSEI_COVERAGE_ONLY_CEILING,2026-01-23,412,383,0.9296116504854369,True,412,383,0.9296116504854369,True,383,0.9296116504854369,True
KSEI_COVERAGE_ONLY_CEILING,2026-01-26,410,382,0.9317073170731708,True,410,382,0.9317073170731708,True,382,0.9317073170731708,True
KSEI_COVERAGE_ONLY_CEILING,2026-01-27,417,389,0.9328537170263789,True,417,389,0.9328537170263789,True,389,0.9328537170263789,True
KSEI_COVERAGE_ONLY_CEILING,2026-01-28,420,392,0.9333333333333333,True,420,392,0.9333333333333333,True,392,0.9333333333333333,True
KSEI_COVERAGE_ONLY_CEILING,2026-01-29,424,396,0.9339622641509434,True,424,396,0.9339622641509434,True,396,0.9339622641509434,True
KSEI_COVERAGE_ONLY_CEILING,2026-01-30,423,395,0.933806146572104,True,423,395,0.933806146572104,True,395,0.933806146572104,True
KSEI_COVERAGE_ONLY_CEILING,2026-02-02,423,395,0.933806146572104,True,423,395,0.933806146572104,True,395,0.933806146572104,True
KSEI_COVERAGE_ONLY_CEILING,2026-02-03,425,397,0.9341176470588235,True,425,397,0.9341176470588235,True,397,0.9341176470588235,True
KSEI_COVERAGE_ONLY_CEILING,2026-02-04,423,395,0.933806146572104,True,423,395,0.933806146572104,True,395,0.933806146572104,True
KSEI_COVERAGE_ONLY_CEILING,2026-02-05,424,396,0.9339622641509434,True,424,396,0.9339622641509434,True,396,0.9339622641509434,True
KSEI_COVERAGE_ONLY_CEILING,2026-02-06,427,399,0.9344262295081968,True,427,399,0.9344262295081968,True,399,0.9344262295081968,True
KSEI_COVERAGE_ONLY_CEILING,2026-02-09,428,400,0.9345794392523364,True,428,400,0.9345794392523364,True,400,0.9345794392523364,True
KSEI_COVERAGE_ONLY_CEILING,2026-02-10,428,400,0.9345794392523364,True,428,400,0.9345794392523364,True,400,0.9345794392523364,True
KSEI_COVERAGE_ONLY_CEILING,2026-02-11,427,399,0.9344262295081968,True,427,399,0.9344262295081968,True,399,0.9344262295081968,True
KSEI_COVERAGE_ONLY_CEILING,2026-02-12,426,398,0.9342723004694836,True,426,398,0.9342723004694836,True,398,0.9342723004694836,True
KSEI_COVERAGE_ONLY_CEILING,2026-02-13,429,401,0.9347319347319347,True,429,401,0.9347319347319347,True,401,0.9347319347319347,True
KSEI_COVERAGE_ONLY_CEILING,2026-02-18,427,399,0.9344262295081968,True,427,399,0.9344262295081968,True,399,0.9344262295081968,True
KSEI_COVERAGE_ONLY_CEILING,2026-02-19,427,399,0.9344262295081968,True,427,399,0.9344262295081968,True,399,0.9344262295081968,True
KSEI_COVERAGE_ONLY_CEILING,2026-02-20,427,399,0.9344262295081968,True,427,399,0.9344262295081968,True,399,0.9344262295081968,True
KSEI_COVERAGE_ONLY_CEILING,2026-02-23,425,397,0.9341176470588235,True,425,397,0.9341176470588235,True,397,0.9341176470588235,True
KSEI_COVERAGE_ONLY_CEILING,2026-02-24,431,402,0.9327146171693735,True,431,402,0.9327146171693735,True,402,0.9327146171693735,True
KSEI_COVERAGE_ONLY_CEILING,2026-02-25,431,402,0.9327146171693735,True,431,402,0.9327146171693735,True,402,0.9327146171693735,True
KSEI_COVERAGE_ONLY_CEILING,2026-02-26,428,399,0.9322429906542056,True,428,399,0.9322429906542056,True,399,0.9322429906542056,True
KSEI_COVERAGE_ONLY_CEILING,2026-02-27,428,399,0.9322429906542056,True,428,399,0.9322429906542056,True,399,0.9322429906542056,True
KSEI_COVERAGE_ONLY_CEILING,2026-03-02,427,398,0.9320843091334895,True,427,398,0.9320843091334895,True,398,0.9320843091334895,True
KSEI_COVERAGE_ONLY_CEILING,2026-03-03,431,402,0.9327146171693735,True,431,402,0.9327146171693735,True,402,0.9327146171693735,True
KSEI_COVERAGE_ONLY_CEILING,2026-03-04,433,404,0.9330254041570438,True,433,404,0.9330254041570438,True,404,0.9330254041570438,True
KSEI_COVERAGE_ONLY_CEILING,2026-03-05,429,399,0.9300699300699301,True,429,399,0.9300699300699301,True,399,0.9300699300699301,True
KSEI_COVERAGE_ONLY_CEILING,2026-03-06,426,396,0.9295774647887324,True,426,396,0.9295774647887324,True,396,0.9295774647887324,True
KSEI_COVERAGE_ONLY_CEILING,2026-03-09,422,392,0.9289099526066351,True,422,392,0.9289099526066351,True,392,0.9289099526066351,True
KSEI_COVERAGE_ONLY_CEILING,2026-03-10,416,386,0.9278846153846154,True,416,386,0.9278846153846154,True,386,0.9278846153846154,True
KSEI_COVERAGE_ONLY_CEILING,2026-03-11,414,384,0.927536231884058,True,414,384,0.927536231884058,True,384,0.927536231884058,True
KSEI_COVERAGE_ONLY_CEILING,2026-03-12,416,386,0.9278846153846154,True,416,386,0.9278846153846154,True,386,0.9278846153846154,True
KSEI_COVERAGE_ONLY_CEILING,2026-03-13,414,384,0.927536231884058,True,414,384,0.927536231884058,True,384,0.927536231884058,True
KSEI_COVERAGE_ONLY_CEILING,2026-03-16,411,381,0.927007299270073,True,411,381,0.927007299270073,True,381,0.927007299270073,True
KSEI_COVERAGE_ONLY_CEILING,2026-03-17,407,377,0.9262899262899262,True,407,377,0.9262899262899262,True,377,0.9262899262899262,True
KSEI_COVERAGE_ONLY_CEILING,2026-03-25,407,377,0.9262899262899262,True,407,377,0.9262899262899262,True,377,0.9262899262899262,True
KSEI_COVERAGE_ONLY_CEILING,2026-03-26,402,372,0.9253731343283582,True,402,372,0.9253731343283582,True,372,0.9253731343283582,True
KSEI_COVERAGE_ONLY_CEILING,2026-03-27,399,369,0.924812030075188,True,399,369,0.924812030075188,True,369,0.924812030075188,True
KSEI_COVERAGE_ONLY_CEILING,2026-03-30,396,366,0.9242424242424242,True,396,366,0.9242424242424242,True,366,0.9242424242424242,True
KSEI_COVERAGE_ONLY_CEILING,2026-03-31,395,365,0.9240506329113924,True,395,365,0.9240506329113924,True,365,0.9240506329113924,True
KSEI_COVERAGE_ONLY_CEILING,2026-04-01,390,362,0.9282051282051282,True,390,362,0.9282051282051282,True,362,0.9282051282051282,True
KSEI_COVERAGE_ONLY_CEILING,2026-04-02,390,362,0.9282051282051282,True,390,362,0.9282051282051282,True,362,0.9282051282051282,True
KSEI_COVERAGE_ONLY_CEILING,2026-04-06,389,361,0.9280205655526992,True,389,361,0.9280205655526992,True,361,0.9280205655526992,True
KSEI_COVERAGE_ONLY_CEILING,2026-04-07,388,360,0.9278350515463918,True,388,360,0.9278350515463918,True,360,0.9278350515463918,True
KSEI_COVERAGE_ONLY_CEILING,2026-04-08,387,359,0.9276485788113695,True,387,359,0.9276485788113695,True,359,0.9276485788113695,True
KSEI_COVERAGE_ONLY_CEILING,2026-04-09,387,359,0.9276485788113695,True,387,359,0.9276485788113695,True,359,0.9276485788113695,True
KSEI_COVERAGE_ONLY_CEILING,2026-04-10,385,357,0.9272727272727272,True,385,357,0.9272727272727272,True,357,0.9272727272727272,True
KSEI_COVERAGE_ONLY_CEILING,2026-04-13,381,354,0.9291338582677166,True,381,354,0.9291338582677166,True,354,0.9291338582677166,True
KSEI_COVERAGE_ONLY_CEILING,2026-04-14,380,352,0.9263157894736842,True,380,352,0.9263157894736842,True,352,0.9263157894736842,True
KSEI_COVERAGE_ONLY_CEILING,2026-04-15,376,348,0.925531914893617,True,376,348,0.925531914893617,True,348,0.925531914893617,True
KSEI_COVERAGE_ONLY_CEILING,2026-04-16,376,347,0.9228723404255319,True,376,347,0.9228723404255319,True,347,0.9228723404255319,True
KSEI_COVERAGE_ONLY_CEILING,2026-04-17,376,347,0.9228723404255319,True,376,347,0.9228723404255319,True,347,0.9228723404255319,True
KSEI_COVERAGE_ONLY_CEILING,2026-04-20,375,346,0.9226666666666666,True,375,346,0.9226666666666666,True,346,0.9226666666666666,True
KSEI_COVERAGE_ONLY_CEILING,2026-04-21,376,347,0.9228723404255319,True,376,347,0.9228723404255319,True,347,0.9228723404255319,True
KSEI_COVERAGE_ONLY_CEILING,2026-04-22,375,346,0.9226666666666666,True,375,346,0.9226666666666666,True,346,0.9226666666666666,True
KSEI_COVERAGE_ONLY_CEILING,2026-04-23,373,344,0.9222520107238605,True,373,344,0.9222520107238605,True,344,0.9222520107238605,True
KSEI_COVERAGE_ONLY_CEILING,2026-04-24,371,342,0.921832884097035,True,371,342,0.921832884097035,True,342,0.921832884097035,True
KSEI_COVERAGE_ONLY_CEILING,2026-04-27,371,342,0.921832884097035,True,371,342,0.921832884097035,True,342,0.921832884097035,True
KSEI_COVERAGE_ONLY_CEILING,2026-04-28,369,340,0.9214092140921409,True,369,340,0.9214092140921409,True,340,0.9214092140921409,True
KSEI_COVERAGE_ONLY_CEILING,2026-04-29,366,337,0.9207650273224044,True,366,337,0.9207650273224044,True,337,0.9207650273224044,True
KSEI_COVERAGE_ONLY_CEILING,2026-04-30,364,335,0.9203296703296703,True,364,335,0.9203296703296703,True,335,0.9203296703296703,True
KSEI_COVERAGE_ONLY_CEILING,2026-05-04,365,336,0.9205479452054794,True,365,336,0.9205479452054794,True,336,0.9205479452054794,True
KSEI_COVERAGE_ONLY_CEILING,2026-05-05,362,333,0.919889502762431,True,362,333,0.919889502762431,True,333,0.919889502762431,True
KSEI_COVERAGE_ONLY_CEILING,2026-05-06,363,334,0.9201101928374655,True,363,334,0.9201101928374655,True,334,0.9201101928374655,True
KSEI_COVERAGE_ONLY_CEILING,2026-05-07,362,333,0.919889502762431,True,362,333,0.919889502762431,True,333,0.919889502762431,True
KSEI_COVERAGE_ONLY_CEILING,2026-05-08,361,332,0.9196675900277008,True,361,331,0.9168975069252078,True,331,0.9168975069252078,True
KSEI_COVERAGE_ONLY_CEILING,2026-05-11,362,333,0.919889502762431,True,362,332,0.9171270718232044,True,332,0.9171270718232044,True
KSEI_COVERAGE_ONLY_CEILING,2026-05-12,361,332,0.9196675900277008,True,361,331,0.9168975069252078,True,331,0.9168975069252078,True
KSEI_COVERAGE_ONLY_CEILING,2026-05-13,362,333,0.919889502762431,True,362,332,0.9171270718232044,True,332,0.9171270718232044,True
KSEI_COVERAGE_ONLY_CEILING,2026-05-18,361,332,0.9196675900277008,True,361,331,0.9168975069252078,True,331,0.9168975069252078,True
KSEI_COVERAGE_ONLY_CEILING,2026-05-19,359,329,0.9164345403899722,True,359,329,0.9164345403899722,True,329,0.9164345403899722,True
KSEI_COVERAGE_ONLY_CEILING,2026-05-20,356,326,0.9157303370786517,True,356,326,0.9157303370786517,True,326,0.9157303370786517,True
KSEI_COVERAGE_ONLY_CEILING,2026-05-21,355,325,0.9154929577464789,True,355,325,0.9154929577464789,True,325,0.9154929577464789,True
KSEI_COVERAGE_ONLY_CEILING,2026-05-22,353,323,0.9150141643059491,True,353,323,0.9150141643059491,True,323,0.9150141643059491,True
KSEI_COVERAGE_ONLY_CEILING,2026-05-25,350,321,0.9171428571428571,True,350,321,0.9171428571428571,True,321,0.9171428571428571,True
KSEI_COVERAGE_ONLY_CEILING,2026-05-26,348,320,0.9195402298850575,True,348,320,0.9195402298850575,True,320,0.9195402298850575,True
KSEI_COVERAGE_ONLY_CEILING,2026-05-29,346,318,0.9190751445086706,True,346,318,0.9190751445086706,True,318,0.9190751445086706,True
KSEI_COVERAGE_ONLY_CEILING,2026-06-02,343,315,0.9183673469387755,True,343,315,0.9183673469387755,True,315,0.9183673469387755,True
KSEI_COVERAGE_ONLY_CEILING,2026-06-03,339,311,0.9174041297935103,True,339,311,0.9174041297935103,True,311,0.9174041297935103,True
KSEI_COVERAGE_ONLY_CEILING,2026-06-04,337,310,0.9198813056379822,True,337,310,0.9198813056379822,True,310,0.9198813056379822,True
KSEI_COVERAGE_ONLY_CEILING,2026-06-05,334,306,0.9161676646706587,True,334,306,0.9161676646706587,True,306,0.9161676646706587,True
KSEI_COVERAGE_ONLY_CEILING,2026-06-08,332,305,0.9186746987951807,True,332,305,0.9186746987951807,True,305,0.9186746987951807,True
KSEI_COVERAGE_ONLY_CEILING,2026-06-09,330,303,0.9181818181818182,True,330,303,0.9181818181818182,True,303,0.9181818181818182,True
KSEI_COVERAGE_ONLY_CEILING,2026-06-10,329,302,0.9179331306990881,True,329,302,0.9179331306990881,True,302,0.9179331306990881,True
KSEI_COVERAGE_ONLY_CEILING,2026-06-11,329,302,0.9179331306990881,True,329,302,0.9179331306990881,True,302,0.9179331306990881,True
KSEI_COVERAGE_ONLY_CEILING,2026-06-12,326,299,0.9171779141104295,True,326,299,0.9171779141104295,True,299,0.9171779141104295,True
KSEI_COVERAGE_ONLY_CEILING,2026-06-15,328,301,0.9176829268292683,True,328,301,0.9176829268292683,True,301,0.9176829268292683,True
KSEI_COVERAGE_ONLY_CEILING,2026-06-17,328,301,0.9176829268292683,True,328,301,0.9176829268292683,True,301,0.9176829268292683,True
KSEI_COVERAGE_ONLY_CEILING,2026-06-18,327,300,0.9174311926605505,True,327,300,0.9174311926605505,True,300,0.9174311926605505,True
KSEI_COVERAGE_ONLY_CEILING,2026-06-19,325,298,0.916923076923077,True,325,298,0.916923076923077,True,298,0.916923076923077,True
KSEI_COVERAGE_ONLY_CEILING,2026-06-22,322,296,0.9192546583850931,True,322,296,0.9192546583850931,True,296,0.9192546583850931,True
KSEI_COVERAGE_ONLY_CEILING,2026-06-23,323,297,0.9195046439628483,True,323,296,0.9164086687306502,True,296,0.9164086687306502,True
KSEI_COVERAGE_ONLY_CEILING,2026-06-24,323,297,0.9195046439628483,True,323,296,0.9164086687306502,True,296,0.9164086687306502,True
KSEI_COVERAGE_ONLY_CEILING,2026-06-25,321,295,0.9190031152647975,True,321,290,0.9034267912772586,True,290,0.9034267912772586,True
KSEI_COVERAGE_ONLY_CEILING,2026-06-26,320,294,0.91875,True,320,289,0.903125,True,289,0.903125,True
KSEI_COVERAGE_ONLY_CEILING,2026-06-29,318,292,0.9182389937106918,True,318,287,0.9025157232704403,True,287,0.9025157232704403,True
KSEI_COVERAGE_ONLY_CEILING,2026-06-30,314,287,0.9140127388535032,True,314,283,0.9012738853503185,True,283,0.9012738853503185,True
KSEI_COVERAGE_ONLY_CEILING,2026-07-01,314,287,0.9140127388535032,True,314,284,0.9044585987261147,True,284,0.9044585987261147,True
KSEI_COVERAGE_ONLY_CEILING,2026-07-02,312,282,0.9038461538461539,True,312,282,0.9038461538461539,True,282,0.9038461538461539,True
KSEI_COVERAGE_ONLY_CEILING,2026-07-03,314,284,0.9044585987261147,True,314,284,0.9044585987261147,True,284,0.9044585987261147,True
KSEI_COVERAGE_ONLY_CEILING,2026-07-06,311,282,0.9067524115755627,True,311,282,0.9067524115755627,True,282,0.9067524115755627,True
KSEI_COVERAGE_ONLY_CEILING,2026-07-07,312,282,0.9038461538461539,True,312,282,0.9038461538461539,True,282,0.9038461538461539,True
KSEI_COVERAGE_ONLY_CEILING,2026-07-08,312,286,0.9166666666666666,True,312,286,0.9166666666666666,True,286,0.9166666666666666,True
KSEI_COVERAGE_ONLY_CEILING,2026-07-09,312,286,0.9166666666666666,True,312,286,0.9166666666666666,True,286,0.9166666666666666,True
KSEI_COVERAGE_ONLY_CEILING,2026-07-10,312,286,0.9166666666666666,True,312,286,0.9166666666666666,True,286,0.9166666666666666,True
KSEI_COVERAGE_ONLY_CEILING,2026-07-13,311,285,0.9163987138263665,True,311,285,0.9163987138263665,True,285,0.9163987138263665,True
KSEI_COVERAGE_ONLY_CEILING,2026-07-14,309,283,0.9158576051779935,True,309,283,0.9158576051779935,True,283,0.9158576051779935,True
KSEI_COVERAGE_ONLY_CEILING,2026-07-15,308,283,0.9188311688311688,True,308,283,0.9188311688311688,True,283,0.9188311688311688,True
KSEI_COVERAGE_ONLY_CEILING,2026-07-16,306,282,0.9215686274509803,True,306,282,0.9215686274509803,True,282,0.9215686274509803,True
KSEI_COVERAGE_ONLY_CEILING,2026-07-17,303,279,0.9207920792079208,True,303,279,0.9207920792079208,True,279,0.9207920792079208,True
CROSS_SOURCE_ONLY_CEILING,2023-12-28,262,240,0.916030534351145,True,262,240,0.916030534351145,True,240,0.916030534351145,True
CROSS_SOURCE_ONLY_CEILING,2023-12-29,263,240,0.9125475285171103,True,263,240,0.9125475285171103,True,240,0.9125475285171103,True
CROSS_SOURCE_ONLY_CEILING,2024-01-02,265,243,0.9169811320754717,True,265,243,0.9169811320754717,True,243,0.9169811320754717,True
CROSS_SOURCE_ONLY_CEILING,2024-01-03,263,241,0.9163498098859315,True,263,241,0.9163498098859315,True,241,0.9163498098859315,True
CROSS_SOURCE_ONLY_CEILING,2024-01-04,262,240,0.916030534351145,True,262,240,0.916030534351145,True,240,0.916030534351145,True
CROSS_SOURCE_ONLY_CEILING,2024-01-05,260,238,0.9153846153846154,True,260,238,0.9153846153846154,True,238,0.9153846153846154,True
CROSS_SOURCE_ONLY_CEILING,2024-01-08,262,239,0.9122137404580153,True,262,239,0.9122137404580153,True,239,0.9122137404580153,True
CROSS_SOURCE_ONLY_CEILING,2024-01-09,260,237,0.9115384615384615,True,260,237,0.9115384615384615,True,237,0.9115384615384615,True
CROSS_SOURCE_ONLY_CEILING,2024-01-10,258,235,0.9108527131782945,True,258,235,0.9108527131782945,True,235,0.9108527131782945,True
CROSS_SOURCE_ONLY_CEILING,2024-01-11,253,230,0.9090909090909091,True,253,230,0.9090909090909091,True,230,0.9090909090909091,True
CROSS_SOURCE_ONLY_CEILING,2024-01-12,251,229,0.9123505976095617,True,251,229,0.9123505976095617,True,229,0.9123505976095617,True
CROSS_SOURCE_ONLY_CEILING,2024-01-15,250,229,0.916,True,250,229,0.916,True,229,0.916,True
CROSS_SOURCE_ONLY_CEILING,2024-01-16,251,229,0.9123505976095617,True,251,229,0.9123505976095617,True,229,0.9123505976095617,True
CROSS_SOURCE_ONLY_CEILING,2024-01-17,251,229,0.9123505976095617,True,251,229,0.9123505976095617,True,229,0.9123505976095617,True
CROSS_SOURCE_ONLY_CEILING,2024-01-18,251,230,0.9163346613545816,True,251,230,0.9163346613545816,True,230,0.9163346613545816,True
CROSS_SOURCE_ONLY_CEILING,2024-01-19,249,228,0.9156626506024096,True,249,228,0.9156626506024096,True,228,0.9156626506024096,True
CROSS_SOURCE_ONLY_CEILING,2024-01-22,247,226,0.9149797570850202,True,247,226,0.9149797570850202,True,226,0.9149797570850202,True
CROSS_SOURCE_ONLY_CEILING,2024-01-23,247,226,0.9149797570850202,True,247,226,0.9149797570850202,True,226,0.9149797570850202,True
CROSS_SOURCE_ONLY_CEILING,2024-01-24,246,225,0.9146341463414634,True,246,225,0.9146341463414634,True,225,0.9146341463414634,True
CROSS_SOURCE_ONLY_CEILING,2024-01-25,246,225,0.9146341463414634,True,246,225,0.9146341463414634,True,225,0.9146341463414634,True
CROSS_SOURCE_ONLY_CEILING,2024-01-26,246,225,0.9146341463414634,True,246,225,0.9146341463414634,True,225,0.9146341463414634,True
CROSS_SOURCE_ONLY_CEILING,2024-01-29,243,222,0.9135802469135802,True,243,222,0.9135802469135802,True,222,0.9135802469135802,True
CROSS_SOURCE_ONLY_CEILING,2024-01-30,243,222,0.9135802469135802,True,243,222,0.9135802469135802,True,222,0.9135802469135802,True
CROSS_SOURCE_ONLY_CEILING,2024-01-31,242,221,0.9132231404958677,True,242,221,0.9132231404958677,True,221,0.9132231404958677,True
CROSS_SOURCE_ONLY_CEILING,2024-02-01,241,220,0.9128630705394191,True,241,220,0.9128630705394191,True,220,0.9128630705394191,True
CROSS_SOURCE_ONLY_CEILING,2024-02-02,243,222,0.9135802469135802,True,243,222,0.9135802469135802,True,222,0.9135802469135802,True
CROSS_SOURCE_ONLY_CEILING,2024-02-05,241,220,0.9128630705394191,True,241,220,0.9128630705394191,True,220,0.9128630705394191,True
CROSS_SOURCE_ONLY_CEILING,2024-02-06,242,221,0.9132231404958677,True,242,221,0.9132231404958677,True,221,0.9132231404958677,True
CROSS_SOURCE_ONLY_CEILING,2024-02-07,246,225,0.9146341463414634,True,246,225,0.9146341463414634,True,225,0.9146341463414634,True
CROSS_SOURCE_ONLY_CEILING,2024-02-12,242,221,0.9132231404958677,True,242,221,0.9132231404958677,True,221,0.9132231404958677,True
CROSS_SOURCE_ONLY_CEILING,2024-02-13,244,223,0.9139344262295082,True,244,223,0.9139344262295082,True,223,0.9139344262295082,True
CROSS_SOURCE_ONLY_CEILING,2024-02-15,244,223,0.9139344262295082,True,244,223,0.9139344262295082,True,223,0.9139344262295082,True
CROSS_SOURCE_ONLY_CEILING,2024-02-16,243,222,0.9135802469135802,True,243,222,0.9135802469135802,True,222,0.9135802469135802,True
CROSS_SOURCE_ONLY_CEILING,2024-02-19,244,223,0.9139344262295082,True,244,223,0.9139344262295082,True,223,0.9139344262295082,True
CROSS_SOURCE_ONLY_CEILING,2024-02-20,244,223,0.9139344262295082,True,244,223,0.9139344262295082,True,223,0.9139344262295082,True
CROSS_SOURCE_ONLY_CEILING,2024-02-21,245,224,0.9142857142857143,True,245,224,0.9142857142857143,True,224,0.9142857142857143,True
CROSS_SOURCE_ONLY_CEILING,2024-02-22,243,222,0.9135802469135802,True,243,222,0.9135802469135802,True,222,0.9135802469135802,True
CROSS_SOURCE_ONLY_CEILING,2024-02-23,239,219,0.9163179916317992,True,239,219,0.9163179916317992,True,219,0.9163179916317992,True
CROSS_SOURCE_ONLY_CEILING,2024-02-26,236,216,0.9152542372881356,True,236,216,0.9152542372881356,True,216,0.9152542372881356,True
CROSS_SOURCE_ONLY_CEILING,2024-02-27,236,216,0.9152542372881356,True,236,216,0.9152542372881356,True,216,0.9152542372881356,True
CROSS_SOURCE_ONLY_CEILING,2024-02-28,236,216,0.9152542372881356,True,236,216,0.9152542372881356,True,216,0.9152542372881356,True
CROSS_SOURCE_ONLY_CEILING,2024-02-29,237,217,0.9156118143459916,True,237,217,0.9156118143459916,True,217,0.9156118143459916,True
CROSS_SOURCE_ONLY_CEILING,2024-03-01,232,213,0.9181034482758621,True,232,213,0.9181034482758621,True,213,0.9181034482758621,True
CROSS_SOURCE_ONLY_CEILING,2024-03-04,235,216,0.9191489361702128,True,235,216,0.9191489361702128,True,216,0.9191489361702128,True
CROSS_SOURCE_ONLY_CEILING,2024-03-05,236,217,0.9194915254237288,True,236,217,0.9194915254237288,True,217,0.9194915254237288,True
CROSS_SOURCE_ONLY_CEILING,2024-03-06,236,218,0.923728813559322,True,236,218,0.923728813559322,True,218,0.923728813559322,True
CROSS_SOURCE_ONLY_CEILING,2024-03-07,237,219,0.9240506329113924,True,237,219,0.9240506329113924,True,219,0.9240506329113924,True
CROSS_SOURCE_ONLY_CEILING,2024-03-08,238,220,0.9243697478991597,True,238,220,0.9243697478991597,True,220,0.9243697478991597,True
CROSS_SOURCE_ONLY_CEILING,2024-03-13,241,222,0.921161825726141,True,241,222,0.921161825726141,True,222,0.921161825726141,True
CROSS_SOURCE_ONLY_CEILING,2024-03-14,243,224,0.9218106995884774,True,243,224,0.9218106995884774,True,224,0.9218106995884774,True
CROSS_SOURCE_ONLY_CEILING,2024-03-15,240,221,0.9208333333333333,True,240,221,0.9208333333333333,True,221,0.9208333333333333,True
CROSS_SOURCE_ONLY_CEILING,2024-03-18,243,224,0.9218106995884774,True,243,224,0.9218106995884774,True,224,0.9218106995884774,True
CROSS_SOURCE_ONLY_CEILING,2024-03-19,243,224,0.9218106995884774,True,243,224,0.9218106995884774,True,224,0.9218106995884774,True
CROSS_SOURCE_ONLY_CEILING,2024-03-20,242,223,0.9214876033057852,True,242,223,0.9214876033057852,True,223,0.9214876033057852,True
CROSS_SOURCE_ONLY_CEILING,2024-03-21,242,223,0.9214876033057852,True,242,223,0.9214876033057852,True,223,0.9214876033057852,True
CROSS_SOURCE_ONLY_CEILING,2024-03-22,242,223,0.9214876033057852,True,242,223,0.9214876033057852,True,223,0.9214876033057852,True
CROSS_SOURCE_ONLY_CEILING,2024-03-25,243,223,0.9176954732510288,True,243,223,0.9176954732510288,True,223,0.9176954732510288,True
CROSS_SOURCE_ONLY_CEILING,2024-03-26,244,225,0.9221311475409836,True,244,225,0.9221311475409836,True,225,0.9221311475409836,True
CROSS_SOURCE_ONLY_CEILING,2024-03-27,245,226,0.9224489795918367,True,245,226,0.9224489795918367,True,226,0.9224489795918367,True
CROSS_SOURCE_ONLY_CEILING,2024-03-28,244,225,0.9221311475409836,True,244,225,0.9221311475409836,True,225,0.9221311475409836,True
CROSS_SOURCE_ONLY_CEILING,2024-04-01,250,231,0.924,True,250,231,0.924,True,231,0.924,True
CROSS_SOURCE_ONLY_CEILING,2024-04-02,250,231,0.924,True,250,231,0.924,True,231,0.924,True
CROSS_SOURCE_ONLY_CEILING,2024-04-03,251,232,0.9243027888446215,True,251,232,0.9243027888446215,True,232,0.9243027888446215,True
CROSS_SOURCE_ONLY_CEILING,2024-04-04,250,231,0.924,True,250,231,0.924,True,231,0.924,True
CROSS_SOURCE_ONLY_CEILING,2024-04-05,250,231,0.924,True,250,231,0.924,True,231,0.924,True
CROSS_SOURCE_ONLY_CEILING,2024-04-16,250,231,0.924,True,250,231,0.924,True,231,0.924,True
CROSS_SOURCE_ONLY_CEILING,2024-04-17,249,230,0.9236947791164659,True,249,230,0.9236947791164659,True,230,0.9236947791164659,True
CROSS_SOURCE_ONLY_CEILING,2024-04-18,247,228,0.9230769230769231,True,247,228,0.9230769230769231,True,228,0.9230769230769231,True
CROSS_SOURCE_ONLY_CEILING,2024-04-19,246,228,0.926829268292683,True,246,228,0.926829268292683,True,228,0.926829268292683,True
CROSS_SOURCE_ONLY_CEILING,2024-04-22,246,228,0.926829268292683,True,246,228,0.926829268292683,True,228,0.926829268292683,True
CROSS_SOURCE_ONLY_CEILING,2024-04-23,245,227,0.926530612244898,True,245,227,0.926530612244898,True,227,0.926530612244898,True
CROSS_SOURCE_ONLY_CEILING,2024-04-24,245,227,0.926530612244898,True,245,227,0.926530612244898,True,227,0.926530612244898,True
CROSS_SOURCE_ONLY_CEILING,2024-04-25,246,228,0.926829268292683,True,246,228,0.926829268292683,True,228,0.926829268292683,True
CROSS_SOURCE_ONLY_CEILING,2024-04-26,246,228,0.926829268292683,True,246,228,0.926829268292683,True,228,0.926829268292683,True
CROSS_SOURCE_ONLY_CEILING,2024-04-29,246,228,0.926829268292683,True,246,228,0.926829268292683,True,228,0.926829268292683,True
CROSS_SOURCE_ONLY_CEILING,2024-04-30,245,227,0.926530612244898,True,245,227,0.926530612244898,True,227,0.926530612244898,True
CROSS_SOURCE_ONLY_CEILING,2024-05-02,242,224,0.9256198347107438,True,242,224,0.9256198347107438,True,224,0.9256198347107438,True
CROSS_SOURCE_ONLY_CEILING,2024-05-03,240,222,0.925,True,240,222,0.925,True,222,0.925,True
CROSS_SOURCE_ONLY_CEILING,2024-05-06,240,222,0.925,True,240,222,0.925,True,222,0.925,True
CROSS_SOURCE_ONLY_CEILING,2024-05-07,242,224,0.9256198347107438,True,242,224,0.9256198347107438,True,224,0.9256198347107438,True
CROSS_SOURCE_ONLY_CEILING,2024-05-08,242,224,0.9256198347107438,True,242,224,0.9256198347107438,True,224,0.9256198347107438,True
CROSS_SOURCE_ONLY_CEILING,2024-05-13,243,226,0.9300411522633745,True,243,226,0.9300411522633745,True,226,0.9300411522633745,True
CROSS_SOURCE_ONLY_CEILING,2024-05-14,243,226,0.9300411522633745,True,243,226,0.9300411522633745,True,226,0.9300411522633745,True
CROSS_SOURCE_ONLY_CEILING,2024-05-15,242,224,0.9256198347107438,True,242,224,0.9256198347107438,True,224,0.9256198347107438,True
CROSS_SOURCE_ONLY_CEILING,2024-05-16,246,228,0.926829268292683,True,246,228,0.926829268292683,True,228,0.926829268292683,True
CROSS_SOURCE_ONLY_CEILING,2024-05-17,246,228,0.926829268292683,True,246,228,0.926829268292683,True,228,0.926829268292683,True
CROSS_SOURCE_ONLY_CEILING,2024-05-20,245,227,0.926530612244898,True,245,227,0.926530612244898,True,227,0.926530612244898,True
CROSS_SOURCE_ONLY_CEILING,2024-05-21,243,225,0.9259259259259259,True,243,225,0.9259259259259259,True,225,0.9259259259259259,True
CROSS_SOURCE_ONLY_CEILING,2024-05-22,243,225,0.9259259259259259,True,243,225,0.9259259259259259,True,225,0.9259259259259259,True
CROSS_SOURCE_ONLY_CEILING,2024-05-27,243,225,0.9259259259259259,True,243,225,0.9259259259259259,True,225,0.9259259259259259,True
CROSS_SOURCE_ONLY_CEILING,2024-05-28,242,224,0.9256198347107438,True,242,224,0.9256198347107438,True,224,0.9256198347107438,True
CROSS_SOURCE_ONLY_CEILING,2024-05-29,243,225,0.9259259259259259,True,243,225,0.9259259259259259,True,225,0.9259259259259259,True
CROSS_SOURCE_ONLY_CEILING,2024-05-30,242,224,0.9256198347107438,True,242,224,0.9256198347107438,True,224,0.9256198347107438,True
CROSS_SOURCE_ONLY_CEILING,2024-05-31,242,224,0.9256198347107438,True,242,224,0.9256198347107438,True,224,0.9256198347107438,True
CROSS_SOURCE_ONLY_CEILING,2024-06-03,243,225,0.9259259259259259,True,243,224,0.9218106995884774,True,224,0.9218106995884774,True
CROSS_SOURCE_ONLY_CEILING,2024-06-04,240,222,0.925,True,240,221,0.9208333333333333,True,221,0.9208333333333333,True
CROSS_SOURCE_ONLY_CEILING,2024-06-05,238,220,0.9243697478991597,True,238,218,0.9159663865546218,True,218,0.9159663865546218,True
CROSS_SOURCE_ONLY_CEILING,2024-06-06,238,220,0.9243697478991597,True,238,218,0.9159663865546218,True,218,0.9159663865546218,True
CROSS_SOURCE_ONLY_CEILING,2024-06-07,237,219,0.9240506329113924,True,237,217,0.9156118143459916,True,217,0.9156118143459916,True
CROSS_SOURCE_ONLY_CEILING,2024-06-10,238,219,0.9201680672268907,True,238,218,0.9159663865546218,True,218,0.9159663865546218,True
CROSS_SOURCE_ONLY_CEILING,2024-06-11,238,219,0.9201680672268907,True,238,217,0.9117647058823529,True,217,0.9117647058823529,True
CROSS_SOURCE_ONLY_CEILING,2024-06-12,237,217,0.9156118143459916,True,237,216,0.9113924050632911,True,216,0.9113924050632911,True
CROSS_SOURCE_ONLY_CEILING,2024-06-13,237,217,0.9156118143459916,True,237,216,0.9113924050632911,True,216,0.9113924050632911,True
CROSS_SOURCE_ONLY_CEILING,2024-06-14,238,219,0.9201680672268907,True,238,218,0.9159663865546218,True,218,0.9159663865546218,True
CROSS_SOURCE_ONLY_CEILING,2024-06-19,236,217,0.9194915254237288,True,236,216,0.9152542372881356,True,216,0.9152542372881356,True
CROSS_SOURCE_ONLY_CEILING,2024-06-20,236,217,0.9194915254237288,True,236,217,0.9194915254237288,True,217,0.9194915254237288,True
CROSS_SOURCE_ONLY_CEILING,2024-06-21,237,218,0.919831223628692,True,237,218,0.919831223628692,True,218,0.919831223628692,True
CROSS_SOURCE_ONLY_CEILING,2024-06-24,237,218,0.919831223628692,True,237,218,0.919831223628692,True,218,0.919831223628692,True
CROSS_SOURCE_ONLY_CEILING,2024-06-25,237,218,0.919831223628692,True,237,217,0.9156118143459916,True,217,0.9156118143459916,True
CROSS_SOURCE_ONLY_CEILING,2024-06-26,236,219,0.9279661016949152,True,236,218,0.923728813559322,True,218,0.923728813559322,True
CROSS_SOURCE_ONLY_CEILING,2024-06-27,238,221,0.9285714285714286,True,238,220,0.9243697478991597,True,220,0.9243697478991597,True
CROSS_SOURCE_ONLY_CEILING,2024-06-28,239,222,0.9288702928870293,True,239,221,0.9246861924686193,True,221,0.9246861924686193,True
CROSS_SOURCE_ONLY_CEILING,2024-07-01,239,222,0.9288702928870293,True,239,221,0.9246861924686193,True,221,0.9246861924686193,True
CROSS_SOURCE_ONLY_CEILING,2024-07-02,241,223,0.9253112033195021,True,241,223,0.9253112033195021,True,223,0.9253112033195021,True
CROSS_SOURCE_ONLY_CEILING,2024-07-03,241,223,0.9253112033195021,True,241,223,0.9253112033195021,True,223,0.9253112033195021,True
CROSS_SOURCE_ONLY_CEILING,2024-07-04,241,222,0.921161825726141,True,241,222,0.921161825726141,True,222,0.921161825726141,True
CROSS_SOURCE_ONLY_CEILING,2024-07-05,242,223,0.9214876033057852,True,242,223,0.9214876033057852,True,223,0.9214876033057852,True
CROSS_SOURCE_ONLY_CEILING,2024-07-08,242,224,0.9256198347107438,True,242,224,0.9256198347107438,True,224,0.9256198347107438,True
CROSS_SOURCE_ONLY_CEILING,2024-07-09,242,223,0.9214876033057852,True,242,223,0.9214876033057852,True,223,0.9214876033057852,True
CROSS_SOURCE_ONLY_CEILING,2024-07-10,242,223,0.9214876033057852,True,242,223,0.9214876033057852,True,223,0.9214876033057852,True
CROSS_SOURCE_ONLY_CEILING,2024-07-11,241,223,0.9253112033195021,True,241,223,0.9253112033195021,True,223,0.9253112033195021,True
CROSS_SOURCE_ONLY_CEILING,2024-07-12,241,222,0.921161825726141,True,241,222,0.921161825726141,True,222,0.921161825726141,True
CROSS_SOURCE_ONLY_CEILING,2024-07-15,241,222,0.921161825726141,True,241,222,0.921161825726141,True,222,0.921161825726141,True
CROSS_SOURCE_ONLY_CEILING,2024-07-16,241,222,0.921161825726141,True,241,222,0.921161825726141,True,222,0.921161825726141,True
CROSS_SOURCE_ONLY_CEILING,2024-07-17,239,220,0.9205020920502092,True,239,220,0.9205020920502092,True,220,0.9205020920502092,True
CROSS_SOURCE_ONLY_CEILING,2024-07-18,240,220,0.9166666666666666,True,240,220,0.9166666666666666,True,220,0.9166666666666666,True
CROSS_SOURCE_ONLY_CEILING,2024-07-19,240,220,0.9166666666666666,True,240,220,0.9166666666666666,True,220,0.9166666666666666,True
CROSS_SOURCE_ONLY_CEILING,2024-07-22,236,216,0.9152542372881356,True,236,216,0.9152542372881356,True,216,0.9152542372881356,True
CROSS_SOURCE_ONLY_CEILING,2024-07-23,236,216,0.9152542372881356,True,236,216,0.9152542372881356,True,216,0.9152542372881356,True
CROSS_SOURCE_ONLY_CEILING,2024-07-24,236,216,0.9152542372881356,True,236,216,0.9152542372881356,True,216,0.9152542372881356,True
CROSS_SOURCE_ONLY_CEILING,2024-07-25,237,217,0.9156118143459916,True,237,217,0.9156118143459916,True,217,0.9156118143459916,True
CROSS_SOURCE_ONLY_CEILING,2024-07-26,238,217,0.9117647058823529,True,238,217,0.9117647058823529,True,217,0.9117647058823529,True
CROSS_SOURCE_ONLY_CEILING,2024-07-29,239,218,0.9121338912133892,True,239,218,0.9121338912133892,True,218,0.9121338912133892,True
CROSS_SOURCE_ONLY_CEILING,2024-07-30,239,218,0.9121338912133892,True,239,218,0.9121338912133892,True,218,0.9121338912133892,True
CROSS_SOURCE_ONLY_CEILING,2024-07-31,242,221,0.9132231404958677,True,242,221,0.9132231404958677,True,221,0.9132231404958677,True
CROSS_SOURCE_ONLY_CEILING,2024-08-01,239,218,0.9121338912133892,True,239,218,0.9121338912133892,True,218,0.9121338912133892,True
CROSS_SOURCE_ONLY_CEILING,2024-08-02,239,218,0.9121338912133892,True,239,218,0.9121338912133892,True,218,0.9121338912133892,True
CROSS_SOURCE_ONLY_CEILING,2024-08-05,241,220,0.9128630705394191,True,241,220,0.9128630705394191,True,220,0.9128630705394191,True
CROSS_SOURCE_ONLY_CEILING,2024-08-06,241,221,0.91701244813278,True,241,221,0.91701244813278,True,221,0.91701244813278,True
CROSS_SOURCE_ONLY_CEILING,2024-08-07,241,221,0.91701244813278,True,241,221,0.91701244813278,True,221,0.91701244813278,True
CROSS_SOURCE_ONLY_CEILING,2024-08-08,242,222,0.9173553719008265,True,242,222,0.9173553719008265,True,222,0.9173553719008265,True
CROSS_SOURCE_ONLY_CEILING,2024-08-09,242,222,0.9173553719008265,True,242,222,0.9173553719008265,True,222,0.9173553719008265,True
CROSS_SOURCE_ONLY_CEILING,2024-08-12,244,223,0.9139344262295082,True,244,223,0.9139344262295082,True,223,0.9139344262295082,True
CROSS_SOURCE_ONLY_CEILING,2024-08-13,244,223,0.9139344262295082,True,244,223,0.9139344262295082,True,223,0.9139344262295082,True
CROSS_SOURCE_ONLY_CEILING,2024-08-14,243,222,0.9135802469135802,True,243,222,0.9135802469135802,True,222,0.9135802469135802,True
CROSS_SOURCE_ONLY_CEILING,2024-08-15,245,224,0.9142857142857143,True,245,224,0.9142857142857143,True,224,0.9142857142857143,True
CROSS_SOURCE_ONLY_CEILING,2024-08-16,246,225,0.9146341463414634,True,246,225,0.9146341463414634,True,225,0.9146341463414634,True
CROSS_SOURCE_ONLY_CEILING,2024-08-19,246,225,0.9146341463414634,True,246,225,0.9146341463414634,True,225,0.9146341463414634,True
CROSS_SOURCE_ONLY_CEILING,2024-08-20,245,224,0.9142857142857143,True,245,224,0.9142857142857143,True,224,0.9142857142857143,True
CROSS_SOURCE_ONLY_CEILING,2024-08-21,244,223,0.9139344262295082,True,244,223,0.9139344262295082,True,223,0.9139344262295082,True
CROSS_SOURCE_ONLY_CEILING,2024-08-22,244,223,0.9139344262295082,True,244,223,0.9139344262295082,True,223,0.9139344262295082,True
CROSS_SOURCE_ONLY_CEILING,2024-08-23,242,221,0.9132231404958677,True,242,221,0.9132231404958677,True,221,0.9132231404958677,True
CROSS_SOURCE_ONLY_CEILING,2024-08-26,243,222,0.9135802469135802,True,243,222,0.9135802469135802,True,222,0.9135802469135802,True
CROSS_SOURCE_ONLY_CEILING,2024-08-27,242,221,0.9132231404958677,True,242,221,0.9132231404958677,True,221,0.9132231404958677,True
CROSS_SOURCE_ONLY_CEILING,2024-08-28,242,222,0.9173553719008265,True,242,222,0.9173553719008265,True,222,0.9173553719008265,True
CROSS_SOURCE_ONLY_CEILING,2024-08-29,243,222,0.9135802469135802,True,243,222,0.9135802469135802,True,222,0.9135802469135802,True
CROSS_SOURCE_ONLY_CEILING,2024-08-30,242,221,0.9132231404958677,True,242,221,0.9132231404958677,True,221,0.9132231404958677,True
CROSS_SOURCE_ONLY_CEILING,2024-09-02,245,224,0.9142857142857143,True,245,224,0.9142857142857143,True,224,0.9142857142857143,True
CROSS_SOURCE_ONLY_CEILING,2024-09-03,247,226,0.9149797570850202,True,247,226,0.9149797570850202,True,226,0.9149797570850202,True
CROSS_SOURCE_ONLY_CEILING,2024-09-04,248,227,0.9153225806451613,True,248,227,0.9153225806451613,True,227,0.9153225806451613,True
CROSS_SOURCE_ONLY_CEILING,2024-09-05,247,226,0.9149797570850202,True,247,226,0.9149797570850202,True,226,0.9149797570850202,True
CROSS_SOURCE_ONLY_CEILING,2024-09-06,242,221,0.9132231404958677,True,242,221,0.9132231404958677,True,221,0.9132231404958677,True
CROSS_SOURCE_ONLY_CEILING,2024-09-09,243,222,0.9135802469135802,True,243,222,0.9135802469135802,True,222,0.9135802469135802,True
CROSS_SOURCE_ONLY_CEILING,2024-09-10,244,223,0.9139344262295082,True,244,223,0.9139344262295082,True,223,0.9139344262295082,True
CROSS_SOURCE_ONLY_CEILING,2024-09-11,245,224,0.9142857142857143,True,245,224,0.9142857142857143,True,224,0.9142857142857143,True
CROSS_SOURCE_ONLY_CEILING,2024-09-12,246,224,0.9105691056910569,True,246,224,0.9105691056910569,True,224,0.9105691056910569,True
CROSS_SOURCE_ONLY_CEILING,2024-09-13,246,224,0.9105691056910569,True,246,224,0.9105691056910569,True,224,0.9105691056910569,True
CROSS_SOURCE_ONLY_CEILING,2024-09-17,248,226,0.9112903225806451,True,248,226,0.9112903225806451,True,226,0.9112903225806451,True
CROSS_SOURCE_ONLY_CEILING,2024-09-18,245,224,0.9142857142857143,True,245,224,0.9142857142857143,True,224,0.9142857142857143,True
CROSS_SOURCE_ONLY_CEILING,2024-09-19,246,225,0.9146341463414634,True,246,225,0.9146341463414634,True,225,0.9146341463414634,True
CROSS_SOURCE_ONLY_CEILING,2024-09-20,246,225,0.9146341463414634,True,246,225,0.9146341463414634,True,225,0.9146341463414634,True
CROSS_SOURCE_ONLY_CEILING,2024-09-23,246,225,0.9146341463414634,True,246,225,0.9146341463414634,True,225,0.9146341463414634,True
CROSS_SOURCE_ONLY_CEILING,2024-09-24,247,226,0.9149797570850202,True,247,226,0.9149797570850202,True,226,0.9149797570850202,True
CROSS_SOURCE_ONLY_CEILING,2024-09-25,246,225,0.9146341463414634,True,246,225,0.9146341463414634,True,225,0.9146341463414634,True
CROSS_SOURCE_ONLY_CEILING,2024-09-26,248,227,0.9153225806451613,True,248,227,0.9153225806451613,True,227,0.9153225806451613,True
CROSS_SOURCE_ONLY_CEILING,2024-09-27,247,226,0.9149797570850202,True,247,226,0.9149797570850202,True,226,0.9149797570850202,True
CROSS_SOURCE_ONLY_CEILING,2024-09-30,248,227,0.9153225806451613,True,248,227,0.9153225806451613,True,227,0.9153225806451613,True
CROSS_SOURCE_ONLY_CEILING,2024-10-01,248,227,0.9153225806451613,True,248,227,0.9153225806451613,True,227,0.9153225806451613,True
CROSS_SOURCE_ONLY_CEILING,2024-10-02,248,226,0.9112903225806451,True,248,226,0.9112903225806451,True,226,0.9112903225806451,True
CROSS_SOURCE_ONLY_CEILING,2024-10-03,247,225,0.9109311740890689,True,247,225,0.9109311740890689,True,225,0.9109311740890689,True
CROSS_SOURCE_ONLY_CEILING,2024-10-04,249,227,0.9116465863453815,True,249,227,0.9116465863453815,True,227,0.9116465863453815,True
CROSS_SOURCE_ONLY_CEILING,2024-10-07,248,226,0.9112903225806451,True,248,226,0.9112903225806451,True,226,0.9112903225806451,True
CROSS_SOURCE_ONLY_CEILING,2024-10-08,246,225,0.9146341463414634,True,246,225,0.9146341463414634,True,225,0.9146341463414634,True
CROSS_SOURCE_ONLY_CEILING,2024-10-09,247,226,0.9149797570850202,True,247,226,0.9149797570850202,True,226,0.9149797570850202,True
CROSS_SOURCE_ONLY_CEILING,2024-10-10,249,227,0.9116465863453815,True,249,227,0.9116465863453815,True,227,0.9116465863453815,True
CROSS_SOURCE_ONLY_CEILING,2024-10-11,249,227,0.9116465863453815,True,249,227,0.9116465863453815,True,227,0.9116465863453815,True
CROSS_SOURCE_ONLY_CEILING,2024-10-14,249,227,0.9116465863453815,True,249,227,0.9116465863453815,True,227,0.9116465863453815,True
CROSS_SOURCE_ONLY_CEILING,2024-10-15,249,227,0.9116465863453815,True,249,227,0.9116465863453815,True,227,0.9116465863453815,True
CROSS_SOURCE_ONLY_CEILING,2024-10-16,249,227,0.9116465863453815,True,249,227,0.9116465863453815,True,227,0.9116465863453815,True
CROSS_SOURCE_ONLY_CEILING,2024-10-17,249,227,0.9116465863453815,True,249,227,0.9116465863453815,True,227,0.9116465863453815,True
CROSS_SOURCE_ONLY_CEILING,2024-10-18,251,229,0.9123505976095617,True,251,229,0.9123505976095617,True,229,0.9123505976095617,True
CROSS_SOURCE_ONLY_CEILING,2024-10-21,250,229,0.916,True,250,229,0.916,True,229,0.916,True
CROSS_SOURCE_ONLY_CEILING,2024-10-22,250,229,0.916,True,250,229,0.916,True,229,0.916,True
CROSS_SOURCE_ONLY_CEILING,2024-10-23,252,231,0.9166666666666666,True,252,231,0.9166666666666666,True,231,0.9166666666666666,True
CROSS_SOURCE_ONLY_CEILING,2024-10-24,251,230,0.9163346613545816,True,251,230,0.9163346613545816,True,230,0.9163346613545816,True
CROSS_SOURCE_ONLY_CEILING,2024-10-25,251,230,0.9163346613545816,True,251,230,0.9163346613545816,True,230,0.9163346613545816,True
CROSS_SOURCE_ONLY_CEILING,2024-10-28,252,229,0.9087301587301587,True,252,228,0.9047619047619048,True,228,0.9047619047619048,True
CROSS_SOURCE_ONLY_CEILING,2024-10-29,254,231,0.9094488188976378,True,254,230,0.905511811023622,True,230,0.905511811023622,True
CROSS_SOURCE_ONLY_CEILING,2024-10-30,254,231,0.9094488188976378,True,254,230,0.905511811023622,True,230,0.905511811023622,True
CROSS_SOURCE_ONLY_CEILING,2024-10-31,256,233,0.91015625,True,256,232,0.90625,True,232,0.90625,True
CROSS_SOURCE_ONLY_CEILING,2024-11-01,257,234,0.9105058365758755,True,257,233,0.9066147859922179,True,233,0.9066147859922179,True
CROSS_SOURCE_ONLY_CEILING,2024-11-04,259,235,0.9073359073359073,True,259,235,0.9073359073359073,True,235,0.9073359073359073,True
CROSS_SOURCE_ONLY_CEILING,2024-11-05,261,236,0.9042145593869731,True,261,236,0.9042145593869731,True,236,0.9042145593869731,True
CROSS_SOURCE_ONLY_CEILING,2024-11-06,262,238,0.9083969465648855,True,262,238,0.9083969465648855,True,238,0.9083969465648855,True
CROSS_SOURCE_ONLY_CEILING,2024-11-07,263,239,0.908745247148289,True,263,239,0.908745247148289,True,239,0.908745247148289,True
CROSS_SOURCE_ONLY_CEILING,2024-11-08,264,241,0.9128787878787878,True,264,241,0.9128787878787878,True,241,0.9128787878787878,True
CROSS_SOURCE_ONLY_CEILING,2024-11-11,264,241,0.9128787878787878,True,264,241,0.9128787878787878,True,241,0.9128787878787878,True
CROSS_SOURCE_ONLY_CEILING,2024-11-12,264,241,0.9128787878787878,True,264,241,0.9128787878787878,True,241,0.9128787878787878,True
CROSS_SOURCE_ONLY_CEILING,2024-11-13,261,239,0.9157088122605364,True,261,239,0.9157088122605364,True,239,0.9157088122605364,True
CROSS_SOURCE_ONLY_CEILING,2024-11-14,260,238,0.9153846153846154,True,260,238,0.9153846153846154,True,238,0.9153846153846154,True
CROSS_SOURCE_ONLY_CEILING,2024-11-15,257,235,0.914396887159533,True,257,235,0.914396887159533,True,235,0.914396887159533,True
CROSS_SOURCE_ONLY_CEILING,2024-11-18,257,234,0.9105058365758755,True,257,234,0.9105058365758755,True,234,0.9105058365758755,True
CROSS_SOURCE_ONLY_CEILING,2024-11-19,258,235,0.9108527131782945,True,258,235,0.9108527131782945,True,235,0.9108527131782945,True
CROSS_SOURCE_ONLY_CEILING,2024-11-20,255,232,0.9098039215686274,True,255,232,0.9098039215686274,True,232,0.9098039215686274,True
CROSS_SOURCE_ONLY_CEILING,2024-11-21,256,232,0.90625,True,256,232,0.90625,True,232,0.90625,True
CROSS_SOURCE_ONLY_CEILING,2024-11-22,252,229,0.9087301587301587,True,252,229,0.9087301587301587,True,229,0.9087301587301587,True
CROSS_SOURCE_ONLY_CEILING,2024-11-25,252,229,0.9087301587301587,True,252,229,0.9087301587301587,True,229,0.9087301587301587,True
CROSS_SOURCE_ONLY_CEILING,2024-11-26,252,228,0.9047619047619048,True,252,228,0.9047619047619048,True,228,0.9047619047619048,True
CROSS_SOURCE_ONLY_CEILING,2024-11-28,252,229,0.9087301587301587,True,252,229,0.9087301587301587,True,229,0.9087301587301587,True
CROSS_SOURCE_ONLY_CEILING,2024-11-29,252,229,0.9087301587301587,True,252,229,0.9087301587301587,True,229,0.9087301587301587,True
CROSS_SOURCE_ONLY_CEILING,2024-12-02,251,227,0.9043824701195219,True,251,227,0.9043824701195219,True,227,0.9043824701195219,True
CROSS_SOURCE_ONLY_CEILING,2024-12-03,249,226,0.9076305220883534,True,249,226,0.9076305220883534,True,226,0.9076305220883534,True
CROSS_SOURCE_ONLY_CEILING,2024-12-04,252,228,0.9047619047619048,True,252,228,0.9047619047619048,True,228,0.9047619047619048,True
CROSS_SOURCE_ONLY_CEILING,2024-12-05,252,228,0.9047619047619048,True,252,228,0.9047619047619048,True,228,0.9047619047619048,True
CROSS_SOURCE_ONLY_CEILING,2024-12-06,251,228,0.9083665338645418,True,251,228,0.9083665338645418,True,228,0.9083665338645418,True
CROSS_SOURCE_ONLY_CEILING,2024-12-09,250,227,0.908,True,250,227,0.908,True,227,0.908,True
CROSS_SOURCE_ONLY_CEILING,2024-12-10,252,229,0.9087301587301587,True,252,229,0.9087301587301587,True,229,0.9087301587301587,True
CROSS_SOURCE_ONLY_CEILING,2024-12-11,255,232,0.9098039215686274,True,255,232,0.9098039215686274,True,232,0.9098039215686274,True
CROSS_SOURCE_ONLY_CEILING,2024-12-12,257,234,0.9105058365758755,True,257,234,0.9105058365758755,True,234,0.9105058365758755,True
CROSS_SOURCE_ONLY_CEILING,2024-12-13,256,233,0.91015625,True,256,232,0.90625,True,232,0.90625,True
CROSS_SOURCE_ONLY_CEILING,2024-12-16,256,233,0.91015625,True,256,232,0.90625,True,232,0.90625,True
CROSS_SOURCE_ONLY_CEILING,2024-12-17,254,232,0.9133858267716536,True,254,231,0.9094488188976378,True,231,0.9094488188976378,True
CROSS_SOURCE_ONLY_CEILING,2024-12-18,255,233,0.9137254901960784,True,255,232,0.9098039215686274,True,232,0.9098039215686274,True
CROSS_SOURCE_ONLY_CEILING,2024-12-19,254,232,0.9133858267716536,True,254,231,0.9094488188976378,True,231,0.9094488188976378,True
CROSS_SOURCE_ONLY_CEILING,2024-12-20,253,230,0.9090909090909091,True,253,230,0.9090909090909091,True,230,0.9090909090909091,True
CROSS_SOURCE_ONLY_CEILING,2024-12-23,249,226,0.9076305220883534,True,249,226,0.9076305220883534,True,226,0.9076305220883534,True
CROSS_SOURCE_ONLY_CEILING,2024-12-24,252,228,0.9047619047619048,True,252,228,0.9047619047619048,True,228,0.9047619047619048,True
CROSS_SOURCE_ONLY_CEILING,2024-12-27,251,227,0.9043824701195219,True,251,227,0.9043824701195219,True,227,0.9043824701195219,True
CROSS_SOURCE_ONLY_CEILING,2024-12-30,248,226,0.9112903225806451,True,248,226,0.9112903225806451,True,226,0.9112903225806451,True
CROSS_SOURCE_ONLY_CEILING,2025-01-02,250,227,0.908,True,250,227,0.908,True,227,0.908,True
CROSS_SOURCE_ONLY_CEILING,2025-01-03,250,227,0.908,True,250,227,0.908,True,227,0.908,True
CROSS_SOURCE_ONLY_CEILING,2025-01-06,248,225,0.907258064516129,True,248,225,0.907258064516129,True,225,0.907258064516129,True
CROSS_SOURCE_ONLY_CEILING,2025-01-07,250,227,0.908,True,250,227,0.908,True,227,0.908,True
CROSS_SOURCE_ONLY_CEILING,2025-01-08,250,227,0.908,True,250,227,0.908,True,227,0.908,True
CROSS_SOURCE_ONLY_CEILING,2025-01-09,246,223,0.9065040650406504,True,246,223,0.9065040650406504,True,223,0.9065040650406504,True
CROSS_SOURCE_ONLY_CEILING,2025-01-10,244,221,0.9057377049180327,True,244,221,0.9057377049180327,True,221,0.9057377049180327,True
CROSS_SOURCE_ONLY_CEILING,2025-01-13,242,219,0.9049586776859504,True,242,219,0.9049586776859504,True,219,0.9049586776859504,True
CROSS_SOURCE_ONLY_CEILING,2025-01-14,240,217,0.9041666666666667,True,240,217,0.9041666666666667,True,217,0.9041666666666667,True
CROSS_SOURCE_ONLY_CEILING,2025-01-15,240,217,0.9041666666666667,True,240,217,0.9041666666666667,True,217,0.9041666666666667,True
CROSS_SOURCE_ONLY_CEILING,2025-01-16,240,217,0.9041666666666667,True,240,217,0.9041666666666667,True,217,0.9041666666666667,True
CROSS_SOURCE_ONLY_CEILING,2025-01-17,239,217,0.9079497907949791,True,239,217,0.9079497907949791,True,217,0.9079497907949791,True
CROSS_SOURCE_ONLY_CEILING,2025-01-20,238,216,0.907563025210084,True,238,216,0.907563025210084,True,216,0.907563025210084,True
CROSS_SOURCE_ONLY_CEILING,2025-01-21,240,218,0.9083333333333333,True,240,218,0.9083333333333333,True,218,0.9083333333333333,True
CROSS_SOURCE_ONLY_CEILING,2025-01-22,240,218,0.9083333333333333,True,240,218,0.9083333333333333,True,218,0.9083333333333333,True
CROSS_SOURCE_ONLY_CEILING,2025-01-23,240,218,0.9083333333333333,True,240,218,0.9083333333333333,True,218,0.9083333333333333,True
CROSS_SOURCE_ONLY_CEILING,2025-01-24,240,218,0.9083333333333333,True,240,218,0.9083333333333333,True,218,0.9083333333333333,True
CROSS_SOURCE_ONLY_CEILING,2025-01-30,240,218,0.9083333333333333,True,240,218,0.9083333333333333,True,218,0.9083333333333333,True
CROSS_SOURCE_ONLY_CEILING,2025-01-31,235,213,0.9063829787234042,True,235,213,0.9063829787234042,True,213,0.9063829787234042,True
CROSS_SOURCE_ONLY_CEILING,2025-02-03,236,215,0.9110169491525424,True,236,215,0.9110169491525424,True,215,0.9110169491525424,True
CROSS_SOURCE_ONLY_CEILING,2025-02-04,230,209,0.908695652173913,True,230,209,0.908695652173913,True,209,0.908695652173913,True
CROSS_SOURCE_ONLY_CEILING,2025-02-05,229,208,0.9082969432314411,True,229,208,0.9082969432314411,True,208,0.9082969432314411,True
CROSS_SOURCE_ONLY_CEILING,2025-02-06,231,211,0.9134199134199135,True,231,211,0.9134199134199135,True,211,0.9134199134199135,True
CROSS_SOURCE_ONLY_CEILING,2025-02-07,234,213,0.9102564102564102,True,234,213,0.9102564102564102,True,213,0.9102564102564102,True
CROSS_SOURCE_ONLY_CEILING,2025-02-10,235,214,0.9106382978723404,True,235,214,0.9106382978723404,True,214,0.9106382978723404,True
CROSS_SOURCE_ONLY_CEILING,2025-02-11,236,215,0.9110169491525424,True,236,215,0.9110169491525424,True,215,0.9110169491525424,True
CROSS_SOURCE_ONLY_CEILING,2025-02-12,235,215,0.9148936170212766,True,235,215,0.9148936170212766,True,215,0.9148936170212766,True
CROSS_SOURCE_ONLY_CEILING,2025-02-13,238,217,0.9117647058823529,True,238,217,0.9117647058823529,True,217,0.9117647058823529,True
CROSS_SOURCE_ONLY_CEILING,2025-02-14,237,216,0.9113924050632911,True,237,216,0.9113924050632911,True,216,0.9113924050632911,True
CROSS_SOURCE_ONLY_CEILING,2025-02-17,232,211,0.9094827586206896,True,232,211,0.9094827586206896,True,211,0.9094827586206896,True
CROSS_SOURCE_ONLY_CEILING,2025-02-18,234,213,0.9102564102564102,True,234,213,0.9102564102564102,True,213,0.9102564102564102,True
CROSS_SOURCE_ONLY_CEILING,2025-02-19,234,214,0.9145299145299145,True,234,214,0.9145299145299145,True,214,0.9145299145299145,True
CROSS_SOURCE_ONLY_CEILING,2025-02-20,234,214,0.9145299145299145,True,234,214,0.9145299145299145,True,214,0.9145299145299145,True
CROSS_SOURCE_ONLY_CEILING,2025-02-21,233,213,0.9141630901287554,True,233,213,0.9141630901287554,True,213,0.9141630901287554,True
CROSS_SOURCE_ONLY_CEILING,2025-02-24,233,212,0.9098712446351931,True,233,212,0.9098712446351931,True,212,0.9098712446351931,True
CROSS_SOURCE_ONLY_CEILING,2025-02-25,230,210,0.9130434782608695,True,230,210,0.9130434782608695,True,210,0.9130434782608695,True
CROSS_SOURCE_ONLY_CEILING,2025-02-26,232,211,0.9094827586206896,True,232,211,0.9094827586206896,True,211,0.9094827586206896,True
CROSS_SOURCE_ONLY_CEILING,2025-02-27,230,209,0.908695652173913,True,230,209,0.908695652173913,True,209,0.908695652173913,True
CROSS_SOURCE_ONLY_CEILING,2025-02-28,231,210,0.9090909090909091,True,231,210,0.9090909090909091,True,210,0.9090909090909091,True
CROSS_SOURCE_ONLY_CEILING,2025-03-03,234,213,0.9102564102564102,True,234,213,0.9102564102564102,True,213,0.9102564102564102,True
CROSS_SOURCE_ONLY_CEILING,2025-03-04,233,213,0.9141630901287554,True,233,213,0.9141630901287554,True,213,0.9141630901287554,True
CROSS_SOURCE_ONLY_CEILING,2025-03-05,236,214,0.9067796610169492,True,236,214,0.9067796610169492,True,214,0.9067796610169492,True
CROSS_SOURCE_ONLY_CEILING,2025-03-06,236,214,0.9067796610169492,True,236,214,0.9067796610169492,True,214,0.9067796610169492,True
CROSS_SOURCE_ONLY_CEILING,2025-03-07,236,214,0.9067796610169492,True,236,214,0.9067796610169492,True,214,0.9067796610169492,True
CROSS_SOURCE_ONLY_CEILING,2025-03-10,234,212,0.905982905982906,True,234,212,0.905982905982906,True,212,0.905982905982906,True
CROSS_SOURCE_ONLY_CEILING,2025-03-11,235,212,0.902127659574468,True,235,212,0.902127659574468,True,212,0.902127659574468,True
CROSS_SOURCE_ONLY_CEILING,2025-03-12,235,212,0.902127659574468,True,235,212,0.902127659574468,True,212,0.902127659574468,True
CROSS_SOURCE_ONLY_CEILING,2025-03-13,235,212,0.902127659574468,True,235,212,0.902127659574468,True,212,0.902127659574468,True
CROSS_SOURCE_ONLY_CEILING,2025-03-14,234,211,0.9017094017094017,True,234,211,0.9017094017094017,True,211,0.9017094017094017,True
CROSS_SOURCE_ONLY_CEILING,2025-03-17,234,211,0.9017094017094017,True,234,211,0.9017094017094017,True,211,0.9017094017094017,True
CROSS_SOURCE_ONLY_CEILING,2025-03-18,234,211,0.9017094017094017,True,234,211,0.9017094017094017,True,211,0.9017094017094017,True
CROSS_SOURCE_ONLY_CEILING,2025-03-19,234,210,0.8974358974358975,False,234,210,0.8974358974358975,False,210,0.8974358974358975,False
CROSS_SOURCE_ONLY_CEILING,2025-03-20,234,210,0.8974358974358975,False,234,210,0.8974358974358975,False,210,0.8974358974358975,False
CROSS_SOURCE_ONLY_CEILING,2025-03-21,233,209,0.8969957081545065,False,233,209,0.8969957081545065,False,209,0.8969957081545065,False
CROSS_SOURCE_ONLY_CEILING,2025-03-24,231,207,0.8961038961038961,False,231,207,0.8961038961038961,False,207,0.8961038961038961,False
CROSS_SOURCE_ONLY_CEILING,2025-03-25,234,209,0.8931623931623932,False,234,209,0.8931623931623932,False,209,0.8931623931623932,False
CROSS_SOURCE_ONLY_CEILING,2025-03-26,232,207,0.8922413793103449,False,232,207,0.8922413793103449,False,207,0.8922413793103449,False
CROSS_SOURCE_ONLY_CEILING,2025-03-27,232,208,0.896551724137931,False,232,208,0.896551724137931,False,208,0.896551724137931,False
CROSS_SOURCE_ONLY_CEILING,2025-04-08,229,205,0.8951965065502183,False,229,205,0.8951965065502183,False,205,0.8951965065502183,False
CROSS_SOURCE_ONLY_CEILING,2025-04-09,228,203,0.8903508771929824,False,228,203,0.8903508771929824,False,203,0.8903508771929824,False
CROSS_SOURCE_ONLY_CEILING,2025-04-10,228,203,0.8903508771929824,False,228,203,0.8903508771929824,False,203,0.8903508771929824,False
CROSS_SOURCE_ONLY_CEILING,2025-04-11,229,204,0.8908296943231441,False,229,204,0.8908296943231441,False,204,0.8908296943231441,False
CROSS_SOURCE_ONLY_CEILING,2025-04-14,229,204,0.8908296943231441,False,229,204,0.8908296943231441,False,204,0.8908296943231441,False
CROSS_SOURCE_ONLY_CEILING,2025-04-15,230,205,0.8913043478260869,False,230,205,0.8913043478260869,False,205,0.8913043478260869,False
CROSS_SOURCE_ONLY_CEILING,2025-04-16,231,206,0.8917748917748918,False,231,206,0.8917748917748918,False,206,0.8917748917748918,False
CROSS_SOURCE_ONLY_CEILING,2025-04-17,229,204,0.8908296943231441,False,229,204,0.8908296943231441,False,204,0.8908296943231441,False
CROSS_SOURCE_ONLY_CEILING,2025-04-21,228,203,0.8903508771929824,False,228,203,0.8903508771929824,False,203,0.8903508771929824,False
CROSS_SOURCE_ONLY_CEILING,2025-04-22,228,203,0.8903508771929824,False,228,203,0.8903508771929824,False,203,0.8903508771929824,False
CROSS_SOURCE_ONLY_CEILING,2025-04-23,226,201,0.8893805309734514,False,226,201,0.8893805309734514,False,201,0.8893805309734514,False
CROSS_SOURCE_ONLY_CEILING,2025-04-24,226,201,0.8893805309734514,False,226,201,0.8893805309734514,False,201,0.8893805309734514,False
CROSS_SOURCE_ONLY_CEILING,2025-04-25,227,202,0.8898678414096917,False,227,202,0.8898678414096917,False,202,0.8898678414096917,False
CROSS_SOURCE_ONLY_CEILING,2025-04-28,225,200,0.8888888888888888,False,225,200,0.8888888888888888,False,200,0.8888888888888888,False
CROSS_SOURCE_ONLY_CEILING,2025-04-29,224,200,0.8928571428571429,False,224,200,0.8928571428571429,False,200,0.8928571428571429,False
CROSS_SOURCE_ONLY_CEILING,2025-04-30,222,199,0.8963963963963963,False,222,199,0.8963963963963963,False,199,0.8963963963963963,False
CROSS_SOURCE_ONLY_CEILING,2025-05-02,226,202,0.8938053097345132,False,226,202,0.8938053097345132,False,202,0.8938053097345132,False
CROSS_SOURCE_ONLY_CEILING,2025-05-05,225,201,0.8933333333333333,False,225,201,0.8933333333333333,False,201,0.8933333333333333,False
CROSS_SOURCE_ONLY_CEILING,2025-05-06,226,202,0.8938053097345132,False,226,202,0.8938053097345132,False,202,0.8938053097345132,False
CROSS_SOURCE_ONLY_CEILING,2025-05-07,225,202,0.8977777777777778,False,225,202,0.8977777777777778,False,202,0.8977777777777778,False
CROSS_SOURCE_ONLY_CEILING,2025-05-08,226,203,0.8982300884955752,False,226,203,0.8982300884955752,False,203,0.8982300884955752,False
CROSS_SOURCE_ONLY_CEILING,2025-05-09,224,201,0.8973214285714286,False,224,201,0.8973214285714286,False,201,0.8973214285714286,False
CROSS_SOURCE_ONLY_CEILING,2025-05-14,223,201,0.9013452914798207,True,223,201,0.9013452914798207,True,201,0.9013452914798207,True
CROSS_SOURCE_ONLY_CEILING,2025-05-15,227,204,0.8986784140969163,False,227,204,0.8986784140969163,False,204,0.8986784140969163,False
CROSS_SOURCE_ONLY_CEILING,2025-05-16,227,204,0.8986784140969163,False,227,204,0.8986784140969163,False,204,0.8986784140969163,False
CROSS_SOURCE_ONLY_CEILING,2025-05-19,228,205,0.8991228070175439,False,228,204,0.8947368421052632,False,204,0.8947368421052632,False
CROSS_SOURCE_ONLY_CEILING,2025-05-20,227,204,0.8986784140969163,False,227,204,0.8986784140969163,False,204,0.8986784140969163,False
CROSS_SOURCE_ONLY_CEILING,2025-05-21,228,204,0.8947368421052632,False,228,202,0.8859649122807017,False,202,0.8859649122807017,False
CROSS_SOURCE_ONLY_CEILING,2025-05-22,229,205,0.8951965065502183,False,229,203,0.8864628820960698,False,203,0.8864628820960698,False
CROSS_SOURCE_ONLY_CEILING,2025-05-23,229,205,0.8951965065502183,False,229,203,0.8864628820960698,False,203,0.8864628820960698,False
CROSS_SOURCE_ONLY_CEILING,2025-05-26,230,207,0.9,True,230,205,0.8913043478260869,False,205,0.8913043478260869,False
CROSS_SOURCE_ONLY_CEILING,2025-05-27,233,210,0.9012875536480687,True,233,208,0.8927038626609443,False,208,0.8927038626609443,False
CROSS_SOURCE_ONLY_CEILING,2025-05-28,235,210,0.8936170212765957,False,235,210,0.8936170212765957,False,210,0.8936170212765957,False
CROSS_SOURCE_ONLY_CEILING,2025-06-02,236,211,0.8940677966101694,False,236,211,0.8940677966101694,False,211,0.8940677966101694,False
CROSS_SOURCE_ONLY_CEILING,2025-06-03,235,210,0.8936170212765957,False,235,210,0.8936170212765957,False,210,0.8936170212765957,False
CROSS_SOURCE_ONLY_CEILING,2025-06-04,235,210,0.8936170212765957,False,235,210,0.8936170212765957,False,210,0.8936170212765957,False
CROSS_SOURCE_ONLY_CEILING,2025-06-05,237,214,0.9029535864978903,True,237,214,0.9029535864978903,True,214,0.9029535864978903,True
CROSS_SOURCE_ONLY_CEILING,2025-06-10,238,215,0.9033613445378151,True,238,215,0.9033613445378151,True,215,0.9033613445378151,True
CROSS_SOURCE_ONLY_CEILING,2025-06-11,238,215,0.9033613445378151,True,238,215,0.9033613445378151,True,215,0.9033613445378151,True
CROSS_SOURCE_ONLY_CEILING,2025-06-12,238,216,0.907563025210084,True,238,216,0.907563025210084,True,216,0.907563025210084,True
CROSS_SOURCE_ONLY_CEILING,2025-06-13,241,218,0.9045643153526971,True,241,218,0.9045643153526971,True,218,0.9045643153526971,True
CROSS_SOURCE_ONLY_CEILING,2025-06-16,241,218,0.9045643153526971,True,241,218,0.9045643153526971,True,218,0.9045643153526971,True
CROSS_SOURCE_ONLY_CEILING,2025-06-17,240,219,0.9125,True,240,218,0.9083333333333333,True,218,0.9083333333333333,True
CROSS_SOURCE_ONLY_CEILING,2025-06-18,239,218,0.9121338912133892,True,239,217,0.9079497907949791,True,217,0.9079497907949791,True
CROSS_SOURCE_ONLY_CEILING,2025-06-19,240,220,0.9166666666666666,True,240,219,0.9125,True,219,0.9125,True
CROSS_SOURCE_ONLY_CEILING,2025-06-20,239,220,0.9205020920502092,True,239,218,0.9121338912133892,True,218,0.9121338912133892,True
CROSS_SOURCE_ONLY_CEILING,2025-06-23,239,220,0.9205020920502092,True,239,218,0.9121338912133892,True,218,0.9121338912133892,True
CROSS_SOURCE_ONLY_CEILING,2025-06-24,241,221,0.91701244813278,True,241,218,0.9045643153526971,True,218,0.9045643153526971,True
CROSS_SOURCE_ONLY_CEILING,2025-06-25,243,223,0.9176954732510288,True,243,220,0.9053497942386831,True,220,0.9053497942386831,True
CROSS_SOURCE_ONLY_CEILING,2025-06-26,244,224,0.9180327868852459,True,244,221,0.9057377049180327,True,221,0.9057377049180327,True
CROSS_SOURCE_ONLY_CEILING,2025-06-30,244,222,0.9098360655737705,True,244,220,0.9016393442622951,True,220,0.9016393442622951,True
CROSS_SOURCE_ONLY_CEILING,2025-07-01,242,221,0.9132231404958677,True,242,219,0.9049586776859504,True,219,0.9049586776859504,True
CROSS_SOURCE_ONLY_CEILING,2025-07-02,241,218,0.9045643153526971,True,241,218,0.9045643153526971,True,218,0.9045643153526971,True
CROSS_SOURCE_ONLY_CEILING,2025-07-03,242,219,0.9049586776859504,True,242,219,0.9049586776859504,True,219,0.9049586776859504,True
CROSS_SOURCE_ONLY_CEILING,2025-07-04,244,222,0.9098360655737705,True,244,222,0.9098360655737705,True,222,0.9098360655737705,True
CROSS_SOURCE_ONLY_CEILING,2025-07-07,242,220,0.9090909090909091,True,242,220,0.9090909090909091,True,220,0.9090909090909091,True
CROSS_SOURCE_ONLY_CEILING,2025-07-08,242,222,0.9173553719008265,True,242,222,0.9173553719008265,True,222,0.9173553719008265,True
CROSS_SOURCE_ONLY_CEILING,2025-07-09,241,221,0.91701244813278,True,241,221,0.91701244813278,True,221,0.91701244813278,True
CROSS_SOURCE_ONLY_CEILING,2025-07-10,242,221,0.9132231404958677,True,242,221,0.9132231404958677,True,221,0.9132231404958677,True
CROSS_SOURCE_ONLY_CEILING,2025-07-11,242,221,0.9132231404958677,True,242,221,0.9132231404958677,True,221,0.9132231404958677,True
CROSS_SOURCE_ONLY_CEILING,2025-07-14,242,221,0.9132231404958677,True,242,221,0.9132231404958677,True,221,0.9132231404958677,True
CROSS_SOURCE_ONLY_CEILING,2025-07-15,244,222,0.9098360655737705,True,244,222,0.9098360655737705,True,222,0.9098360655737705,True
CROSS_SOURCE_ONLY_CEILING,2025-07-16,245,223,0.9102040816326531,True,245,223,0.9102040816326531,True,223,0.9102040816326531,True
CROSS_SOURCE_ONLY_CEILING,2025-07-17,247,224,0.9068825910931174,True,247,224,0.9068825910931174,True,224,0.9068825910931174,True
CROSS_SOURCE_ONLY_CEILING,2025-07-18,248,225,0.907258064516129,True,248,225,0.907258064516129,True,225,0.907258064516129,True
CROSS_SOURCE_ONLY_CEILING,2025-07-21,250,227,0.908,True,250,227,0.908,True,227,0.908,True
CROSS_SOURCE_ONLY_CEILING,2025-07-22,250,227,0.908,True,250,227,0.908,True,227,0.908,True
CROSS_SOURCE_ONLY_CEILING,2025-07-23,250,227,0.908,True,250,227,0.908,True,227,0.908,True
CROSS_SOURCE_ONLY_CEILING,2025-07-24,249,226,0.9076305220883534,True,249,226,0.9076305220883534,True,226,0.9076305220883534,True
CROSS_SOURCE_ONLY_CEILING,2025-07-25,251,228,0.9083665338645418,True,251,228,0.9083665338645418,True,228,0.9083665338645418,True
CROSS_SOURCE_ONLY_CEILING,2025-07-28,252,229,0.9087301587301587,True,252,229,0.9087301587301587,True,229,0.9087301587301587,True
CROSS_SOURCE_ONLY_CEILING,2025-07-29,255,232,0.9098039215686274,True,255,232,0.9098039215686274,True,232,0.9098039215686274,True
CROSS_SOURCE_ONLY_CEILING,2025-07-30,256,234,0.9140625,True,256,234,0.9140625,True,234,0.9140625,True
CROSS_SOURCE_ONLY_CEILING,2025-07-31,256,233,0.91015625,True,256,233,0.91015625,True,233,0.91015625,True
CROSS_SOURCE_ONLY_CEILING,2025-08-01,256,234,0.9140625,True,256,234,0.9140625,True,234,0.9140625,True
CROSS_SOURCE_ONLY_CEILING,2025-08-04,258,235,0.9108527131782945,True,258,235,0.9108527131782945,True,235,0.9108527131782945,True
CROSS_SOURCE_ONLY_CEILING,2025-08-05,259,236,0.9111969111969112,True,259,236,0.9111969111969112,True,236,0.9111969111969112,True
CROSS_SOURCE_ONLY_CEILING,2025-08-06,261,238,0.9118773946360154,True,261,238,0.9118773946360154,True,238,0.9118773946360154,True
CROSS_SOURCE_ONLY_CEILING,2025-08-07,262,239,0.9122137404580153,True,262,239,0.9122137404580153,True,239,0.9122137404580153,True
CROSS_SOURCE_ONLY_CEILING,2025-08-08,267,244,0.9138576779026217,True,267,244,0.9138576779026217,True,244,0.9138576779026217,True
CROSS_SOURCE_ONLY_CEILING,2025-08-11,266,243,0.9135338345864662,True,266,243,0.9135338345864662,True,243,0.9135338345864662,True
CROSS_SOURCE_ONLY_CEILING,2025-08-12,266,242,0.9097744360902256,True,266,242,0.9097744360902256,True,242,0.9097744360902256,True
CROSS_SOURCE_ONLY_CEILING,2025-08-13,267,243,0.9101123595505618,True,267,243,0.9101123595505618,True,243,0.9101123595505618,True
CROSS_SOURCE_ONLY_CEILING,2025-08-14,266,243,0.9135338345864662,True,266,243,0.9135338345864662,True,243,0.9135338345864662,True
CROSS_SOURCE_ONLY_CEILING,2025-08-15,268,244,0.9104477611940298,True,268,244,0.9104477611940298,True,244,0.9104477611940298,True
CROSS_SOURCE_ONLY_CEILING,2025-08-19,267,244,0.9138576779026217,True,267,244,0.9138576779026217,True,244,0.9138576779026217,True
CROSS_SOURCE_ONLY_CEILING,2025-08-20,268,245,0.914179104477612,True,268,245,0.914179104477612,True,245,0.914179104477612,True
CROSS_SOURCE_ONLY_CEILING,2025-08-21,266,243,0.9135338345864662,True,266,243,0.9135338345864662,True,243,0.9135338345864662,True
CROSS_SOURCE_ONLY_CEILING,2025-08-22,268,244,0.9104477611940298,True,268,244,0.9104477611940298,True,244,0.9104477611940298,True
CROSS_SOURCE_ONLY_CEILING,2025-08-25,269,244,0.9070631970260223,True,269,244,0.9070631970260223,True,244,0.9070631970260223,True
CROSS_SOURCE_ONLY_CEILING,2025-08-26,269,242,0.8996282527881041,False,269,242,0.8996282527881041,False,242,0.8996282527881041,False
CROSS_SOURCE_ONLY_CEILING,2025-08-27,273,245,0.8974358974358975,False,273,245,0.8974358974358975,False,245,0.8974358974358975,False
CROSS_SOURCE_ONLY_CEILING,2025-08-28,273,245,0.8974358974358975,False,273,245,0.8974358974358975,False,245,0.8974358974358975,False
CROSS_SOURCE_ONLY_CEILING,2025-08-29,271,243,0.8966789667896679,False,271,243,0.8966789667896679,False,243,0.8966789667896679,False
CROSS_SOURCE_ONLY_CEILING,2025-09-01,275,247,0.8981818181818182,False,275,247,0.8981818181818182,False,247,0.8981818181818182,False
CROSS_SOURCE_ONLY_CEILING,2025-09-02,276,248,0.8985507246376812,False,276,248,0.8985507246376812,False,248,0.8985507246376812,False
CROSS_SOURCE_ONLY_CEILING,2025-09-03,278,250,0.8992805755395683,False,278,250,0.8992805755395683,False,250,0.8992805755395683,False
CROSS_SOURCE_ONLY_CEILING,2025-09-04,279,251,0.899641577060932,False,279,251,0.899641577060932,False,251,0.899641577060932,False
CROSS_SOURCE_ONLY_CEILING,2025-09-08,281,253,0.900355871886121,True,281,253,0.900355871886121,True,253,0.900355871886121,True
CROSS_SOURCE_ONLY_CEILING,2025-09-09,282,254,0.900709219858156,True,282,254,0.900709219858156,True,254,0.900709219858156,True
CROSS_SOURCE_ONLY_CEILING,2025-09-10,283,255,0.901060070671378,True,283,255,0.901060070671378,True,255,0.901060070671378,True
CROSS_SOURCE_ONLY_CEILING,2025-09-11,287,259,0.9024390243902439,True,287,259,0.9024390243902439,True,259,0.9024390243902439,True
CROSS_SOURCE_ONLY_CEILING,2025-09-12,289,260,0.8996539792387543,False,289,260,0.8996539792387543,False,260,0.8996539792387543,False
CROSS_SOURCE_ONLY_CEILING,2025-09-15,289,260,0.8996539792387543,False,289,260,0.8996539792387543,False,260,0.8996539792387543,False
CROSS_SOURCE_ONLY_CEILING,2025-09-16,293,264,0.9010238907849829,True,293,264,0.9010238907849829,True,264,0.9010238907849829,True
CROSS_SOURCE_ONLY_CEILING,2025-09-17,293,264,0.9010238907849829,True,293,264,0.9010238907849829,True,264,0.9010238907849829,True
CROSS_SOURCE_ONLY_CEILING,2025-09-18,298,269,0.9026845637583892,True,298,269,0.9026845637583892,True,269,0.9026845637583892,True
CROSS_SOURCE_ONLY_CEILING,2025-09-19,298,269,0.9026845637583892,True,298,269,0.9026845637583892,True,269,0.9026845637583892,True
CROSS_SOURCE_ONLY_CEILING,2025-09-22,299,270,0.903010033444816,True,299,270,0.903010033444816,True,270,0.903010033444816,True
CROSS_SOURCE_ONLY_CEILING,2025-09-23,304,274,0.9013157894736842,True,304,274,0.9013157894736842,True,274,0.9013157894736842,True
CROSS_SOURCE_ONLY_CEILING,2025-09-24,306,276,0.9019607843137255,True,306,276,0.9019607843137255,True,276,0.9019607843137255,True
CROSS_SOURCE_ONLY_CEILING,2025-09-25,311,280,0.9003215434083601,True,311,280,0.9003215434083601,True,280,0.9003215434083601,True
CROSS_SOURCE_ONLY_CEILING,2025-09-26,311,282,0.9067524115755627,True,311,282,0.9067524115755627,True,282,0.9067524115755627,True
CROSS_SOURCE_ONLY_CEILING,2025-09-29,316,284,0.8987341772151899,False,316,284,0.8987341772151899,False,284,0.8987341772151899,False
CROSS_SOURCE_ONLY_CEILING,2025-09-30,316,285,0.9018987341772152,True,316,285,0.9018987341772152,True,285,0.9018987341772152,True
CROSS_SOURCE_ONLY_CEILING,2025-10-01,323,292,0.9040247678018576,True,323,292,0.9040247678018576,True,292,0.9040247678018576,True
CROSS_SOURCE_ONLY_CEILING,2025-10-02,330,297,0.9,True,330,297,0.9,True,297,0.9,True
CROSS_SOURCE_ONLY_CEILING,2025-10-03,334,301,0.9011976047904192,True,334,301,0.9011976047904192,True,301,0.9011976047904192,True
CROSS_SOURCE_ONLY_CEILING,2025-10-06,332,300,0.9036144578313253,True,332,300,0.9036144578313253,True,300,0.9036144578313253,True
CROSS_SOURCE_ONLY_CEILING,2025-10-07,340,308,0.9058823529411765,True,340,308,0.9058823529411765,True,308,0.9058823529411765,True
CROSS_SOURCE_ONLY_CEILING,2025-10-08,343,310,0.9037900874635568,True,343,310,0.9037900874635568,True,310,0.9037900874635568,True
CROSS_SOURCE_ONLY_CEILING,2025-10-09,348,316,0.9080459770114943,True,348,316,0.9080459770114943,True,316,0.9080459770114943,True
CROSS_SOURCE_ONLY_CEILING,2025-10-10,349,317,0.9083094555873925,True,349,317,0.9083094555873925,True,317,0.9083094555873925,True
CROSS_SOURCE_ONLY_CEILING,2025-10-13,356,324,0.9101123595505618,True,356,324,0.9101123595505618,True,324,0.9101123595505618,True
CROSS_SOURCE_ONLY_CEILING,2025-10-14,361,328,0.9085872576177285,True,361,328,0.9085872576177285,True,328,0.9085872576177285,True
CROSS_SOURCE_ONLY_CEILING,2025-10-15,361,328,0.9085872576177285,True,361,328,0.9085872576177285,True,328,0.9085872576177285,True
CROSS_SOURCE_ONLY_CEILING,2025-10-16,365,332,0.9095890410958904,True,365,332,0.9095890410958904,True,332,0.9095890410958904,True
CROSS_SOURCE_ONLY_CEILING,2025-10-17,367,334,0.9100817438692098,True,367,334,0.9100817438692098,True,334,0.9100817438692098,True
CROSS_SOURCE_ONLY_CEILING,2025-10-20,370,336,0.9081081081081082,True,370,336,0.9081081081081082,True,336,0.9081081081081082,True
CROSS_SOURCE_ONLY_CEILING,2025-10-21,375,341,0.9093333333333333,True,375,341,0.9093333333333333,True,341,0.9093333333333333,True
CROSS_SOURCE_ONLY_CEILING,2025-10-22,376,342,0.9095744680851063,True,376,342,0.9095744680851063,True,342,0.9095744680851063,True
CROSS_SOURCE_ONLY_CEILING,2025-10-23,376,342,0.9095744680851063,True,376,342,0.9095744680851063,True,342,0.9095744680851063,True
CROSS_SOURCE_ONLY_CEILING,2025-10-24,379,345,0.9102902374670184,True,379,345,0.9102902374670184,True,345,0.9102902374670184,True
CROSS_SOURCE_ONLY_CEILING,2025-10-27,381,347,0.910761154855643,True,381,347,0.910761154855643,True,347,0.910761154855643,True
CROSS_SOURCE_ONLY_CEILING,2025-10-28,379,345,0.9102902374670184,True,379,345,0.9102902374670184,True,345,0.9102902374670184,True
CROSS_SOURCE_ONLY_CEILING,2025-10-29,382,348,0.9109947643979057,True,382,348,0.9109947643979057,True,348,0.9109947643979057,True
CROSS_SOURCE_ONLY_CEILING,2025-10-30,388,354,0.9123711340206185,True,388,354,0.9123711340206185,True,354,0.9123711340206185,True
CROSS_SOURCE_ONLY_CEILING,2025-10-31,388,354,0.9123711340206185,True,388,354,0.9123711340206185,True,354,0.9123711340206185,True
CROSS_SOURCE_ONLY_CEILING,2025-11-03,391,356,0.9104859335038363,True,391,356,0.9104859335038363,True,356,0.9104859335038363,True
CROSS_SOURCE_ONLY_CEILING,2025-11-04,394,359,0.9111675126903553,True,394,359,0.9111675126903553,True,359,0.9111675126903553,True
CROSS_SOURCE_ONLY_CEILING,2025-11-05,394,359,0.9111675126903553,True,394,359,0.9111675126903553,True,359,0.9111675126903553,True
CROSS_SOURCE_ONLY_CEILING,2025-11-06,390,355,0.9102564102564102,True,390,355,0.9102564102564102,True,355,0.9102564102564102,True
CROSS_SOURCE_ONLY_CEILING,2025-11-07,391,356,0.9104859335038363,True,391,356,0.9104859335038363,True,356,0.9104859335038363,True
CROSS_SOURCE_ONLY_CEILING,2025-11-10,394,358,0.9086294416243654,True,394,358,0.9086294416243654,True,358,0.9086294416243654,True
CROSS_SOURCE_ONLY_CEILING,2025-11-11,393,357,0.9083969465648855,True,393,357,0.9083969465648855,True,357,0.9083969465648855,True
CROSS_SOURCE_ONLY_CEILING,2025-11-12,393,357,0.9083969465648855,True,393,357,0.9083969465648855,True,357,0.9083969465648855,True
CROSS_SOURCE_ONLY_CEILING,2025-11-13,393,357,0.9083969465648855,True,393,357,0.9083969465648855,True,357,0.9083969465648855,True
CROSS_SOURCE_ONLY_CEILING,2025-11-14,393,357,0.9083969465648855,True,393,357,0.9083969465648855,True,357,0.9083969465648855,True
CROSS_SOURCE_ONLY_CEILING,2025-11-17,393,358,0.910941475826972,True,393,358,0.910941475826972,True,358,0.910941475826972,True
CROSS_SOURCE_ONLY_CEILING,2025-11-18,390,355,0.9102564102564102,True,390,355,0.9102564102564102,True,355,0.9102564102564102,True
CROSS_SOURCE_ONLY_CEILING,2025-11-19,393,357,0.9083969465648855,True,393,357,0.9083969465648855,True,357,0.9083969465648855,True
CROSS_SOURCE_ONLY_CEILING,2025-11-20,392,356,0.9081632653061225,True,392,356,0.9081632653061225,True,356,0.9081632653061225,True
CROSS_SOURCE_ONLY_CEILING,2025-11-21,389,353,0.9074550128534704,True,389,353,0.9074550128534704,True,353,0.9074550128534704,True
CROSS_SOURCE_ONLY_CEILING,2025-11-24,392,355,0.9056122448979592,True,392,355,0.9056122448979592,True,355,0.9056122448979592,True
CROSS_SOURCE_ONLY_CEILING,2025-11-25,394,358,0.9086294416243654,True,394,358,0.9086294416243654,True,358,0.9086294416243654,True
CROSS_SOURCE_ONLY_CEILING,2025-11-26,390,355,0.9102564102564102,True,390,355,0.9102564102564102,True,355,0.9102564102564102,True
CROSS_SOURCE_ONLY_CEILING,2025-11-27,389,354,0.910025706940874,True,389,354,0.910025706940874,True,354,0.910025706940874,True
CROSS_SOURCE_ONLY_CEILING,2025-11-28,389,354,0.910025706940874,True,389,354,0.910025706940874,True,354,0.910025706940874,True
CROSS_SOURCE_ONLY_CEILING,2025-12-01,391,355,0.907928388746803,True,391,355,0.907928388746803,True,355,0.907928388746803,True
CROSS_SOURCE_ONLY_CEILING,2025-12-02,389,353,0.9074550128534704,True,389,353,0.9074550128534704,True,353,0.9074550128534704,True
CROSS_SOURCE_ONLY_CEILING,2025-12-03,393,355,0.9033078880407125,True,393,355,0.9033078880407125,True,355,0.9033078880407125,True
CROSS_SOURCE_ONLY_CEILING,2025-12-04,393,356,0.905852417302799,True,393,356,0.905852417302799,True,356,0.905852417302799,True
CROSS_SOURCE_ONLY_CEILING,2025-12-05,387,352,0.9095607235142119,True,387,352,0.9095607235142119,True,352,0.9095607235142119,True
CROSS_SOURCE_ONLY_CEILING,2025-12-08,390,354,0.9076923076923077,True,390,354,0.9076923076923077,True,354,0.9076923076923077,True
CROSS_SOURCE_ONLY_CEILING,2025-12-09,390,354,0.9076923076923077,True,390,354,0.9076923076923077,True,354,0.9076923076923077,True
CROSS_SOURCE_ONLY_CEILING,2025-12-10,390,353,0.9051282051282051,True,390,353,0.9051282051282051,True,353,0.9051282051282051,True
CROSS_SOURCE_ONLY_CEILING,2025-12-11,391,355,0.907928388746803,True,391,355,0.907928388746803,True,355,0.907928388746803,True
CROSS_SOURCE_ONLY_CEILING,2025-12-12,392,356,0.9081632653061225,True,392,356,0.9081632653061225,True,356,0.9081632653061225,True
CROSS_SOURCE_ONLY_CEILING,2025-12-15,388,352,0.9072164948453608,True,388,352,0.9072164948453608,True,352,0.9072164948453608,True
CROSS_SOURCE_ONLY_CEILING,2025-12-16,386,351,0.9093264248704663,True,386,351,0.9093264248704663,True,351,0.9093264248704663,True
CROSS_SOURCE_ONLY_CEILING,2025-12-17,387,351,0.9069767441860465,True,387,351,0.9069767441860465,True,351,0.9069767441860465,True
CROSS_SOURCE_ONLY_CEILING,2025-12-18,387,351,0.9069767441860465,True,387,351,0.9069767441860465,True,351,0.9069767441860465,True
CROSS_SOURCE_ONLY_CEILING,2025-12-19,388,353,0.9097938144329897,True,388,353,0.9097938144329897,True,353,0.9097938144329897,True
CROSS_SOURCE_ONLY_CEILING,2025-12-22,389,354,0.910025706940874,True,389,354,0.910025706940874,True,354,0.910025706940874,True
CROSS_SOURCE_ONLY_CEILING,2025-12-23,391,356,0.9104859335038363,True,391,356,0.9104859335038363,True,356,0.9104859335038363,True
CROSS_SOURCE_ONLY_CEILING,2025-12-24,390,355,0.9102564102564102,True,390,355,0.9102564102564102,True,355,0.9102564102564102,True
CROSS_SOURCE_ONLY_CEILING,2025-12-29,390,355,0.9102564102564102,True,390,355,0.9102564102564102,True,355,0.9102564102564102,True
CROSS_SOURCE_ONLY_CEILING,2025-12-30,391,356,0.9104859335038363,True,391,356,0.9104859335038363,True,356,0.9104859335038363,True
CROSS_SOURCE_ONLY_CEILING,2026-01-02,388,353,0.9097938144329897,True,388,353,0.9097938144329897,True,353,0.9097938144329897,True
CROSS_SOURCE_ONLY_CEILING,2026-01-05,383,349,0.9112271540469974,True,383,349,0.9112271540469974,True,349,0.9112271540469974,True
CROSS_SOURCE_ONLY_CEILING,2026-01-06,384,349,0.9088541666666666,True,384,349,0.9088541666666666,True,349,0.9088541666666666,True
CROSS_SOURCE_ONLY_CEILING,2026-01-07,384,349,0.9088541666666666,True,384,349,0.9088541666666666,True,349,0.9088541666666666,True
CROSS_SOURCE_ONLY_CEILING,2026-01-08,386,351,0.9093264248704663,True,386,351,0.9093264248704663,True,351,0.9093264248704663,True
CROSS_SOURCE_ONLY_CEILING,2026-01-09,385,350,0.9090909090909091,True,385,350,0.9090909090909091,True,350,0.9090909090909091,True
CROSS_SOURCE_ONLY_CEILING,2026-01-12,386,351,0.9093264248704663,True,386,351,0.9093264248704663,True,351,0.9093264248704663,True
CROSS_SOURCE_ONLY_CEILING,2026-01-13,384,351,0.9140625,True,384,351,0.9140625,True,351,0.9140625,True
CROSS_SOURCE_ONLY_CEILING,2026-01-14,385,352,0.9142857142857143,True,385,352,0.9142857142857143,True,352,0.9142857142857143,True
CROSS_SOURCE_ONLY_CEILING,2026-01-15,387,354,0.9147286821705426,True,387,354,0.9147286821705426,True,354,0.9147286821705426,True
CROSS_SOURCE_ONLY_CEILING,2026-01-19,392,359,0.9158163265306123,True,392,359,0.9158163265306123,True,359,0.9158163265306123,True
CROSS_SOURCE_ONLY_CEILING,2026-01-20,394,361,0.916243654822335,True,394,361,0.916243654822335,True,361,0.916243654822335,True
CROSS_SOURCE_ONLY_CEILING,2026-01-21,400,366,0.915,True,400,366,0.915,True,366,0.915,True
CROSS_SOURCE_ONLY_CEILING,2026-01-22,407,372,0.914004914004914,True,407,372,0.914004914004914,True,372,0.914004914004914,True
CROSS_SOURCE_ONLY_CEILING,2026-01-23,412,376,0.912621359223301,True,412,376,0.912621359223301,True,376,0.912621359223301,True
CROSS_SOURCE_ONLY_CEILING,2026-01-26,410,374,0.9121951219512195,True,410,374,0.9121951219512195,True,374,0.9121951219512195,True
CROSS_SOURCE_ONLY_CEILING,2026-01-27,417,381,0.9136690647482014,True,417,381,0.9136690647482014,True,381,0.9136690647482014,True
CROSS_SOURCE_ONLY_CEILING,2026-01-28,420,384,0.9142857142857143,True,420,384,0.9142857142857143,True,384,0.9142857142857143,True
CROSS_SOURCE_ONLY_CEILING,2026-01-29,424,388,0.9150943396226415,True,424,388,0.9150943396226415,True,388,0.9150943396226415,True
CROSS_SOURCE_ONLY_CEILING,2026-01-30,423,387,0.9148936170212766,True,423,387,0.9148936170212766,True,387,0.9148936170212766,True
CROSS_SOURCE_ONLY_CEILING,2026-02-02,423,387,0.9148936170212766,True,423,387,0.9148936170212766,True,387,0.9148936170212766,True
CROSS_SOURCE_ONLY_CEILING,2026-02-03,425,389,0.9152941176470588,True,425,389,0.9152941176470588,True,389,0.9152941176470588,True
CROSS_SOURCE_ONLY_CEILING,2026-02-04,423,387,0.9148936170212766,True,423,387,0.9148936170212766,True,387,0.9148936170212766,True
CROSS_SOURCE_ONLY_CEILING,2026-02-05,424,388,0.9150943396226415,True,424,388,0.9150943396226415,True,388,0.9150943396226415,True
CROSS_SOURCE_ONLY_CEILING,2026-02-06,427,391,0.9156908665105387,True,427,391,0.9156908665105387,True,391,0.9156908665105387,True
CROSS_SOURCE_ONLY_CEILING,2026-02-09,428,392,0.9158878504672897,True,428,392,0.9158878504672897,True,392,0.9158878504672897,True
CROSS_SOURCE_ONLY_CEILING,2026-02-10,428,392,0.9158878504672897,True,428,392,0.9158878504672897,True,392,0.9158878504672897,True
CROSS_SOURCE_ONLY_CEILING,2026-02-11,427,391,0.9156908665105387,True,427,391,0.9156908665105387,True,391,0.9156908665105387,True
CROSS_SOURCE_ONLY_CEILING,2026-02-12,426,390,0.9154929577464789,True,426,390,0.9154929577464789,True,390,0.9154929577464789,True
CROSS_SOURCE_ONLY_CEILING,2026-02-13,429,393,0.916083916083916,True,429,393,0.916083916083916,True,393,0.916083916083916,True
CROSS_SOURCE_ONLY_CEILING,2026-02-18,427,390,0.9133489461358314,True,427,390,0.9133489461358314,True,390,0.9133489461358314,True
CROSS_SOURCE_ONLY_CEILING,2026-02-19,427,391,0.9156908665105387,True,427,391,0.9156908665105387,True,391,0.9156908665105387,True
CROSS_SOURCE_ONLY_CEILING,2026-02-20,427,391,0.9156908665105387,True,427,391,0.9156908665105387,True,391,0.9156908665105387,True
CROSS_SOURCE_ONLY_CEILING,2026-02-23,425,389,0.9152941176470588,True,425,389,0.9152941176470588,True,389,0.9152941176470588,True
CROSS_SOURCE_ONLY_CEILING,2026-02-24,431,394,0.91415313225058,True,431,394,0.91415313225058,True,394,0.91415313225058,True
CROSS_SOURCE_ONLY_CEILING,2026-02-25,431,394,0.91415313225058,True,431,394,0.91415313225058,True,394,0.91415313225058,True
CROSS_SOURCE_ONLY_CEILING,2026-02-26,428,391,0.9135514018691588,True,428,391,0.9135514018691588,True,391,0.9135514018691588,True
CROSS_SOURCE_ONLY_CEILING,2026-02-27,428,391,0.9135514018691588,True,428,391,0.9135514018691588,True,391,0.9135514018691588,True
CROSS_SOURCE_ONLY_CEILING,2026-03-02,427,390,0.9133489461358314,True,427,390,0.9133489461358314,True,390,0.9133489461358314,True
CROSS_SOURCE_ONLY_CEILING,2026-03-03,431,393,0.9118329466357309,True,431,393,0.9118329466357309,True,393,0.9118329466357309,True
CROSS_SOURCE_ONLY_CEILING,2026-03-04,433,396,0.9145496535796767,True,433,396,0.9145496535796767,True,396,0.9145496535796767,True
CROSS_SOURCE_ONLY_CEILING,2026-03-05,429,391,0.9114219114219114,True,429,391,0.9114219114219114,True,391,0.9114219114219114,True
CROSS_SOURCE_ONLY_CEILING,2026-03-06,426,388,0.9107981220657277,True,426,388,0.9107981220657277,True,388,0.9107981220657277,True
CROSS_SOURCE_ONLY_CEILING,2026-03-09,422,383,0.9075829383886256,True,422,383,0.9075829383886256,True,383,0.9075829383886256,True
CROSS_SOURCE_ONLY_CEILING,2026-03-10,416,377,0.90625,True,416,377,0.90625,True,377,0.90625,True
CROSS_SOURCE_ONLY_CEILING,2026-03-11,414,375,0.9057971014492754,True,414,375,0.9057971014492754,True,375,0.9057971014492754,True
CROSS_SOURCE_ONLY_CEILING,2026-03-12,416,377,0.90625,True,416,377,0.90625,True,377,0.90625,True
CROSS_SOURCE_ONLY_CEILING,2026-03-13,414,375,0.9057971014492754,True,414,375,0.9057971014492754,True,375,0.9057971014492754,True
CROSS_SOURCE_ONLY_CEILING,2026-03-16,411,372,0.9051094890510949,True,411,372,0.9051094890510949,True,372,0.9051094890510949,True
CROSS_SOURCE_ONLY_CEILING,2026-03-17,407,369,0.9066339066339066,True,407,369,0.9066339066339066,True,369,0.9066339066339066,True
CROSS_SOURCE_ONLY_CEILING,2026-03-25,407,369,0.9066339066339066,True,407,369,0.9066339066339066,True,369,0.9066339066339066,True
CROSS_SOURCE_ONLY_CEILING,2026-03-26,402,364,0.9054726368159204,True,402,364,0.9054726368159204,True,364,0.9054726368159204,True
CROSS_SOURCE_ONLY_CEILING,2026-03-27,399,361,0.9047619047619048,True,399,361,0.9047619047619048,True,361,0.9047619047619048,True
CROSS_SOURCE_ONLY_CEILING,2026-03-30,396,358,0.9040404040404041,True,396,358,0.9040404040404041,True,358,0.9040404040404041,True
CROSS_SOURCE_ONLY_CEILING,2026-03-31,395,357,0.9037974683544304,True,395,357,0.9037974683544304,True,357,0.9037974683544304,True
CROSS_SOURCE_ONLY_CEILING,2026-04-01,390,354,0.9076923076923077,True,390,354,0.9076923076923077,True,354,0.9076923076923077,True
CROSS_SOURCE_ONLY_CEILING,2026-04-02,390,354,0.9076923076923077,True,390,354,0.9076923076923077,True,354,0.9076923076923077,True
CROSS_SOURCE_ONLY_CEILING,2026-04-06,389,353,0.9074550128534704,True,389,353,0.9074550128534704,True,353,0.9074550128534704,True
CROSS_SOURCE_ONLY_CEILING,2026-04-07,388,352,0.9072164948453608,True,388,352,0.9072164948453608,True,352,0.9072164948453608,True
CROSS_SOURCE_ONLY_CEILING,2026-04-08,387,351,0.9069767441860465,True,387,351,0.9069767441860465,True,351,0.9069767441860465,True
CROSS_SOURCE_ONLY_CEILING,2026-04-09,387,351,0.9069767441860465,True,387,351,0.9069767441860465,True,351,0.9069767441860465,True
CROSS_SOURCE_ONLY_CEILING,2026-04-10,385,349,0.9064935064935065,True,385,349,0.9064935064935065,True,349,0.9064935064935065,True
CROSS_SOURCE_ONLY_CEILING,2026-04-13,381,346,0.9081364829396326,True,381,346,0.9081364829396326,True,346,0.9081364829396326,True
CROSS_SOURCE_ONLY_CEILING,2026-04-14,380,344,0.9052631578947369,True,380,344,0.9052631578947369,True,344,0.9052631578947369,True
CROSS_SOURCE_ONLY_CEILING,2026-04-15,376,340,0.9042553191489362,True,376,340,0.9042553191489362,True,340,0.9042553191489362,True
CROSS_SOURCE_ONLY_CEILING,2026-04-16,376,339,0.901595744680851,True,376,339,0.901595744680851,True,339,0.901595744680851,True
CROSS_SOURCE_ONLY_CEILING,2026-04-17,376,339,0.901595744680851,True,376,339,0.901595744680851,True,339,0.901595744680851,True
CROSS_SOURCE_ONLY_CEILING,2026-04-20,375,338,0.9013333333333333,True,375,338,0.9013333333333333,True,338,0.9013333333333333,True
CROSS_SOURCE_ONLY_CEILING,2026-04-21,376,339,0.901595744680851,True,376,339,0.901595744680851,True,339,0.901595744680851,True
CROSS_SOURCE_ONLY_CEILING,2026-04-22,375,338,0.9013333333333333,True,375,338,0.9013333333333333,True,338,0.9013333333333333,True
CROSS_SOURCE_ONLY_CEILING,2026-04-23,373,336,0.900804289544236,True,373,336,0.900804289544236,True,336,0.900804289544236,True
CROSS_SOURCE_ONLY_CEILING,2026-04-24,371,334,0.9002695417789758,True,371,334,0.9002695417789758,True,334,0.9002695417789758,True
CROSS_SOURCE_ONLY_CEILING,2026-04-27,371,334,0.9002695417789758,True,371,334,0.9002695417789758,True,334,0.9002695417789758,True
CROSS_SOURCE_ONLY_CEILING,2026-04-28,369,332,0.8997289972899729,False,369,332,0.8997289972899729,False,332,0.8997289972899729,False
CROSS_SOURCE_ONLY_CEILING,2026-04-29,366,329,0.8989071038251366,False,366,329,0.8989071038251366,False,329,0.8989071038251366,False
CROSS_SOURCE_ONLY_CEILING,2026-04-30,364,327,0.8983516483516484,False,364,327,0.8983516483516484,False,327,0.8983516483516484,False
CROSS_SOURCE_ONLY_CEILING,2026-05-04,365,328,0.8986301369863013,False,365,328,0.8986301369863013,False,328,0.8986301369863013,False
CROSS_SOURCE_ONLY_CEILING,2026-05-05,362,325,0.8977900552486188,False,362,325,0.8977900552486188,False,325,0.8977900552486188,False
CROSS_SOURCE_ONLY_CEILING,2026-05-06,363,327,0.9008264462809917,True,363,327,0.9008264462809917,True,327,0.9008264462809917,True
CROSS_SOURCE_ONLY_CEILING,2026-05-07,362,326,0.9005524861878453,True,362,326,0.9005524861878453,True,326,0.9005524861878453,True
CROSS_SOURCE_ONLY_CEILING,2026-05-08,361,325,0.9002770083102493,True,361,324,0.8975069252077562,False,324,0.8975069252077562,False
CROSS_SOURCE_ONLY_CEILING,2026-05-11,362,326,0.9005524861878453,True,362,325,0.8977900552486188,False,325,0.8977900552486188,False
CROSS_SOURCE_ONLY_CEILING,2026-05-12,361,325,0.9002770083102493,True,361,324,0.8975069252077562,False,324,0.8975069252077562,False
CROSS_SOURCE_ONLY_CEILING,2026-05-13,362,326,0.9005524861878453,True,362,325,0.8977900552486188,False,325,0.8977900552486188,False
CROSS_SOURCE_ONLY_CEILING,2026-05-18,361,325,0.9002770083102493,True,361,324,0.8975069252077562,False,324,0.8975069252077562,False
CROSS_SOURCE_ONLY_CEILING,2026-05-19,359,322,0.8969359331476323,False,359,322,0.8969359331476323,False,322,0.8969359331476323,False
CROSS_SOURCE_ONLY_CEILING,2026-05-20,356,319,0.8960674157303371,False,356,319,0.8960674157303371,False,319,0.8960674157303371,False
CROSS_SOURCE_ONLY_CEILING,2026-05-21,355,318,0.895774647887324,False,355,318,0.895774647887324,False,318,0.895774647887324,False
CROSS_SOURCE_ONLY_CEILING,2026-05-22,353,316,0.8951841359773371,False,353,316,0.8951841359773371,False,316,0.8951841359773371,False
CROSS_SOURCE_ONLY_CEILING,2026-05-25,350,314,0.8971428571428571,False,350,314,0.8971428571428571,False,314,0.8971428571428571,False
CROSS_SOURCE_ONLY_CEILING,2026-05-26,348,313,0.8994252873563219,False,348,313,0.8994252873563219,False,313,0.8994252873563219,False
CROSS_SOURCE_ONLY_CEILING,2026-05-29,346,311,0.8988439306358381,False,346,311,0.8988439306358381,False,311,0.8988439306358381,False
CROSS_SOURCE_ONLY_CEILING,2026-06-02,343,309,0.9008746355685131,True,343,309,0.9008746355685131,True,309,0.9008746355685131,True
CROSS_SOURCE_ONLY_CEILING,2026-06-03,339,305,0.8997050147492626,False,339,305,0.8997050147492626,False,305,0.8997050147492626,False
CROSS_SOURCE_ONLY_CEILING,2026-06-04,337,304,0.9020771513353115,True,337,304,0.9020771513353115,True,304,0.9020771513353115,True
CROSS_SOURCE_ONLY_CEILING,2026-06-05,334,300,0.8982035928143712,False,334,300,0.8982035928143712,False,300,0.8982035928143712,False
CROSS_SOURCE_ONLY_CEILING,2026-06-08,332,299,0.9006024096385542,True,332,299,0.9006024096385542,True,299,0.9006024096385542,True
CROSS_SOURCE_ONLY_CEILING,2026-06-09,330,297,0.9,True,330,297,0.9,True,297,0.9,True
CROSS_SOURCE_ONLY_CEILING,2026-06-10,329,296,0.8996960486322189,False,329,296,0.8996960486322189,False,296,0.8996960486322189,False
CROSS_SOURCE_ONLY_CEILING,2026-06-11,329,296,0.8996960486322189,False,329,296,0.8996960486322189,False,296,0.8996960486322189,False
CROSS_SOURCE_ONLY_CEILING,2026-06-12,326,293,0.8987730061349694,False,326,293,0.8987730061349694,False,293,0.8987730061349694,False
CROSS_SOURCE_ONLY_CEILING,2026-06-15,328,295,0.899390243902439,False,328,295,0.899390243902439,False,295,0.899390243902439,False
CROSS_SOURCE_ONLY_CEILING,2026-06-17,328,295,0.899390243902439,False,328,295,0.899390243902439,False,295,0.899390243902439,False
CROSS_SOURCE_ONLY_CEILING,2026-06-18,327,294,0.8990825688073395,False,327,294,0.8990825688073395,False,294,0.8990825688073395,False
CROSS_SOURCE_ONLY_CEILING,2026-06-19,325,292,0.8984615384615384,False,325,292,0.8984615384615384,False,292,0.8984615384615384,False
CROSS_SOURCE_ONLY_CEILING,2026-06-22,322,290,0.9006211180124224,True,322,290,0.9006211180124224,True,290,0.9006211180124224,True
CROSS_SOURCE_ONLY_CEILING,2026-06-23,323,291,0.9009287925696594,True,323,290,0.8978328173374613,False,290,0.8978328173374613,False
CROSS_SOURCE_ONLY_CEILING,2026-06-24,323,291,0.9009287925696594,True,323,290,0.8978328173374613,False,290,0.8978328173374613,False
CROSS_SOURCE_ONLY_CEILING,2026-06-25,321,289,0.9003115264797508,True,321,284,0.8847352024922118,False,284,0.8847352024922118,False
CROSS_SOURCE_ONLY_CEILING,2026-06-26,320,288,0.9,True,320,283,0.884375,False,283,0.884375,False
CROSS_SOURCE_ONLY_CEILING,2026-06-29,318,286,0.89937106918239,False,318,281,0.8836477987421384,False,281,0.8836477987421384,False
CROSS_SOURCE_ONLY_CEILING,2026-06-30,314,281,0.8949044585987261,False,314,277,0.8821656050955414,False,277,0.8821656050955414,False
CROSS_SOURCE_ONLY_CEILING,2026-07-01,314,281,0.8949044585987261,False,314,278,0.8853503184713376,False,278,0.8853503184713376,False
CROSS_SOURCE_ONLY_CEILING,2026-07-02,312,276,0.8846153846153846,False,312,276,0.8846153846153846,False,276,0.8846153846153846,False
CROSS_SOURCE_ONLY_CEILING,2026-07-03,314,278,0.8853503184713376,False,314,278,0.8853503184713376,False,278,0.8853503184713376,False
CROSS_SOURCE_ONLY_CEILING,2026-07-06,311,276,0.887459807073955,False,311,276,0.887459807073955,False,276,0.887459807073955,False
CROSS_SOURCE_ONLY_CEILING,2026-07-07,312,276,0.8846153846153846,False,312,276,0.8846153846153846,False,276,0.8846153846153846,False
CROSS_SOURCE_ONLY_CEILING,2026-07-08,312,280,0.8974358974358975,False,312,280,0.8974358974358975,False,280,0.8974358974358975,False
CROSS_SOURCE_ONLY_CEILING,2026-07-09,312,280,0.8974358974358975,False,312,280,0.8974358974358975,False,280,0.8974358974358975,False
CROSS_SOURCE_ONLY_CEILING,2026-07-10,312,280,0.8974358974358975,False,312,280,0.8974358974358975,False,280,0.8974358974358975,False
CROSS_SOURCE_ONLY_CEILING,2026-07-13,311,279,0.8971061093247589,False,311,279,0.8971061093247589,False,279,0.8971061093247589,False
CROSS_SOURCE_ONLY_CEILING,2026-07-14,309,277,0.8964401294498382,False,309,277,0.8964401294498382,False,277,0.8964401294498382,False
CROSS_SOURCE_ONLY_CEILING,2026-07-15,308,277,0.8993506493506493,False,308,277,0.8993506493506493,False,277,0.8993506493506493,False
CROSS_SOURCE_ONLY_CEILING,2026-07-16,306,276,0.9019607843137255,True,306,276,0.9019607843137255,True,276,0.9019607843137255,True
CROSS_SOURCE_ONLY_CEILING,2026-07-17,303,273,0.900990099009901,True,303,273,0.900990099009901,True,273,0.900990099009901,True
ALL_COVERAGE_CEILING,2023-12-28,262,246,0.9389312977099237,True,262,246,0.9389312977099237,True,246,0.9389312977099237,True
ALL_COVERAGE_CEILING,2023-12-29,263,247,0.9391634980988594,True,263,247,0.9391634980988594,True,247,0.9391634980988594,True
ALL_COVERAGE_CEILING,2024-01-02,265,250,0.9433962264150944,True,265,250,0.9433962264150944,True,250,0.9433962264150944,True
ALL_COVERAGE_CEILING,2024-01-03,263,248,0.9429657794676806,True,263,248,0.9429657794676806,True,248,0.9429657794676806,True
ALL_COVERAGE_CEILING,2024-01-04,262,247,0.9427480916030534,True,262,247,0.9427480916030534,True,247,0.9427480916030534,True
ALL_COVERAGE_CEILING,2024-01-05,260,245,0.9423076923076923,True,260,245,0.9423076923076923,True,245,0.9423076923076923,True
ALL_COVERAGE_CEILING,2024-01-08,262,246,0.9389312977099237,True,262,246,0.9389312977099237,True,246,0.9389312977099237,True
ALL_COVERAGE_CEILING,2024-01-09,260,244,0.9384615384615385,True,260,244,0.9384615384615385,True,244,0.9384615384615385,True
ALL_COVERAGE_CEILING,2024-01-10,258,242,0.937984496124031,True,258,242,0.937984496124031,True,242,0.937984496124031,True
ALL_COVERAGE_CEILING,2024-01-11,253,237,0.9367588932806324,True,253,237,0.9367588932806324,True,237,0.9367588932806324,True
ALL_COVERAGE_CEILING,2024-01-12,251,235,0.9362549800796812,True,251,235,0.9362549800796812,True,235,0.9362549800796812,True
ALL_COVERAGE_CEILING,2024-01-15,250,234,0.936,True,250,234,0.936,True,234,0.936,True
ALL_COVERAGE_CEILING,2024-01-16,251,234,0.9322709163346613,True,251,234,0.9322709163346613,True,234,0.9322709163346613,True
ALL_COVERAGE_CEILING,2024-01-17,251,234,0.9322709163346613,True,251,234,0.9322709163346613,True,234,0.9322709163346613,True
ALL_COVERAGE_CEILING,2024-01-18,251,235,0.9362549800796812,True,251,235,0.9362549800796812,True,235,0.9362549800796812,True
ALL_COVERAGE_CEILING,2024-01-19,249,233,0.9357429718875502,True,249,233,0.9357429718875502,True,233,0.9357429718875502,True
ALL_COVERAGE_CEILING,2024-01-22,247,231,0.9352226720647774,True,247,231,0.9352226720647774,True,231,0.9352226720647774,True
ALL_COVERAGE_CEILING,2024-01-23,247,231,0.9352226720647774,True,247,231,0.9352226720647774,True,231,0.9352226720647774,True
ALL_COVERAGE_CEILING,2024-01-24,246,230,0.9349593495934959,True,246,230,0.9349593495934959,True,230,0.9349593495934959,True
ALL_COVERAGE_CEILING,2024-01-25,246,230,0.9349593495934959,True,246,230,0.9349593495934959,True,230,0.9349593495934959,True
ALL_COVERAGE_CEILING,2024-01-26,246,230,0.9349593495934959,True,246,230,0.9349593495934959,True,230,0.9349593495934959,True
ALL_COVERAGE_CEILING,2024-01-29,243,227,0.934156378600823,True,243,227,0.934156378600823,True,227,0.934156378600823,True
ALL_COVERAGE_CEILING,2024-01-30,243,227,0.934156378600823,True,243,227,0.934156378600823,True,227,0.934156378600823,True
ALL_COVERAGE_CEILING,2024-01-31,242,226,0.9338842975206612,True,242,226,0.9338842975206612,True,226,0.9338842975206612,True
ALL_COVERAGE_CEILING,2024-02-01,241,225,0.9336099585062241,True,241,225,0.9336099585062241,True,225,0.9336099585062241,True
ALL_COVERAGE_CEILING,2024-02-02,243,227,0.934156378600823,True,243,227,0.934156378600823,True,227,0.934156378600823,True
ALL_COVERAGE_CEILING,2024-02-05,241,225,0.9336099585062241,True,241,225,0.9336099585062241,True,225,0.9336099585062241,True
ALL_COVERAGE_CEILING,2024-02-06,242,226,0.9338842975206612,True,242,226,0.9338842975206612,True,226,0.9338842975206612,True
ALL_COVERAGE_CEILING,2024-02-07,246,230,0.9349593495934959,True,246,230,0.9349593495934959,True,230,0.9349593495934959,True
ALL_COVERAGE_CEILING,2024-02-12,242,226,0.9338842975206612,True,242,226,0.9338842975206612,True,226,0.9338842975206612,True
ALL_COVERAGE_CEILING,2024-02-13,244,228,0.9344262295081968,True,244,228,0.9344262295081968,True,228,0.9344262295081968,True
ALL_COVERAGE_CEILING,2024-02-15,244,228,0.9344262295081968,True,244,228,0.9344262295081968,True,228,0.9344262295081968,True
ALL_COVERAGE_CEILING,2024-02-16,243,227,0.934156378600823,True,243,227,0.934156378600823,True,227,0.934156378600823,True
ALL_COVERAGE_CEILING,2024-02-19,244,228,0.9344262295081968,True,244,228,0.9344262295081968,True,228,0.9344262295081968,True
ALL_COVERAGE_CEILING,2024-02-20,244,228,0.9344262295081968,True,244,228,0.9344262295081968,True,228,0.9344262295081968,True
ALL_COVERAGE_CEILING,2024-02-21,245,229,0.9346938775510204,True,245,229,0.9346938775510204,True,229,0.9346938775510204,True
ALL_COVERAGE_CEILING,2024-02-22,243,227,0.934156378600823,True,243,227,0.934156378600823,True,227,0.934156378600823,True
ALL_COVERAGE_CEILING,2024-02-23,239,224,0.9372384937238494,True,239,224,0.9372384937238494,True,224,0.9372384937238494,True
ALL_COVERAGE_CEILING,2024-02-26,236,221,0.9364406779661016,True,236,221,0.9364406779661016,True,221,0.9364406779661016,True
ALL_COVERAGE_CEILING,2024-02-27,236,221,0.9364406779661016,True,236,221,0.9364406779661016,True,221,0.9364406779661016,True
ALL_COVERAGE_CEILING,2024-02-28,236,221,0.9364406779661016,True,236,221,0.9364406779661016,True,221,0.9364406779661016,True
ALL_COVERAGE_CEILING,2024-02-29,237,222,0.9367088607594937,True,237,222,0.9367088607594937,True,222,0.9367088607594937,True
ALL_COVERAGE_CEILING,2024-03-01,232,218,0.9396551724137931,True,232,218,0.9396551724137931,True,218,0.9396551724137931,True
ALL_COVERAGE_CEILING,2024-03-04,235,221,0.9404255319148936,True,235,221,0.9404255319148936,True,221,0.9404255319148936,True
ALL_COVERAGE_CEILING,2024-03-05,236,222,0.940677966101695,True,236,222,0.940677966101695,True,222,0.940677966101695,True
ALL_COVERAGE_CEILING,2024-03-06,236,223,0.9449152542372882,True,236,223,0.9449152542372882,True,223,0.9449152542372882,True
ALL_COVERAGE_CEILING,2024-03-07,237,224,0.9451476793248945,True,237,224,0.9451476793248945,True,224,0.9451476793248945,True
ALL_COVERAGE_CEILING,2024-03-08,238,225,0.9453781512605042,True,238,225,0.9453781512605042,True,225,0.9453781512605042,True
ALL_COVERAGE_CEILING,2024-03-13,241,227,0.941908713692946,True,241,227,0.941908713692946,True,227,0.941908713692946,True
ALL_COVERAGE_CEILING,2024-03-14,243,229,0.9423868312757202,True,243,229,0.9423868312757202,True,229,0.9423868312757202,True
ALL_COVERAGE_CEILING,2024-03-15,240,226,0.9416666666666667,True,240,226,0.9416666666666667,True,226,0.9416666666666667,True
ALL_COVERAGE_CEILING,2024-03-18,243,229,0.9423868312757202,True,243,229,0.9423868312757202,True,229,0.9423868312757202,True
ALL_COVERAGE_CEILING,2024-03-19,243,229,0.9423868312757202,True,243,229,0.9423868312757202,True,229,0.9423868312757202,True
ALL_COVERAGE_CEILING,2024-03-20,242,228,0.9421487603305785,True,242,228,0.9421487603305785,True,228,0.9421487603305785,True
ALL_COVERAGE_CEILING,2024-03-21,242,228,0.9421487603305785,True,242,228,0.9421487603305785,True,228,0.9421487603305785,True
ALL_COVERAGE_CEILING,2024-03-22,242,228,0.9421487603305785,True,242,228,0.9421487603305785,True,228,0.9421487603305785,True
ALL_COVERAGE_CEILING,2024-03-25,243,228,0.9382716049382716,True,243,228,0.9382716049382716,True,228,0.9382716049382716,True
ALL_COVERAGE_CEILING,2024-03-26,244,230,0.9426229508196722,True,244,230,0.9426229508196722,True,230,0.9426229508196722,True
ALL_COVERAGE_CEILING,2024-03-27,245,231,0.9428571428571428,True,245,231,0.9428571428571428,True,231,0.9428571428571428,True
ALL_COVERAGE_CEILING,2024-03-28,244,230,0.9426229508196722,True,244,230,0.9426229508196722,True,230,0.9426229508196722,True
ALL_COVERAGE_CEILING,2024-04-01,250,236,0.944,True,250,236,0.944,True,236,0.944,True
ALL_COVERAGE_CEILING,2024-04-02,250,236,0.944,True,250,236,0.944,True,236,0.944,True
ALL_COVERAGE_CEILING,2024-04-03,251,237,0.9442231075697212,True,251,237,0.9442231075697212,True,237,0.9442231075697212,True
ALL_COVERAGE_CEILING,2024-04-04,250,236,0.944,True,250,236,0.944,True,236,0.944,True
ALL_COVERAGE_CEILING,2024-04-05,250,236,0.944,True,250,236,0.944,True,236,0.944,True
ALL_COVERAGE_CEILING,2024-04-16,250,236,0.944,True,250,236,0.944,True,236,0.944,True
ALL_COVERAGE_CEILING,2024-04-17,249,235,0.9437751004016064,True,249,235,0.9437751004016064,True,235,0.9437751004016064,True
ALL_COVERAGE_CEILING,2024-04-18,247,233,0.9433198380566802,True,247,233,0.9433198380566802,True,233,0.9433198380566802,True
ALL_COVERAGE_CEILING,2024-04-19,246,233,0.9471544715447154,True,246,233,0.9471544715447154,True,233,0.9471544715447154,True
ALL_COVERAGE_CEILING,2024-04-22,246,233,0.9471544715447154,True,246,233,0.9471544715447154,True,233,0.9471544715447154,True
ALL_COVERAGE_CEILING,2024-04-23,245,232,0.9469387755102041,True,245,232,0.9469387755102041,True,232,0.9469387755102041,True
ALL_COVERAGE_CEILING,2024-04-24,245,232,0.9469387755102041,True,245,232,0.9469387755102041,True,232,0.9469387755102041,True
ALL_COVERAGE_CEILING,2024-04-25,246,233,0.9471544715447154,True,246,233,0.9471544715447154,True,233,0.9471544715447154,True
ALL_COVERAGE_CEILING,2024-04-26,246,233,0.9471544715447154,True,246,233,0.9471544715447154,True,233,0.9471544715447154,True
ALL_COVERAGE_CEILING,2024-04-29,246,233,0.9471544715447154,True,246,233,0.9471544715447154,True,233,0.9471544715447154,True
ALL_COVERAGE_CEILING,2024-04-30,245,232,0.9469387755102041,True,245,232,0.9469387755102041,True,232,0.9469387755102041,True
ALL_COVERAGE_CEILING,2024-05-02,242,229,0.9462809917355371,True,242,229,0.9462809917355371,True,229,0.9462809917355371,True
ALL_COVERAGE_CEILING,2024-05-03,240,227,0.9458333333333333,True,240,227,0.9458333333333333,True,227,0.9458333333333333,True
ALL_COVERAGE_CEILING,2024-05-06,240,227,0.9458333333333333,True,240,227,0.9458333333333333,True,227,0.9458333333333333,True
ALL_COVERAGE_CEILING,2024-05-07,242,229,0.9462809917355371,True,242,229,0.9462809917355371,True,229,0.9462809917355371,True
ALL_COVERAGE_CEILING,2024-05-08,242,229,0.9462809917355371,True,242,229,0.9462809917355371,True,229,0.9462809917355371,True
ALL_COVERAGE_CEILING,2024-05-13,243,230,0.9465020576131687,True,243,230,0.9465020576131687,True,230,0.9465020576131687,True
ALL_COVERAGE_CEILING,2024-05-14,243,230,0.9465020576131687,True,243,230,0.9465020576131687,True,230,0.9465020576131687,True
ALL_COVERAGE_CEILING,2024-05-15,242,228,0.9421487603305785,True,242,228,0.9421487603305785,True,228,0.9421487603305785,True
ALL_COVERAGE_CEILING,2024-05-16,246,232,0.943089430894309,True,246,232,0.943089430894309,True,232,0.943089430894309,True
ALL_COVERAGE_CEILING,2024-05-17,246,232,0.943089430894309,True,246,232,0.943089430894309,True,232,0.943089430894309,True
ALL_COVERAGE_CEILING,2024-05-20,245,231,0.9428571428571428,True,245,231,0.9428571428571428,True,231,0.9428571428571428,True
ALL_COVERAGE_CEILING,2024-05-21,243,229,0.9423868312757202,True,243,229,0.9423868312757202,True,229,0.9423868312757202,True
ALL_COVERAGE_CEILING,2024-05-22,243,229,0.9423868312757202,True,243,229,0.9423868312757202,True,229,0.9423868312757202,True
ALL_COVERAGE_CEILING,2024-05-27,243,229,0.9423868312757202,True,243,229,0.9423868312757202,True,229,0.9423868312757202,True
ALL_COVERAGE_CEILING,2024-05-28,242,228,0.9421487603305785,True,242,228,0.9421487603305785,True,228,0.9421487603305785,True
ALL_COVERAGE_CEILING,2024-05-29,243,229,0.9423868312757202,True,243,229,0.9423868312757202,True,229,0.9423868312757202,True
ALL_COVERAGE_CEILING,2024-05-30,242,228,0.9421487603305785,True,242,228,0.9421487603305785,True,228,0.9421487603305785,True
ALL_COVERAGE_CEILING,2024-05-31,242,228,0.9421487603305785,True,242,228,0.9421487603305785,True,228,0.9421487603305785,True
ALL_COVERAGE_CEILING,2024-06-03,243,229,0.9423868312757202,True,243,228,0.9382716049382716,True,228,0.9382716049382716,True
ALL_COVERAGE_CEILING,2024-06-04,240,226,0.9416666666666667,True,240,225,0.9375,True,225,0.9375,True
ALL_COVERAGE_CEILING,2024-06-05,238,224,0.9411764705882353,True,238,222,0.9327731092436975,True,222,0.9327731092436975,True
ALL_COVERAGE_CEILING,2024-06-06,238,224,0.9411764705882353,True,238,222,0.9327731092436975,True,222,0.9327731092436975,True
ALL_COVERAGE_CEILING,2024-06-07,237,223,0.9409282700421941,True,237,221,0.9324894514767933,True,221,0.9324894514767933,True
ALL_COVERAGE_CEILING,2024-06-10,238,223,0.9369747899159664,True,238,222,0.9327731092436975,True,222,0.9327731092436975,True
ALL_COVERAGE_CEILING,2024-06-11,238,223,0.9369747899159664,True,238,221,0.9285714285714286,True,221,0.9285714285714286,True
ALL_COVERAGE_CEILING,2024-06-12,237,221,0.9324894514767933,True,237,220,0.9282700421940928,True,220,0.9282700421940928,True
ALL_COVERAGE_CEILING,2024-06-13,237,221,0.9324894514767933,True,237,220,0.9282700421940928,True,220,0.9282700421940928,True
ALL_COVERAGE_CEILING,2024-06-14,238,223,0.9369747899159664,True,238,222,0.9327731092436975,True,222,0.9327731092436975,True
ALL_COVERAGE_CEILING,2024-06-19,236,221,0.9364406779661016,True,236,220,0.9322033898305084,True,220,0.9322033898305084,True
ALL_COVERAGE_CEILING,2024-06-20,236,221,0.9364406779661016,True,236,221,0.9364406779661016,True,221,0.9364406779661016,True
ALL_COVERAGE_CEILING,2024-06-21,237,222,0.9367088607594937,True,237,222,0.9367088607594937,True,222,0.9367088607594937,True
ALL_COVERAGE_CEILING,2024-06-24,237,222,0.9367088607594937,True,237,222,0.9367088607594937,True,222,0.9367088607594937,True
ALL_COVERAGE_CEILING,2024-06-25,237,222,0.9367088607594937,True,237,221,0.9324894514767933,True,221,0.9324894514767933,True
ALL_COVERAGE_CEILING,2024-06-26,236,223,0.9449152542372882,True,236,222,0.940677966101695,True,222,0.940677966101695,True
ALL_COVERAGE_CEILING,2024-06-27,238,225,0.9453781512605042,True,238,224,0.9411764705882353,True,224,0.9411764705882353,True
ALL_COVERAGE_CEILING,2024-06-28,239,226,0.9456066945606695,True,239,225,0.9414225941422594,True,225,0.9414225941422594,True
ALL_COVERAGE_CEILING,2024-07-01,239,226,0.9456066945606695,True,239,225,0.9414225941422594,True,225,0.9414225941422594,True
ALL_COVERAGE_CEILING,2024-07-02,241,227,0.941908713692946,True,241,227,0.941908713692946,True,227,0.941908713692946,True
ALL_COVERAGE_CEILING,2024-07-03,241,227,0.941908713692946,True,241,227,0.941908713692946,True,227,0.941908713692946,True
ALL_COVERAGE_CEILING,2024-07-04,241,226,0.9377593360995851,True,241,226,0.9377593360995851,True,226,0.9377593360995851,True
ALL_COVERAGE_CEILING,2024-07-05,242,227,0.9380165289256198,True,242,227,0.9380165289256198,True,227,0.9380165289256198,True
ALL_COVERAGE_CEILING,2024-07-08,242,228,0.9421487603305785,True,242,228,0.9421487603305785,True,228,0.9421487603305785,True
ALL_COVERAGE_CEILING,2024-07-09,242,227,0.9380165289256198,True,242,227,0.9380165289256198,True,227,0.9380165289256198,True
ALL_COVERAGE_CEILING,2024-07-10,242,227,0.9380165289256198,True,242,227,0.9380165289256198,True,227,0.9380165289256198,True
ALL_COVERAGE_CEILING,2024-07-11,241,227,0.941908713692946,True,241,227,0.941908713692946,True,227,0.941908713692946,True
ALL_COVERAGE_CEILING,2024-07-12,241,226,0.9377593360995851,True,241,226,0.9377593360995851,True,226,0.9377593360995851,True
ALL_COVERAGE_CEILING,2024-07-15,241,226,0.9377593360995851,True,241,226,0.9377593360995851,True,226,0.9377593360995851,True
ALL_COVERAGE_CEILING,2024-07-16,241,226,0.9377593360995851,True,241,226,0.9377593360995851,True,226,0.9377593360995851,True
ALL_COVERAGE_CEILING,2024-07-17,239,224,0.9372384937238494,True,239,224,0.9372384937238494,True,224,0.9372384937238494,True
ALL_COVERAGE_CEILING,2024-07-18,240,224,0.9333333333333333,True,240,224,0.9333333333333333,True,224,0.9333333333333333,True
ALL_COVERAGE_CEILING,2024-07-19,240,224,0.9333333333333333,True,240,224,0.9333333333333333,True,224,0.9333333333333333,True
ALL_COVERAGE_CEILING,2024-07-22,236,220,0.9322033898305084,True,236,220,0.9322033898305084,True,220,0.9322033898305084,True
ALL_COVERAGE_CEILING,2024-07-23,236,220,0.9322033898305084,True,236,220,0.9322033898305084,True,220,0.9322033898305084,True
ALL_COVERAGE_CEILING,2024-07-24,236,220,0.9322033898305084,True,236,220,0.9322033898305084,True,220,0.9322033898305084,True
ALL_COVERAGE_CEILING,2024-07-25,237,221,0.9324894514767933,True,237,221,0.9324894514767933,True,221,0.9324894514767933,True
ALL_COVERAGE_CEILING,2024-07-26,238,221,0.9285714285714286,True,238,221,0.9285714285714286,True,221,0.9285714285714286,True
ALL_COVERAGE_CEILING,2024-07-29,239,222,0.9288702928870293,True,239,222,0.9288702928870293,True,222,0.9288702928870293,True
ALL_COVERAGE_CEILING,2024-07-30,239,222,0.9288702928870293,True,239,222,0.9288702928870293,True,222,0.9288702928870293,True
ALL_COVERAGE_CEILING,2024-07-31,242,225,0.9297520661157025,True,242,225,0.9297520661157025,True,225,0.9297520661157025,True
ALL_COVERAGE_CEILING,2024-08-01,239,222,0.9288702928870293,True,239,222,0.9288702928870293,True,222,0.9288702928870293,True
ALL_COVERAGE_CEILING,2024-08-02,239,222,0.9288702928870293,True,239,222,0.9288702928870293,True,222,0.9288702928870293,True
ALL_COVERAGE_CEILING,2024-08-05,241,224,0.9294605809128631,True,241,224,0.9294605809128631,True,224,0.9294605809128631,True
ALL_COVERAGE_CEILING,2024-08-06,241,225,0.9336099585062241,True,241,225,0.9336099585062241,True,225,0.9336099585062241,True
ALL_COVERAGE_CEILING,2024-08-07,241,225,0.9336099585062241,True,241,225,0.9336099585062241,True,225,0.9336099585062241,True
ALL_COVERAGE_CEILING,2024-08-08,242,226,0.9338842975206612,True,242,226,0.9338842975206612,True,226,0.9338842975206612,True
ALL_COVERAGE_CEILING,2024-08-09,242,226,0.9338842975206612,True,242,226,0.9338842975206612,True,226,0.9338842975206612,True
ALL_COVERAGE_CEILING,2024-08-12,244,227,0.930327868852459,True,244,227,0.930327868852459,True,227,0.930327868852459,True
ALL_COVERAGE_CEILING,2024-08-13,244,227,0.930327868852459,True,244,227,0.930327868852459,True,227,0.930327868852459,True
ALL_COVERAGE_CEILING,2024-08-14,243,226,0.9300411522633745,True,243,226,0.9300411522633745,True,226,0.9300411522633745,True
ALL_COVERAGE_CEILING,2024-08-15,245,228,0.9306122448979591,True,245,228,0.9306122448979591,True,228,0.9306122448979591,True
ALL_COVERAGE_CEILING,2024-08-16,246,229,0.9308943089430894,True,246,229,0.9308943089430894,True,229,0.9308943089430894,True
ALL_COVERAGE_CEILING,2024-08-19,246,229,0.9308943089430894,True,246,229,0.9308943089430894,True,229,0.9308943089430894,True
ALL_COVERAGE_CEILING,2024-08-20,245,228,0.9306122448979591,True,245,228,0.9306122448979591,True,228,0.9306122448979591,True
ALL_COVERAGE_CEILING,2024-08-21,244,227,0.930327868852459,True,244,227,0.930327868852459,True,227,0.930327868852459,True
ALL_COVERAGE_CEILING,2024-08-22,244,227,0.930327868852459,True,244,227,0.930327868852459,True,227,0.930327868852459,True
ALL_COVERAGE_CEILING,2024-08-23,242,225,0.9297520661157025,True,242,225,0.9297520661157025,True,225,0.9297520661157025,True
ALL_COVERAGE_CEILING,2024-08-26,243,226,0.9300411522633745,True,243,226,0.9300411522633745,True,226,0.9300411522633745,True
ALL_COVERAGE_CEILING,2024-08-27,242,225,0.9297520661157025,True,242,225,0.9297520661157025,True,225,0.9297520661157025,True
ALL_COVERAGE_CEILING,2024-08-28,242,226,0.9338842975206612,True,242,226,0.9338842975206612,True,226,0.9338842975206612,True
ALL_COVERAGE_CEILING,2024-08-29,243,226,0.9300411522633745,True,243,226,0.9300411522633745,True,226,0.9300411522633745,True
ALL_COVERAGE_CEILING,2024-08-30,242,225,0.9297520661157025,True,242,225,0.9297520661157025,True,225,0.9297520661157025,True
ALL_COVERAGE_CEILING,2024-09-02,245,228,0.9306122448979591,True,245,228,0.9306122448979591,True,228,0.9306122448979591,True
ALL_COVERAGE_CEILING,2024-09-03,247,230,0.9311740890688259,True,247,230,0.9311740890688259,True,230,0.9311740890688259,True
ALL_COVERAGE_CEILING,2024-09-04,248,231,0.9314516129032258,True,248,231,0.9314516129032258,True,231,0.9314516129032258,True
ALL_COVERAGE_CEILING,2024-09-05,247,230,0.9311740890688259,True,247,230,0.9311740890688259,True,230,0.9311740890688259,True
ALL_COVERAGE_CEILING,2024-09-06,242,225,0.9297520661157025,True,242,225,0.9297520661157025,True,225,0.9297520661157025,True
ALL_COVERAGE_CEILING,2024-09-09,243,226,0.9300411522633745,True,243,226,0.9300411522633745,True,226,0.9300411522633745,True
ALL_COVERAGE_CEILING,2024-09-10,244,227,0.930327868852459,True,244,227,0.930327868852459,True,227,0.930327868852459,True
ALL_COVERAGE_CEILING,2024-09-11,245,228,0.9306122448979591,True,245,228,0.9306122448979591,True,228,0.9306122448979591,True
ALL_COVERAGE_CEILING,2024-09-12,246,228,0.926829268292683,True,246,228,0.926829268292683,True,228,0.926829268292683,True
ALL_COVERAGE_CEILING,2024-09-13,246,228,0.926829268292683,True,246,228,0.926829268292683,True,228,0.926829268292683,True
ALL_COVERAGE_CEILING,2024-09-17,248,230,0.9274193548387096,True,248,230,0.9274193548387096,True,230,0.9274193548387096,True
ALL_COVERAGE_CEILING,2024-09-18,245,228,0.9306122448979591,True,245,228,0.9306122448979591,True,228,0.9306122448979591,True
ALL_COVERAGE_CEILING,2024-09-19,246,229,0.9308943089430894,True,246,229,0.9308943089430894,True,229,0.9308943089430894,True
ALL_COVERAGE_CEILING,2024-09-20,246,229,0.9308943089430894,True,246,229,0.9308943089430894,True,229,0.9308943089430894,True
ALL_COVERAGE_CEILING,2024-09-23,246,229,0.9308943089430894,True,246,229,0.9308943089430894,True,229,0.9308943089430894,True
ALL_COVERAGE_CEILING,2024-09-24,247,230,0.9311740890688259,True,247,230,0.9311740890688259,True,230,0.9311740890688259,True
ALL_COVERAGE_CEILING,2024-09-25,246,229,0.9308943089430894,True,246,229,0.9308943089430894,True,229,0.9308943089430894,True
ALL_COVERAGE_CEILING,2024-09-26,248,231,0.9314516129032258,True,248,231,0.9314516129032258,True,231,0.9314516129032258,True
ALL_COVERAGE_CEILING,2024-09-27,247,230,0.9311740890688259,True,247,230,0.9311740890688259,True,230,0.9311740890688259,True
ALL_COVERAGE_CEILING,2024-09-30,248,231,0.9314516129032258,True,248,231,0.9314516129032258,True,231,0.9314516129032258,True
ALL_COVERAGE_CEILING,2024-10-01,248,231,0.9314516129032258,True,248,231,0.9314516129032258,True,231,0.9314516129032258,True
ALL_COVERAGE_CEILING,2024-10-02,248,230,0.9274193548387096,True,248,230,0.9274193548387096,True,230,0.9274193548387096,True
ALL_COVERAGE_CEILING,2024-10-03,247,229,0.9271255060728745,True,247,229,0.9271255060728745,True,229,0.9271255060728745,True
ALL_COVERAGE_CEILING,2024-10-04,249,231,0.927710843373494,True,249,231,0.927710843373494,True,231,0.927710843373494,True
ALL_COVERAGE_CEILING,2024-10-07,248,230,0.9274193548387096,True,248,230,0.9274193548387096,True,230,0.9274193548387096,True
ALL_COVERAGE_CEILING,2024-10-08,246,229,0.9308943089430894,True,246,229,0.9308943089430894,True,229,0.9308943089430894,True
ALL_COVERAGE_CEILING,2024-10-09,247,230,0.9311740890688259,True,247,230,0.9311740890688259,True,230,0.9311740890688259,True
ALL_COVERAGE_CEILING,2024-10-10,249,231,0.927710843373494,True,249,231,0.927710843373494,True,231,0.927710843373494,True
ALL_COVERAGE_CEILING,2024-10-11,249,231,0.927710843373494,True,249,231,0.927710843373494,True,231,0.927710843373494,True
ALL_COVERAGE_CEILING,2024-10-14,249,231,0.927710843373494,True,249,231,0.927710843373494,True,231,0.927710843373494,True
ALL_COVERAGE_CEILING,2024-10-15,249,231,0.927710843373494,True,249,231,0.927710843373494,True,231,0.927710843373494,True
ALL_COVERAGE_CEILING,2024-10-16,249,231,0.927710843373494,True,249,231,0.927710843373494,True,231,0.927710843373494,True
ALL_COVERAGE_CEILING,2024-10-17,249,231,0.927710843373494,True,249,231,0.927710843373494,True,231,0.927710843373494,True
ALL_COVERAGE_CEILING,2024-10-18,251,233,0.9282868525896414,True,251,233,0.9282868525896414,True,233,0.9282868525896414,True
ALL_COVERAGE_CEILING,2024-10-21,250,233,0.932,True,250,233,0.932,True,233,0.932,True
ALL_COVERAGE_CEILING,2024-10-22,250,233,0.932,True,250,233,0.932,True,233,0.932,True
ALL_COVERAGE_CEILING,2024-10-23,252,235,0.9325396825396826,True,252,235,0.9325396825396826,True,235,0.9325396825396826,True
ALL_COVERAGE_CEILING,2024-10-24,251,234,0.9322709163346613,True,251,234,0.9322709163346613,True,234,0.9322709163346613,True
ALL_COVERAGE_CEILING,2024-10-25,251,234,0.9322709163346613,True,251,234,0.9322709163346613,True,234,0.9322709163346613,True
ALL_COVERAGE_CEILING,2024-10-28,252,233,0.9246031746031746,True,252,232,0.9206349206349206,True,232,0.9206349206349206,True
ALL_COVERAGE_CEILING,2024-10-29,254,235,0.9251968503937008,True,254,234,0.9212598425196851,True,234,0.9212598425196851,True
ALL_COVERAGE_CEILING,2024-10-30,254,235,0.9251968503937008,True,254,234,0.9212598425196851,True,234,0.9212598425196851,True
ALL_COVERAGE_CEILING,2024-10-31,256,237,0.92578125,True,256,236,0.921875,True,236,0.921875,True
ALL_COVERAGE_CEILING,2024-11-01,257,238,0.9260700389105059,True,257,237,0.9221789883268483,True,237,0.9221789883268483,True
ALL_COVERAGE_CEILING,2024-11-04,259,239,0.9227799227799228,True,259,239,0.9227799227799228,True,239,0.9227799227799228,True
ALL_COVERAGE_CEILING,2024-11-05,261,240,0.9195402298850575,True,261,240,0.9195402298850575,True,240,0.9195402298850575,True
ALL_COVERAGE_CEILING,2024-11-06,262,242,0.9236641221374046,True,262,242,0.9236641221374046,True,242,0.9236641221374046,True
ALL_COVERAGE_CEILING,2024-11-07,263,243,0.9239543726235742,True,263,243,0.9239543726235742,True,243,0.9239543726235742,True
ALL_COVERAGE_CEILING,2024-11-08,264,245,0.928030303030303,True,264,245,0.928030303030303,True,245,0.928030303030303,True
ALL_COVERAGE_CEILING,2024-11-11,264,245,0.928030303030303,True,264,245,0.928030303030303,True,245,0.928030303030303,True
ALL_COVERAGE_CEILING,2024-11-12,264,245,0.928030303030303,True,264,245,0.928030303030303,True,245,0.928030303030303,True
ALL_COVERAGE_CEILING,2024-11-13,261,243,0.9310344827586207,True,261,243,0.9310344827586207,True,243,0.9310344827586207,True
ALL_COVERAGE_CEILING,2024-11-14,260,242,0.9307692307692308,True,260,242,0.9307692307692308,True,242,0.9307692307692308,True
ALL_COVERAGE_CEILING,2024-11-15,257,239,0.9299610894941635,True,257,239,0.9299610894941635,True,239,0.9299610894941635,True
ALL_COVERAGE_CEILING,2024-11-18,257,238,0.9260700389105059,True,257,238,0.9260700389105059,True,238,0.9260700389105059,True
ALL_COVERAGE_CEILING,2024-11-19,258,239,0.9263565891472868,True,258,239,0.9263565891472868,True,239,0.9263565891472868,True
ALL_COVERAGE_CEILING,2024-11-20,255,236,0.9254901960784314,True,255,236,0.9254901960784314,True,236,0.9254901960784314,True
ALL_COVERAGE_CEILING,2024-11-21,256,236,0.921875,True,256,236,0.921875,True,236,0.921875,True
ALL_COVERAGE_CEILING,2024-11-22,252,233,0.9246031746031746,True,252,233,0.9246031746031746,True,233,0.9246031746031746,True
ALL_COVERAGE_CEILING,2024-11-25,252,233,0.9246031746031746,True,252,233,0.9246031746031746,True,233,0.9246031746031746,True
ALL_COVERAGE_CEILING,2024-11-26,252,232,0.9206349206349206,True,252,232,0.9206349206349206,True,232,0.9206349206349206,True
ALL_COVERAGE_CEILING,2024-11-28,252,233,0.9246031746031746,True,252,233,0.9246031746031746,True,233,0.9246031746031746,True
ALL_COVERAGE_CEILING,2024-11-29,252,233,0.9246031746031746,True,252,233,0.9246031746031746,True,233,0.9246031746031746,True
ALL_COVERAGE_CEILING,2024-12-02,251,231,0.9203187250996016,True,251,231,0.9203187250996016,True,231,0.9203187250996016,True
ALL_COVERAGE_CEILING,2024-12-03,249,230,0.9236947791164659,True,249,230,0.9236947791164659,True,230,0.9236947791164659,True
ALL_COVERAGE_CEILING,2024-12-04,252,232,0.9206349206349206,True,252,232,0.9206349206349206,True,232,0.9206349206349206,True
ALL_COVERAGE_CEILING,2024-12-05,252,232,0.9206349206349206,True,252,232,0.9206349206349206,True,232,0.9206349206349206,True
ALL_COVERAGE_CEILING,2024-12-06,251,232,0.9243027888446215,True,251,232,0.9243027888446215,True,232,0.9243027888446215,True
ALL_COVERAGE_CEILING,2024-12-09,250,231,0.924,True,250,231,0.924,True,231,0.924,True
ALL_COVERAGE_CEILING,2024-12-10,252,233,0.9246031746031746,True,252,233,0.9246031746031746,True,233,0.9246031746031746,True
ALL_COVERAGE_CEILING,2024-12-11,255,236,0.9254901960784314,True,255,236,0.9254901960784314,True,236,0.9254901960784314,True
ALL_COVERAGE_CEILING,2024-12-12,257,238,0.9260700389105059,True,257,238,0.9260700389105059,True,238,0.9260700389105059,True
ALL_COVERAGE_CEILING,2024-12-13,256,237,0.92578125,True,256,236,0.921875,True,236,0.921875,True
ALL_COVERAGE_CEILING,2024-12-16,256,237,0.92578125,True,256,236,0.921875,True,236,0.921875,True
ALL_COVERAGE_CEILING,2024-12-17,254,236,0.9291338582677166,True,254,235,0.9251968503937008,True,235,0.9251968503937008,True
ALL_COVERAGE_CEILING,2024-12-18,255,237,0.9294117647058824,True,255,236,0.9254901960784314,True,236,0.9254901960784314,True
ALL_COVERAGE_CEILING,2024-12-19,254,236,0.9291338582677166,True,254,235,0.9251968503937008,True,235,0.9251968503937008,True
ALL_COVERAGE_CEILING,2024-12-20,253,234,0.924901185770751,True,253,234,0.924901185770751,True,234,0.924901185770751,True
ALL_COVERAGE_CEILING,2024-12-23,249,230,0.9236947791164659,True,249,230,0.9236947791164659,True,230,0.9236947791164659,True
ALL_COVERAGE_CEILING,2024-12-24,252,232,0.9206349206349206,True,252,232,0.9206349206349206,True,232,0.9206349206349206,True
ALL_COVERAGE_CEILING,2024-12-27,251,231,0.9203187250996016,True,251,231,0.9203187250996016,True,231,0.9203187250996016,True
ALL_COVERAGE_CEILING,2024-12-30,248,230,0.9274193548387096,True,248,230,0.9274193548387096,True,230,0.9274193548387096,True
ALL_COVERAGE_CEILING,2025-01-02,250,231,0.924,True,250,231,0.924,True,231,0.924,True
ALL_COVERAGE_CEILING,2025-01-03,250,231,0.924,True,250,231,0.924,True,231,0.924,True
ALL_COVERAGE_CEILING,2025-01-06,248,229,0.9233870967741935,True,248,229,0.9233870967741935,True,229,0.9233870967741935,True
ALL_COVERAGE_CEILING,2025-01-07,250,231,0.924,True,250,231,0.924,True,231,0.924,True
ALL_COVERAGE_CEILING,2025-01-08,250,231,0.924,True,250,231,0.924,True,231,0.924,True
ALL_COVERAGE_CEILING,2025-01-09,246,227,0.9227642276422764,True,246,227,0.9227642276422764,True,227,0.9227642276422764,True
ALL_COVERAGE_CEILING,2025-01-10,244,225,0.9221311475409836,True,244,225,0.9221311475409836,True,225,0.9221311475409836,True
ALL_COVERAGE_CEILING,2025-01-13,242,223,0.9214876033057852,True,242,223,0.9214876033057852,True,223,0.9214876033057852,True
ALL_COVERAGE_CEILING,2025-01-14,240,221,0.9208333333333333,True,240,221,0.9208333333333333,True,221,0.9208333333333333,True
ALL_COVERAGE_CEILING,2025-01-15,240,221,0.9208333333333333,True,240,221,0.9208333333333333,True,221,0.9208333333333333,True
ALL_COVERAGE_CEILING,2025-01-16,240,221,0.9208333333333333,True,240,221,0.9208333333333333,True,221,0.9208333333333333,True
ALL_COVERAGE_CEILING,2025-01-17,239,221,0.9246861924686193,True,239,221,0.9246861924686193,True,221,0.9246861924686193,True
ALL_COVERAGE_CEILING,2025-01-20,238,220,0.9243697478991597,True,238,220,0.9243697478991597,True,220,0.9243697478991597,True
ALL_COVERAGE_CEILING,2025-01-21,240,222,0.925,True,240,222,0.925,True,222,0.925,True
ALL_COVERAGE_CEILING,2025-01-22,240,222,0.925,True,240,222,0.925,True,222,0.925,True
ALL_COVERAGE_CEILING,2025-01-23,240,222,0.925,True,240,222,0.925,True,222,0.925,True
ALL_COVERAGE_CEILING,2025-01-24,240,222,0.925,True,240,222,0.925,True,222,0.925,True
ALL_COVERAGE_CEILING,2025-01-30,240,222,0.925,True,240,222,0.925,True,222,0.925,True
ALL_COVERAGE_CEILING,2025-01-31,235,217,0.9234042553191489,True,235,217,0.9234042553191489,True,217,0.9234042553191489,True
ALL_COVERAGE_CEILING,2025-02-03,236,219,0.9279661016949152,True,236,219,0.9279661016949152,True,219,0.9279661016949152,True
ALL_COVERAGE_CEILING,2025-02-04,230,213,0.9260869565217391,True,230,213,0.9260869565217391,True,213,0.9260869565217391,True
ALL_COVERAGE_CEILING,2025-02-05,229,212,0.925764192139738,True,229,212,0.925764192139738,True,212,0.925764192139738,True
ALL_COVERAGE_CEILING,2025-02-06,231,215,0.9307359307359307,True,231,215,0.9307359307359307,True,215,0.9307359307359307,True
ALL_COVERAGE_CEILING,2025-02-07,234,217,0.9273504273504274,True,234,217,0.9273504273504274,True,217,0.9273504273504274,True
ALL_COVERAGE_CEILING,2025-02-10,235,218,0.9276595744680851,True,235,218,0.9276595744680851,True,218,0.9276595744680851,True
ALL_COVERAGE_CEILING,2025-02-11,236,219,0.9279661016949152,True,236,219,0.9279661016949152,True,219,0.9279661016949152,True
ALL_COVERAGE_CEILING,2025-02-12,235,219,0.9319148936170213,True,235,219,0.9319148936170213,True,219,0.9319148936170213,True
ALL_COVERAGE_CEILING,2025-02-13,238,221,0.9285714285714286,True,238,221,0.9285714285714286,True,221,0.9285714285714286,True
ALL_COVERAGE_CEILING,2025-02-14,237,220,0.9282700421940928,True,237,220,0.9282700421940928,True,220,0.9282700421940928,True
ALL_COVERAGE_CEILING,2025-02-17,232,215,0.9267241379310345,True,232,215,0.9267241379310345,True,215,0.9267241379310345,True
ALL_COVERAGE_CEILING,2025-02-18,234,217,0.9273504273504274,True,234,217,0.9273504273504274,True,217,0.9273504273504274,True
ALL_COVERAGE_CEILING,2025-02-19,234,218,0.9316239316239316,True,234,218,0.9316239316239316,True,218,0.9316239316239316,True
ALL_COVERAGE_CEILING,2025-02-20,234,218,0.9316239316239316,True,234,218,0.9316239316239316,True,218,0.9316239316239316,True
ALL_COVERAGE_CEILING,2025-02-21,233,217,0.9313304721030042,True,233,217,0.9313304721030042,True,217,0.9313304721030042,True
ALL_COVERAGE_CEILING,2025-02-24,233,216,0.927038626609442,True,233,216,0.927038626609442,True,216,0.927038626609442,True
ALL_COVERAGE_CEILING,2025-02-25,230,214,0.9304347826086956,True,230,214,0.9304347826086956,True,214,0.9304347826086956,True
ALL_COVERAGE_CEILING,2025-02-26,232,215,0.9267241379310345,True,232,215,0.9267241379310345,True,215,0.9267241379310345,True
ALL_COVERAGE_CEILING,2025-02-27,230,213,0.9260869565217391,True,230,213,0.9260869565217391,True,213,0.9260869565217391,True
ALL_COVERAGE_CEILING,2025-02-28,231,214,0.9264069264069265,True,231,214,0.9264069264069265,True,214,0.9264069264069265,True
ALL_COVERAGE_CEILING,2025-03-03,234,217,0.9273504273504274,True,234,217,0.9273504273504274,True,217,0.9273504273504274,True
ALL_COVERAGE_CEILING,2025-03-04,233,217,0.9313304721030042,True,233,217,0.9313304721030042,True,217,0.9313304721030042,True
ALL_COVERAGE_CEILING,2025-03-05,236,218,0.923728813559322,True,236,218,0.923728813559322,True,218,0.923728813559322,True
ALL_COVERAGE_CEILING,2025-03-06,236,218,0.923728813559322,True,236,218,0.923728813559322,True,218,0.923728813559322,True
ALL_COVERAGE_CEILING,2025-03-07,236,218,0.923728813559322,True,236,218,0.923728813559322,True,218,0.923728813559322,True
ALL_COVERAGE_CEILING,2025-03-10,234,216,0.9230769230769231,True,234,216,0.9230769230769231,True,216,0.9230769230769231,True
ALL_COVERAGE_CEILING,2025-03-11,235,216,0.9191489361702128,True,235,216,0.9191489361702128,True,216,0.9191489361702128,True
ALL_COVERAGE_CEILING,2025-03-12,235,216,0.9191489361702128,True,235,216,0.9191489361702128,True,216,0.9191489361702128,True
ALL_COVERAGE_CEILING,2025-03-13,235,216,0.9191489361702128,True,235,216,0.9191489361702128,True,216,0.9191489361702128,True
ALL_COVERAGE_CEILING,2025-03-14,234,215,0.9188034188034188,True,234,215,0.9188034188034188,True,215,0.9188034188034188,True
ALL_COVERAGE_CEILING,2025-03-17,234,215,0.9188034188034188,True,234,215,0.9188034188034188,True,215,0.9188034188034188,True
ALL_COVERAGE_CEILING,2025-03-18,234,215,0.9188034188034188,True,234,215,0.9188034188034188,True,215,0.9188034188034188,True
ALL_COVERAGE_CEILING,2025-03-19,234,214,0.9145299145299145,True,234,214,0.9145299145299145,True,214,0.9145299145299145,True
ALL_COVERAGE_CEILING,2025-03-20,234,214,0.9145299145299145,True,234,214,0.9145299145299145,True,214,0.9145299145299145,True
ALL_COVERAGE_CEILING,2025-03-21,233,213,0.9141630901287554,True,233,213,0.9141630901287554,True,213,0.9141630901287554,True
ALL_COVERAGE_CEILING,2025-03-24,231,211,0.9134199134199135,True,231,211,0.9134199134199135,True,211,0.9134199134199135,True
ALL_COVERAGE_CEILING,2025-03-25,234,213,0.9102564102564102,True,234,213,0.9102564102564102,True,213,0.9102564102564102,True
ALL_COVERAGE_CEILING,2025-03-26,232,211,0.9094827586206896,True,232,211,0.9094827586206896,True,211,0.9094827586206896,True
ALL_COVERAGE_CEILING,2025-03-27,232,212,0.9137931034482759,True,232,212,0.9137931034482759,True,212,0.9137931034482759,True
ALL_COVERAGE_CEILING,2025-04-08,229,209,0.9126637554585153,True,229,209,0.9126637554585153,True,209,0.9126637554585153,True
ALL_COVERAGE_CEILING,2025-04-09,228,207,0.9078947368421053,True,228,207,0.9078947368421053,True,207,0.9078947368421053,True
ALL_COVERAGE_CEILING,2025-04-10,228,207,0.9078947368421053,True,228,207,0.9078947368421053,True,207,0.9078947368421053,True
ALL_COVERAGE_CEILING,2025-04-11,229,208,0.9082969432314411,True,229,208,0.9082969432314411,True,208,0.9082969432314411,True
ALL_COVERAGE_CEILING,2025-04-14,229,208,0.9082969432314411,True,229,208,0.9082969432314411,True,208,0.9082969432314411,True
ALL_COVERAGE_CEILING,2025-04-15,230,209,0.908695652173913,True,230,209,0.908695652173913,True,209,0.908695652173913,True
ALL_COVERAGE_CEILING,2025-04-16,231,210,0.9090909090909091,True,231,210,0.9090909090909091,True,210,0.9090909090909091,True
ALL_COVERAGE_CEILING,2025-04-17,229,208,0.9082969432314411,True,229,208,0.9082969432314411,True,208,0.9082969432314411,True
ALL_COVERAGE_CEILING,2025-04-21,228,207,0.9078947368421053,True,228,207,0.9078947368421053,True,207,0.9078947368421053,True
ALL_COVERAGE_CEILING,2025-04-22,228,207,0.9078947368421053,True,228,207,0.9078947368421053,True,207,0.9078947368421053,True
ALL_COVERAGE_CEILING,2025-04-23,226,205,0.9070796460176991,True,226,205,0.9070796460176991,True,205,0.9070796460176991,True
ALL_COVERAGE_CEILING,2025-04-24,226,205,0.9070796460176991,True,226,205,0.9070796460176991,True,205,0.9070796460176991,True
ALL_COVERAGE_CEILING,2025-04-25,227,206,0.9074889867841409,True,227,206,0.9074889867841409,True,206,0.9074889867841409,True
ALL_COVERAGE_CEILING,2025-04-28,225,204,0.9066666666666666,True,225,204,0.9066666666666666,True,204,0.9066666666666666,True
ALL_COVERAGE_CEILING,2025-04-29,224,204,0.9107142857142857,True,224,204,0.9107142857142857,True,204,0.9107142857142857,True
ALL_COVERAGE_CEILING,2025-04-30,222,203,0.9144144144144144,True,222,203,0.9144144144144144,True,203,0.9144144144144144,True
ALL_COVERAGE_CEILING,2025-05-02,226,206,0.911504424778761,True,226,206,0.911504424778761,True,206,0.911504424778761,True
ALL_COVERAGE_CEILING,2025-05-05,225,205,0.9111111111111111,True,225,205,0.9111111111111111,True,205,0.9111111111111111,True
ALL_COVERAGE_CEILING,2025-05-06,226,206,0.911504424778761,True,226,206,0.911504424778761,True,206,0.911504424778761,True
ALL_COVERAGE_CEILING,2025-05-07,225,206,0.9155555555555556,True,225,206,0.9155555555555556,True,206,0.9155555555555556,True
ALL_COVERAGE_CEILING,2025-05-08,226,207,0.915929203539823,True,226,207,0.915929203539823,True,207,0.915929203539823,True
ALL_COVERAGE_CEILING,2025-05-09,224,205,0.9151785714285714,True,224,205,0.9151785714285714,True,205,0.9151785714285714,True
ALL_COVERAGE_CEILING,2025-05-14,223,205,0.9192825112107623,True,223,205,0.9192825112107623,True,205,0.9192825112107623,True
ALL_COVERAGE_CEILING,2025-05-15,227,208,0.9162995594713657,True,227,208,0.9162995594713657,True,208,0.9162995594713657,True
ALL_COVERAGE_CEILING,2025-05-16,227,208,0.9162995594713657,True,227,208,0.9162995594713657,True,208,0.9162995594713657,True
ALL_COVERAGE_CEILING,2025-05-19,228,209,0.9166666666666666,True,228,208,0.9122807017543859,True,208,0.9122807017543859,True
ALL_COVERAGE_CEILING,2025-05-20,227,208,0.9162995594713657,True,227,208,0.9162995594713657,True,208,0.9162995594713657,True
ALL_COVERAGE_CEILING,2025-05-21,228,208,0.9122807017543859,True,228,206,0.9035087719298246,True,206,0.9035087719298246,True
ALL_COVERAGE_CEILING,2025-05-22,229,209,0.9126637554585153,True,229,207,0.9039301310043668,True,207,0.9039301310043668,True
ALL_COVERAGE_CEILING,2025-05-23,229,209,0.9126637554585153,True,229,207,0.9039301310043668,True,207,0.9039301310043668,True
ALL_COVERAGE_CEILING,2025-05-26,230,211,0.9173913043478261,True,230,209,0.908695652173913,True,209,0.908695652173913,True
ALL_COVERAGE_CEILING,2025-05-27,233,214,0.9184549356223176,True,233,212,0.9098712446351931,True,212,0.9098712446351931,True
ALL_COVERAGE_CEILING,2025-05-28,235,214,0.9106382978723404,True,235,214,0.9106382978723404,True,214,0.9106382978723404,True
ALL_COVERAGE_CEILING,2025-06-02,236,215,0.9110169491525424,True,236,215,0.9110169491525424,True,215,0.9110169491525424,True
ALL_COVERAGE_CEILING,2025-06-03,235,214,0.9106382978723404,True,235,214,0.9106382978723404,True,214,0.9106382978723404,True
ALL_COVERAGE_CEILING,2025-06-04,235,214,0.9106382978723404,True,235,214,0.9106382978723404,True,214,0.9106382978723404,True
ALL_COVERAGE_CEILING,2025-06-05,237,218,0.919831223628692,True,237,218,0.919831223628692,True,218,0.919831223628692,True
ALL_COVERAGE_CEILING,2025-06-10,238,219,0.9201680672268907,True,238,219,0.9201680672268907,True,219,0.9201680672268907,True
ALL_COVERAGE_CEILING,2025-06-11,238,219,0.9201680672268907,True,238,219,0.9201680672268907,True,219,0.9201680672268907,True
ALL_COVERAGE_CEILING,2025-06-12,238,220,0.9243697478991597,True,238,220,0.9243697478991597,True,220,0.9243697478991597,True
ALL_COVERAGE_CEILING,2025-06-13,241,222,0.921161825726141,True,241,222,0.921161825726141,True,222,0.921161825726141,True
ALL_COVERAGE_CEILING,2025-06-16,241,222,0.921161825726141,True,241,222,0.921161825726141,True,222,0.921161825726141,True
ALL_COVERAGE_CEILING,2025-06-17,240,223,0.9291666666666667,True,240,222,0.925,True,222,0.925,True
ALL_COVERAGE_CEILING,2025-06-18,239,222,0.9288702928870293,True,239,221,0.9246861924686193,True,221,0.9246861924686193,True
ALL_COVERAGE_CEILING,2025-06-19,240,224,0.9333333333333333,True,240,223,0.9291666666666667,True,223,0.9291666666666667,True
ALL_COVERAGE_CEILING,2025-06-20,239,224,0.9372384937238494,True,239,222,0.9288702928870293,True,222,0.9288702928870293,True
ALL_COVERAGE_CEILING,2025-06-23,239,224,0.9372384937238494,True,239,222,0.9288702928870293,True,222,0.9288702928870293,True
ALL_COVERAGE_CEILING,2025-06-24,241,225,0.9336099585062241,True,241,222,0.921161825726141,True,222,0.921161825726141,True
ALL_COVERAGE_CEILING,2025-06-25,243,227,0.934156378600823,True,243,224,0.9218106995884774,True,224,0.9218106995884774,True
ALL_COVERAGE_CEILING,2025-06-26,244,228,0.9344262295081968,True,244,225,0.9221311475409836,True,225,0.9221311475409836,True
ALL_COVERAGE_CEILING,2025-06-30,244,226,0.9262295081967213,True,244,224,0.9180327868852459,True,224,0.9180327868852459,True
ALL_COVERAGE_CEILING,2025-07-01,242,225,0.9297520661157025,True,242,223,0.9214876033057852,True,223,0.9214876033057852,True
ALL_COVERAGE_CEILING,2025-07-02,241,222,0.921161825726141,True,241,222,0.921161825726141,True,222,0.921161825726141,True
ALL_COVERAGE_CEILING,2025-07-03,242,223,0.9214876033057852,True,242,223,0.9214876033057852,True,223,0.9214876033057852,True
ALL_COVERAGE_CEILING,2025-07-04,244,226,0.9262295081967213,True,244,226,0.9262295081967213,True,226,0.9262295081967213,True
ALL_COVERAGE_CEILING,2025-07-07,242,224,0.9256198347107438,True,242,224,0.9256198347107438,True,224,0.9256198347107438,True
ALL_COVERAGE_CEILING,2025-07-08,242,226,0.9338842975206612,True,242,226,0.9338842975206612,True,226,0.9338842975206612,True
ALL_COVERAGE_CEILING,2025-07-09,241,225,0.9336099585062241,True,241,225,0.9336099585062241,True,225,0.9336099585062241,True
ALL_COVERAGE_CEILING,2025-07-10,242,226,0.9338842975206612,True,242,226,0.9338842975206612,True,226,0.9338842975206612,True
ALL_COVERAGE_CEILING,2025-07-11,242,226,0.9338842975206612,True,242,226,0.9338842975206612,True,226,0.9338842975206612,True
ALL_COVERAGE_CEILING,2025-07-14,242,226,0.9338842975206612,True,242,226,0.9338842975206612,True,226,0.9338842975206612,True
ALL_COVERAGE_CEILING,2025-07-15,244,227,0.930327868852459,True,244,227,0.930327868852459,True,227,0.930327868852459,True
ALL_COVERAGE_CEILING,2025-07-16,245,228,0.9306122448979591,True,245,228,0.9306122448979591,True,228,0.9306122448979591,True
ALL_COVERAGE_CEILING,2025-07-17,247,229,0.9271255060728745,True,247,229,0.9271255060728745,True,229,0.9271255060728745,True
ALL_COVERAGE_CEILING,2025-07-18,248,230,0.9274193548387096,True,248,230,0.9274193548387096,True,230,0.9274193548387096,True
ALL_COVERAGE_CEILING,2025-07-21,250,232,0.928,True,250,232,0.928,True,232,0.928,True
ALL_COVERAGE_CEILING,2025-07-22,250,232,0.928,True,250,232,0.928,True,232,0.928,True
ALL_COVERAGE_CEILING,2025-07-23,250,232,0.928,True,250,232,0.928,True,232,0.928,True
ALL_COVERAGE_CEILING,2025-07-24,249,231,0.927710843373494,True,249,231,0.927710843373494,True,231,0.927710843373494,True
ALL_COVERAGE_CEILING,2025-07-25,251,233,0.9282868525896414,True,251,233,0.9282868525896414,True,233,0.9282868525896414,True
ALL_COVERAGE_CEILING,2025-07-28,252,234,0.9285714285714286,True,252,234,0.9285714285714286,True,234,0.9285714285714286,True
ALL_COVERAGE_CEILING,2025-07-29,255,237,0.9294117647058824,True,255,237,0.9294117647058824,True,237,0.9294117647058824,True
ALL_COVERAGE_CEILING,2025-07-30,256,239,0.93359375,True,256,239,0.93359375,True,239,0.93359375,True
ALL_COVERAGE_CEILING,2025-07-31,256,238,0.9296875,True,256,238,0.9296875,True,238,0.9296875,True
ALL_COVERAGE_CEILING,2025-08-01,256,239,0.93359375,True,256,239,0.93359375,True,239,0.93359375,True
ALL_COVERAGE_CEILING,2025-08-04,258,240,0.9302325581395349,True,258,240,0.9302325581395349,True,240,0.9302325581395349,True
ALL_COVERAGE_CEILING,2025-08-05,259,241,0.9305019305019305,True,259,241,0.9305019305019305,True,241,0.9305019305019305,True
ALL_COVERAGE_CEILING,2025-08-06,261,243,0.9310344827586207,True,261,243,0.9310344827586207,True,243,0.9310344827586207,True
ALL_COVERAGE_CEILING,2025-08-07,262,244,0.9312977099236641,True,262,244,0.9312977099236641,True,244,0.9312977099236641,True
ALL_COVERAGE_CEILING,2025-08-08,267,249,0.9325842696629213,True,267,249,0.9325842696629213,True,249,0.9325842696629213,True
ALL_COVERAGE_CEILING,2025-08-11,266,248,0.9323308270676691,True,266,248,0.9323308270676691,True,248,0.9323308270676691,True
ALL_COVERAGE_CEILING,2025-08-12,266,247,0.9285714285714286,True,266,247,0.9285714285714286,True,247,0.9285714285714286,True
ALL_COVERAGE_CEILING,2025-08-13,267,248,0.9288389513108615,True,267,248,0.9288389513108615,True,248,0.9288389513108615,True
ALL_COVERAGE_CEILING,2025-08-14,266,248,0.9323308270676691,True,266,248,0.9323308270676691,True,248,0.9323308270676691,True
ALL_COVERAGE_CEILING,2025-08-15,268,249,0.9291044776119403,True,268,249,0.9291044776119403,True,249,0.9291044776119403,True
ALL_COVERAGE_CEILING,2025-08-19,267,249,0.9325842696629213,True,267,249,0.9325842696629213,True,249,0.9325842696629213,True
ALL_COVERAGE_CEILING,2025-08-20,268,250,0.9328358208955224,True,268,250,0.9328358208955224,True,250,0.9328358208955224,True
ALL_COVERAGE_CEILING,2025-08-21,266,248,0.9323308270676691,True,266,248,0.9323308270676691,True,248,0.9323308270676691,True
ALL_COVERAGE_CEILING,2025-08-22,268,249,0.9291044776119403,True,268,249,0.9291044776119403,True,249,0.9291044776119403,True
ALL_COVERAGE_CEILING,2025-08-25,269,249,0.9256505576208178,True,269,249,0.9256505576208178,True,249,0.9256505576208178,True
ALL_COVERAGE_CEILING,2025-08-26,269,247,0.9182156133828996,True,269,247,0.9182156133828996,True,247,0.9182156133828996,True
ALL_COVERAGE_CEILING,2025-08-27,273,250,0.9157509157509157,True,273,250,0.9157509157509157,True,250,0.9157509157509157,True
ALL_COVERAGE_CEILING,2025-08-28,273,250,0.9157509157509157,True,273,250,0.9157509157509157,True,250,0.9157509157509157,True
ALL_COVERAGE_CEILING,2025-08-29,271,248,0.915129151291513,True,271,248,0.915129151291513,True,248,0.915129151291513,True
ALL_COVERAGE_CEILING,2025-09-01,275,252,0.9163636363636364,True,275,252,0.9163636363636364,True,252,0.9163636363636364,True
ALL_COVERAGE_CEILING,2025-09-02,276,253,0.9166666666666666,True,276,253,0.9166666666666666,True,253,0.9166666666666666,True
ALL_COVERAGE_CEILING,2025-09-03,278,255,0.9172661870503597,True,278,255,0.9172661870503597,True,255,0.9172661870503597,True
ALL_COVERAGE_CEILING,2025-09-04,279,256,0.9175627240143369,True,279,256,0.9175627240143369,True,256,0.9175627240143369,True
ALL_COVERAGE_CEILING,2025-09-08,281,258,0.9181494661921709,True,281,258,0.9181494661921709,True,258,0.9181494661921709,True
ALL_COVERAGE_CEILING,2025-09-09,282,259,0.9184397163120568,True,282,259,0.9184397163120568,True,259,0.9184397163120568,True
ALL_COVERAGE_CEILING,2025-09-10,283,260,0.9187279151943463,True,283,260,0.9187279151943463,True,260,0.9187279151943463,True
ALL_COVERAGE_CEILING,2025-09-11,287,264,0.9198606271777003,True,287,264,0.9198606271777003,True,264,0.9198606271777003,True
ALL_COVERAGE_CEILING,2025-09-12,289,265,0.916955017301038,True,289,265,0.916955017301038,True,265,0.916955017301038,True
ALL_COVERAGE_CEILING,2025-09-15,289,265,0.916955017301038,True,289,265,0.916955017301038,True,265,0.916955017301038,True
ALL_COVERAGE_CEILING,2025-09-16,293,269,0.9180887372013652,True,293,269,0.9180887372013652,True,269,0.9180887372013652,True
ALL_COVERAGE_CEILING,2025-09-17,293,269,0.9180887372013652,True,293,269,0.9180887372013652,True,269,0.9180887372013652,True
ALL_COVERAGE_CEILING,2025-09-18,298,274,0.9194630872483222,True,298,274,0.9194630872483222,True,274,0.9194630872483222,True
ALL_COVERAGE_CEILING,2025-09-19,298,274,0.9194630872483222,True,298,274,0.9194630872483222,True,274,0.9194630872483222,True
ALL_COVERAGE_CEILING,2025-09-22,299,275,0.919732441471572,True,299,275,0.919732441471572,True,275,0.919732441471572,True
ALL_COVERAGE_CEILING,2025-09-23,304,279,0.9177631578947368,True,304,279,0.9177631578947368,True,279,0.9177631578947368,True
ALL_COVERAGE_CEILING,2025-09-24,306,281,0.9183006535947712,True,306,281,0.9183006535947712,True,281,0.9183006535947712,True
ALL_COVERAGE_CEILING,2025-09-25,311,286,0.9196141479099679,True,311,286,0.9196141479099679,True,286,0.9196141479099679,True
ALL_COVERAGE_CEILING,2025-09-26,311,288,0.9260450160771704,True,311,288,0.9260450160771704,True,288,0.9260450160771704,True
ALL_COVERAGE_CEILING,2025-09-29,316,291,0.9208860759493671,True,316,291,0.9208860759493671,True,291,0.9208860759493671,True
ALL_COVERAGE_CEILING,2025-09-30,316,292,0.9240506329113924,True,316,292,0.9240506329113924,True,292,0.9240506329113924,True
ALL_COVERAGE_CEILING,2025-10-01,323,299,0.9256965944272446,True,323,299,0.9256965944272446,True,299,0.9256965944272446,True
ALL_COVERAGE_CEILING,2025-10-02,330,306,0.9272727272727272,True,330,306,0.9272727272727272,True,306,0.9272727272727272,True
ALL_COVERAGE_CEILING,2025-10-03,334,310,0.9281437125748503,True,334,310,0.9281437125748503,True,310,0.9281437125748503,True
ALL_COVERAGE_CEILING,2025-10-06,332,309,0.9307228915662651,True,332,309,0.9307228915662651,True,309,0.9307228915662651,True
ALL_COVERAGE_CEILING,2025-10-07,340,317,0.9323529411764706,True,340,317,0.9323529411764706,True,317,0.9323529411764706,True
ALL_COVERAGE_CEILING,2025-10-08,343,319,0.9300291545189504,True,343,319,0.9300291545189504,True,319,0.9300291545189504,True
ALL_COVERAGE_CEILING,2025-10-09,348,325,0.9339080459770115,True,348,325,0.9339080459770115,True,325,0.9339080459770115,True
ALL_COVERAGE_CEILING,2025-10-10,349,326,0.9340974212034384,True,349,326,0.9340974212034384,True,326,0.9340974212034384,True
ALL_COVERAGE_CEILING,2025-10-13,356,333,0.9353932584269663,True,356,333,0.9353932584269663,True,333,0.9353932584269663,True
ALL_COVERAGE_CEILING,2025-10-14,361,337,0.9335180055401662,True,361,337,0.9335180055401662,True,337,0.9335180055401662,True
ALL_COVERAGE_CEILING,2025-10-15,361,337,0.9335180055401662,True,361,337,0.9335180055401662,True,337,0.9335180055401662,True
ALL_COVERAGE_CEILING,2025-10-16,365,341,0.9342465753424658,True,365,341,0.9342465753424658,True,341,0.9342465753424658,True
ALL_COVERAGE_CEILING,2025-10-17,367,343,0.9346049046321526,True,367,343,0.9346049046321526,True,343,0.9346049046321526,True
ALL_COVERAGE_CEILING,2025-10-20,370,345,0.9324324324324325,True,370,345,0.9324324324324325,True,345,0.9324324324324325,True
ALL_COVERAGE_CEILING,2025-10-21,375,350,0.9333333333333333,True,375,350,0.9333333333333333,True,350,0.9333333333333333,True
ALL_COVERAGE_CEILING,2025-10-22,376,351,0.9335106382978723,True,376,351,0.9335106382978723,True,351,0.9335106382978723,True
ALL_COVERAGE_CEILING,2025-10-23,376,351,0.9335106382978723,True,376,351,0.9335106382978723,True,351,0.9335106382978723,True
ALL_COVERAGE_CEILING,2025-10-24,379,354,0.9340369393139841,True,379,354,0.9340369393139841,True,354,0.9340369393139841,True
ALL_COVERAGE_CEILING,2025-10-27,381,356,0.9343832020997376,True,381,356,0.9343832020997376,True,356,0.9343832020997376,True
ALL_COVERAGE_CEILING,2025-10-28,379,354,0.9340369393139841,True,379,354,0.9340369393139841,True,354,0.9340369393139841,True
ALL_COVERAGE_CEILING,2025-10-29,382,357,0.9345549738219895,True,382,357,0.9345549738219895,True,357,0.9345549738219895,True
ALL_COVERAGE_CEILING,2025-10-30,388,363,0.9355670103092784,True,388,363,0.9355670103092784,True,363,0.9355670103092784,True
ALL_COVERAGE_CEILING,2025-10-31,388,363,0.9355670103092784,True,388,363,0.9355670103092784,True,363,0.9355670103092784,True
ALL_COVERAGE_CEILING,2025-11-03,391,366,0.9360613810741688,True,391,366,0.9360613810741688,True,366,0.9360613810741688,True
ALL_COVERAGE_CEILING,2025-11-04,394,369,0.9365482233502538,True,394,369,0.9365482233502538,True,369,0.9365482233502538,True
ALL_COVERAGE_CEILING,2025-11-05,394,369,0.9365482233502538,True,394,369,0.9365482233502538,True,369,0.9365482233502538,True
ALL_COVERAGE_CEILING,2025-11-06,390,365,0.9358974358974359,True,390,365,0.9358974358974359,True,365,0.9358974358974359,True
ALL_COVERAGE_CEILING,2025-11-07,391,366,0.9360613810741688,True,391,366,0.9360613810741688,True,366,0.9360613810741688,True
ALL_COVERAGE_CEILING,2025-11-10,394,368,0.934010152284264,True,394,368,0.934010152284264,True,368,0.934010152284264,True
ALL_COVERAGE_CEILING,2025-11-11,393,367,0.9338422391857506,True,393,367,0.9338422391857506,True,367,0.9338422391857506,True
ALL_COVERAGE_CEILING,2025-11-12,393,367,0.9338422391857506,True,393,367,0.9338422391857506,True,367,0.9338422391857506,True
ALL_COVERAGE_CEILING,2025-11-13,393,367,0.9338422391857506,True,393,367,0.9338422391857506,True,367,0.9338422391857506,True
ALL_COVERAGE_CEILING,2025-11-14,393,367,0.9338422391857506,True,393,367,0.9338422391857506,True,367,0.9338422391857506,True
ALL_COVERAGE_CEILING,2025-11-17,393,368,0.9363867684478372,True,393,368,0.9363867684478372,True,368,0.9363867684478372,True
ALL_COVERAGE_CEILING,2025-11-18,390,365,0.9358974358974359,True,390,365,0.9358974358974359,True,365,0.9358974358974359,True
ALL_COVERAGE_CEILING,2025-11-19,393,367,0.9338422391857506,True,393,367,0.9338422391857506,True,367,0.9338422391857506,True
ALL_COVERAGE_CEILING,2025-11-20,392,366,0.9336734693877551,True,392,366,0.9336734693877551,True,366,0.9336734693877551,True
ALL_COVERAGE_CEILING,2025-11-21,389,363,0.9331619537275064,True,389,363,0.9331619537275064,True,363,0.9331619537275064,True
ALL_COVERAGE_CEILING,2025-11-24,392,365,0.9311224489795918,True,392,365,0.9311224489795918,True,365,0.9311224489795918,True
ALL_COVERAGE_CEILING,2025-11-25,394,368,0.934010152284264,True,394,368,0.934010152284264,True,368,0.934010152284264,True
ALL_COVERAGE_CEILING,2025-11-26,390,364,0.9333333333333333,True,390,364,0.9333333333333333,True,364,0.9333333333333333,True
ALL_COVERAGE_CEILING,2025-11-27,389,363,0.9331619537275064,True,389,363,0.9331619537275064,True,363,0.9331619537275064,True
ALL_COVERAGE_CEILING,2025-11-28,389,363,0.9331619537275064,True,389,363,0.9331619537275064,True,363,0.9331619537275064,True
ALL_COVERAGE_CEILING,2025-12-01,391,365,0.9335038363171355,True,391,365,0.9335038363171355,True,365,0.9335038363171355,True
ALL_COVERAGE_CEILING,2025-12-02,389,363,0.9331619537275064,True,389,363,0.9331619537275064,True,363,0.9331619537275064,True
ALL_COVERAGE_CEILING,2025-12-03,393,365,0.9287531806615776,True,393,365,0.9287531806615776,True,365,0.9287531806615776,True
ALL_COVERAGE_CEILING,2025-12-04,393,366,0.9312977099236641,True,393,366,0.9312977099236641,True,366,0.9312977099236641,True
ALL_COVERAGE_CEILING,2025-12-05,387,361,0.9328165374677002,True,387,361,0.9328165374677002,True,361,0.9328165374677002,True
ALL_COVERAGE_CEILING,2025-12-08,390,363,0.9307692307692308,True,390,363,0.9307692307692308,True,363,0.9307692307692308,True
ALL_COVERAGE_CEILING,2025-12-09,390,363,0.9307692307692308,True,390,363,0.9307692307692308,True,363,0.9307692307692308,True
ALL_COVERAGE_CEILING,2025-12-10,390,362,0.9282051282051282,True,390,362,0.9282051282051282,True,362,0.9282051282051282,True
ALL_COVERAGE_CEILING,2025-12-11,391,364,0.9309462915601023,True,391,364,0.9309462915601023,True,364,0.9309462915601023,True
ALL_COVERAGE_CEILING,2025-12-12,392,365,0.9311224489795918,True,392,365,0.9311224489795918,True,365,0.9311224489795918,True
ALL_COVERAGE_CEILING,2025-12-15,388,361,0.9304123711340206,True,388,361,0.9304123711340206,True,361,0.9304123711340206,True
ALL_COVERAGE_CEILING,2025-12-16,386,359,0.9300518134715026,True,386,359,0.9300518134715026,True,359,0.9300518134715026,True
ALL_COVERAGE_CEILING,2025-12-17,387,360,0.9302325581395349,True,387,360,0.9302325581395349,True,360,0.9302325581395349,True
ALL_COVERAGE_CEILING,2025-12-18,387,360,0.9302325581395349,True,387,360,0.9302325581395349,True,360,0.9302325581395349,True
ALL_COVERAGE_CEILING,2025-12-19,388,361,0.9304123711340206,True,388,361,0.9304123711340206,True,361,0.9304123711340206,True
ALL_COVERAGE_CEILING,2025-12-22,389,362,0.9305912596401028,True,389,362,0.9305912596401028,True,362,0.9305912596401028,True
ALL_COVERAGE_CEILING,2025-12-23,391,364,0.9309462915601023,True,391,364,0.9309462915601023,True,364,0.9309462915601023,True
ALL_COVERAGE_CEILING,2025-12-24,390,363,0.9307692307692308,True,390,363,0.9307692307692308,True,363,0.9307692307692308,True
ALL_COVERAGE_CEILING,2025-12-29,390,363,0.9307692307692308,True,390,363,0.9307692307692308,True,363,0.9307692307692308,True
ALL_COVERAGE_CEILING,2025-12-30,391,364,0.9309462915601023,True,391,364,0.9309462915601023,True,364,0.9309462915601023,True
ALL_COVERAGE_CEILING,2026-01-02,388,361,0.9304123711340206,True,388,361,0.9304123711340206,True,361,0.9304123711340206,True
ALL_COVERAGE_CEILING,2026-01-05,383,356,0.9295039164490861,True,383,356,0.9295039164490861,True,356,0.9295039164490861,True
ALL_COVERAGE_CEILING,2026-01-06,384,357,0.9296875,True,384,357,0.9296875,True,357,0.9296875,True
ALL_COVERAGE_CEILING,2026-01-07,384,357,0.9296875,True,384,357,0.9296875,True,357,0.9296875,True
ALL_COVERAGE_CEILING,2026-01-08,386,359,0.9300518134715026,True,386,359,0.9300518134715026,True,359,0.9300518134715026,True
ALL_COVERAGE_CEILING,2026-01-09,385,358,0.9298701298701298,True,385,358,0.9298701298701298,True,358,0.9298701298701298,True
ALL_COVERAGE_CEILING,2026-01-12,386,359,0.9300518134715026,True,386,359,0.9300518134715026,True,359,0.9300518134715026,True
ALL_COVERAGE_CEILING,2026-01-13,384,358,0.9322916666666666,True,384,358,0.9322916666666666,True,358,0.9322916666666666,True
ALL_COVERAGE_CEILING,2026-01-14,385,359,0.9324675324675324,True,385,359,0.9324675324675324,True,359,0.9324675324675324,True
ALL_COVERAGE_CEILING,2026-01-15,387,361,0.9328165374677002,True,387,361,0.9328165374677002,True,361,0.9328165374677002,True
ALL_COVERAGE_CEILING,2026-01-19,392,366,0.9336734693877551,True,392,366,0.9336734693877551,True,366,0.9336734693877551,True
ALL_COVERAGE_CEILING,2026-01-20,394,368,0.934010152284264,True,394,368,0.934010152284264,True,368,0.934010152284264,True
ALL_COVERAGE_CEILING,2026-01-21,400,373,0.9325,True,400,373,0.9325,True,373,0.9325,True
ALL_COVERAGE_CEILING,2026-01-22,407,380,0.9336609336609336,True,407,380,0.9336609336609336,True,380,0.9336609336609336,True
ALL_COVERAGE_CEILING,2026-01-23,412,384,0.9320388349514563,True,412,384,0.9320388349514563,True,384,0.9320388349514563,True
ALL_COVERAGE_CEILING,2026-01-26,410,383,0.9341463414634147,True,410,383,0.9341463414634147,True,383,0.9341463414634147,True
ALL_COVERAGE_CEILING,2026-01-27,417,390,0.935251798561151,True,417,390,0.935251798561151,True,390,0.935251798561151,True
ALL_COVERAGE_CEILING,2026-01-28,420,393,0.9357142857142857,True,420,393,0.9357142857142857,True,393,0.9357142857142857,True
ALL_COVERAGE_CEILING,2026-01-29,424,397,0.9363207547169812,True,424,397,0.9363207547169812,True,397,0.9363207547169812,True
ALL_COVERAGE_CEILING,2026-01-30,423,396,0.9361702127659575,True,423,396,0.9361702127659575,True,396,0.9361702127659575,True
ALL_COVERAGE_CEILING,2026-02-02,423,396,0.9361702127659575,True,423,396,0.9361702127659575,True,396,0.9361702127659575,True
ALL_COVERAGE_CEILING,2026-02-03,425,398,0.9364705882352942,True,425,398,0.9364705882352942,True,398,0.9364705882352942,True
ALL_COVERAGE_CEILING,2026-02-04,423,396,0.9361702127659575,True,423,396,0.9361702127659575,True,396,0.9361702127659575,True
ALL_COVERAGE_CEILING,2026-02-05,424,397,0.9363207547169812,True,424,397,0.9363207547169812,True,397,0.9363207547169812,True
ALL_COVERAGE_CEILING,2026-02-06,427,400,0.936768149882904,True,427,400,0.936768149882904,True,400,0.936768149882904,True
ALL_COVERAGE_CEILING,2026-02-09,428,401,0.9369158878504673,True,428,401,0.9369158878504673,True,401,0.9369158878504673,True
ALL_COVERAGE_CEILING,2026-02-10,428,401,0.9369158878504673,True,428,401,0.9369158878504673,True,401,0.9369158878504673,True
ALL_COVERAGE_CEILING,2026-02-11,427,400,0.936768149882904,True,427,400,0.936768149882904,True,400,0.936768149882904,True
ALL_COVERAGE_CEILING,2026-02-12,426,399,0.9366197183098591,True,426,399,0.9366197183098591,True,399,0.9366197183098591,True
ALL_COVERAGE_CEILING,2026-02-13,429,402,0.9370629370629371,True,429,402,0.9370629370629371,True,402,0.9370629370629371,True
ALL_COVERAGE_CEILING,2026-02-18,427,400,0.936768149882904,True,427,400,0.936768149882904,True,400,0.936768149882904,True
ALL_COVERAGE_CEILING,2026-02-19,427,400,0.936768149882904,True,427,400,0.936768149882904,True,400,0.936768149882904,True
ALL_COVERAGE_CEILING,2026-02-20,427,400,0.936768149882904,True,427,400,0.936768149882904,True,400,0.936768149882904,True
ALL_COVERAGE_CEILING,2026-02-23,425,398,0.9364705882352942,True,425,398,0.9364705882352942,True,398,0.9364705882352942,True
ALL_COVERAGE_CEILING,2026-02-24,431,403,0.9350348027842227,True,431,403,0.9350348027842227,True,403,0.9350348027842227,True
ALL_COVERAGE_CEILING,2026-02-25,431,403,0.9350348027842227,True,431,403,0.9350348027842227,True,403,0.9350348027842227,True
ALL_COVERAGE_CEILING,2026-02-26,428,400,0.9345794392523364,True,428,400,0.9345794392523364,True,400,0.9345794392523364,True
ALL_COVERAGE_CEILING,2026-02-27,428,400,0.9345794392523364,True,428,400,0.9345794392523364,True,400,0.9345794392523364,True
ALL_COVERAGE_CEILING,2026-03-02,427,399,0.9344262295081968,True,427,399,0.9344262295081968,True,399,0.9344262295081968,True
ALL_COVERAGE_CEILING,2026-03-03,431,403,0.9350348027842227,True,431,403,0.9350348027842227,True,403,0.9350348027842227,True
ALL_COVERAGE_CEILING,2026-03-04,433,405,0.9353348729792148,True,433,405,0.9353348729792148,True,405,0.9353348729792148,True
ALL_COVERAGE_CEILING,2026-03-05,429,400,0.9324009324009324,True,429,400,0.9324009324009324,True,400,0.9324009324009324,True
ALL_COVERAGE_CEILING,2026-03-06,426,397,0.931924882629108,True,426,397,0.931924882629108,True,397,0.931924882629108,True
ALL_COVERAGE_CEILING,2026-03-09,422,393,0.9312796208530806,True,422,393,0.9312796208530806,True,393,0.9312796208530806,True
ALL_COVERAGE_CEILING,2026-03-10,416,387,0.9302884615384616,True,416,387,0.9302884615384616,True,387,0.9302884615384616,True
ALL_COVERAGE_CEILING,2026-03-11,414,385,0.9299516908212561,True,414,385,0.9299516908212561,True,385,0.9299516908212561,True
ALL_COVERAGE_CEILING,2026-03-12,416,387,0.9302884615384616,True,416,387,0.9302884615384616,True,387,0.9302884615384616,True
ALL_COVERAGE_CEILING,2026-03-13,414,385,0.9299516908212561,True,414,385,0.9299516908212561,True,385,0.9299516908212561,True
ALL_COVERAGE_CEILING,2026-03-16,411,382,0.9294403892944039,True,411,382,0.9294403892944039,True,382,0.9294403892944039,True
ALL_COVERAGE_CEILING,2026-03-17,407,378,0.9287469287469288,True,407,378,0.9287469287469288,True,378,0.9287469287469288,True
ALL_COVERAGE_CEILING,2026-03-25,407,378,0.9287469287469288,True,407,378,0.9287469287469288,True,378,0.9287469287469288,True
ALL_COVERAGE_CEILING,2026-03-26,402,373,0.927860696517413,True,402,373,0.927860696517413,True,373,0.927860696517413,True
ALL_COVERAGE_CEILING,2026-03-27,399,370,0.9273182957393483,True,399,370,0.9273182957393483,True,370,0.9273182957393483,True
ALL_COVERAGE_CEILING,2026-03-30,396,367,0.9267676767676768,True,396,367,0.9267676767676768,True,367,0.9267676767676768,True
ALL_COVERAGE_CEILING,2026-03-31,395,366,0.9265822784810127,True,395,366,0.9265822784810127,True,366,0.9265822784810127,True
ALL_COVERAGE_CEILING,2026-04-01,390,363,0.9307692307692308,True,390,363,0.9307692307692308,True,363,0.9307692307692308,True
ALL_COVERAGE_CEILING,2026-04-02,390,363,0.9307692307692308,True,390,363,0.9307692307692308,True,363,0.9307692307692308,True
ALL_COVERAGE_CEILING,2026-04-06,389,362,0.9305912596401028,True,389,362,0.9305912596401028,True,362,0.9305912596401028,True
ALL_COVERAGE_CEILING,2026-04-07,388,361,0.9304123711340206,True,388,361,0.9304123711340206,True,361,0.9304123711340206,True
ALL_COVERAGE_CEILING,2026-04-08,387,360,0.9302325581395349,True,387,360,0.9302325581395349,True,360,0.9302325581395349,True
ALL_COVERAGE_CEILING,2026-04-09,387,360,0.9302325581395349,True,387,360,0.9302325581395349,True,360,0.9302325581395349,True
ALL_COVERAGE_CEILING,2026-04-10,385,358,0.9298701298701298,True,385,358,0.9298701298701298,True,358,0.9298701298701298,True
ALL_COVERAGE_CEILING,2026-04-13,381,355,0.931758530183727,True,381,355,0.931758530183727,True,355,0.931758530183727,True
ALL_COVERAGE_CEILING,2026-04-14,380,353,0.9289473684210526,True,380,353,0.9289473684210526,True,353,0.9289473684210526,True
ALL_COVERAGE_CEILING,2026-04-15,376,349,0.9281914893617021,True,376,349,0.9281914893617021,True,349,0.9281914893617021,True
ALL_COVERAGE_CEILING,2026-04-16,376,348,0.925531914893617,True,376,348,0.925531914893617,True,348,0.925531914893617,True
ALL_COVERAGE_CEILING,2026-04-17,376,348,0.925531914893617,True,376,348,0.925531914893617,True,348,0.925531914893617,True
ALL_COVERAGE_CEILING,2026-04-20,375,347,0.9253333333333333,True,375,347,0.9253333333333333,True,347,0.9253333333333333,True
ALL_COVERAGE_CEILING,2026-04-21,376,348,0.925531914893617,True,376,348,0.925531914893617,True,348,0.925531914893617,True
ALL_COVERAGE_CEILING,2026-04-22,375,347,0.9253333333333333,True,375,347,0.9253333333333333,True,347,0.9253333333333333,True
ALL_COVERAGE_CEILING,2026-04-23,373,345,0.9249329758713136,True,373,345,0.9249329758713136,True,345,0.9249329758713136,True
ALL_COVERAGE_CEILING,2026-04-24,371,343,0.9245283018867925,True,371,343,0.9245283018867925,True,343,0.9245283018867925,True
ALL_COVERAGE_CEILING,2026-04-27,371,343,0.9245283018867925,True,371,343,0.9245283018867925,True,343,0.9245283018867925,True
ALL_COVERAGE_CEILING,2026-04-28,369,341,0.924119241192412,True,369,341,0.924119241192412,True,341,0.924119241192412,True
ALL_COVERAGE_CEILING,2026-04-29,366,338,0.9234972677595629,True,366,338,0.9234972677595629,True,338,0.9234972677595629,True
ALL_COVERAGE_CEILING,2026-04-30,364,336,0.9230769230769231,True,364,336,0.9230769230769231,True,336,0.9230769230769231,True
ALL_COVERAGE_CEILING,2026-05-04,365,337,0.9232876712328767,True,365,337,0.9232876712328767,True,337,0.9232876712328767,True
ALL_COVERAGE_CEILING,2026-05-05,362,334,0.9226519337016574,True,362,334,0.9226519337016574,True,334,0.9226519337016574,True
ALL_COVERAGE_CEILING,2026-05-06,363,335,0.9228650137741047,True,363,335,0.9228650137741047,True,335,0.9228650137741047,True
ALL_COVERAGE_CEILING,2026-05-07,362,334,0.9226519337016574,True,362,334,0.9226519337016574,True,334,0.9226519337016574,True
ALL_COVERAGE_CEILING,2026-05-08,361,333,0.9224376731301939,True,361,332,0.9196675900277008,True,332,0.9196675900277008,True
ALL_COVERAGE_CEILING,2026-05-11,362,334,0.9226519337016574,True,362,333,0.919889502762431,True,333,0.919889502762431,True
ALL_COVERAGE_CEILING,2026-05-12,361,333,0.9224376731301939,True,361,332,0.9196675900277008,True,332,0.9196675900277008,True
ALL_COVERAGE_CEILING,2026-05-13,362,334,0.9226519337016574,True,362,333,0.919889502762431,True,333,0.919889502762431,True
ALL_COVERAGE_CEILING,2026-05-18,361,333,0.9224376731301939,True,361,332,0.9196675900277008,True,332,0.9196675900277008,True
ALL_COVERAGE_CEILING,2026-05-19,359,330,0.9192200557103064,True,359,330,0.9192200557103064,True,330,0.9192200557103064,True
ALL_COVERAGE_CEILING,2026-05-20,356,327,0.9185393258426966,True,356,327,0.9185393258426966,True,327,0.9185393258426966,True
ALL_COVERAGE_CEILING,2026-05-21,355,326,0.9183098591549296,True,355,326,0.9183098591549296,True,326,0.9183098591549296,True
ALL_COVERAGE_CEILING,2026-05-22,353,324,0.9178470254957507,True,353,324,0.9178470254957507,True,324,0.9178470254957507,True
ALL_COVERAGE_CEILING,2026-05-25,350,322,0.92,True,350,322,0.92,True,322,0.92,True
ALL_COVERAGE_CEILING,2026-05-26,348,321,0.9224137931034483,True,348,321,0.9224137931034483,True,321,0.9224137931034483,True
ALL_COVERAGE_CEILING,2026-05-29,346,319,0.9219653179190751,True,346,319,0.9219653179190751,True,319,0.9219653179190751,True
ALL_COVERAGE_CEILING,2026-06-02,343,316,0.9212827988338192,True,343,316,0.9212827988338192,True,316,0.9212827988338192,True
ALL_COVERAGE_CEILING,2026-06-03,339,312,0.9203539823008849,True,339,312,0.9203539823008849,True,312,0.9203539823008849,True
ALL_COVERAGE_CEILING,2026-06-04,337,311,0.9228486646884273,True,337,311,0.9228486646884273,True,311,0.9228486646884273,True
ALL_COVERAGE_CEILING,2026-06-05,334,307,0.9191616766467066,True,334,307,0.9191616766467066,True,307,0.9191616766467066,True
ALL_COVERAGE_CEILING,2026-06-08,332,306,0.9216867469879518,True,332,306,0.9216867469879518,True,306,0.9216867469879518,True
ALL_COVERAGE_CEILING,2026-06-09,330,304,0.9212121212121213,True,330,304,0.9212121212121213,True,304,0.9212121212121213,True
ALL_COVERAGE_CEILING,2026-06-10,329,303,0.9209726443768997,True,329,303,0.9209726443768997,True,303,0.9209726443768997,True
ALL_COVERAGE_CEILING,2026-06-11,329,303,0.9209726443768997,True,329,303,0.9209726443768997,True,303,0.9209726443768997,True
ALL_COVERAGE_CEILING,2026-06-12,326,300,0.9202453987730062,True,326,300,0.9202453987730062,True,300,0.9202453987730062,True
ALL_COVERAGE_CEILING,2026-06-15,328,302,0.9207317073170732,True,328,302,0.9207317073170732,True,302,0.9207317073170732,True
ALL_COVERAGE_CEILING,2026-06-17,328,302,0.9207317073170732,True,328,302,0.9207317073170732,True,302,0.9207317073170732,True
ALL_COVERAGE_CEILING,2026-06-18,327,301,0.9204892966360856,True,327,301,0.9204892966360856,True,301,0.9204892966360856,True
ALL_COVERAGE_CEILING,2026-06-19,325,299,0.92,True,325,299,0.92,True,299,0.92,True
ALL_COVERAGE_CEILING,2026-06-22,322,297,0.922360248447205,True,322,297,0.922360248447205,True,297,0.922360248447205,True
ALL_COVERAGE_CEILING,2026-06-23,323,298,0.9226006191950464,True,323,297,0.9195046439628483,True,297,0.9195046439628483,True
ALL_COVERAGE_CEILING,2026-06-24,323,298,0.9226006191950464,True,323,297,0.9195046439628483,True,297,0.9195046439628483,True
ALL_COVERAGE_CEILING,2026-06-25,321,296,0.9221183800623053,True,321,291,0.9065420560747663,True,291,0.9065420560747663,True
ALL_COVERAGE_CEILING,2026-06-26,320,295,0.921875,True,320,290,0.90625,True,290,0.90625,True
ALL_COVERAGE_CEILING,2026-06-29,318,293,0.9213836477987422,True,318,288,0.9056603773584906,True,288,0.9056603773584906,True
ALL_COVERAGE_CEILING,2026-06-30,314,288,0.9171974522292994,True,314,284,0.9044585987261147,True,284,0.9044585987261147,True
ALL_COVERAGE_CEILING,2026-07-01,314,288,0.9171974522292994,True,314,285,0.9076433121019108,True,285,0.9076433121019108,True
ALL_COVERAGE_CEILING,2026-07-02,312,283,0.907051282051282,True,312,283,0.907051282051282,True,283,0.907051282051282,True
ALL_COVERAGE_CEILING,2026-07-03,314,285,0.9076433121019108,True,314,285,0.9076433121019108,True,285,0.9076433121019108,True
ALL_COVERAGE_CEILING,2026-07-06,311,283,0.909967845659164,True,311,283,0.909967845659164,True,283,0.909967845659164,True
ALL_COVERAGE_CEILING,2026-07-07,312,283,0.907051282051282,True,312,283,0.907051282051282,True,283,0.907051282051282,True
ALL_COVERAGE_CEILING,2026-07-08,312,287,0.9198717948717948,True,312,287,0.9198717948717948,True,287,0.9198717948717948,True
ALL_COVERAGE_CEILING,2026-07-09,312,287,0.9198717948717948,True,312,287,0.9198717948717948,True,287,0.9198717948717948,True
ALL_COVERAGE_CEILING,2026-07-10,312,287,0.9198717948717948,True,312,287,0.9198717948717948,True,287,0.9198717948717948,True
ALL_COVERAGE_CEILING,2026-07-13,311,286,0.9196141479099679,True,311,286,0.9196141479099679,True,286,0.9196141479099679,True
ALL_COVERAGE_CEILING,2026-07-14,309,284,0.919093851132686,True,309,284,0.919093851132686,True,284,0.919093851132686,True
ALL_COVERAGE_CEILING,2026-07-15,308,284,0.922077922077922,True,308,284,0.922077922077922,True,284,0.922077922077922,True
ALL_COVERAGE_CEILING,2026-07-16,306,283,0.9248366013071896,True,306,283,0.9248366013071896,True,283,0.9248366013071896,True
ALL_COVERAGE_CEILING,2026-07-17,303,280,0.9240924092409241,True,303,280,0.9240924092409241,True,280,0.9240924092409241,True
SCHEDULE_PLUS_KSEI_COVERAGE_CEILING,2023-12-28,262,260,0.9923664122137404,True,262,260,0.9923664122137404,True,260,0.9923664122137404,True
SCHEDULE_PLUS_KSEI_COVERAGE_CEILING,2023-12-29,263,261,0.9923954372623575,True,263,261,0.9923954372623575,True,261,0.9923954372623575,True
SCHEDULE_PLUS_KSEI_COVERAGE_CEILING,2024-01-02,265,264,0.9962264150943396,True,265,264,0.9962264150943396,True,264,0.9962264150943396,True
SCHEDULE_PLUS_KSEI_COVERAGE_CEILING,2024-01-03,263,262,0.9961977186311787,True,263,262,0.9961977186311787,True,262,0.9961977186311787,True
SCHEDULE_PLUS_KSEI_COVERAGE_CEILING,2024-01-04,262,261,0.9961832061068703,True,262,261,0.9961832061068703,True,261,0.9961832061068703,True
SCHEDULE_PLUS_KSEI_COVERAGE_CEILING,2024-01-05,260,259,0.9961538461538462,True,260,259,0.9961538461538462,True,259,0.9961538461538462,True
SCHEDULE_PLUS_KSEI_COVERAGE_CEILING,2024-01-08,262,261,0.9961832061068703,True,262,261,0.9961832061068703,True,261,0.9961832061068703,True
SCHEDULE_PLUS_KSEI_COVERAGE_CEILING,2024-01-09,260,259,0.9961538461538462,True,260,259,0.9961538461538462,True,259,0.9961538461538462,True
SCHEDULE_PLUS_KSEI_COVERAGE_CEILING,2024-01-10,258,257,0.9961240310077519,True,258,257,0.9961240310077519,True,257,0.9961240310077519,True
SCHEDULE_PLUS_KSEI_COVERAGE_CEILING,2024-01-11,253,252,0.9960474308300395,True,253,252,0.9960474308300395,True,252,0.9960474308300395,True
SCHEDULE_PLUS_KSEI_COVERAGE_CEILING,2024-01-12,251,250,0.9960159362549801,True,251,250,0.9960159362549801,True,250,0.9960159362549801,True
SCHEDULE_PLUS_KSEI_COVERAGE_CEILING,2024-01-15,250,249,0.996,True,250,249,0.996,True,249,0.996,True
SCHEDULE_PLUS_KSEI_COVERAGE_CEILING,2024-01-16,251,250,0.9960159362549801,True,251,250,0.9960159362549801,True,250,0.9960159362549801,True
SCHEDULE_PLUS_KSEI_COVERAGE_CEILING,2024-01-17,251,250,0.9960159362549801,True,251,250,0.9960159362549801,True,250,0.9960159362549801,True
SCHEDULE_PLUS_KSEI_COVERAGE_CEILING,2024-01-18,251,250,0.9960159362549801,True,251,250,0.9960159362549801,True,250,0.9960159362549801,True
SCHEDULE_PLUS_KSEI_COVERAGE_CEILING,2024-01-19,249,248,0.9959839357429718,True,249,248,0.9959839357429718,True,248,0.9959839357429718,True
SCHEDULE_PLUS_KSEI_COVERAGE_CEILING,2024-01-22,247,246,0.9959514170040485,True,247,246,0.9959514170040485,True,246,0.9959514170040485,True
SCHEDULE_PLUS_KSEI_COVERAGE_CEILING,2024-01-23,247,246,0.9959514170040485,True,247,246,0.9959514170040485,True,246,0.9959514170040485,True
SCHEDULE_PLUS_KSEI_COVERAGE_CEILING,2024-01-24,246,245,0.9959349593495935,True,246,245,0.9959349593495935,True,245,0.9959349593495935,True
SCHEDULE_PLUS_KSEI_COVERAGE_CEILING,2024-01-25,246,245,0.9959349593495935,True,246,245,0.9959349593495935,True,245,0.9959349593495935,True
SCHEDULE_PLUS_KSEI_COVERAGE_CEILING,2024-01-26,246,245,0.9959349593495935,True,246,245,0.9959349593495935,True,245,0.9959349593495935,True
SCHEDULE_PLUS_KSEI_COVERAGE_CEILING,2024-01-29,243,242,0.9958847736625515,True,243,242,0.9958847736625515,True,242,0.9958847736625515,True
SCHEDULE_PLUS_KSEI_COVERAGE_CEILING,2024-01-30,243,242,0.9958847736625515,True,243,242,0.9958847736625515,True,242,0.9958847736625515,True
SCHEDULE_PLUS_KSEI_COVERAGE_CEILING,2024-01-31,242,241,0.9958677685950413,True,242,241,0.9958677685950413,True,241,0.9958677685950413,True
SCHEDULE_PLUS_KSEI_COVERAGE_CEILING,2024-02-01,241,240,0.995850622406639,True,241,240,0.995850622406639,True,240,0.995850622406639,True
SCHEDULE_PLUS_KSEI_COVERAGE_CEILING,2024-02-02,243,242,0.9958847736625515,True,243,242,0.9958847736625515,True,242,0.9958847736625515,True
SCHEDULE_PLUS_KSEI_COVERAGE_CEILING,2024-02-05,241,240,0.995850622406639,True,241,240,0.995850622406639,True,240,0.995850622406639,True
SCHEDULE_PLUS_KSEI_COVERAGE_CEILING,2024-02-06,242,241,0.9958677685950413,True,242,241,0.9958677685950413,True,241,0.9958677685950413,True
SCHEDULE_PLUS_KSEI_COVERAGE_CEILING,2024-02-07,246,245,0.9959349593495935,True,246,245,0.9959349593495935,True,245,0.9959349593495935,True
SCHEDULE_PLUS_KSEI_COVERAGE_CEILING,2024-02-12,242,241,0.9958677685950413,True,242,241,0.9958677685950413,True,241,0.9958677685950413,True
SCHEDULE_PLUS_KSEI_COVERAGE_CEILING,2024-02-13,244,243,0.9959016393442623,True,244,243,0.9959016393442623,True,243,0.9959016393442623,True
SCHEDULE_PLUS_KSEI_COVERAGE_CEILING,2024-02-15,244,243,0.9959016393442623,True,244,243,0.9959016393442623,True,243,0.9959016393442623,True
SCHEDULE_PLUS_KSEI_COVERAGE_CEILING,2024-02-16,243,242,0.9958847736625515,True,243,242,0.9958847736625515,True,242,0.9958847736625515,True
SCHEDULE_PLUS_KSEI_COVERAGE_CEILING,2024-02-19,244,243,0.9959016393442623,True,244,243,0.9959016393442623,True,243,0.9959016393442623,True
SCHEDULE_PLUS_KSEI_COVERAGE_CEILING,2024-02-20,244,243,0.9959016393442623,True,244,243,0.9959016393442623,True,243,0.9959016393442623,True
SCHEDULE_PLUS_KSEI_COVERAGE_CEILING,2024-02-21,245,244,0.9959183673469387,True,245,244,0.9959183673469387,True,244,0.9959183673469387,True
SCHEDULE_PLUS_KSEI_COVERAGE_CEILING,2024-02-22,243,242,0.9958847736625515,True,243,242,0.9958847736625515,True,242,0.9958847736625515,True
SCHEDULE_PLUS_KSEI_COVERAGE_CEILING,2024-02-23,239,238,0.99581589958159,True,239,238,0.99581589958159,True,238,0.99581589958159,True
SCHEDULE_PLUS_KSEI_COVERAGE_CEILING,2024-02-26,236,235,0.9957627118644068,True,236,235,0.9957627118644068,True,235,0.9957627118644068,True
SCHEDULE_PLUS_KSEI_COVERAGE_CEILING,2024-02-27,236,235,0.9957627118644068,True,236,235,0.9957627118644068,True,235,0.9957627118644068,True
SCHEDULE_PLUS_KSEI_COVERAGE_CEILING,2024-02-28,236,235,0.9957627118644068,True,236,235,0.9957627118644068,True,235,0.9957627118644068,True
SCHEDULE_PLUS_KSEI_COVERAGE_CEILING,2024-02-29,237,236,0.9957805907172996,True,237,236,0.9957805907172996,True,236,0.9957805907172996,True
SCHEDULE_PLUS_KSEI_COVERAGE_CEILING,2024-03-01,232,231,0.9956896551724138,True,232,231,0.9956896551724138,True,231,0.9956896551724138,True
SCHEDULE_PLUS_KSEI_COVERAGE_CEILING,2024-03-04,235,234,0.9957446808510638,True,235,234,0.9957446808510638,True,234,0.9957446808510638,True
SCHEDULE_PLUS_KSEI_COVERAGE_CEILING,2024-03-05,236,235,0.9957627118644068,True,236,235,0.9957627118644068,True,235,0.9957627118644068,True
SCHEDULE_PLUS_KSEI_COVERAGE_CEILING,2024-03-06,236,235,0.9957627118644068,True,236,235,0.9957627118644068,True,235,0.9957627118644068,True
SCHEDULE_PLUS_KSEI_COVERAGE_CEILING,2024-03-07,237,236,0.9957805907172996,True,237,236,0.9957805907172996,True,236,0.9957805907172996,True
SCHEDULE_PLUS_KSEI_COVERAGE_CEILING,2024-03-08,238,237,0.9957983193277311,True,238,237,0.9957983193277311,True,237,0.9957983193277311,True
SCHEDULE_PLUS_KSEI_COVERAGE_CEILING,2024-03-13,241,240,0.995850622406639,True,241,240,0.995850622406639,True,240,0.995850622406639,True
SCHEDULE_PLUS_KSEI_COVERAGE_CEILING,2024-03-14,243,242,0.9958847736625515,True,243,242,0.9958847736625515,True,242,0.9958847736625515,True
SCHEDULE_PLUS_KSEI_COVERAGE_CEILING,2024-03-15,240,239,0.9958333333333333,True,240,239,0.9958333333333333,True,239,0.9958333333333333,True
SCHEDULE_PLUS_KSEI_COVERAGE_CEILING,2024-03-18,243,242,0.9958847736625515,True,243,242,0.9958847736625515,True,242,0.9958847736625515,True
SCHEDULE_PLUS_KSEI_COVERAGE_CEILING,2024-03-19,243,242,0.9958847736625515,True,243,242,0.9958847736625515,True,242,0.9958847736625515,True
SCHEDULE_PLUS_KSEI_COVERAGE_CEILING,2024-03-20,242,241,0.9958677685950413,True,242,241,0.9958677685950413,True,241,0.9958677685950413,True
SCHEDULE_PLUS_KSEI_COVERAGE_CEILING,2024-03-21,242,241,0.9958677685950413,True,242,241,0.9958677685950413,True,241,0.9958677685950413,True
SCHEDULE_PLUS_KSEI_COVERAGE_CEILING,2024-03-22,242,241,0.9958677685950413,True,242,241,0.9958677685950413,True,241,0.9958677685950413,True
SCHEDULE_PLUS_KSEI_COVERAGE_CEILING,2024-03-25,243,242,0.9958847736625515,True,243,242,0.9958847736625515,True,242,0.9958847736625515,True
SCHEDULE_PLUS_KSEI_COVERAGE_CEILING,2024-03-26,244,243,0.9959016393442623,True,244,243,0.9959016393442623,True,243,0.9959016393442623,True
SCHEDULE_PLUS_KSEI_COVERAGE_CEILING,2024-03-27,245,244,0.9959183673469387,True,245,244,0.9959183673469387,True,244,0.9959183673469387,True
SCHEDULE_PLUS_KSEI_COVERAGE_CEILING,2024-03-28,244,243,0.9959016393442623,True,244,243,0.9959016393442623,True,243,0.9959016393442623,True
SCHEDULE_PLUS_KSEI_COVERAGE_CEILING,2024-04-01,250,249,0.996,True,250,249,0.996,True,249,0.996,True
SCHEDULE_PLUS_KSEI_COVERAGE_CEILING,2024-04-02,250,249,0.996,True,250,249,0.996,True,249,0.996,True
SCHEDULE_PLUS_KSEI_COVERAGE_CEILING,2024-04-03,251,250,0.9960159362549801,True,251,250,0.9960159362549801,True,250,0.9960159362549801,True
SCHEDULE_PLUS_KSEI_COVERAGE_CEILING,2024-04-04,250,249,0.996,True,250,249,0.996,True,249,0.996,True
SCHEDULE_PLUS_KSEI_COVERAGE_CEILING,2024-04-05,250,249,0.996,True,250,249,0.996,True,249,0.996,True
SCHEDULE_PLUS_KSEI_COVERAGE_CEILING,2024-04-16,250,249,0.996,True,250,249,0.996,True,249,0.996,True
SCHEDULE_PLUS_KSEI_COVERAGE_CEILING,2024-04-17,249,248,0.9959839357429718,True,249,248,0.9959839357429718,True,248,0.9959839357429718,True
SCHEDULE_PLUS_KSEI_COVERAGE_CEILING,2024-04-18,247,246,0.9959514170040485,True,247,246,0.9959514170040485,True,246,0.9959514170040485,True
SCHEDULE_PLUS_KSEI_COVERAGE_CEILING,2024-04-19,246,245,0.9959349593495935,True,246,245,0.9959349593495935,True,245,0.9959349593495935,True
SCHEDULE_PLUS_KSEI_COVERAGE_CEILING,2024-04-22,246,245,0.9959349593495935,True,246,245,0.9959349593495935,True,245,0.9959349593495935,True
SCHEDULE_PLUS_KSEI_COVERAGE_CEILING,2024-04-23,245,244,0.9959183673469387,True,245,244,0.9959183673469387,True,244,0.9959183673469387,True
SCHEDULE_PLUS_KSEI_COVERAGE_CEILING,2024-04-24,245,244,0.9959183673469387,True,245,244,0.9959183673469387,True,244,0.9959183673469387,True
SCHEDULE_PLUS_KSEI_COVERAGE_CEILING,2024-04-25,246,245,0.9959349593495935,True,246,245,0.9959349593495935,True,245,0.9959349593495935,True
SCHEDULE_PLUS_KSEI_COVERAGE_CEILING,2024-04-26,246,245,0.9959349593495935,True,246,245,0.9959349593495935,True,245,0.9959349593495935,True
SCHEDULE_PLUS_KSEI_COVERAGE_CEILING,2024-04-29,246,245,0.9959349593495935,True,246,245,0.9959349593495935,True,245,0.9959349593495935,True
SCHEDULE_PLUS_KSEI_COVERAGE_CEILING,2024-04-30,245,244,0.9959183673469387,True,245,244,0.9959183673469387,True,244,0.9959183673469387,True
SCHEDULE_PLUS_KSEI_COVERAGE_CEILING,2024-05-02,242,241,0.9958677685950413,True,242,241,0.9958677685950413,True,241,0.9958677685950413,True
SCHEDULE_PLUS_KSEI_COVERAGE_CEILING,2024-05-03,240,239,0.9958333333333333,True,240,239,0.9958333333333333,True,239,0.9958333333333333,True
SCHEDULE_PLUS_KSEI_COVERAGE_CEILING,2024-05-06,240,239,0.9958333333333333,True,240,239,0.9958333333333333,True,239,0.9958333333333333,True
SCHEDULE_PLUS_KSEI_COVERAGE_CEILING,2024-05-07,242,241,0.9958677685950413,True,242,241,0.9958677685950413,True,241,0.9958677685950413,True
SCHEDULE_PLUS_KSEI_COVERAGE_CEILING,2024-05-08,242,241,0.9958677685950413,True,242,241,0.9958677685950413,True,241,0.9958677685950413,True
SCHEDULE_PLUS_KSEI_COVERAGE_CEILING,2024-05-13,243,242,0.9958847736625515,True,243,242,0.9958847736625515,True,242,0.9958847736625515,True
SCHEDULE_PLUS_KSEI_COVERAGE_CEILING,2024-05-14,243,242,0.9958847736625515,True,243,242,0.9958847736625515,True,242,0.9958847736625515,True
SCHEDULE_PLUS_KSEI_COVERAGE_CEILING,2024-05-15,242,241,0.9958677685950413,True,242,241,0.9958677685950413,True,241,0.9958677685950413,True
SCHEDULE_PLUS_KSEI_COVERAGE_CEILING,2024-05-16,246,245,0.9959349593495935,True,246,245,0.9959349593495935,True,245,0.9959349593495935,True
SCHEDULE_PLUS_KSEI_COVERAGE_CEILING,2024-05-17,246,245,0.9959349593495935,True,246,245,0.9959349593495935,True,245,0.9959349593495935,True
SCHEDULE_PLUS_KSEI_COVERAGE_CEILING,2024-05-20,245,244,0.9959183673469387,True,245,244,0.9959183673469387,True,244,0.9959183673469387,True
SCHEDULE_PLUS_KSEI_COVERAGE_CEILING,2024-05-21,243,242,0.9958847736625515,True,243,242,0.9958847736625515,True,242,0.9958847736625515,True
SCHEDULE_PLUS_KSEI_COVERAGE_CEILING,2024-05-22,243,242,0.9958847736625515,True,243,242,0.9958847736625515,True,242,0.9958847736625515,True
SCHEDULE_PLUS_KSEI_COVERAGE_CEILING,2024-05-27,243,242,0.9958847736625515,True,243,242,0.9958847736625515,True,242,0.9958847736625515,True
SCHEDULE_PLUS_KSEI_COVERAGE_CEILING,2024-05-28,242,241,0.9958677685950413,True,242,241,0.9958677685950413,True,241,0.9958677685950413,True
SCHEDULE_PLUS_KSEI_COVERAGE_CEILING,2024-05-29,243,242,0.9958847736625515,True,243,242,0.9958847736625515,True,242,0.9958847736625515,True
SCHEDULE_PLUS_KSEI_COVERAGE_CEILING,2024-05-30,242,241,0.9958677685950413,True,242,241,0.9958677685950413,True,241,0.9958677685950413,True
SCHEDULE_PLUS_KSEI_COVERAGE_CEILING,2024-05-31,242,241,0.9958677685950413,True,242,241,0.9958677685950413,True,241,0.9958677685950413,True
SCHEDULE_PLUS_KSEI_COVERAGE_CEILING,2024-06-03,243,242,0.9958847736625515,True,243,241,0.9917695473251029,True,241,0.9917695473251029,True
SCHEDULE_PLUS_KSEI_COVERAGE_CEILING,2024-06-04,240,239,0.9958333333333333,True,240,238,0.9916666666666667,True,238,0.9916666666666667,True
SCHEDULE_PLUS_KSEI_COVERAGE_CEILING,2024-06-05,238,237,0.9957983193277311,True,238,235,0.9873949579831933,True,235,0.9873949579831933,True
SCHEDULE_PLUS_KSEI_COVERAGE_CEILING,2024-06-06,238,237,0.9957983193277311,True,238,235,0.9873949579831933,True,235,0.9873949579831933,True
SCHEDULE_PLUS_KSEI_COVERAGE_CEILING,2024-06-07,237,236,0.9957805907172996,True,237,234,0.9873417721518988,True,234,0.9873417721518988,True
SCHEDULE_PLUS_KSEI_COVERAGE_CEILING,2024-06-10,238,236,0.9915966386554622,True,238,235,0.9873949579831933,True,235,0.9873949579831933,True
SCHEDULE_PLUS_KSEI_COVERAGE_CEILING,2024-06-11,238,236,0.9915966386554622,True,238,234,0.9831932773109243,True,234,0.9831932773109243,True
SCHEDULE_PLUS_KSEI_COVERAGE_CEILING,2024-06-12,237,234,0.9873417721518988,True,237,233,0.9831223628691983,True,233,0.9831223628691983,True
SCHEDULE_PLUS_KSEI_COVERAGE_CEILING,2024-06-13,237,234,0.9873417721518988,True,237,233,0.9831223628691983,True,233,0.9831223628691983,True
SCHEDULE_PLUS_KSEI_COVERAGE_CEILING,2024-06-14,238,236,0.9915966386554622,True,238,235,0.9873949579831933,True,235,0.9873949579831933,True
SCHEDULE_PLUS_KSEI_COVERAGE_CEILING,2024-06-19,236,234,0.9915254237288136,True,236,233,0.9872881355932204,True,233,0.9872881355932204,True
SCHEDULE_PLUS_KSEI_COVERAGE_CEILING,2024-06-20,236,234,0.9915254237288136,True,236,234,0.9915254237288136,True,234,0.9915254237288136,True
SCHEDULE_PLUS_KSEI_COVERAGE_CEILING,2024-06-21,237,235,0.9915611814345991,True,237,235,0.9915611814345991,True,235,0.9915611814345991,True
SCHEDULE_PLUS_KSEI_COVERAGE_CEILING,2024-06-24,237,235,0.9915611814345991,True,237,235,0.9915611814345991,True,235,0.9915611814345991,True
SCHEDULE_PLUS_KSEI_COVERAGE_CEILING,2024-06-25,237,235,0.9915611814345991,True,237,234,0.9873417721518988,True,234,0.9873417721518988,True
SCHEDULE_PLUS_KSEI_COVERAGE_CEILING,2024-06-26,236,235,0.9957627118644068,True,236,234,0.9915254237288136,True,234,0.9915254237288136,True
SCHEDULE_PLUS_KSEI_COVERAGE_CEILING,2024-06-27,238,237,0.9957983193277311,True,238,236,0.9915966386554622,True,236,0.9915966386554622,True
SCHEDULE_PLUS_KSEI_COVERAGE_CEILING,2024-06-28,239,238,0.99581589958159,True,239,237,0.9916317991631799,True,237,0.9916317991631799,True
SCHEDULE_PLUS_KSEI_COVERAGE_CEILING,2024-07-01,239,238,0.99581589958159,True,239,237,0.9916317991631799,True,237,0.9916317991631799,True
SCHEDULE_PLUS_KSEI_COVERAGE_CEILING,2024-07-02,241,239,0.991701244813278,True,241,239,0.991701244813278,True,239,0.991701244813278,True
SCHEDULE_PLUS_KSEI_COVERAGE_CEILING,2024-07-03,241,239,0.991701244813278,True,241,239,0.991701244813278,True,239,0.991701244813278,True
SCHEDULE_PLUS_KSEI_COVERAGE_CEILING,2024-07-04,241,239,0.991701244813278,True,241,239,0.991701244813278,True,239,0.991701244813278,True
SCHEDULE_PLUS_KSEI_COVERAGE_CEILING,2024-07-05,242,240,0.9917355371900827,True,242,240,0.9917355371900827,True,240,0.9917355371900827,True
SCHEDULE_PLUS_KSEI_COVERAGE_CEILING,2024-07-08,242,241,0.9958677685950413,True,242,241,0.9958677685950413,True,241,0.9958677685950413,True
SCHEDULE_PLUS_KSEI_COVERAGE_CEILING,2024-07-09,242,241,0.9958677685950413,True,242,241,0.9958677685950413,True,241,0.9958677685950413,True
SCHEDULE_PLUS_KSEI_COVERAGE_CEILING,2024-07-10,242,241,0.9958677685950413,True,242,241,0.9958677685950413,True,241,0.9958677685950413,True
SCHEDULE_PLUS_KSEI_COVERAGE_CEILING,2024-07-11,241,240,0.995850622406639,True,241,240,0.995850622406639,True,240,0.995850622406639,True
SCHEDULE_PLUS_KSEI_COVERAGE_CEILING,2024-07-12,241,240,0.995850622406639,True,241,240,0.995850622406639,True,240,0.995850622406639,True
SCHEDULE_PLUS_KSEI_COVERAGE_CEILING,2024-07-15,241,240,0.995850622406639,True,241,240,0.995850622406639,True,240,0.995850622406639,True
SCHEDULE_PLUS_KSEI_COVERAGE_CEILING,2024-07-16,241,240,0.995850622406639,True,241,240,0.995850622406639,True,240,0.995850622406639,True
SCHEDULE_PLUS_KSEI_COVERAGE_CEILING,2024-07-17,239,238,0.99581589958159,True,239,238,0.99581589958159,True,238,0.99581589958159,True
SCHEDULE_PLUS_KSEI_COVERAGE_CEILING,2024-07-18,240,239,0.9958333333333333,True,240,239,0.9958333333333333,True,239,0.9958333333333333,True
SCHEDULE_PLUS_KSEI_COVERAGE_CEILING,2024-07-19,240,239,0.9958333333333333,True,240,239,0.9958333333333333,True,239,0.9958333333333333,True
SCHEDULE_PLUS_KSEI_COVERAGE_CEILING,2024-07-22,236,235,0.9957627118644068,True,236,235,0.9957627118644068,True,235,0.9957627118644068,True
SCHEDULE_PLUS_KSEI_COVERAGE_CEILING,2024-07-23,236,235,0.9957627118644068,True,236,235,0.9957627118644068,True,235,0.9957627118644068,True
SCHEDULE_PLUS_KSEI_COVERAGE_CEILING,2024-07-24,236,235,0.9957627118644068,True,236,235,0.9957627118644068,True,235,0.9957627118644068,True
SCHEDULE_PLUS_KSEI_COVERAGE_CEILING,2024-07-25,237,236,0.9957805907172996,True,237,236,0.9957805907172996,True,236,0.9957805907172996,True
SCHEDULE_PLUS_KSEI_COVERAGE_CEILING,2024-07-26,238,237,0.9957983193277311,True,238,237,0.9957983193277311,True,237,0.9957983193277311,True
SCHEDULE_PLUS_KSEI_COVERAGE_CEILING,2024-07-29,239,238,0.99581589958159,True,239,238,0.99581589958159,True,238,0.99581589958159,True
SCHEDULE_PLUS_KSEI_COVERAGE_CEILING,2024-07-30,239,238,0.99581589958159,True,239,238,0.99581589958159,True,238,0.99581589958159,True
SCHEDULE_PLUS_KSEI_COVERAGE_CEILING,2024-07-31,242,241,0.9958677685950413,True,242,241,0.9958677685950413,True,241,0.9958677685950413,True
SCHEDULE_PLUS_KSEI_COVERAGE_CEILING,2024-08-01,239,238,0.99581589958159,True,239,238,0.99581589958159,True,238,0.99581589958159,True
SCHEDULE_PLUS_KSEI_COVERAGE_CEILING,2024-08-02,239,238,0.99581589958159,True,239,238,0.99581589958159,True,238,0.99581589958159,True
SCHEDULE_PLUS_KSEI_COVERAGE_CEILING,2024-08-05,241,240,0.995850622406639,True,241,240,0.995850622406639,True,240,0.995850622406639,True
SCHEDULE_PLUS_KSEI_COVERAGE_CEILING,2024-08-06,241,240,0.995850622406639,True,241,240,0.995850622406639,True,240,0.995850622406639,True
SCHEDULE_PLUS_KSEI_COVERAGE_CEILING,2024-08-07,241,240,0.995850622406639,True,241,240,0.995850622406639,True,240,0.995850622406639,True
SCHEDULE_PLUS_KSEI_COVERAGE_CEILING,2024-08-08,242,241,0.9958677685950413,True,242,241,0.9958677685950413,True,241,0.9958677685950413,True
SCHEDULE_PLUS_KSEI_COVERAGE_CEILING,2024-08-09,242,241,0.9958677685950413,True,242,241,0.9958677685950413,True,241,0.9958677685950413,True
SCHEDULE_PLUS_KSEI_COVERAGE_CEILING,2024-08-12,244,243,0.9959016393442623,True,244,243,0.9959016393442623,True,243,0.9959016393442623,True
SCHEDULE_PLUS_KSEI_COVERAGE_CEILING,2024-08-13,244,243,0.9959016393442623,True,244,243,0.9959016393442623,True,243,0.9959016393442623,True
SCHEDULE_PLUS_KSEI_COVERAGE_CEILING,2024-08-14,243,242,0.9958847736625515,True,243,242,0.9958847736625515,True,242,0.9958847736625515,True
SCHEDULE_PLUS_KSEI_COVERAGE_CEILING,2024-08-15,245,244,0.9959183673469387,True,245,244,0.9959183673469387,True,244,0.9959183673469387,True
SCHEDULE_PLUS_KSEI_COVERAGE_CEILING,2024-08-16,246,245,0.9959349593495935,True,246,245,0.9959349593495935,True,245,0.9959349593495935,True
SCHEDULE_PLUS_KSEI_COVERAGE_CEILING,2024-08-19,246,245,0.9959349593495935,True,246,245,0.9959349593495935,True,245,0.9959349593495935,True
SCHEDULE_PLUS_KSEI_COVERAGE_CEILING,2024-08-20,245,244,0.9959183673469387,True,245,244,0.9959183673469387,True,244,0.9959183673469387,True
SCHEDULE_PLUS_KSEI_COVERAGE_CEILING,2024-08-21,244,243,0.9959016393442623,True,244,243,0.9959016393442623,True,243,0.9959016393442623,True
SCHEDULE_PLUS_KSEI_COVERAGE_CEILING,2024-08-22,244,243,0.9959016393442623,True,244,243,0.9959016393442623,True,243,0.9959016393442623,True
SCHEDULE_PLUS_KSEI_COVERAGE_CEILING,2024-08-23,242,241,0.9958677685950413,True,242,241,0.9958677685950413,True,241,0.9958677685950413,True
SCHEDULE_PLUS_KSEI_COVERAGE_CEILING,2024-08-26,243,242,0.9958847736625515,True,243,242,0.9958847736625515,True,242,0.9958847736625515,True
SCHEDULE_PLUS_KSEI_COVERAGE_CEILING,2024-08-27,242,241,0.9958677685950413,True,242,241,0.9958677685950413,True,241,0.9958677685950413,True
SCHEDULE_PLUS_KSEI_COVERAGE_CEILING,2024-08-28,242,241,0.9958677685950413,True,242,241,0.9958677685950413,True,241,0.9958677685950413,True
SCHEDULE_PLUS_KSEI_COVERAGE_CEILING,2024-08-29,243,242,0.9958847736625515,True,243,242,0.9958847736625515,True,242,0.9958847736625515,True
SCHEDULE_PLUS_KSEI_COVERAGE_CEILING,2024-08-30,242,241,0.9958677685950413,True,242,241,0.9958677685950413,True,241,0.9958677685950413,True
SCHEDULE_PLUS_KSEI_COVERAGE_CEILING,2024-09-02,245,244,0.9959183673469387,True,245,244,0.9959183673469387,True,244,0.9959183673469387,True
SCHEDULE_PLUS_KSEI_COVERAGE_CEILING,2024-09-03,247,246,0.9959514170040485,True,247,246,0.9959514170040485,True,246,0.9959514170040485,True
SCHEDULE_PLUS_KSEI_COVERAGE_CEILING,2024-09-04,248,247,0.9959677419354839,True,248,247,0.9959677419354839,True,247,0.9959677419354839,True
SCHEDULE_PLUS_KSEI_COVERAGE_CEILING,2024-09-05,247,246,0.9959514170040485,True,247,246,0.9959514170040485,True,246,0.9959514170040485,True
SCHEDULE_PLUS_KSEI_COVERAGE_CEILING,2024-09-06,242,241,0.9958677685950413,True,242,241,0.9958677685950413,True,241,0.9958677685950413,True
SCHEDULE_PLUS_KSEI_COVERAGE_CEILING,2024-09-09,243,242,0.9958847736625515,True,243,242,0.9958847736625515,True,242,0.9958847736625515,True
SCHEDULE_PLUS_KSEI_COVERAGE_CEILING,2024-09-10,244,243,0.9959016393442623,True,244,243,0.9959016393442623,True,243,0.9959016393442623,True
SCHEDULE_PLUS_KSEI_COVERAGE_CEILING,2024-09-11,245,244,0.9959183673469387,True,245,244,0.9959183673469387,True,244,0.9959183673469387,True
SCHEDULE_PLUS_KSEI_COVERAGE_CEILING,2024-09-12,246,245,0.9959349593495935,True,246,245,0.9959349593495935,True,245,0.9959349593495935,True
SCHEDULE_PLUS_KSEI_COVERAGE_CEILING,2024-09-13,246,245,0.9959349593495935,True,246,245,0.9959349593495935,True,245,0.9959349593495935,True
SCHEDULE_PLUS_KSEI_COVERAGE_CEILING,2024-09-17,248,247,0.9959677419354839,True,248,247,0.9959677419354839,True,247,0.9959677419354839,True
SCHEDULE_PLUS_KSEI_COVERAGE_CEILING,2024-09-18,245,244,0.9959183673469387,True,245,244,0.9959183673469387,True,244,0.9959183673469387,True
SCHEDULE_PLUS_KSEI_COVERAGE_CEILING,2024-09-19,246,245,0.9959349593495935,True,246,245,0.9959349593495935,True,245,0.9959349593495935,True
SCHEDULE_PLUS_KSEI_COVERAGE_CEILING,2024-09-20,246,245,0.9959349593495935,True,246,245,0.9959349593495935,True,245,0.9959349593495935,True
SCHEDULE_PLUS_KSEI_COVERAGE_CEILING,2024-09-23,246,245,0.9959349593495935,True,246,245,0.9959349593495935,True,245,0.9959349593495935,True
SCHEDULE_PLUS_KSEI_COVERAGE_CEILING,2024-09-24,247,246,0.9959514170040485,True,247,246,0.9959514170040485,True,246,0.9959514170040485,True
SCHEDULE_PLUS_KSEI_COVERAGE_CEILING,2024-09-25,246,245,0.9959349593495935,True,246,245,0.9959349593495935,True,245,0.9959349593495935,True
SCHEDULE_PLUS_KSEI_COVERAGE_CEILING,2024-09-26,248,247,0.9959677419354839,True,248,247,0.9959677419354839,True,247,0.9959677419354839,True
SCHEDULE_PLUS_KSEI_COVERAGE_CEILING,2024-09-27,247,246,0.9959514170040485,True,247,246,0.9959514170040485,True,246,0.9959514170040485,True
SCHEDULE_PLUS_KSEI_COVERAGE_CEILING,2024-09-30,248,247,0.9959677419354839,True,248,247,0.9959677419354839,True,247,0.9959677419354839,True
SCHEDULE_PLUS_KSEI_COVERAGE_CEILING,2024-10-01,248,247,0.9959677419354839,True,248,247,0.9959677419354839,True,247,0.9959677419354839,True
SCHEDULE_PLUS_KSEI_COVERAGE_CEILING,2024-10-02,248,247,0.9959677419354839,True,248,247,0.9959677419354839,True,247,0.9959677419354839,True
SCHEDULE_PLUS_KSEI_COVERAGE_CEILING,2024-10-03,247,246,0.9959514170040485,True,247,246,0.9959514170040485,True,246,0.9959514170040485,True
SCHEDULE_PLUS_KSEI_COVERAGE_CEILING,2024-10-04,249,248,0.9959839357429718,True,249,248,0.9959839357429718,True,248,0.9959839357429718,True
SCHEDULE_PLUS_KSEI_COVERAGE_CEILING,2024-10-07,248,247,0.9959677419354839,True,248,247,0.9959677419354839,True,247,0.9959677419354839,True
SCHEDULE_PLUS_KSEI_COVERAGE_CEILING,2024-10-08,246,245,0.9959349593495935,True,246,245,0.9959349593495935,True,245,0.9959349593495935,True
SCHEDULE_PLUS_KSEI_COVERAGE_CEILING,2024-10-09,247,246,0.9959514170040485,True,247,246,0.9959514170040485,True,246,0.9959514170040485,True
SCHEDULE_PLUS_KSEI_COVERAGE_CEILING,2024-10-10,249,248,0.9959839357429718,True,249,248,0.9959839357429718,True,248,0.9959839357429718,True
SCHEDULE_PLUS_KSEI_COVERAGE_CEILING,2024-10-11,249,248,0.9959839357429718,True,249,248,0.9959839357429718,True,248,0.9959839357429718,True
SCHEDULE_PLUS_KSEI_COVERAGE_CEILING,2024-10-14,249,248,0.9959839357429718,True,249,248,0.9959839357429718,True,248,0.9959839357429718,True
SCHEDULE_PLUS_KSEI_COVERAGE_CEILING,2024-10-15,249,248,0.9959839357429718,True,249,248,0.9959839357429718,True,248,0.9959839357429718,True
SCHEDULE_PLUS_KSEI_COVERAGE_CEILING,2024-10-16,249,248,0.9959839357429718,True,249,248,0.9959839357429718,True,248,0.9959839357429718,True
SCHEDULE_PLUS_KSEI_COVERAGE_CEILING,2024-10-17,249,248,0.9959839357429718,True,249,248,0.9959839357429718,True,248,0.9959839357429718,True
SCHEDULE_PLUS_KSEI_COVERAGE_CEILING,2024-10-18,251,250,0.9960159362549801,True,251,250,0.9960159362549801,True,250,0.9960159362549801,True
SCHEDULE_PLUS_KSEI_COVERAGE_CEILING,2024-10-21,250,249,0.996,True,250,249,0.996,True,249,0.996,True
SCHEDULE_PLUS_KSEI_COVERAGE_CEILING,2024-10-22,250,249,0.996,True,250,249,0.996,True,249,0.996,True
SCHEDULE_PLUS_KSEI_COVERAGE_CEILING,2024-10-23,252,251,0.996031746031746,True,252,251,0.996031746031746,True,251,0.996031746031746,True
SCHEDULE_PLUS_KSEI_COVERAGE_CEILING,2024-10-24,251,250,0.9960159362549801,True,251,250,0.9960159362549801,True,250,0.9960159362549801,True
SCHEDULE_PLUS_KSEI_COVERAGE_CEILING,2024-10-25,251,250,0.9960159362549801,True,251,250,0.9960159362549801,True,250,0.9960159362549801,True
SCHEDULE_PLUS_KSEI_COVERAGE_CEILING,2024-10-28,252,251,0.996031746031746,True,252,250,0.9920634920634921,True,250,0.9920634920634921,True
SCHEDULE_PLUS_KSEI_COVERAGE_CEILING,2024-10-29,254,253,0.9960629921259843,True,254,252,0.9921259842519685,True,252,0.9921259842519685,True
SCHEDULE_PLUS_KSEI_COVERAGE_CEILING,2024-10-30,254,253,0.9960629921259843,True,254,252,0.9921259842519685,True,252,0.9921259842519685,True
SCHEDULE_PLUS_KSEI_COVERAGE_CEILING,2024-10-31,256,255,0.99609375,True,256,254,0.9921875,True,254,0.9921875,True
SCHEDULE_PLUS_KSEI_COVERAGE_CEILING,2024-11-01,257,256,0.9961089494163424,True,257,255,0.9922178988326849,True,255,0.9922178988326849,True
SCHEDULE_PLUS_KSEI_COVERAGE_CEILING,2024-11-04,259,257,0.9922779922779923,True,259,257,0.9922779922779923,True,257,0.9922779922779923,True
SCHEDULE_PLUS_KSEI_COVERAGE_CEILING,2024-11-05,261,259,0.9923371647509579,True,261,259,0.9923371647509579,True,259,0.9923371647509579,True
SCHEDULE_PLUS_KSEI_COVERAGE_CEILING,2024-11-06,262,260,0.9923664122137404,True,262,260,0.9923664122137404,True,260,0.9923664122137404,True
SCHEDULE_PLUS_KSEI_COVERAGE_CEILING,2024-11-07,263,261,0.9923954372623575,True,263,261,0.9923954372623575,True,261,0.9923954372623575,True
SCHEDULE_PLUS_KSEI_COVERAGE_CEILING,2024-11-08,264,263,0.9962121212121212,True,264,263,0.9962121212121212,True,263,0.9962121212121212,True
SCHEDULE_PLUS_KSEI_COVERAGE_CEILING,2024-11-11,264,263,0.9962121212121212,True,264,263,0.9962121212121212,True,263,0.9962121212121212,True
SCHEDULE_PLUS_KSEI_COVERAGE_CEILING,2024-11-12,264,263,0.9962121212121212,True,264,263,0.9962121212121212,True,263,0.9962121212121212,True
SCHEDULE_PLUS_KSEI_COVERAGE_CEILING,2024-11-13,261,260,0.9961685823754789,True,261,260,0.9961685823754789,True,260,0.9961685823754789,True
SCHEDULE_PLUS_KSEI_COVERAGE_CEILING,2024-11-14,260,259,0.9961538461538462,True,260,259,0.9961538461538462,True,259,0.9961538461538462,True
SCHEDULE_PLUS_KSEI_COVERAGE_CEILING,2024-11-15,257,256,0.9961089494163424,True,257,256,0.9961089494163424,True,256,0.9961089494163424,True
SCHEDULE_PLUS_KSEI_COVERAGE_CEILING,2024-11-18,257,256,0.9961089494163424,True,257,256,0.9961089494163424,True,256,0.9961089494163424,True
SCHEDULE_PLUS_KSEI_COVERAGE_CEILING,2024-11-19,258,257,0.9961240310077519,True,258,257,0.9961240310077519,True,257,0.9961240310077519,True
SCHEDULE_PLUS_KSEI_COVERAGE_CEILING,2024-11-20,255,254,0.996078431372549,True,255,254,0.996078431372549,True,254,0.996078431372549,True
SCHEDULE_PLUS_KSEI_COVERAGE_CEILING,2024-11-21,256,255,0.99609375,True,256,255,0.99609375,True,255,0.99609375,True
SCHEDULE_PLUS_KSEI_COVERAGE_CEILING,2024-11-22,252,251,0.996031746031746,True,252,251,0.996031746031746,True,251,0.996031746031746,True
SCHEDULE_PLUS_KSEI_COVERAGE_CEILING,2024-11-25,252,251,0.996031746031746,True,252,251,0.996031746031746,True,251,0.996031746031746,True
SCHEDULE_PLUS_KSEI_COVERAGE_CEILING,2024-11-26,252,251,0.996031746031746,True,252,251,0.996031746031746,True,251,0.996031746031746,True
SCHEDULE_PLUS_KSEI_COVERAGE_CEILING,2024-11-28,252,251,0.996031746031746,True,252,251,0.996031746031746,True,251,0.996031746031746,True
SCHEDULE_PLUS_KSEI_COVERAGE_CEILING,2024-11-29,252,251,0.996031746031746,True,252,251,0.996031746031746,True,251,0.996031746031746,True
SCHEDULE_PLUS_KSEI_COVERAGE_CEILING,2024-12-02,251,250,0.9960159362549801,True,251,250,0.9960159362549801,True,250,0.9960159362549801,True
SCHEDULE_PLUS_KSEI_COVERAGE_CEILING,2024-12-03,249,248,0.9959839357429718,True,249,248,0.9959839357429718,True,248,0.9959839357429718,True
SCHEDULE_PLUS_KSEI_COVERAGE_CEILING,2024-12-04,252,251,0.996031746031746,True,252,251,0.996031746031746,True,251,0.996031746031746,True
SCHEDULE_PLUS_KSEI_COVERAGE_CEILING,2024-12-05,252,251,0.996031746031746,True,252,251,0.996031746031746,True,251,0.996031746031746,True
SCHEDULE_PLUS_KSEI_COVERAGE_CEILING,2024-12-06,251,250,0.9960159362549801,True,251,250,0.9960159362549801,True,250,0.9960159362549801,True
SCHEDULE_PLUS_KSEI_COVERAGE_CEILING,2024-12-09,250,249,0.996,True,250,249,0.996,True,249,0.996,True
SCHEDULE_PLUS_KSEI_COVERAGE_CEILING,2024-12-10,252,251,0.996031746031746,True,252,251,0.996031746031746,True,251,0.996031746031746,True
SCHEDULE_PLUS_KSEI_COVERAGE_CEILING,2024-12-11,255,254,0.996078431372549,True,255,254,0.996078431372549,True,254,0.996078431372549,True
SCHEDULE_PLUS_KSEI_COVERAGE_CEILING,2024-12-12,257,256,0.9961089494163424,True,257,256,0.9961089494163424,True,256,0.9961089494163424,True
SCHEDULE_PLUS_KSEI_COVERAGE_CEILING,2024-12-13,256,255,0.99609375,True,256,254,0.9921875,True,254,0.9921875,True
SCHEDULE_PLUS_KSEI_COVERAGE_CEILING,2024-12-16,256,255,0.99609375,True,256,254,0.9921875,True,254,0.9921875,True
SCHEDULE_PLUS_KSEI_COVERAGE_CEILING,2024-12-17,254,253,0.9960629921259843,True,254,252,0.9921259842519685,True,252,0.9921259842519685,True
SCHEDULE_PLUS_KSEI_COVERAGE_CEILING,2024-12-18,255,254,0.996078431372549,True,255,253,0.9921568627450981,True,253,0.9921568627450981,True
SCHEDULE_PLUS_KSEI_COVERAGE_CEILING,2024-12-19,254,253,0.9960629921259843,True,254,252,0.9921259842519685,True,252,0.9921259842519685,True
SCHEDULE_PLUS_KSEI_COVERAGE_CEILING,2024-12-20,253,251,0.9920948616600791,True,253,251,0.9920948616600791,True,251,0.9920948616600791,True
SCHEDULE_PLUS_KSEI_COVERAGE_CEILING,2024-12-23,249,247,0.9919678714859438,True,249,247,0.9919678714859438,True,247,0.9919678714859438,True
SCHEDULE_PLUS_KSEI_COVERAGE_CEILING,2024-12-24,252,250,0.9920634920634921,True,252,250,0.9920634920634921,True,250,0.9920634920634921,True
SCHEDULE_PLUS_KSEI_COVERAGE_CEILING,2024-12-27,251,249,0.9920318725099602,True,251,249,0.9920318725099602,True,249,0.9920318725099602,True
SCHEDULE_PLUS_KSEI_COVERAGE_CEILING,2024-12-30,248,247,0.9959677419354839,True,248,247,0.9959677419354839,True,247,0.9959677419354839,True
SCHEDULE_PLUS_KSEI_COVERAGE_CEILING,2025-01-02,250,249,0.996,True,250,249,0.996,True,249,0.996,True
SCHEDULE_PLUS_KSEI_COVERAGE_CEILING,2025-01-03,250,249,0.996,True,250,249,0.996,True,249,0.996,True
SCHEDULE_PLUS_KSEI_COVERAGE_CEILING,2025-01-06,248,247,0.9959677419354839,True,248,247,0.9959677419354839,True,247,0.9959677419354839,True
SCHEDULE_PLUS_KSEI_COVERAGE_CEILING,2025-01-07,250,249,0.996,True,250,249,0.996,True,249,0.996,True
SCHEDULE_PLUS_KSEI_COVERAGE_CEILING,2025-01-08,250,249,0.996,True,250,249,0.996,True,249,0.996,True
SCHEDULE_PLUS_KSEI_COVERAGE_CEILING,2025-01-09,246,245,0.9959349593495935,True,246,245,0.9959349593495935,True,245,0.9959349593495935,True
SCHEDULE_PLUS_KSEI_COVERAGE_CEILING,2025-01-10,244,243,0.9959016393442623,True,244,243,0.9959016393442623,True,243,0.9959016393442623,True
SCHEDULE_PLUS_KSEI_COVERAGE_CEILING,2025-01-13,242,241,0.9958677685950413,True,242,241,0.9958677685950413,True,241,0.9958677685950413,True
SCHEDULE_PLUS_KSEI_COVERAGE_CEILING,2025-01-14,240,239,0.9958333333333333,True,240,239,0.9958333333333333,True,239,0.9958333333333333,True
SCHEDULE_PLUS_KSEI_COVERAGE_CEILING,2025-01-15,240,239,0.9958333333333333,True,240,239,0.9958333333333333,True,239,0.9958333333333333,True
SCHEDULE_PLUS_KSEI_COVERAGE_CEILING,2025-01-16,240,239,0.9958333333333333,True,240,239,0.9958333333333333,True,239,0.9958333333333333,True
SCHEDULE_PLUS_KSEI_COVERAGE_CEILING,2025-01-17,239,238,0.99581589958159,True,239,238,0.99581589958159,True,238,0.99581589958159,True
SCHEDULE_PLUS_KSEI_COVERAGE_CEILING,2025-01-20,238,237,0.9957983193277311,True,238,237,0.9957983193277311,True,237,0.9957983193277311,True
SCHEDULE_PLUS_KSEI_COVERAGE_CEILING,2025-01-21,240,239,0.9958333333333333,True,240,239,0.9958333333333333,True,239,0.9958333333333333,True
SCHEDULE_PLUS_KSEI_COVERAGE_CEILING,2025-01-22,240,239,0.9958333333333333,True,240,239,0.9958333333333333,True,239,0.9958333333333333,True
SCHEDULE_PLUS_KSEI_COVERAGE_CEILING,2025-01-23,240,239,0.9958333333333333,True,240,239,0.9958333333333333,True,239,0.9958333333333333,True
SCHEDULE_PLUS_KSEI_COVERAGE_CEILING,2025-01-24,240,239,0.9958333333333333,True,240,239,0.9958333333333333,True,239,0.9958333333333333,True
SCHEDULE_PLUS_KSEI_COVERAGE_CEILING,2025-01-30,240,239,0.9958333333333333,True,240,239,0.9958333333333333,True,239,0.9958333333333333,True
SCHEDULE_PLUS_KSEI_COVERAGE_CEILING,2025-01-31,235,234,0.9957446808510638,True,235,234,0.9957446808510638,True,234,0.9957446808510638,True
SCHEDULE_PLUS_KSEI_COVERAGE_CEILING,2025-02-03,236,235,0.9957627118644068,True,236,235,0.9957627118644068,True,235,0.9957627118644068,True
SCHEDULE_PLUS_KSEI_COVERAGE_CEILING,2025-02-04,230,229,0.9956521739130435,True,230,229,0.9956521739130435,True,229,0.9956521739130435,True
SCHEDULE_PLUS_KSEI_COVERAGE_CEILING,2025-02-05,229,228,0.9956331877729258,True,229,228,0.9956331877729258,True,228,0.9956331877729258,True
SCHEDULE_PLUS_KSEI_COVERAGE_CEILING,2025-02-06,231,230,0.9956709956709957,True,231,230,0.9956709956709957,True,230,0.9956709956709957,True
SCHEDULE_PLUS_KSEI_COVERAGE_CEILING,2025-02-07,234,233,0.9957264957264957,True,234,233,0.9957264957264957,True,233,0.9957264957264957,True
SCHEDULE_PLUS_KSEI_COVERAGE_CEILING,2025-02-10,235,234,0.9957446808510638,True,235,234,0.9957446808510638,True,234,0.9957446808510638,True
SCHEDULE_PLUS_KSEI_COVERAGE_CEILING,2025-02-11,236,235,0.9957627118644068,True,236,235,0.9957627118644068,True,235,0.9957627118644068,True
SCHEDULE_PLUS_KSEI_COVERAGE_CEILING,2025-02-12,235,234,0.9957446808510638,True,235,234,0.9957446808510638,True,234,0.9957446808510638,True
SCHEDULE_PLUS_KSEI_COVERAGE_CEILING,2025-02-13,238,237,0.9957983193277311,True,238,237,0.9957983193277311,True,237,0.9957983193277311,True
SCHEDULE_PLUS_KSEI_COVERAGE_CEILING,2025-02-14,237,236,0.9957805907172996,True,237,236,0.9957805907172996,True,236,0.9957805907172996,True
SCHEDULE_PLUS_KSEI_COVERAGE_CEILING,2025-02-17,232,231,0.9956896551724138,True,232,231,0.9956896551724138,True,231,0.9956896551724138,True
SCHEDULE_PLUS_KSEI_COVERAGE_CEILING,2025-02-18,234,233,0.9957264957264957,True,234,233,0.9957264957264957,True,233,0.9957264957264957,True
SCHEDULE_PLUS_KSEI_COVERAGE_CEILING,2025-02-19,234,233,0.9957264957264957,True,234,233,0.9957264957264957,True,233,0.9957264957264957,True
SCHEDULE_PLUS_KSEI_COVERAGE_CEILING,2025-02-20,234,233,0.9957264957264957,True,234,233,0.9957264957264957,True,233,0.9957264957264957,True
SCHEDULE_PLUS_KSEI_COVERAGE_CEILING,2025-02-21,233,232,0.9957081545064378,True,233,232,0.9957081545064378,True,232,0.9957081545064378,True
SCHEDULE_PLUS_KSEI_COVERAGE_CEILING,2025-02-24,233,232,0.9957081545064378,True,233,232,0.9957081545064378,True,232,0.9957081545064378,True
SCHEDULE_PLUS_KSEI_COVERAGE_CEILING,2025-02-25,230,229,0.9956521739130435,True,230,229,0.9956521739130435,True,229,0.9956521739130435,True
SCHEDULE_PLUS_KSEI_COVERAGE_CEILING,2025-02-26,232,231,0.9956896551724138,True,232,231,0.9956896551724138,True,231,0.9956896551724138,True
SCHEDULE_PLUS_KSEI_COVERAGE_CEILING,2025-02-27,230,229,0.9956521739130435,True,230,229,0.9956521739130435,True,229,0.9956521739130435,True
SCHEDULE_PLUS_KSEI_COVERAGE_CEILING,2025-02-28,231,230,0.9956709956709957,True,231,230,0.9956709956709957,True,230,0.9956709956709957,True
SCHEDULE_PLUS_KSEI_COVERAGE_CEILING,2025-03-03,234,233,0.9957264957264957,True,234,233,0.9957264957264957,True,233,0.9957264957264957,True
SCHEDULE_PLUS_KSEI_COVERAGE_CEILING,2025-03-04,233,232,0.9957081545064378,True,233,232,0.9957081545064378,True,232,0.9957081545064378,True
SCHEDULE_PLUS_KSEI_COVERAGE_CEILING,2025-03-05,236,235,0.9957627118644068,True,236,235,0.9957627118644068,True,235,0.9957627118644068,True
SCHEDULE_PLUS_KSEI_COVERAGE_CEILING,2025-03-06,236,235,0.9957627118644068,True,236,235,0.9957627118644068,True,235,0.9957627118644068,True
SCHEDULE_PLUS_KSEI_COVERAGE_CEILING,2025-03-07,236,235,0.9957627118644068,True,236,235,0.9957627118644068,True,235,0.9957627118644068,True
SCHEDULE_PLUS_KSEI_COVERAGE_CEILING,2025-03-10,234,233,0.9957264957264957,True,234,233,0.9957264957264957,True,233,0.9957264957264957,True
SCHEDULE_PLUS_KSEI_COVERAGE_CEILING,2025-03-11,235,234,0.9957446808510638,True,235,234,0.9957446808510638,True,234,0.9957446808510638,True
SCHEDULE_PLUS_KSEI_COVERAGE_CEILING,2025-03-12,235,234,0.9957446808510638,True,235,234,0.9957446808510638,True,234,0.9957446808510638,True
SCHEDULE_PLUS_KSEI_COVERAGE_CEILING,2025-03-13,235,234,0.9957446808510638,True,235,234,0.9957446808510638,True,234,0.9957446808510638,True
SCHEDULE_PLUS_KSEI_COVERAGE_CEILING,2025-03-14,234,233,0.9957264957264957,True,234,233,0.9957264957264957,True,233,0.9957264957264957,True
SCHEDULE_PLUS_KSEI_COVERAGE_CEILING,2025-03-17,234,233,0.9957264957264957,True,234,233,0.9957264957264957,True,233,0.9957264957264957,True
SCHEDULE_PLUS_KSEI_COVERAGE_CEILING,2025-03-18,234,233,0.9957264957264957,True,234,233,0.9957264957264957,True,233,0.9957264957264957,True
SCHEDULE_PLUS_KSEI_COVERAGE_CEILING,2025-03-19,234,233,0.9957264957264957,True,234,233,0.9957264957264957,True,233,0.9957264957264957,True
SCHEDULE_PLUS_KSEI_COVERAGE_CEILING,2025-03-20,234,233,0.9957264957264957,True,234,233,0.9957264957264957,True,233,0.9957264957264957,True
SCHEDULE_PLUS_KSEI_COVERAGE_CEILING,2025-03-21,233,232,0.9957081545064378,True,233,232,0.9957081545064378,True,232,0.9957081545064378,True
SCHEDULE_PLUS_KSEI_COVERAGE_CEILING,2025-03-24,231,230,0.9956709956709957,True,231,230,0.9956709956709957,True,230,0.9956709956709957,True
SCHEDULE_PLUS_KSEI_COVERAGE_CEILING,2025-03-25,234,233,0.9957264957264957,True,234,233,0.9957264957264957,True,233,0.9957264957264957,True
SCHEDULE_PLUS_KSEI_COVERAGE_CEILING,2025-03-26,232,231,0.9956896551724138,True,232,231,0.9956896551724138,True,231,0.9956896551724138,True
SCHEDULE_PLUS_KSEI_COVERAGE_CEILING,2025-03-27,232,231,0.9956896551724138,True,232,231,0.9956896551724138,True,231,0.9956896551724138,True
SCHEDULE_PLUS_KSEI_COVERAGE_CEILING,2025-04-08,229,228,0.9956331877729258,True,229,228,0.9956331877729258,True,228,0.9956331877729258,True
SCHEDULE_PLUS_KSEI_COVERAGE_CEILING,2025-04-09,228,227,0.9956140350877193,True,228,227,0.9956140350877193,True,227,0.9956140350877193,True
SCHEDULE_PLUS_KSEI_COVERAGE_CEILING,2025-04-10,228,227,0.9956140350877193,True,228,227,0.9956140350877193,True,227,0.9956140350877193,True
SCHEDULE_PLUS_KSEI_COVERAGE_CEILING,2025-04-11,229,228,0.9956331877729258,True,229,228,0.9956331877729258,True,228,0.9956331877729258,True
SCHEDULE_PLUS_KSEI_COVERAGE_CEILING,2025-04-14,229,228,0.9956331877729258,True,229,228,0.9956331877729258,True,228,0.9956331877729258,True
SCHEDULE_PLUS_KSEI_COVERAGE_CEILING,2025-04-15,230,229,0.9956521739130435,True,230,229,0.9956521739130435,True,229,0.9956521739130435,True
SCHEDULE_PLUS_KSEI_COVERAGE_CEILING,2025-04-16,231,230,0.9956709956709957,True,231,230,0.9956709956709957,True,230,0.9956709956709957,True
SCHEDULE_PLUS_KSEI_COVERAGE_CEILING,2025-04-17,229,228,0.9956331877729258,True,229,228,0.9956331877729258,True,228,0.9956331877729258,True
SCHEDULE_PLUS_KSEI_COVERAGE_CEILING,2025-04-21,228,227,0.9956140350877193,True,228,227,0.9956140350877193,True,227,0.9956140350877193,True
SCHEDULE_PLUS_KSEI_COVERAGE_CEILING,2025-04-22,228,227,0.9956140350877193,True,228,227,0.9956140350877193,True,227,0.9956140350877193,True
SCHEDULE_PLUS_KSEI_COVERAGE_CEILING,2025-04-23,226,225,0.995575221238938,True,226,225,0.995575221238938,True,225,0.995575221238938,True
SCHEDULE_PLUS_KSEI_COVERAGE_CEILING,2025-04-24,226,225,0.995575221238938,True,226,225,0.995575221238938,True,225,0.995575221238938,True
SCHEDULE_PLUS_KSEI_COVERAGE_CEILING,2025-04-25,227,226,0.9955947136563876,True,227,226,0.9955947136563876,True,226,0.9955947136563876,True
SCHEDULE_PLUS_KSEI_COVERAGE_CEILING,2025-04-28,225,224,0.9955555555555555,True,225,224,0.9955555555555555,True,224,0.9955555555555555,True
SCHEDULE_PLUS_KSEI_COVERAGE_CEILING,2025-04-29,224,223,0.9955357142857143,True,224,223,0.9955357142857143,True,223,0.9955357142857143,True
SCHEDULE_PLUS_KSEI_COVERAGE_CEILING,2025-04-30,222,221,0.9954954954954955,True,222,221,0.9954954954954955,True,221,0.9954954954954955,True
SCHEDULE_PLUS_KSEI_COVERAGE_CEILING,2025-05-02,226,225,0.995575221238938,True,226,225,0.995575221238938,True,225,0.995575221238938,True
SCHEDULE_PLUS_KSEI_COVERAGE_CEILING,2025-05-05,225,224,0.9955555555555555,True,225,224,0.9955555555555555,True,224,0.9955555555555555,True
SCHEDULE_PLUS_KSEI_COVERAGE_CEILING,2025-05-06,226,225,0.995575221238938,True,226,225,0.995575221238938,True,225,0.995575221238938,True
SCHEDULE_PLUS_KSEI_COVERAGE_CEILING,2025-05-07,225,224,0.9955555555555555,True,225,224,0.9955555555555555,True,224,0.9955555555555555,True
SCHEDULE_PLUS_KSEI_COVERAGE_CEILING,2025-05-08,226,225,0.995575221238938,True,226,225,0.995575221238938,True,225,0.995575221238938,True
SCHEDULE_PLUS_KSEI_COVERAGE_CEILING,2025-05-09,224,223,0.9955357142857143,True,224,223,0.9955357142857143,True,223,0.9955357142857143,True
SCHEDULE_PLUS_KSEI_COVERAGE_CEILING,2025-05-14,223,222,0.9955156950672646,True,223,222,0.9955156950672646,True,222,0.9955156950672646,True
SCHEDULE_PLUS_KSEI_COVERAGE_CEILING,2025-05-15,227,226,0.9955947136563876,True,227,226,0.9955947136563876,True,226,0.9955947136563876,True
SCHEDULE_PLUS_KSEI_COVERAGE_CEILING,2025-05-16,227,226,0.9955947136563876,True,227,226,0.9955947136563876,True,226,0.9955947136563876,True
SCHEDULE_PLUS_KSEI_COVERAGE_CEILING,2025-05-19,228,227,0.9956140350877193,True,228,226,0.9912280701754386,True,226,0.9912280701754386,True
SCHEDULE_PLUS_KSEI_COVERAGE_CEILING,2025-05-20,227,225,0.9911894273127754,True,227,225,0.9911894273127754,True,225,0.9911894273127754,True
SCHEDULE_PLUS_KSEI_COVERAGE_CEILING,2025-05-21,228,226,0.9912280701754386,True,228,224,0.9824561403508771,True,224,0.9824561403508771,True
SCHEDULE_PLUS_KSEI_COVERAGE_CEILING,2025-05-22,229,227,0.9912663755458515,True,229,225,0.982532751091703,True,225,0.982532751091703,True
SCHEDULE_PLUS_KSEI_COVERAGE_CEILING,2025-05-23,229,227,0.9912663755458515,True,229,225,0.982532751091703,True,225,0.982532751091703,True
SCHEDULE_PLUS_KSEI_COVERAGE_CEILING,2025-05-26,230,229,0.9956521739130435,True,230,227,0.9869565217391304,True,227,0.9869565217391304,True
SCHEDULE_PLUS_KSEI_COVERAGE_CEILING,2025-05-27,233,232,0.9957081545064378,True,233,230,0.9871244635193133,True,230,0.9871244635193133,True
SCHEDULE_PLUS_KSEI_COVERAGE_CEILING,2025-05-28,235,232,0.9872340425531915,True,235,232,0.9872340425531915,True,232,0.9872340425531915,True
SCHEDULE_PLUS_KSEI_COVERAGE_CEILING,2025-06-02,236,233,0.9872881355932204,True,236,233,0.9872881355932204,True,233,0.9872881355932204,True
SCHEDULE_PLUS_KSEI_COVERAGE_CEILING,2025-06-03,235,232,0.9872340425531915,True,235,232,0.9872340425531915,True,232,0.9872340425531915,True
SCHEDULE_PLUS_KSEI_COVERAGE_CEILING,2025-06-04,235,232,0.9872340425531915,True,235,232,0.9872340425531915,True,232,0.9872340425531915,True
SCHEDULE_PLUS_KSEI_COVERAGE_CEILING,2025-06-05,237,236,0.9957805907172996,True,237,236,0.9957805907172996,True,236,0.9957805907172996,True
SCHEDULE_PLUS_KSEI_COVERAGE_CEILING,2025-06-10,238,237,0.9957983193277311,True,238,237,0.9957983193277311,True,237,0.9957983193277311,True
SCHEDULE_PLUS_KSEI_COVERAGE_CEILING,2025-06-11,238,237,0.9957983193277311,True,238,237,0.9957983193277311,True,237,0.9957983193277311,True
SCHEDULE_PLUS_KSEI_COVERAGE_CEILING,2025-06-12,238,237,0.9957983193277311,True,238,237,0.9957983193277311,True,237,0.9957983193277311,True
SCHEDULE_PLUS_KSEI_COVERAGE_CEILING,2025-06-13,241,240,0.995850622406639,True,241,240,0.995850622406639,True,240,0.995850622406639,True
SCHEDULE_PLUS_KSEI_COVERAGE_CEILING,2025-06-16,241,240,0.995850622406639,True,241,240,0.995850622406639,True,240,0.995850622406639,True
SCHEDULE_PLUS_KSEI_COVERAGE_CEILING,2025-06-17,240,239,0.9958333333333333,True,240,238,0.9916666666666667,True,238,0.9916666666666667,True
SCHEDULE_PLUS_KSEI_COVERAGE_CEILING,2025-06-18,239,238,0.99581589958159,True,239,237,0.9916317991631799,True,237,0.9916317991631799,True
SCHEDULE_PLUS_KSEI_COVERAGE_CEILING,2025-06-19,240,239,0.9958333333333333,True,240,238,0.9916666666666667,True,238,0.9916666666666667,True
SCHEDULE_PLUS_KSEI_COVERAGE_CEILING,2025-06-20,239,238,0.99581589958159,True,239,236,0.9874476987447699,True,236,0.9874476987447699,True
SCHEDULE_PLUS_KSEI_COVERAGE_CEILING,2025-06-23,239,238,0.99581589958159,True,239,236,0.9874476987447699,True,236,0.9874476987447699,True
SCHEDULE_PLUS_KSEI_COVERAGE_CEILING,2025-06-24,241,239,0.991701244813278,True,241,236,0.979253112033195,True,236,0.979253112033195,True
SCHEDULE_PLUS_KSEI_COVERAGE_CEILING,2025-06-25,243,241,0.9917695473251029,True,243,238,0.9794238683127572,True,238,0.9794238683127572,True
SCHEDULE_PLUS_KSEI_COVERAGE_CEILING,2025-06-26,244,242,0.9918032786885246,True,244,239,0.9795081967213115,True,239,0.9795081967213115,True
SCHEDULE_PLUS_KSEI_COVERAGE_CEILING,2025-06-30,244,241,0.9877049180327869,True,244,239,0.9795081967213115,True,239,0.9795081967213115,True
SCHEDULE_PLUS_KSEI_COVERAGE_CEILING,2025-07-01,242,240,0.9917355371900827,True,242,238,0.9834710743801653,True,238,0.9834710743801653,True
SCHEDULE_PLUS_KSEI_COVERAGE_CEILING,2025-07-02,241,237,0.983402489626556,True,241,237,0.983402489626556,True,237,0.983402489626556,True
SCHEDULE_PLUS_KSEI_COVERAGE_CEILING,2025-07-03,242,238,0.9834710743801653,True,242,238,0.9834710743801653,True,238,0.9834710743801653,True
SCHEDULE_PLUS_KSEI_COVERAGE_CEILING,2025-07-04,244,241,0.9877049180327869,True,244,241,0.9877049180327869,True,241,0.9877049180327869,True
SCHEDULE_PLUS_KSEI_COVERAGE_CEILING,2025-07-07,242,239,0.987603305785124,True,242,239,0.987603305785124,True,239,0.987603305785124,True
SCHEDULE_PLUS_KSEI_COVERAGE_CEILING,2025-07-08,242,241,0.9958677685950413,True,242,241,0.9958677685950413,True,241,0.9958677685950413,True
SCHEDULE_PLUS_KSEI_COVERAGE_CEILING,2025-07-09,241,240,0.995850622406639,True,241,240,0.995850622406639,True,240,0.995850622406639,True
SCHEDULE_PLUS_KSEI_COVERAGE_CEILING,2025-07-10,242,241,0.9958677685950413,True,242,241,0.9958677685950413,True,241,0.9958677685950413,True
SCHEDULE_PLUS_KSEI_COVERAGE_CEILING,2025-07-11,242,241,0.9958677685950413,True,242,241,0.9958677685950413,True,241,0.9958677685950413,True
SCHEDULE_PLUS_KSEI_COVERAGE_CEILING,2025-07-14,242,241,0.9958677685950413,True,242,241,0.9958677685950413,True,241,0.9958677685950413,True
SCHEDULE_PLUS_KSEI_COVERAGE_CEILING,2025-07-15,244,243,0.9959016393442623,True,244,243,0.9959016393442623,True,243,0.9959016393442623,True
SCHEDULE_PLUS_KSEI_COVERAGE_CEILING,2025-07-16,245,244,0.9959183673469387,True,245,244,0.9959183673469387,True,244,0.9959183673469387,True
SCHEDULE_PLUS_KSEI_COVERAGE_CEILING,2025-07-17,247,246,0.9959514170040485,True,247,246,0.9959514170040485,True,246,0.9959514170040485,True
SCHEDULE_PLUS_KSEI_COVERAGE_CEILING,2025-07-18,248,247,0.9959677419354839,True,248,247,0.9959677419354839,True,247,0.9959677419354839,True
SCHEDULE_PLUS_KSEI_COVERAGE_CEILING,2025-07-21,250,249,0.996,True,250,249,0.996,True,249,0.996,True
SCHEDULE_PLUS_KSEI_COVERAGE_CEILING,2025-07-22,250,249,0.996,True,250,249,0.996,True,249,0.996,True
SCHEDULE_PLUS_KSEI_COVERAGE_CEILING,2025-07-23,250,249,0.996,True,250,249,0.996,True,249,0.996,True
SCHEDULE_PLUS_KSEI_COVERAGE_CEILING,2025-07-24,249,248,0.9959839357429718,True,249,248,0.9959839357429718,True,248,0.9959839357429718,True
SCHEDULE_PLUS_KSEI_COVERAGE_CEILING,2025-07-25,251,250,0.9960159362549801,True,251,250,0.9960159362549801,True,250,0.9960159362549801,True
SCHEDULE_PLUS_KSEI_COVERAGE_CEILING,2025-07-28,252,251,0.996031746031746,True,252,251,0.996031746031746,True,251,0.996031746031746,True
SCHEDULE_PLUS_KSEI_COVERAGE_CEILING,2025-07-29,255,254,0.996078431372549,True,255,254,0.996078431372549,True,254,0.996078431372549,True
SCHEDULE_PLUS_KSEI_COVERAGE_CEILING,2025-07-30,256,255,0.99609375,True,256,255,0.99609375,True,255,0.99609375,True
SCHEDULE_PLUS_KSEI_COVERAGE_CEILING,2025-07-31,256,255,0.99609375,True,256,255,0.99609375,True,255,0.99609375,True
SCHEDULE_PLUS_KSEI_COVERAGE_CEILING,2025-08-01,256,255,0.99609375,True,256,255,0.99609375,True,255,0.99609375,True
SCHEDULE_PLUS_KSEI_COVERAGE_CEILING,2025-08-04,258,257,0.9961240310077519,True,258,257,0.9961240310077519,True,257,0.9961240310077519,True
SCHEDULE_PLUS_KSEI_COVERAGE_CEILING,2025-08-05,259,258,0.9961389961389961,True,259,258,0.9961389961389961,True,258,0.9961389961389961,True
SCHEDULE_PLUS_KSEI_COVERAGE_CEILING,2025-08-06,261,260,0.9961685823754789,True,261,260,0.9961685823754789,True,260,0.9961685823754789,True
SCHEDULE_PLUS_KSEI_COVERAGE_CEILING,2025-08-07,262,261,0.9961832061068703,True,262,261,0.9961832061068703,True,261,0.9961832061068703,True
SCHEDULE_PLUS_KSEI_COVERAGE_CEILING,2025-08-08,267,266,0.9962546816479401,True,267,266,0.9962546816479401,True,266,0.9962546816479401,True
SCHEDULE_PLUS_KSEI_COVERAGE_CEILING,2025-08-11,266,265,0.9962406015037594,True,266,265,0.9962406015037594,True,265,0.9962406015037594,True
SCHEDULE_PLUS_KSEI_COVERAGE_CEILING,2025-08-12,266,265,0.9962406015037594,True,266,265,0.9962406015037594,True,265,0.9962406015037594,True
SCHEDULE_PLUS_KSEI_COVERAGE_CEILING,2025-08-13,267,266,0.9962546816479401,True,267,266,0.9962546816479401,True,266,0.9962546816479401,True
SCHEDULE_PLUS_KSEI_COVERAGE_CEILING,2025-08-14,266,265,0.9962406015037594,True,266,265,0.9962406015037594,True,265,0.9962406015037594,True
SCHEDULE_PLUS_KSEI_COVERAGE_CEILING,2025-08-15,268,267,0.996268656716418,True,268,267,0.996268656716418,True,267,0.996268656716418,True
SCHEDULE_PLUS_KSEI_COVERAGE_CEILING,2025-08-19,267,266,0.9962546816479401,True,267,266,0.9962546816479401,True,266,0.9962546816479401,True
SCHEDULE_PLUS_KSEI_COVERAGE_CEILING,2025-08-20,268,267,0.996268656716418,True,268,267,0.996268656716418,True,267,0.996268656716418,True
SCHEDULE_PLUS_KSEI_COVERAGE_CEILING,2025-08-21,266,265,0.9962406015037594,True,266,265,0.9962406015037594,True,265,0.9962406015037594,True
SCHEDULE_PLUS_KSEI_COVERAGE_CEILING,2025-08-22,268,267,0.996268656716418,True,268,267,0.996268656716418,True,267,0.996268656716418,True
SCHEDULE_PLUS_KSEI_COVERAGE_CEILING,2025-08-25,269,268,0.9962825278810409,True,269,268,0.9962825278810409,True,268,0.9962825278810409,True
SCHEDULE_PLUS_KSEI_COVERAGE_CEILING,2025-08-26,269,268,0.9962825278810409,True,269,268,0.9962825278810409,True,268,0.9962825278810409,True
SCHEDULE_PLUS_KSEI_COVERAGE_CEILING,2025-08-27,273,272,0.9963369963369964,True,273,272,0.9963369963369964,True,272,0.9963369963369964,True
SCHEDULE_PLUS_KSEI_COVERAGE_CEILING,2025-08-28,273,272,0.9963369963369964,True,273,272,0.9963369963369964,True,272,0.9963369963369964,True
SCHEDULE_PLUS_KSEI_COVERAGE_CEILING,2025-08-29,271,270,0.996309963099631,True,271,270,0.996309963099631,True,270,0.996309963099631,True
SCHEDULE_PLUS_KSEI_COVERAGE_CEILING,2025-09-01,275,274,0.9963636363636363,True,275,274,0.9963636363636363,True,274,0.9963636363636363,True
SCHEDULE_PLUS_KSEI_COVERAGE_CEILING,2025-09-02,276,275,0.9963768115942029,True,276,275,0.9963768115942029,True,275,0.9963768115942029,True
SCHEDULE_PLUS_KSEI_COVERAGE_CEILING,2025-09-03,278,277,0.9964028776978417,True,278,277,0.9964028776978417,True,277,0.9964028776978417,True
SCHEDULE_PLUS_KSEI_COVERAGE_CEILING,2025-09-04,279,278,0.996415770609319,True,279,278,0.996415770609319,True,278,0.996415770609319,True
SCHEDULE_PLUS_KSEI_COVERAGE_CEILING,2025-09-08,281,280,0.99644128113879,True,281,280,0.99644128113879,True,280,0.99644128113879,True
SCHEDULE_PLUS_KSEI_COVERAGE_CEILING,2025-09-09,282,281,0.9964539007092199,True,282,281,0.9964539007092199,True,281,0.9964539007092199,True
SCHEDULE_PLUS_KSEI_COVERAGE_CEILING,2025-09-10,283,282,0.9964664310954063,True,283,282,0.9964664310954063,True,282,0.9964664310954063,True
SCHEDULE_PLUS_KSEI_COVERAGE_CEILING,2025-09-11,287,286,0.9965156794425087,True,287,286,0.9965156794425087,True,286,0.9965156794425087,True
SCHEDULE_PLUS_KSEI_COVERAGE_CEILING,2025-09-12,289,288,0.9965397923875432,True,289,288,0.9965397923875432,True,288,0.9965397923875432,True
SCHEDULE_PLUS_KSEI_COVERAGE_CEILING,2025-09-15,289,288,0.9965397923875432,True,289,288,0.9965397923875432,True,288,0.9965397923875432,True
SCHEDULE_PLUS_KSEI_COVERAGE_CEILING,2025-09-16,293,292,0.9965870307167235,True,293,292,0.9965870307167235,True,292,0.9965870307167235,True
SCHEDULE_PLUS_KSEI_COVERAGE_CEILING,2025-09-17,293,292,0.9965870307167235,True,293,292,0.9965870307167235,True,292,0.9965870307167235,True
SCHEDULE_PLUS_KSEI_COVERAGE_CEILING,2025-09-18,298,297,0.9966442953020134,True,298,297,0.9966442953020134,True,297,0.9966442953020134,True
SCHEDULE_PLUS_KSEI_COVERAGE_CEILING,2025-09-19,298,297,0.9966442953020134,True,298,297,0.9966442953020134,True,297,0.9966442953020134,True
SCHEDULE_PLUS_KSEI_COVERAGE_CEILING,2025-09-22,299,298,0.9966555183946488,True,299,298,0.9966555183946488,True,298,0.9966555183946488,True
SCHEDULE_PLUS_KSEI_COVERAGE_CEILING,2025-09-23,304,303,0.9967105263157895,True,304,303,0.9967105263157895,True,303,0.9967105263157895,True
SCHEDULE_PLUS_KSEI_COVERAGE_CEILING,2025-09-24,306,305,0.9967320261437909,True,306,305,0.9967320261437909,True,305,0.9967320261437909,True
SCHEDULE_PLUS_KSEI_COVERAGE_CEILING,2025-09-25,311,310,0.9967845659163987,True,311,310,0.9967845659163987,True,310,0.9967845659163987,True
SCHEDULE_PLUS_KSEI_COVERAGE_CEILING,2025-09-26,311,310,0.9967845659163987,True,311,310,0.9967845659163987,True,310,0.9967845659163987,True
SCHEDULE_PLUS_KSEI_COVERAGE_CEILING,2025-09-29,316,315,0.9968354430379747,True,316,315,0.9968354430379747,True,315,0.9968354430379747,True
SCHEDULE_PLUS_KSEI_COVERAGE_CEILING,2025-09-30,316,315,0.9968354430379747,True,316,315,0.9968354430379747,True,315,0.9968354430379747,True
SCHEDULE_PLUS_KSEI_COVERAGE_CEILING,2025-10-01,323,322,0.9969040247678018,True,323,322,0.9969040247678018,True,322,0.9969040247678018,True
SCHEDULE_PLUS_KSEI_COVERAGE_CEILING,2025-10-02,330,329,0.996969696969697,True,330,329,0.996969696969697,True,329,0.996969696969697,True
SCHEDULE_PLUS_KSEI_COVERAGE_CEILING,2025-10-03,334,333,0.9970059880239521,True,334,333,0.9970059880239521,True,333,0.9970059880239521,True
SCHEDULE_PLUS_KSEI_COVERAGE_CEILING,2025-10-06,332,331,0.9969879518072289,True,332,331,0.9969879518072289,True,331,0.9969879518072289,True
SCHEDULE_PLUS_KSEI_COVERAGE_CEILING,2025-10-07,340,339,0.9970588235294118,True,340,339,0.9970588235294118,True,339,0.9970588235294118,True
SCHEDULE_PLUS_KSEI_COVERAGE_CEILING,2025-10-08,343,342,0.9970845481049563,True,343,342,0.9970845481049563,True,342,0.9970845481049563,True
SCHEDULE_PLUS_KSEI_COVERAGE_CEILING,2025-10-09,348,347,0.9971264367816092,True,348,347,0.9971264367816092,True,347,0.9971264367816092,True
SCHEDULE_PLUS_KSEI_COVERAGE_CEILING,2025-10-10,349,348,0.997134670487106,True,349,348,0.997134670487106,True,348,0.997134670487106,True
SCHEDULE_PLUS_KSEI_COVERAGE_CEILING,2025-10-13,356,355,0.9971910112359551,True,356,355,0.9971910112359551,True,355,0.9971910112359551,True
SCHEDULE_PLUS_KSEI_COVERAGE_CEILING,2025-10-14,361,360,0.997229916897507,True,361,360,0.997229916897507,True,360,0.997229916897507,True
SCHEDULE_PLUS_KSEI_COVERAGE_CEILING,2025-10-15,361,360,0.997229916897507,True,361,360,0.997229916897507,True,360,0.997229916897507,True
SCHEDULE_PLUS_KSEI_COVERAGE_CEILING,2025-10-16,365,364,0.9972602739726028,True,365,364,0.9972602739726028,True,364,0.9972602739726028,True
SCHEDULE_PLUS_KSEI_COVERAGE_CEILING,2025-10-17,367,366,0.997275204359673,True,367,366,0.997275204359673,True,366,0.997275204359673,True
SCHEDULE_PLUS_KSEI_COVERAGE_CEILING,2025-10-20,370,369,0.9972972972972973,True,370,369,0.9972972972972973,True,369,0.9972972972972973,True
SCHEDULE_PLUS_KSEI_COVERAGE_CEILING,2025-10-21,375,374,0.9973333333333333,True,375,374,0.9973333333333333,True,374,0.9973333333333333,True
SCHEDULE_PLUS_KSEI_COVERAGE_CEILING,2025-10-22,376,375,0.9973404255319149,True,376,375,0.9973404255319149,True,375,0.9973404255319149,True
SCHEDULE_PLUS_KSEI_COVERAGE_CEILING,2025-10-23,376,375,0.9973404255319149,True,376,375,0.9973404255319149,True,375,0.9973404255319149,True
SCHEDULE_PLUS_KSEI_COVERAGE_CEILING,2025-10-24,379,378,0.9973614775725593,True,379,378,0.9973614775725593,True,378,0.9973614775725593,True
SCHEDULE_PLUS_KSEI_COVERAGE_CEILING,2025-10-27,381,380,0.9973753280839895,True,381,380,0.9973753280839895,True,380,0.9973753280839895,True
SCHEDULE_PLUS_KSEI_COVERAGE_CEILING,2025-10-28,379,378,0.9973614775725593,True,379,378,0.9973614775725593,True,378,0.9973614775725593,True
SCHEDULE_PLUS_KSEI_COVERAGE_CEILING,2025-10-29,382,381,0.9973821989528796,True,382,381,0.9973821989528796,True,381,0.9973821989528796,True
SCHEDULE_PLUS_KSEI_COVERAGE_CEILING,2025-10-30,388,387,0.9974226804123711,True,388,387,0.9974226804123711,True,387,0.9974226804123711,True
SCHEDULE_PLUS_KSEI_COVERAGE_CEILING,2025-10-31,388,387,0.9974226804123711,True,388,387,0.9974226804123711,True,387,0.9974226804123711,True
SCHEDULE_PLUS_KSEI_COVERAGE_CEILING,2025-11-03,391,390,0.9974424552429667,True,391,390,0.9974424552429667,True,390,0.9974424552429667,True
SCHEDULE_PLUS_KSEI_COVERAGE_CEILING,2025-11-04,394,393,0.9974619289340102,True,394,393,0.9974619289340102,True,393,0.9974619289340102,True
SCHEDULE_PLUS_KSEI_COVERAGE_CEILING,2025-11-05,394,393,0.9974619289340102,True,394,393,0.9974619289340102,True,393,0.9974619289340102,True
SCHEDULE_PLUS_KSEI_COVERAGE_CEILING,2025-11-06,390,389,0.9974358974358974,True,390,389,0.9974358974358974,True,389,0.9974358974358974,True
SCHEDULE_PLUS_KSEI_COVERAGE_CEILING,2025-11-07,391,390,0.9974424552429667,True,391,390,0.9974424552429667,True,390,0.9974424552429667,True
SCHEDULE_PLUS_KSEI_COVERAGE_CEILING,2025-11-10,394,393,0.9974619289340102,True,394,393,0.9974619289340102,True,393,0.9974619289340102,True
SCHEDULE_PLUS_KSEI_COVERAGE_CEILING,2025-11-11,393,392,0.9974554707379135,True,393,392,0.9974554707379135,True,392,0.9974554707379135,True
SCHEDULE_PLUS_KSEI_COVERAGE_CEILING,2025-11-12,393,392,0.9974554707379135,True,393,392,0.9974554707379135,True,392,0.9974554707379135,True
SCHEDULE_PLUS_KSEI_COVERAGE_CEILING,2025-11-13,393,392,0.9974554707379135,True,393,392,0.9974554707379135,True,392,0.9974554707379135,True
SCHEDULE_PLUS_KSEI_COVERAGE_CEILING,2025-11-14,393,392,0.9974554707379135,True,393,392,0.9974554707379135,True,392,0.9974554707379135,True
SCHEDULE_PLUS_KSEI_COVERAGE_CEILING,2025-11-17,393,392,0.9974554707379135,True,393,392,0.9974554707379135,True,392,0.9974554707379135,True
SCHEDULE_PLUS_KSEI_COVERAGE_CEILING,2025-11-18,390,389,0.9974358974358974,True,390,389,0.9974358974358974,True,389,0.9974358974358974,True
SCHEDULE_PLUS_KSEI_COVERAGE_CEILING,2025-11-19,393,392,0.9974554707379135,True,393,392,0.9974554707379135,True,392,0.9974554707379135,True
SCHEDULE_PLUS_KSEI_COVERAGE_CEILING,2025-11-20,392,391,0.9974489795918368,True,392,391,0.9974489795918368,True,391,0.9974489795918368,True
SCHEDULE_PLUS_KSEI_COVERAGE_CEILING,2025-11-21,389,388,0.9974293059125964,True,389,388,0.9974293059125964,True,388,0.9974293059125964,True
SCHEDULE_PLUS_KSEI_COVERAGE_CEILING,2025-11-24,392,391,0.9974489795918368,True,392,391,0.9974489795918368,True,391,0.9974489795918368,True
SCHEDULE_PLUS_KSEI_COVERAGE_CEILING,2025-11-25,394,393,0.9974619289340102,True,394,393,0.9974619289340102,True,393,0.9974619289340102,True
SCHEDULE_PLUS_KSEI_COVERAGE_CEILING,2025-11-26,390,389,0.9974358974358974,True,390,389,0.9974358974358974,True,389,0.9974358974358974,True
SCHEDULE_PLUS_KSEI_COVERAGE_CEILING,2025-11-27,389,388,0.9974293059125964,True,389,388,0.9974293059125964,True,388,0.9974293059125964,True
SCHEDULE_PLUS_KSEI_COVERAGE_CEILING,2025-11-28,389,388,0.9974293059125964,True,389,388,0.9974293059125964,True,388,0.9974293059125964,True
SCHEDULE_PLUS_KSEI_COVERAGE_CEILING,2025-12-01,391,390,0.9974424552429667,True,391,390,0.9974424552429667,True,390,0.9974424552429667,True
SCHEDULE_PLUS_KSEI_COVERAGE_CEILING,2025-12-02,389,388,0.9974293059125964,True,389,388,0.9974293059125964,True,388,0.9974293059125964,True
SCHEDULE_PLUS_KSEI_COVERAGE_CEILING,2025-12-03,393,392,0.9974554707379135,True,393,392,0.9974554707379135,True,392,0.9974554707379135,True
SCHEDULE_PLUS_KSEI_COVERAGE_CEILING,2025-12-04,393,392,0.9974554707379135,True,393,392,0.9974554707379135,True,392,0.9974554707379135,True
SCHEDULE_PLUS_KSEI_COVERAGE_CEILING,2025-12-05,387,386,0.9974160206718347,True,387,386,0.9974160206718347,True,386,0.9974160206718347,True
SCHEDULE_PLUS_KSEI_COVERAGE_CEILING,2025-12-08,390,389,0.9974358974358974,True,390,389,0.9974358974358974,True,389,0.9974358974358974,True
SCHEDULE_PLUS_KSEI_COVERAGE_CEILING,2025-12-09,390,389,0.9974358974358974,True,390,389,0.9974358974358974,True,389,0.9974358974358974,True
SCHEDULE_PLUS_KSEI_COVERAGE_CEILING,2025-12-10,390,389,0.9974358974358974,True,390,389,0.9974358974358974,True,389,0.9974358974358974,True
SCHEDULE_PLUS_KSEI_COVERAGE_CEILING,2025-12-11,391,390,0.9974424552429667,True,391,390,0.9974424552429667,True,390,0.9974424552429667,True
SCHEDULE_PLUS_KSEI_COVERAGE_CEILING,2025-12-12,392,391,0.9974489795918368,True,392,391,0.9974489795918368,True,391,0.9974489795918368,True
SCHEDULE_PLUS_KSEI_COVERAGE_CEILING,2025-12-15,388,387,0.9974226804123711,True,388,387,0.9974226804123711,True,387,0.9974226804123711,True
SCHEDULE_PLUS_KSEI_COVERAGE_CEILING,2025-12-16,386,385,0.9974093264248705,True,386,385,0.9974093264248705,True,385,0.9974093264248705,True
SCHEDULE_PLUS_KSEI_COVERAGE_CEILING,2025-12-17,387,386,0.9974160206718347,True,387,386,0.9974160206718347,True,386,0.9974160206718347,True
SCHEDULE_PLUS_KSEI_COVERAGE_CEILING,2025-12-18,387,386,0.9974160206718347,True,387,386,0.9974160206718347,True,386,0.9974160206718347,True
SCHEDULE_PLUS_KSEI_COVERAGE_CEILING,2025-12-19,388,387,0.9974226804123711,True,388,387,0.9974226804123711,True,387,0.9974226804123711,True
SCHEDULE_PLUS_KSEI_COVERAGE_CEILING,2025-12-22,389,388,0.9974293059125964,True,389,388,0.9974293059125964,True,388,0.9974293059125964,True
SCHEDULE_PLUS_KSEI_COVERAGE_CEILING,2025-12-23,391,390,0.9974424552429667,True,391,390,0.9974424552429667,True,390,0.9974424552429667,True
SCHEDULE_PLUS_KSEI_COVERAGE_CEILING,2025-12-24,390,389,0.9974358974358974,True,390,389,0.9974358974358974,True,389,0.9974358974358974,True
SCHEDULE_PLUS_KSEI_COVERAGE_CEILING,2025-12-29,390,389,0.9974358974358974,True,390,389,0.9974358974358974,True,389,0.9974358974358974,True
SCHEDULE_PLUS_KSEI_COVERAGE_CEILING,2025-12-30,391,390,0.9974424552429667,True,391,390,0.9974424552429667,True,390,0.9974424552429667,True
SCHEDULE_PLUS_KSEI_COVERAGE_CEILING,2026-01-02,388,387,0.9974226804123711,True,388,387,0.9974226804123711,True,387,0.9974226804123711,True
SCHEDULE_PLUS_KSEI_COVERAGE_CEILING,2026-01-05,383,382,0.9973890339425587,True,383,382,0.9973890339425587,True,382,0.9973890339425587,True
SCHEDULE_PLUS_KSEI_COVERAGE_CEILING,2026-01-06,384,383,0.9973958333333334,True,384,383,0.9973958333333334,True,383,0.9973958333333334,True
SCHEDULE_PLUS_KSEI_COVERAGE_CEILING,2026-01-07,384,383,0.9973958333333334,True,384,383,0.9973958333333334,True,383,0.9973958333333334,True
SCHEDULE_PLUS_KSEI_COVERAGE_CEILING,2026-01-08,386,385,0.9974093264248705,True,386,385,0.9974093264248705,True,385,0.9974093264248705,True
SCHEDULE_PLUS_KSEI_COVERAGE_CEILING,2026-01-09,385,384,0.9974025974025974,True,385,384,0.9974025974025974,True,384,0.9974025974025974,True
SCHEDULE_PLUS_KSEI_COVERAGE_CEILING,2026-01-12,386,385,0.9974093264248705,True,386,385,0.9974093264248705,True,385,0.9974093264248705,True
SCHEDULE_PLUS_KSEI_COVERAGE_CEILING,2026-01-13,384,383,0.9973958333333334,True,384,383,0.9973958333333334,True,383,0.9973958333333334,True
SCHEDULE_PLUS_KSEI_COVERAGE_CEILING,2026-01-14,385,384,0.9974025974025974,True,385,384,0.9974025974025974,True,384,0.9974025974025974,True
SCHEDULE_PLUS_KSEI_COVERAGE_CEILING,2026-01-15,387,386,0.9974160206718347,True,387,386,0.9974160206718347,True,386,0.9974160206718347,True
SCHEDULE_PLUS_KSEI_COVERAGE_CEILING,2026-01-19,392,391,0.9974489795918368,True,392,391,0.9974489795918368,True,391,0.9974489795918368,True
SCHEDULE_PLUS_KSEI_COVERAGE_CEILING,2026-01-20,394,393,0.9974619289340102,True,394,393,0.9974619289340102,True,393,0.9974619289340102,True
SCHEDULE_PLUS_KSEI_COVERAGE_CEILING,2026-01-21,400,399,0.9975,True,400,399,0.9975,True,399,0.9975,True
SCHEDULE_PLUS_KSEI_COVERAGE_CEILING,2026-01-22,407,406,0.9975429975429976,True,407,406,0.9975429975429976,True,406,0.9975429975429976,True
SCHEDULE_PLUS_KSEI_COVERAGE_CEILING,2026-01-23,412,411,0.9975728155339806,True,412,411,0.9975728155339806,True,411,0.9975728155339806,True
SCHEDULE_PLUS_KSEI_COVERAGE_CEILING,2026-01-26,410,409,0.9975609756097561,True,410,409,0.9975609756097561,True,409,0.9975609756097561,True
SCHEDULE_PLUS_KSEI_COVERAGE_CEILING,2026-01-27,417,416,0.9976019184652278,True,417,416,0.9976019184652278,True,416,0.9976019184652278,True
SCHEDULE_PLUS_KSEI_COVERAGE_CEILING,2026-01-28,420,419,0.9976190476190476,True,420,419,0.9976190476190476,True,419,0.9976190476190476,True
SCHEDULE_PLUS_KSEI_COVERAGE_CEILING,2026-01-29,424,423,0.9976415094339622,True,424,423,0.9976415094339622,True,423,0.9976415094339622,True
SCHEDULE_PLUS_KSEI_COVERAGE_CEILING,2026-01-30,423,422,0.9976359338061466,True,423,422,0.9976359338061466,True,422,0.9976359338061466,True
SCHEDULE_PLUS_KSEI_COVERAGE_CEILING,2026-02-02,423,422,0.9976359338061466,True,423,422,0.9976359338061466,True,422,0.9976359338061466,True
SCHEDULE_PLUS_KSEI_COVERAGE_CEILING,2026-02-03,425,424,0.9976470588235294,True,425,424,0.9976470588235294,True,424,0.9976470588235294,True
SCHEDULE_PLUS_KSEI_COVERAGE_CEILING,2026-02-04,423,422,0.9976359338061466,True,423,422,0.9976359338061466,True,422,0.9976359338061466,True
SCHEDULE_PLUS_KSEI_COVERAGE_CEILING,2026-02-05,424,423,0.9976415094339622,True,424,423,0.9976415094339622,True,423,0.9976415094339622,True
SCHEDULE_PLUS_KSEI_COVERAGE_CEILING,2026-02-06,427,426,0.9976580796252927,True,427,426,0.9976580796252927,True,426,0.9976580796252927,True
SCHEDULE_PLUS_KSEI_COVERAGE_CEILING,2026-02-09,428,427,0.9976635514018691,True,428,427,0.9976635514018691,True,427,0.9976635514018691,True
SCHEDULE_PLUS_KSEI_COVERAGE_CEILING,2026-02-10,428,427,0.9976635514018691,True,428,427,0.9976635514018691,True,427,0.9976635514018691,True
SCHEDULE_PLUS_KSEI_COVERAGE_CEILING,2026-02-11,427,426,0.9976580796252927,True,427,426,0.9976580796252927,True,426,0.9976580796252927,True
SCHEDULE_PLUS_KSEI_COVERAGE_CEILING,2026-02-12,426,425,0.9976525821596244,True,426,425,0.9976525821596244,True,425,0.9976525821596244,True
SCHEDULE_PLUS_KSEI_COVERAGE_CEILING,2026-02-13,429,428,0.9976689976689976,True,429,428,0.9976689976689976,True,428,0.9976689976689976,True
SCHEDULE_PLUS_KSEI_COVERAGE_CEILING,2026-02-18,427,426,0.9976580796252927,True,427,426,0.9976580796252927,True,426,0.9976580796252927,True
SCHEDULE_PLUS_KSEI_COVERAGE_CEILING,2026-02-19,427,426,0.9976580796252927,True,427,426,0.9976580796252927,True,426,0.9976580796252927,True
SCHEDULE_PLUS_KSEI_COVERAGE_CEILING,2026-02-20,427,426,0.9976580796252927,True,427,426,0.9976580796252927,True,426,0.9976580796252927,True
SCHEDULE_PLUS_KSEI_COVERAGE_CEILING,2026-02-23,425,424,0.9976470588235294,True,425,424,0.9976470588235294,True,424,0.9976470588235294,True
SCHEDULE_PLUS_KSEI_COVERAGE_CEILING,2026-02-24,431,430,0.9976798143851509,True,431,430,0.9976798143851509,True,430,0.9976798143851509,True
SCHEDULE_PLUS_KSEI_COVERAGE_CEILING,2026-02-25,431,430,0.9976798143851509,True,431,430,0.9976798143851509,True,430,0.9976798143851509,True
SCHEDULE_PLUS_KSEI_COVERAGE_CEILING,2026-02-26,428,427,0.9976635514018691,True,428,427,0.9976635514018691,True,427,0.9976635514018691,True
SCHEDULE_PLUS_KSEI_COVERAGE_CEILING,2026-02-27,428,427,0.9976635514018691,True,428,427,0.9976635514018691,True,427,0.9976635514018691,True
SCHEDULE_PLUS_KSEI_COVERAGE_CEILING,2026-03-02,427,426,0.9976580796252927,True,427,426,0.9976580796252927,True,426,0.9976580796252927,True
SCHEDULE_PLUS_KSEI_COVERAGE_CEILING,2026-03-03,431,430,0.9976798143851509,True,431,430,0.9976798143851509,True,430,0.9976798143851509,True
SCHEDULE_PLUS_KSEI_COVERAGE_CEILING,2026-03-04,433,432,0.9976905311778291,True,433,432,0.9976905311778291,True,432,0.9976905311778291,True
SCHEDULE_PLUS_KSEI_COVERAGE_CEILING,2026-03-05,429,428,0.9976689976689976,True,429,428,0.9976689976689976,True,428,0.9976689976689976,True
SCHEDULE_PLUS_KSEI_COVERAGE_CEILING,2026-03-06,426,425,0.9976525821596244,True,426,425,0.9976525821596244,True,425,0.9976525821596244,True
SCHEDULE_PLUS_KSEI_COVERAGE_CEILING,2026-03-09,422,421,0.9976303317535545,True,422,421,0.9976303317535545,True,421,0.9976303317535545,True
SCHEDULE_PLUS_KSEI_COVERAGE_CEILING,2026-03-10,416,415,0.9975961538461539,True,416,415,0.9975961538461539,True,415,0.9975961538461539,True
SCHEDULE_PLUS_KSEI_COVERAGE_CEILING,2026-03-11,414,413,0.9975845410628019,True,414,413,0.9975845410628019,True,413,0.9975845410628019,True
SCHEDULE_PLUS_KSEI_COVERAGE_CEILING,2026-03-12,416,415,0.9975961538461539,True,416,415,0.9975961538461539,True,415,0.9975961538461539,True
SCHEDULE_PLUS_KSEI_COVERAGE_CEILING,2026-03-13,414,413,0.9975845410628019,True,414,413,0.9975845410628019,True,413,0.9975845410628019,True
SCHEDULE_PLUS_KSEI_COVERAGE_CEILING,2026-03-16,411,410,0.9975669099756691,True,411,410,0.9975669099756691,True,410,0.9975669099756691,True
SCHEDULE_PLUS_KSEI_COVERAGE_CEILING,2026-03-17,407,406,0.9975429975429976,True,407,406,0.9975429975429976,True,406,0.9975429975429976,True
SCHEDULE_PLUS_KSEI_COVERAGE_CEILING,2026-03-25,407,406,0.9975429975429976,True,407,406,0.9975429975429976,True,406,0.9975429975429976,True
SCHEDULE_PLUS_KSEI_COVERAGE_CEILING,2026-03-26,402,401,0.9975124378109452,True,402,401,0.9975124378109452,True,401,0.9975124378109452,True
SCHEDULE_PLUS_KSEI_COVERAGE_CEILING,2026-03-27,399,398,0.9974937343358395,True,399,398,0.9974937343358395,True,398,0.9974937343358395,True
SCHEDULE_PLUS_KSEI_COVERAGE_CEILING,2026-03-30,396,395,0.9974747474747475,True,396,395,0.9974747474747475,True,395,0.9974747474747475,True
SCHEDULE_PLUS_KSEI_COVERAGE_CEILING,2026-03-31,395,394,0.9974683544303797,True,395,394,0.9974683544303797,True,394,0.9974683544303797,True
SCHEDULE_PLUS_KSEI_COVERAGE_CEILING,2026-04-01,390,389,0.9974358974358974,True,390,389,0.9974358974358974,True,389,0.9974358974358974,True
SCHEDULE_PLUS_KSEI_COVERAGE_CEILING,2026-04-02,390,389,0.9974358974358974,True,390,389,0.9974358974358974,True,389,0.9974358974358974,True
SCHEDULE_PLUS_KSEI_COVERAGE_CEILING,2026-04-06,389,388,0.9974293059125964,True,389,388,0.9974293059125964,True,388,0.9974293059125964,True
SCHEDULE_PLUS_KSEI_COVERAGE_CEILING,2026-04-07,388,387,0.9974226804123711,True,388,387,0.9974226804123711,True,387,0.9974226804123711,True
SCHEDULE_PLUS_KSEI_COVERAGE_CEILING,2026-04-08,387,386,0.9974160206718347,True,387,386,0.9974160206718347,True,386,0.9974160206718347,True
SCHEDULE_PLUS_KSEI_COVERAGE_CEILING,2026-04-09,387,386,0.9974160206718347,True,387,386,0.9974160206718347,True,386,0.9974160206718347,True
SCHEDULE_PLUS_KSEI_COVERAGE_CEILING,2026-04-10,385,384,0.9974025974025974,True,385,384,0.9974025974025974,True,384,0.9974025974025974,True
SCHEDULE_PLUS_KSEI_COVERAGE_CEILING,2026-04-13,381,380,0.9973753280839895,True,381,380,0.9973753280839895,True,380,0.9973753280839895,True
SCHEDULE_PLUS_KSEI_COVERAGE_CEILING,2026-04-14,380,379,0.9973684210526316,True,380,379,0.9973684210526316,True,379,0.9973684210526316,True
SCHEDULE_PLUS_KSEI_COVERAGE_CEILING,2026-04-15,376,375,0.9973404255319149,True,376,375,0.9973404255319149,True,375,0.9973404255319149,True
SCHEDULE_PLUS_KSEI_COVERAGE_CEILING,2026-04-16,376,375,0.9973404255319149,True,376,375,0.9973404255319149,True,375,0.9973404255319149,True
SCHEDULE_PLUS_KSEI_COVERAGE_CEILING,2026-04-17,376,375,0.9973404255319149,True,376,375,0.9973404255319149,True,375,0.9973404255319149,True
SCHEDULE_PLUS_KSEI_COVERAGE_CEILING,2026-04-20,375,374,0.9973333333333333,True,375,374,0.9973333333333333,True,374,0.9973333333333333,True
SCHEDULE_PLUS_KSEI_COVERAGE_CEILING,2026-04-21,376,375,0.9973404255319149,True,376,375,0.9973404255319149,True,375,0.9973404255319149,True
SCHEDULE_PLUS_KSEI_COVERAGE_CEILING,2026-04-22,375,374,0.9973333333333333,True,375,374,0.9973333333333333,True,374,0.9973333333333333,True
SCHEDULE_PLUS_KSEI_COVERAGE_CEILING,2026-04-23,373,372,0.9973190348525469,True,373,372,0.9973190348525469,True,372,0.9973190348525469,True
SCHEDULE_PLUS_KSEI_COVERAGE_CEILING,2026-04-24,371,370,0.9973045822102425,True,371,370,0.9973045822102425,True,370,0.9973045822102425,True
SCHEDULE_PLUS_KSEI_COVERAGE_CEILING,2026-04-27,371,370,0.9973045822102425,True,371,370,0.9973045822102425,True,370,0.9973045822102425,True
SCHEDULE_PLUS_KSEI_COVERAGE_CEILING,2026-04-28,369,368,0.997289972899729,True,369,368,0.997289972899729,True,368,0.997289972899729,True
SCHEDULE_PLUS_KSEI_COVERAGE_CEILING,2026-04-29,366,365,0.9972677595628415,True,366,365,0.9972677595628415,True,365,0.9972677595628415,True
SCHEDULE_PLUS_KSEI_COVERAGE_CEILING,2026-04-30,364,363,0.9972527472527473,True,364,363,0.9972527472527473,True,363,0.9972527472527473,True
SCHEDULE_PLUS_KSEI_COVERAGE_CEILING,2026-05-04,365,364,0.9972602739726028,True,365,364,0.9972602739726028,True,364,0.9972602739726028,True
SCHEDULE_PLUS_KSEI_COVERAGE_CEILING,2026-05-05,362,361,0.9972375690607734,True,362,361,0.9972375690607734,True,361,0.9972375690607734,True
SCHEDULE_PLUS_KSEI_COVERAGE_CEILING,2026-05-06,363,362,0.9972451790633609,True,363,362,0.9972451790633609,True,362,0.9972451790633609,True
SCHEDULE_PLUS_KSEI_COVERAGE_CEILING,2026-05-07,362,361,0.9972375690607734,True,362,361,0.9972375690607734,True,361,0.9972375690607734,True
SCHEDULE_PLUS_KSEI_COVERAGE_CEILING,2026-05-08,361,360,0.997229916897507,True,361,359,0.9944598337950139,True,359,0.9944598337950139,True
SCHEDULE_PLUS_KSEI_COVERAGE_CEILING,2026-05-11,362,361,0.9972375690607734,True,362,360,0.994475138121547,True,360,0.994475138121547,True
SCHEDULE_PLUS_KSEI_COVERAGE_CEILING,2026-05-12,361,360,0.997229916897507,True,361,359,0.9944598337950139,True,359,0.9944598337950139,True
SCHEDULE_PLUS_KSEI_COVERAGE_CEILING,2026-05-13,362,361,0.9972375690607734,True,362,360,0.994475138121547,True,360,0.994475138121547,True
SCHEDULE_PLUS_KSEI_COVERAGE_CEILING,2026-05-18,361,360,0.997229916897507,True,361,359,0.9944598337950139,True,359,0.9944598337950139,True
SCHEDULE_PLUS_KSEI_COVERAGE_CEILING,2026-05-19,359,357,0.9944289693593314,True,359,357,0.9944289693593314,True,357,0.9944289693593314,True
SCHEDULE_PLUS_KSEI_COVERAGE_CEILING,2026-05-20,356,354,0.9943820224719101,True,356,354,0.9943820224719101,True,354,0.9943820224719101,True
SCHEDULE_PLUS_KSEI_COVERAGE_CEILING,2026-05-21,355,353,0.9943661971830986,True,355,353,0.9943661971830986,True,353,0.9943661971830986,True
SCHEDULE_PLUS_KSEI_COVERAGE_CEILING,2026-05-22,353,351,0.9943342776203966,True,353,351,0.9943342776203966,True,351,0.9943342776203966,True
SCHEDULE_PLUS_KSEI_COVERAGE_CEILING,2026-05-25,350,349,0.9971428571428571,True,350,349,0.9971428571428571,True,349,0.9971428571428571,True
SCHEDULE_PLUS_KSEI_COVERAGE_CEILING,2026-05-26,348,347,0.9971264367816092,True,348,347,0.9971264367816092,True,347,0.9971264367816092,True
SCHEDULE_PLUS_KSEI_COVERAGE_CEILING,2026-05-29,346,345,0.9971098265895953,True,346,345,0.9971098265895953,True,345,0.9971098265895953,True
SCHEDULE_PLUS_KSEI_COVERAGE_CEILING,2026-06-02,343,342,0.9970845481049563,True,343,342,0.9970845481049563,True,342,0.9970845481049563,True
SCHEDULE_PLUS_KSEI_COVERAGE_CEILING,2026-06-03,339,338,0.9970501474926253,True,339,338,0.9970501474926253,True,338,0.9970501474926253,True
SCHEDULE_PLUS_KSEI_COVERAGE_CEILING,2026-06-04,337,336,0.9970326409495549,True,337,336,0.9970326409495549,True,336,0.9970326409495549,True
SCHEDULE_PLUS_KSEI_COVERAGE_CEILING,2026-06-05,334,333,0.9970059880239521,True,334,333,0.9970059880239521,True,333,0.9970059880239521,True
SCHEDULE_PLUS_KSEI_COVERAGE_CEILING,2026-06-08,332,331,0.9969879518072289,True,332,331,0.9969879518072289,True,331,0.9969879518072289,True
SCHEDULE_PLUS_KSEI_COVERAGE_CEILING,2026-06-09,330,329,0.996969696969697,True,330,329,0.996969696969697,True,329,0.996969696969697,True
SCHEDULE_PLUS_KSEI_COVERAGE_CEILING,2026-06-10,329,328,0.9969604863221885,True,329,328,0.9969604863221885,True,328,0.9969604863221885,True
SCHEDULE_PLUS_KSEI_COVERAGE_CEILING,2026-06-11,329,328,0.9969604863221885,True,329,328,0.9969604863221885,True,328,0.9969604863221885,True
SCHEDULE_PLUS_KSEI_COVERAGE_CEILING,2026-06-12,326,325,0.9969325153374233,True,326,325,0.9969325153374233,True,325,0.9969325153374233,True
SCHEDULE_PLUS_KSEI_COVERAGE_CEILING,2026-06-15,328,327,0.9969512195121951,True,328,327,0.9969512195121951,True,327,0.9969512195121951,True
SCHEDULE_PLUS_KSEI_COVERAGE_CEILING,2026-06-17,328,327,0.9969512195121951,True,328,327,0.9969512195121951,True,327,0.9969512195121951,True
SCHEDULE_PLUS_KSEI_COVERAGE_CEILING,2026-06-18,327,326,0.9969418960244648,True,327,326,0.9969418960244648,True,326,0.9969418960244648,True
SCHEDULE_PLUS_KSEI_COVERAGE_CEILING,2026-06-19,325,324,0.9969230769230769,True,325,324,0.9969230769230769,True,324,0.9969230769230769,True
SCHEDULE_PLUS_KSEI_COVERAGE_CEILING,2026-06-22,322,321,0.9968944099378882,True,322,321,0.9968944099378882,True,321,0.9968944099378882,True
SCHEDULE_PLUS_KSEI_COVERAGE_CEILING,2026-06-23,323,322,0.9969040247678018,True,323,321,0.9938080495356038,True,321,0.9938080495356038,True
SCHEDULE_PLUS_KSEI_COVERAGE_CEILING,2026-06-24,323,322,0.9969040247678018,True,323,321,0.9938080495356038,True,321,0.9938080495356038,True
SCHEDULE_PLUS_KSEI_COVERAGE_CEILING,2026-06-25,321,320,0.9968847352024922,True,321,315,0.9813084112149533,True,315,0.9813084112149533,True
SCHEDULE_PLUS_KSEI_COVERAGE_CEILING,2026-06-26,320,319,0.996875,True,320,314,0.98125,True,314,0.98125,True
SCHEDULE_PLUS_KSEI_COVERAGE_CEILING,2026-06-29,318,317,0.9968553459119497,True,318,312,0.9811320754716981,True,312,0.9811320754716981,True
SCHEDULE_PLUS_KSEI_COVERAGE_CEILING,2026-06-30,314,312,0.9936305732484076,True,314,308,0.9808917197452229,True,308,0.9808917197452229,True
SCHEDULE_PLUS_KSEI_COVERAGE_CEILING,2026-07-01,314,312,0.9936305732484076,True,314,309,0.9840764331210191,True,309,0.9840764331210191,True
SCHEDULE_PLUS_KSEI_COVERAGE_CEILING,2026-07-02,312,307,0.9839743589743589,True,312,307,0.9839743589743589,True,307,0.9839743589743589,True
SCHEDULE_PLUS_KSEI_COVERAGE_CEILING,2026-07-03,314,309,0.9840764331210191,True,314,309,0.9840764331210191,True,309,0.9840764331210191,True
SCHEDULE_PLUS_KSEI_COVERAGE_CEILING,2026-07-06,311,307,0.9871382636655949,True,311,307,0.9871382636655949,True,307,0.9871382636655949,True
SCHEDULE_PLUS_KSEI_COVERAGE_CEILING,2026-07-07,312,307,0.9839743589743589,True,312,307,0.9839743589743589,True,307,0.9839743589743589,True
SCHEDULE_PLUS_KSEI_COVERAGE_CEILING,2026-07-08,312,311,0.9967948717948718,True,312,311,0.9967948717948718,True,311,0.9967948717948718,True
SCHEDULE_PLUS_KSEI_COVERAGE_CEILING,2026-07-09,312,311,0.9967948717948718,True,312,311,0.9967948717948718,True,311,0.9967948717948718,True
SCHEDULE_PLUS_KSEI_COVERAGE_CEILING,2026-07-10,312,311,0.9967948717948718,True,312,311,0.9967948717948718,True,311,0.9967948717948718,True
SCHEDULE_PLUS_KSEI_COVERAGE_CEILING,2026-07-13,311,310,0.9967845659163987,True,311,310,0.9967845659163987,True,310,0.9967845659163987,True
SCHEDULE_PLUS_KSEI_COVERAGE_CEILING,2026-07-14,309,308,0.9967637540453075,True,309,308,0.9967637540453075,True,308,0.9967637540453075,True
SCHEDULE_PLUS_KSEI_COVERAGE_CEILING,2026-07-15,308,307,0.9967532467532467,True,308,307,0.9967532467532467,True,307,0.9967532467532467,True
SCHEDULE_PLUS_KSEI_COVERAGE_CEILING,2026-07-16,306,305,0.9967320261437909,True,306,305,0.9967320261437909,True,305,0.9967320261437909,True
SCHEDULE_PLUS_KSEI_COVERAGE_CEILING,2026-07-17,303,302,0.9966996699669967,True,303,302,0.9966996699669967,True,302,0.9966996699669967,True
SCHEDULE_PLUS_CROSS_SOURCE_CEILING,2023-12-28,262,255,0.9732824427480916,True,262,255,0.9732824427480916,True,255,0.9732824427480916,True
SCHEDULE_PLUS_CROSS_SOURCE_CEILING,2023-12-29,263,255,0.9695817490494296,True,263,255,0.9695817490494296,True,255,0.9695817490494296,True
SCHEDULE_PLUS_CROSS_SOURCE_CEILING,2024-01-02,265,258,0.9735849056603774,True,265,258,0.9735849056603774,True,258,0.9735849056603774,True
SCHEDULE_PLUS_CROSS_SOURCE_CEILING,2024-01-03,263,256,0.973384030418251,True,263,256,0.973384030418251,True,256,0.973384030418251,True
SCHEDULE_PLUS_CROSS_SOURCE_CEILING,2024-01-04,262,255,0.9732824427480916,True,262,255,0.9732824427480916,True,255,0.9732824427480916,True
SCHEDULE_PLUS_CROSS_SOURCE_CEILING,2024-01-05,260,253,0.9730769230769231,True,260,253,0.9730769230769231,True,253,0.9730769230769231,True
SCHEDULE_PLUS_CROSS_SOURCE_CEILING,2024-01-08,262,255,0.9732824427480916,True,262,255,0.9732824427480916,True,255,0.9732824427480916,True
SCHEDULE_PLUS_CROSS_SOURCE_CEILING,2024-01-09,260,253,0.9730769230769231,True,260,253,0.9730769230769231,True,253,0.9730769230769231,True
SCHEDULE_PLUS_CROSS_SOURCE_CEILING,2024-01-10,258,251,0.9728682170542635,True,258,251,0.9728682170542635,True,251,0.9728682170542635,True
SCHEDULE_PLUS_CROSS_SOURCE_CEILING,2024-01-11,253,246,0.9723320158102767,True,253,246,0.9723320158102767,True,246,0.9723320158102767,True
SCHEDULE_PLUS_CROSS_SOURCE_CEILING,2024-01-12,251,245,0.9760956175298805,True,251,245,0.9760956175298805,True,245,0.9760956175298805,True
SCHEDULE_PLUS_CROSS_SOURCE_CEILING,2024-01-15,250,245,0.98,True,250,245,0.98,True,245,0.98,True
SCHEDULE_PLUS_CROSS_SOURCE_CEILING,2024-01-16,251,246,0.9800796812749004,True,251,246,0.9800796812749004,True,246,0.9800796812749004,True
SCHEDULE_PLUS_CROSS_SOURCE_CEILING,2024-01-17,251,246,0.9800796812749004,True,251,246,0.9800796812749004,True,246,0.9800796812749004,True
SCHEDULE_PLUS_CROSS_SOURCE_CEILING,2024-01-18,251,246,0.9800796812749004,True,251,246,0.9800796812749004,True,246,0.9800796812749004,True
SCHEDULE_PLUS_CROSS_SOURCE_CEILING,2024-01-19,249,244,0.9799196787148594,True,249,244,0.9799196787148594,True,244,0.9799196787148594,True
SCHEDULE_PLUS_CROSS_SOURCE_CEILING,2024-01-22,247,242,0.979757085020243,True,247,242,0.979757085020243,True,242,0.979757085020243,True
SCHEDULE_PLUS_CROSS_SOURCE_CEILING,2024-01-23,247,242,0.979757085020243,True,247,242,0.979757085020243,True,242,0.979757085020243,True
SCHEDULE_PLUS_CROSS_SOURCE_CEILING,2024-01-24,246,241,0.9796747967479674,True,246,241,0.9796747967479674,True,241,0.9796747967479674,True
SCHEDULE_PLUS_CROSS_SOURCE_CEILING,2024-01-25,246,241,0.9796747967479674,True,246,241,0.9796747967479674,True,241,0.9796747967479674,True
SCHEDULE_PLUS_CROSS_SOURCE_CEILING,2024-01-26,246,241,0.9796747967479674,True,246,241,0.9796747967479674,True,241,0.9796747967479674,True
SCHEDULE_PLUS_CROSS_SOURCE_CEILING,2024-01-29,243,238,0.9794238683127572,True,243,238,0.9794238683127572,True,238,0.9794238683127572,True
SCHEDULE_PLUS_CROSS_SOURCE_CEILING,2024-01-30,243,238,0.9794238683127572,True,243,238,0.9794238683127572,True,238,0.9794238683127572,True
SCHEDULE_PLUS_CROSS_SOURCE_CEILING,2024-01-31,242,237,0.9793388429752066,True,242,237,0.9793388429752066,True,237,0.9793388429752066,True
SCHEDULE_PLUS_CROSS_SOURCE_CEILING,2024-02-01,241,236,0.979253112033195,True,241,236,0.979253112033195,True,236,0.979253112033195,True
SCHEDULE_PLUS_CROSS_SOURCE_CEILING,2024-02-02,243,238,0.9794238683127572,True,243,238,0.9794238683127572,True,238,0.9794238683127572,True
SCHEDULE_PLUS_CROSS_SOURCE_CEILING,2024-02-05,241,236,0.979253112033195,True,241,236,0.979253112033195,True,236,0.979253112033195,True
SCHEDULE_PLUS_CROSS_SOURCE_CEILING,2024-02-06,242,237,0.9793388429752066,True,242,237,0.9793388429752066,True,237,0.9793388429752066,True
SCHEDULE_PLUS_CROSS_SOURCE_CEILING,2024-02-07,246,241,0.9796747967479674,True,246,241,0.9796747967479674,True,241,0.9796747967479674,True
SCHEDULE_PLUS_CROSS_SOURCE_CEILING,2024-02-12,242,237,0.9793388429752066,True,242,237,0.9793388429752066,True,237,0.9793388429752066,True
SCHEDULE_PLUS_CROSS_SOURCE_CEILING,2024-02-13,244,239,0.9795081967213115,True,244,239,0.9795081967213115,True,239,0.9795081967213115,True
SCHEDULE_PLUS_CROSS_SOURCE_CEILING,2024-02-15,244,239,0.9795081967213115,True,244,239,0.9795081967213115,True,239,0.9795081967213115,True
SCHEDULE_PLUS_CROSS_SOURCE_CEILING,2024-02-16,243,238,0.9794238683127572,True,243,238,0.9794238683127572,True,238,0.9794238683127572,True
SCHEDULE_PLUS_CROSS_SOURCE_CEILING,2024-02-19,244,239,0.9795081967213115,True,244,239,0.9795081967213115,True,239,0.9795081967213115,True
SCHEDULE_PLUS_CROSS_SOURCE_CEILING,2024-02-20,244,239,0.9795081967213115,True,244,239,0.9795081967213115,True,239,0.9795081967213115,True
SCHEDULE_PLUS_CROSS_SOURCE_CEILING,2024-02-21,245,240,0.9795918367346939,True,245,240,0.9795918367346939,True,240,0.9795918367346939,True
SCHEDULE_PLUS_CROSS_SOURCE_CEILING,2024-02-22,243,238,0.9794238683127572,True,243,238,0.9794238683127572,True,238,0.9794238683127572,True
SCHEDULE_PLUS_CROSS_SOURCE_CEILING,2024-02-23,239,234,0.9790794979079498,True,239,234,0.9790794979079498,True,234,0.9790794979079498,True
SCHEDULE_PLUS_CROSS_SOURCE_CEILING,2024-02-26,236,231,0.9788135593220338,True,236,231,0.9788135593220338,True,231,0.9788135593220338,True
SCHEDULE_PLUS_CROSS_SOURCE_CEILING,2024-02-27,236,231,0.9788135593220338,True,236,231,0.9788135593220338,True,231,0.9788135593220338,True
SCHEDULE_PLUS_CROSS_SOURCE_CEILING,2024-02-28,236,231,0.9788135593220338,True,236,231,0.9788135593220338,True,231,0.9788135593220338,True
SCHEDULE_PLUS_CROSS_SOURCE_CEILING,2024-02-29,237,232,0.9789029535864979,True,237,232,0.9789029535864979,True,232,0.9789029535864979,True
SCHEDULE_PLUS_CROSS_SOURCE_CEILING,2024-03-01,232,227,0.978448275862069,True,232,227,0.978448275862069,True,227,0.978448275862069,True
SCHEDULE_PLUS_CROSS_SOURCE_CEILING,2024-03-04,235,230,0.9787234042553191,True,235,230,0.9787234042553191,True,230,0.9787234042553191,True
SCHEDULE_PLUS_CROSS_SOURCE_CEILING,2024-03-05,236,231,0.9788135593220338,True,236,231,0.9788135593220338,True,231,0.9788135593220338,True
SCHEDULE_PLUS_CROSS_SOURCE_CEILING,2024-03-06,236,231,0.9788135593220338,True,236,231,0.9788135593220338,True,231,0.9788135593220338,True
SCHEDULE_PLUS_CROSS_SOURCE_CEILING,2024-03-07,237,232,0.9789029535864979,True,237,232,0.9789029535864979,True,232,0.9789029535864979,True
SCHEDULE_PLUS_CROSS_SOURCE_CEILING,2024-03-08,238,233,0.9789915966386554,True,238,233,0.9789915966386554,True,233,0.9789915966386554,True
SCHEDULE_PLUS_CROSS_SOURCE_CEILING,2024-03-13,241,236,0.979253112033195,True,241,236,0.979253112033195,True,236,0.979253112033195,True
SCHEDULE_PLUS_CROSS_SOURCE_CEILING,2024-03-14,243,238,0.9794238683127572,True,243,238,0.9794238683127572,True,238,0.9794238683127572,True
SCHEDULE_PLUS_CROSS_SOURCE_CEILING,2024-03-15,240,235,0.9791666666666666,True,240,235,0.9791666666666666,True,235,0.9791666666666666,True
SCHEDULE_PLUS_CROSS_SOURCE_CEILING,2024-03-18,243,238,0.9794238683127572,True,243,238,0.9794238683127572,True,238,0.9794238683127572,True
SCHEDULE_PLUS_CROSS_SOURCE_CEILING,2024-03-19,243,238,0.9794238683127572,True,243,238,0.9794238683127572,True,238,0.9794238683127572,True
SCHEDULE_PLUS_CROSS_SOURCE_CEILING,2024-03-20,242,237,0.9793388429752066,True,242,237,0.9793388429752066,True,237,0.9793388429752066,True
SCHEDULE_PLUS_CROSS_SOURCE_CEILING,2024-03-21,242,237,0.9793388429752066,True,242,237,0.9793388429752066,True,237,0.9793388429752066,True
SCHEDULE_PLUS_CROSS_SOURCE_CEILING,2024-03-22,242,237,0.9793388429752066,True,242,237,0.9793388429752066,True,237,0.9793388429752066,True
SCHEDULE_PLUS_CROSS_SOURCE_CEILING,2024-03-25,243,238,0.9794238683127572,True,243,238,0.9794238683127572,True,238,0.9794238683127572,True
SCHEDULE_PLUS_CROSS_SOURCE_CEILING,2024-03-26,244,239,0.9795081967213115,True,244,239,0.9795081967213115,True,239,0.9795081967213115,True
SCHEDULE_PLUS_CROSS_SOURCE_CEILING,2024-03-27,245,240,0.9795918367346939,True,245,240,0.9795918367346939,True,240,0.9795918367346939,True
SCHEDULE_PLUS_CROSS_SOURCE_CEILING,2024-03-28,244,239,0.9795081967213115,True,244,239,0.9795081967213115,True,239,0.9795081967213115,True
SCHEDULE_PLUS_CROSS_SOURCE_CEILING,2024-04-01,250,245,0.98,True,250,245,0.98,True,245,0.98,True
SCHEDULE_PLUS_CROSS_SOURCE_CEILING,2024-04-02,250,245,0.98,True,250,245,0.98,True,245,0.98,True
SCHEDULE_PLUS_CROSS_SOURCE_CEILING,2024-04-03,251,246,0.9800796812749004,True,251,246,0.9800796812749004,True,246,0.9800796812749004,True
SCHEDULE_PLUS_CROSS_SOURCE_CEILING,2024-04-04,250,245,0.98,True,250,245,0.98,True,245,0.98,True
SCHEDULE_PLUS_CROSS_SOURCE_CEILING,2024-04-05,250,245,0.98,True,250,245,0.98,True,245,0.98,True
SCHEDULE_PLUS_CROSS_SOURCE_CEILING,2024-04-16,250,245,0.98,True,250,245,0.98,True,245,0.98,True
SCHEDULE_PLUS_CROSS_SOURCE_CEILING,2024-04-17,249,244,0.9799196787148594,True,249,244,0.9799196787148594,True,244,0.9799196787148594,True
SCHEDULE_PLUS_CROSS_SOURCE_CEILING,2024-04-18,247,242,0.979757085020243,True,247,242,0.979757085020243,True,242,0.979757085020243,True
SCHEDULE_PLUS_CROSS_SOURCE_CEILING,2024-04-19,246,241,0.9796747967479674,True,246,241,0.9796747967479674,True,241,0.9796747967479674,True
SCHEDULE_PLUS_CROSS_SOURCE_CEILING,2024-04-22,246,241,0.9796747967479674,True,246,241,0.9796747967479674,True,241,0.9796747967479674,True
SCHEDULE_PLUS_CROSS_SOURCE_CEILING,2024-04-23,245,240,0.9795918367346939,True,245,240,0.9795918367346939,True,240,0.9795918367346939,True
SCHEDULE_PLUS_CROSS_SOURCE_CEILING,2024-04-24,245,240,0.9795918367346939,True,245,240,0.9795918367346939,True,240,0.9795918367346939,True
SCHEDULE_PLUS_CROSS_SOURCE_CEILING,2024-04-25,246,241,0.9796747967479674,True,246,241,0.9796747967479674,True,241,0.9796747967479674,True
SCHEDULE_PLUS_CROSS_SOURCE_CEILING,2024-04-26,246,241,0.9796747967479674,True,246,241,0.9796747967479674,True,241,0.9796747967479674,True
SCHEDULE_PLUS_CROSS_SOURCE_CEILING,2024-04-29,246,241,0.9796747967479674,True,246,241,0.9796747967479674,True,241,0.9796747967479674,True
SCHEDULE_PLUS_CROSS_SOURCE_CEILING,2024-04-30,245,240,0.9795918367346939,True,245,240,0.9795918367346939,True,240,0.9795918367346939,True
SCHEDULE_PLUS_CROSS_SOURCE_CEILING,2024-05-02,242,237,0.9793388429752066,True,242,237,0.9793388429752066,True,237,0.9793388429752066,True
SCHEDULE_PLUS_CROSS_SOURCE_CEILING,2024-05-03,240,235,0.9791666666666666,True,240,235,0.9791666666666666,True,235,0.9791666666666666,True
SCHEDULE_PLUS_CROSS_SOURCE_CEILING,2024-05-06,240,235,0.9791666666666666,True,240,235,0.9791666666666666,True,235,0.9791666666666666,True
SCHEDULE_PLUS_CROSS_SOURCE_CEILING,2024-05-07,242,237,0.9793388429752066,True,242,237,0.9793388429752066,True,237,0.9793388429752066,True
SCHEDULE_PLUS_CROSS_SOURCE_CEILING,2024-05-08,242,237,0.9793388429752066,True,242,237,0.9793388429752066,True,237,0.9793388429752066,True
SCHEDULE_PLUS_CROSS_SOURCE_CEILING,2024-05-13,243,239,0.9835390946502057,True,243,239,0.9835390946502057,True,239,0.9835390946502057,True
SCHEDULE_PLUS_CROSS_SOURCE_CEILING,2024-05-14,243,239,0.9835390946502057,True,243,239,0.9835390946502057,True,239,0.9835390946502057,True
SCHEDULE_PLUS_CROSS_SOURCE_CEILING,2024-05-15,242,238,0.9834710743801653,True,242,238,0.9834710743801653,True,238,0.9834710743801653,True
SCHEDULE_PLUS_CROSS_SOURCE_CEILING,2024-05-16,246,242,0.983739837398374,True,246,242,0.983739837398374,True,242,0.983739837398374,True
SCHEDULE_PLUS_CROSS_SOURCE_CEILING,2024-05-17,246,242,0.983739837398374,True,246,242,0.983739837398374,True,242,0.983739837398374,True
SCHEDULE_PLUS_CROSS_SOURCE_CEILING,2024-05-20,245,241,0.9836734693877551,True,245,241,0.9836734693877551,True,241,0.9836734693877551,True
SCHEDULE_PLUS_CROSS_SOURCE_CEILING,2024-05-21,243,239,0.9835390946502057,True,243,239,0.9835390946502057,True,239,0.9835390946502057,True
SCHEDULE_PLUS_CROSS_SOURCE_CEILING,2024-05-22,243,239,0.9835390946502057,True,243,239,0.9835390946502057,True,239,0.9835390946502057,True
SCHEDULE_PLUS_CROSS_SOURCE_CEILING,2024-05-27,243,239,0.9835390946502057,True,243,239,0.9835390946502057,True,239,0.9835390946502057,True
SCHEDULE_PLUS_CROSS_SOURCE_CEILING,2024-05-28,242,238,0.9834710743801653,True,242,238,0.9834710743801653,True,238,0.9834710743801653,True
SCHEDULE_PLUS_CROSS_SOURCE_CEILING,2024-05-29,243,239,0.9835390946502057,True,243,239,0.9835390946502057,True,239,0.9835390946502057,True
SCHEDULE_PLUS_CROSS_SOURCE_CEILING,2024-05-30,242,238,0.9834710743801653,True,242,238,0.9834710743801653,True,238,0.9834710743801653,True
SCHEDULE_PLUS_CROSS_SOURCE_CEILING,2024-05-31,242,238,0.9834710743801653,True,242,238,0.9834710743801653,True,238,0.9834710743801653,True
SCHEDULE_PLUS_CROSS_SOURCE_CEILING,2024-06-03,243,239,0.9835390946502057,True,243,238,0.9794238683127572,True,238,0.9794238683127572,True
SCHEDULE_PLUS_CROSS_SOURCE_CEILING,2024-06-04,240,236,0.9833333333333333,True,240,235,0.9791666666666666,True,235,0.9791666666666666,True
SCHEDULE_PLUS_CROSS_SOURCE_CEILING,2024-06-05,238,234,0.9831932773109243,True,238,232,0.9747899159663865,True,232,0.9747899159663865,True
SCHEDULE_PLUS_CROSS_SOURCE_CEILING,2024-06-06,238,234,0.9831932773109243,True,238,232,0.9747899159663865,True,232,0.9747899159663865,True
SCHEDULE_PLUS_CROSS_SOURCE_CEILING,2024-06-07,237,233,0.9831223628691983,True,237,231,0.9746835443037974,True,231,0.9746835443037974,True
SCHEDULE_PLUS_CROSS_SOURCE_CEILING,2024-06-10,238,233,0.9789915966386554,True,238,232,0.9747899159663865,True,232,0.9747899159663865,True
SCHEDULE_PLUS_CROSS_SOURCE_CEILING,2024-06-11,238,233,0.9789915966386554,True,238,231,0.9705882352941176,True,231,0.9705882352941176,True
SCHEDULE_PLUS_CROSS_SOURCE_CEILING,2024-06-12,237,231,0.9746835443037974,True,237,230,0.9704641350210971,True,230,0.9704641350210971,True
SCHEDULE_PLUS_CROSS_SOURCE_CEILING,2024-06-13,237,231,0.9746835443037974,True,237,230,0.9704641350210971,True,230,0.9704641350210971,True
SCHEDULE_PLUS_CROSS_SOURCE_CEILING,2024-06-14,238,233,0.9789915966386554,True,238,232,0.9747899159663865,True,232,0.9747899159663865,True
SCHEDULE_PLUS_CROSS_SOURCE_CEILING,2024-06-19,236,231,0.9788135593220338,True,236,230,0.9745762711864406,True,230,0.9745762711864406,True
SCHEDULE_PLUS_CROSS_SOURCE_CEILING,2024-06-20,236,231,0.9788135593220338,True,236,231,0.9788135593220338,True,231,0.9788135593220338,True
SCHEDULE_PLUS_CROSS_SOURCE_CEILING,2024-06-21,237,232,0.9789029535864979,True,237,232,0.9789029535864979,True,232,0.9789029535864979,True
SCHEDULE_PLUS_CROSS_SOURCE_CEILING,2024-06-24,237,232,0.9789029535864979,True,237,232,0.9789029535864979,True,232,0.9789029535864979,True
SCHEDULE_PLUS_CROSS_SOURCE_CEILING,2024-06-25,237,232,0.9789029535864979,True,237,231,0.9746835443037974,True,231,0.9746835443037974,True
SCHEDULE_PLUS_CROSS_SOURCE_CEILING,2024-06-26,236,232,0.9830508474576272,True,236,231,0.9788135593220338,True,231,0.9788135593220338,True
SCHEDULE_PLUS_CROSS_SOURCE_CEILING,2024-06-27,238,234,0.9831932773109243,True,238,233,0.9789915966386554,True,233,0.9789915966386554,True
SCHEDULE_PLUS_CROSS_SOURCE_CEILING,2024-06-28,239,235,0.9832635983263598,True,239,234,0.9790794979079498,True,234,0.9790794979079498,True
SCHEDULE_PLUS_CROSS_SOURCE_CEILING,2024-07-01,239,235,0.9832635983263598,True,239,234,0.9790794979079498,True,234,0.9790794979079498,True
SCHEDULE_PLUS_CROSS_SOURCE_CEILING,2024-07-02,241,236,0.979253112033195,True,241,236,0.979253112033195,True,236,0.979253112033195,True
SCHEDULE_PLUS_CROSS_SOURCE_CEILING,2024-07-03,241,236,0.979253112033195,True,241,236,0.979253112033195,True,236,0.979253112033195,True
SCHEDULE_PLUS_CROSS_SOURCE_CEILING,2024-07-04,241,236,0.979253112033195,True,241,236,0.979253112033195,True,236,0.979253112033195,True
SCHEDULE_PLUS_CROSS_SOURCE_CEILING,2024-07-05,242,237,0.9793388429752066,True,242,237,0.9793388429752066,True,237,0.9793388429752066,True
SCHEDULE_PLUS_CROSS_SOURCE_CEILING,2024-07-08,242,238,0.9834710743801653,True,242,238,0.9834710743801653,True,238,0.9834710743801653,True
SCHEDULE_PLUS_CROSS_SOURCE_CEILING,2024-07-09,242,238,0.9834710743801653,True,242,238,0.9834710743801653,True,238,0.9834710743801653,True
SCHEDULE_PLUS_CROSS_SOURCE_CEILING,2024-07-10,242,238,0.9834710743801653,True,242,238,0.9834710743801653,True,238,0.9834710743801653,True
SCHEDULE_PLUS_CROSS_SOURCE_CEILING,2024-07-11,241,237,0.983402489626556,True,241,237,0.983402489626556,True,237,0.983402489626556,True
SCHEDULE_PLUS_CROSS_SOURCE_CEILING,2024-07-12,241,237,0.983402489626556,True,241,237,0.983402489626556,True,237,0.983402489626556,True
SCHEDULE_PLUS_CROSS_SOURCE_CEILING,2024-07-15,241,237,0.983402489626556,True,241,237,0.983402489626556,True,237,0.983402489626556,True
SCHEDULE_PLUS_CROSS_SOURCE_CEILING,2024-07-16,241,237,0.983402489626556,True,241,237,0.983402489626556,True,237,0.983402489626556,True
SCHEDULE_PLUS_CROSS_SOURCE_CEILING,2024-07-17,239,235,0.9832635983263598,True,239,235,0.9832635983263598,True,235,0.9832635983263598,True
SCHEDULE_PLUS_CROSS_SOURCE_CEILING,2024-07-18,240,236,0.9833333333333333,True,240,236,0.9833333333333333,True,236,0.9833333333333333,True
SCHEDULE_PLUS_CROSS_SOURCE_CEILING,2024-07-19,240,236,0.9833333333333333,True,240,236,0.9833333333333333,True,236,0.9833333333333333,True
SCHEDULE_PLUS_CROSS_SOURCE_CEILING,2024-07-22,236,232,0.9830508474576272,True,236,232,0.9830508474576272,True,232,0.9830508474576272,True
SCHEDULE_PLUS_CROSS_SOURCE_CEILING,2024-07-23,236,232,0.9830508474576272,True,236,232,0.9830508474576272,True,232,0.9830508474576272,True
SCHEDULE_PLUS_CROSS_SOURCE_CEILING,2024-07-24,236,232,0.9830508474576272,True,236,232,0.9830508474576272,True,232,0.9830508474576272,True
SCHEDULE_PLUS_CROSS_SOURCE_CEILING,2024-07-25,237,233,0.9831223628691983,True,237,233,0.9831223628691983,True,233,0.9831223628691983,True
SCHEDULE_PLUS_CROSS_SOURCE_CEILING,2024-07-26,238,234,0.9831932773109243,True,238,234,0.9831932773109243,True,234,0.9831932773109243,True
SCHEDULE_PLUS_CROSS_SOURCE_CEILING,2024-07-29,239,235,0.9832635983263598,True,239,235,0.9832635983263598,True,235,0.9832635983263598,True
SCHEDULE_PLUS_CROSS_SOURCE_CEILING,2024-07-30,239,235,0.9832635983263598,True,239,235,0.9832635983263598,True,235,0.9832635983263598,True
SCHEDULE_PLUS_CROSS_SOURCE_CEILING,2024-07-31,242,238,0.9834710743801653,True,242,238,0.9834710743801653,True,238,0.9834710743801653,True
SCHEDULE_PLUS_CROSS_SOURCE_CEILING,2024-08-01,239,235,0.9832635983263598,True,239,235,0.9832635983263598,True,235,0.9832635983263598,True
SCHEDULE_PLUS_CROSS_SOURCE_CEILING,2024-08-02,239,235,0.9832635983263598,True,239,235,0.9832635983263598,True,235,0.9832635983263598,True
SCHEDULE_PLUS_CROSS_SOURCE_CEILING,2024-08-05,241,237,0.983402489626556,True,241,237,0.983402489626556,True,237,0.983402489626556,True
SCHEDULE_PLUS_CROSS_SOURCE_CEILING,2024-08-06,241,237,0.983402489626556,True,241,237,0.983402489626556,True,237,0.983402489626556,True
SCHEDULE_PLUS_CROSS_SOURCE_CEILING,2024-08-07,241,237,0.983402489626556,True,241,237,0.983402489626556,True,237,0.983402489626556,True
SCHEDULE_PLUS_CROSS_SOURCE_CEILING,2024-08-08,242,238,0.9834710743801653,True,242,238,0.9834710743801653,True,238,0.9834710743801653,True
SCHEDULE_PLUS_CROSS_SOURCE_CEILING,2024-08-09,242,238,0.9834710743801653,True,242,238,0.9834710743801653,True,238,0.9834710743801653,True
SCHEDULE_PLUS_CROSS_SOURCE_CEILING,2024-08-12,244,240,0.9836065573770492,True,244,240,0.9836065573770492,True,240,0.9836065573770492,True
SCHEDULE_PLUS_CROSS_SOURCE_CEILING,2024-08-13,244,240,0.9836065573770492,True,244,240,0.9836065573770492,True,240,0.9836065573770492,True
SCHEDULE_PLUS_CROSS_SOURCE_CEILING,2024-08-14,243,239,0.9835390946502057,True,243,239,0.9835390946502057,True,239,0.9835390946502057,True
SCHEDULE_PLUS_CROSS_SOURCE_CEILING,2024-08-15,245,241,0.9836734693877551,True,245,241,0.9836734693877551,True,241,0.9836734693877551,True
SCHEDULE_PLUS_CROSS_SOURCE_CEILING,2024-08-16,246,242,0.983739837398374,True,246,242,0.983739837398374,True,242,0.983739837398374,True
SCHEDULE_PLUS_CROSS_SOURCE_CEILING,2024-08-19,246,242,0.983739837398374,True,246,242,0.983739837398374,True,242,0.983739837398374,True
SCHEDULE_PLUS_CROSS_SOURCE_CEILING,2024-08-20,245,241,0.9836734693877551,True,245,241,0.9836734693877551,True,241,0.9836734693877551,True
SCHEDULE_PLUS_CROSS_SOURCE_CEILING,2024-08-21,244,240,0.9836065573770492,True,244,240,0.9836065573770492,True,240,0.9836065573770492,True
SCHEDULE_PLUS_CROSS_SOURCE_CEILING,2024-08-22,244,240,0.9836065573770492,True,244,240,0.9836065573770492,True,240,0.9836065573770492,True
SCHEDULE_PLUS_CROSS_SOURCE_CEILING,2024-08-23,242,238,0.9834710743801653,True,242,238,0.9834710743801653,True,238,0.9834710743801653,True
SCHEDULE_PLUS_CROSS_SOURCE_CEILING,2024-08-26,243,239,0.9835390946502057,True,243,239,0.9835390946502057,True,239,0.9835390946502057,True
SCHEDULE_PLUS_CROSS_SOURCE_CEILING,2024-08-27,242,238,0.9834710743801653,True,242,238,0.9834710743801653,True,238,0.9834710743801653,True
SCHEDULE_PLUS_CROSS_SOURCE_CEILING,2024-08-28,242,238,0.9834710743801653,True,242,238,0.9834710743801653,True,238,0.9834710743801653,True
SCHEDULE_PLUS_CROSS_SOURCE_CEILING,2024-08-29,243,239,0.9835390946502057,True,243,239,0.9835390946502057,True,239,0.9835390946502057,True
SCHEDULE_PLUS_CROSS_SOURCE_CEILING,2024-08-30,242,238,0.9834710743801653,True,242,238,0.9834710743801653,True,238,0.9834710743801653,True
SCHEDULE_PLUS_CROSS_SOURCE_CEILING,2024-09-02,245,241,0.9836734693877551,True,245,241,0.9836734693877551,True,241,0.9836734693877551,True
SCHEDULE_PLUS_CROSS_SOURCE_CEILING,2024-09-03,247,243,0.9838056680161943,True,247,243,0.9838056680161943,True,243,0.9838056680161943,True
SCHEDULE_PLUS_CROSS_SOURCE_CEILING,2024-09-04,248,244,0.9838709677419355,True,248,244,0.9838709677419355,True,244,0.9838709677419355,True
SCHEDULE_PLUS_CROSS_SOURCE_CEILING,2024-09-05,247,243,0.9838056680161943,True,247,243,0.9838056680161943,True,243,0.9838056680161943,True
SCHEDULE_PLUS_CROSS_SOURCE_CEILING,2024-09-06,242,238,0.9834710743801653,True,242,238,0.9834710743801653,True,238,0.9834710743801653,True
SCHEDULE_PLUS_CROSS_SOURCE_CEILING,2024-09-09,243,239,0.9835390946502057,True,243,239,0.9835390946502057,True,239,0.9835390946502057,True
SCHEDULE_PLUS_CROSS_SOURCE_CEILING,2024-09-10,244,240,0.9836065573770492,True,244,240,0.9836065573770492,True,240,0.9836065573770492,True
SCHEDULE_PLUS_CROSS_SOURCE_CEILING,2024-09-11,245,241,0.9836734693877551,True,245,241,0.9836734693877551,True,241,0.9836734693877551,True
SCHEDULE_PLUS_CROSS_SOURCE_CEILING,2024-09-12,246,242,0.983739837398374,True,246,242,0.983739837398374,True,242,0.983739837398374,True
SCHEDULE_PLUS_CROSS_SOURCE_CEILING,2024-09-13,246,242,0.983739837398374,True,246,242,0.983739837398374,True,242,0.983739837398374,True
SCHEDULE_PLUS_CROSS_SOURCE_CEILING,2024-09-17,248,244,0.9838709677419355,True,248,244,0.9838709677419355,True,244,0.9838709677419355,True
SCHEDULE_PLUS_CROSS_SOURCE_CEILING,2024-09-18,245,241,0.9836734693877551,True,245,241,0.9836734693877551,True,241,0.9836734693877551,True
SCHEDULE_PLUS_CROSS_SOURCE_CEILING,2024-09-19,246,242,0.983739837398374,True,246,242,0.983739837398374,True,242,0.983739837398374,True
SCHEDULE_PLUS_CROSS_SOURCE_CEILING,2024-09-20,246,242,0.983739837398374,True,246,242,0.983739837398374,True,242,0.983739837398374,True
SCHEDULE_PLUS_CROSS_SOURCE_CEILING,2024-09-23,246,242,0.983739837398374,True,246,242,0.983739837398374,True,242,0.983739837398374,True
SCHEDULE_PLUS_CROSS_SOURCE_CEILING,2024-09-24,247,243,0.9838056680161943,True,247,243,0.9838056680161943,True,243,0.9838056680161943,True
SCHEDULE_PLUS_CROSS_SOURCE_CEILING,2024-09-25,246,242,0.983739837398374,True,246,242,0.983739837398374,True,242,0.983739837398374,True
SCHEDULE_PLUS_CROSS_SOURCE_CEILING,2024-09-26,248,244,0.9838709677419355,True,248,244,0.9838709677419355,True,244,0.9838709677419355,True
SCHEDULE_PLUS_CROSS_SOURCE_CEILING,2024-09-27,247,243,0.9838056680161943,True,247,243,0.9838056680161943,True,243,0.9838056680161943,True
SCHEDULE_PLUS_CROSS_SOURCE_CEILING,2024-09-30,248,244,0.9838709677419355,True,248,244,0.9838709677419355,True,244,0.9838709677419355,True
SCHEDULE_PLUS_CROSS_SOURCE_CEILING,2024-10-01,248,244,0.9838709677419355,True,248,244,0.9838709677419355,True,244,0.9838709677419355,True
SCHEDULE_PLUS_CROSS_SOURCE_CEILING,2024-10-02,248,244,0.9838709677419355,True,248,244,0.9838709677419355,True,244,0.9838709677419355,True
SCHEDULE_PLUS_CROSS_SOURCE_CEILING,2024-10-03,247,243,0.9838056680161943,True,247,243,0.9838056680161943,True,243,0.9838056680161943,True
SCHEDULE_PLUS_CROSS_SOURCE_CEILING,2024-10-04,249,245,0.9839357429718876,True,249,245,0.9839357429718876,True,245,0.9839357429718876,True
SCHEDULE_PLUS_CROSS_SOURCE_CEILING,2024-10-07,248,244,0.9838709677419355,True,248,244,0.9838709677419355,True,244,0.9838709677419355,True
SCHEDULE_PLUS_CROSS_SOURCE_CEILING,2024-10-08,246,242,0.983739837398374,True,246,242,0.983739837398374,True,242,0.983739837398374,True
SCHEDULE_PLUS_CROSS_SOURCE_CEILING,2024-10-09,247,243,0.9838056680161943,True,247,243,0.9838056680161943,True,243,0.9838056680161943,True
SCHEDULE_PLUS_CROSS_SOURCE_CEILING,2024-10-10,249,245,0.9839357429718876,True,249,245,0.9839357429718876,True,245,0.9839357429718876,True
SCHEDULE_PLUS_CROSS_SOURCE_CEILING,2024-10-11,249,245,0.9839357429718876,True,249,245,0.9839357429718876,True,245,0.9839357429718876,True
SCHEDULE_PLUS_CROSS_SOURCE_CEILING,2024-10-14,249,245,0.9839357429718876,True,249,245,0.9839357429718876,True,245,0.9839357429718876,True
SCHEDULE_PLUS_CROSS_SOURCE_CEILING,2024-10-15,249,245,0.9839357429718876,True,249,245,0.9839357429718876,True,245,0.9839357429718876,True
SCHEDULE_PLUS_CROSS_SOURCE_CEILING,2024-10-16,249,245,0.9839357429718876,True,249,245,0.9839357429718876,True,245,0.9839357429718876,True
SCHEDULE_PLUS_CROSS_SOURCE_CEILING,2024-10-17,249,245,0.9839357429718876,True,249,245,0.9839357429718876,True,245,0.9839357429718876,True
SCHEDULE_PLUS_CROSS_SOURCE_CEILING,2024-10-18,251,247,0.9840637450199203,True,251,247,0.9840637450199203,True,247,0.9840637450199203,True
SCHEDULE_PLUS_CROSS_SOURCE_CEILING,2024-10-21,250,246,0.984,True,250,246,0.984,True,246,0.984,True
SCHEDULE_PLUS_CROSS_SOURCE_CEILING,2024-10-22,250,246,0.984,True,250,246,0.984,True,246,0.984,True
SCHEDULE_PLUS_CROSS_SOURCE_CEILING,2024-10-23,252,248,0.9841269841269841,True,252,248,0.9841269841269841,True,248,0.9841269841269841,True
SCHEDULE_PLUS_CROSS_SOURCE_CEILING,2024-10-24,251,247,0.9840637450199203,True,251,247,0.9840637450199203,True,247,0.9840637450199203,True
SCHEDULE_PLUS_CROSS_SOURCE_CEILING,2024-10-25,251,247,0.9840637450199203,True,251,247,0.9840637450199203,True,247,0.9840637450199203,True
SCHEDULE_PLUS_CROSS_SOURCE_CEILING,2024-10-28,252,248,0.9841269841269841,True,252,247,0.9801587301587301,True,247,0.9801587301587301,True
SCHEDULE_PLUS_CROSS_SOURCE_CEILING,2024-10-29,254,250,0.984251968503937,True,254,249,0.9803149606299213,True,249,0.9803149606299213,True
SCHEDULE_PLUS_CROSS_SOURCE_CEILING,2024-10-30,254,250,0.984251968503937,True,254,249,0.9803149606299213,True,249,0.9803149606299213,True
SCHEDULE_PLUS_CROSS_SOURCE_CEILING,2024-10-31,256,252,0.984375,True,256,251,0.98046875,True,251,0.98046875,True
SCHEDULE_PLUS_CROSS_SOURCE_CEILING,2024-11-01,257,253,0.9844357976653697,True,257,252,0.980544747081712,True,252,0.980544747081712,True
SCHEDULE_PLUS_CROSS_SOURCE_CEILING,2024-11-04,259,254,0.9806949806949807,True,259,254,0.9806949806949807,True,254,0.9806949806949807,True
SCHEDULE_PLUS_CROSS_SOURCE_CEILING,2024-11-05,261,256,0.9808429118773946,True,261,256,0.9808429118773946,True,256,0.9808429118773946,True
SCHEDULE_PLUS_CROSS_SOURCE_CEILING,2024-11-06,262,257,0.9809160305343512,True,262,257,0.9809160305343512,True,257,0.9809160305343512,True
SCHEDULE_PLUS_CROSS_SOURCE_CEILING,2024-11-07,263,258,0.9809885931558935,True,263,258,0.9809885931558935,True,258,0.9809885931558935,True
SCHEDULE_PLUS_CROSS_SOURCE_CEILING,2024-11-08,264,260,0.9848484848484849,True,264,260,0.9848484848484849,True,260,0.9848484848484849,True
SCHEDULE_PLUS_CROSS_SOURCE_CEILING,2024-11-11,264,260,0.9848484848484849,True,264,260,0.9848484848484849,True,260,0.9848484848484849,True
SCHEDULE_PLUS_CROSS_SOURCE_CEILING,2024-11-12,264,260,0.9848484848484849,True,264,260,0.9848484848484849,True,260,0.9848484848484849,True
SCHEDULE_PLUS_CROSS_SOURCE_CEILING,2024-11-13,261,257,0.9846743295019157,True,261,257,0.9846743295019157,True,257,0.9846743295019157,True
SCHEDULE_PLUS_CROSS_SOURCE_CEILING,2024-11-14,260,256,0.9846153846153847,True,260,256,0.9846153846153847,True,256,0.9846153846153847,True
SCHEDULE_PLUS_CROSS_SOURCE_CEILING,2024-11-15,257,253,0.9844357976653697,True,257,253,0.9844357976653697,True,253,0.9844357976653697,True
SCHEDULE_PLUS_CROSS_SOURCE_CEILING,2024-11-18,257,253,0.9844357976653697,True,257,253,0.9844357976653697,True,253,0.9844357976653697,True
SCHEDULE_PLUS_CROSS_SOURCE_CEILING,2024-11-19,258,254,0.9844961240310077,True,258,254,0.9844961240310077,True,254,0.9844961240310077,True
SCHEDULE_PLUS_CROSS_SOURCE_CEILING,2024-11-20,255,251,0.984313725490196,True,255,251,0.984313725490196,True,251,0.984313725490196,True
SCHEDULE_PLUS_CROSS_SOURCE_CEILING,2024-11-21,256,252,0.984375,True,256,252,0.984375,True,252,0.984375,True
SCHEDULE_PLUS_CROSS_SOURCE_CEILING,2024-11-22,252,248,0.9841269841269841,True,252,248,0.9841269841269841,True,248,0.9841269841269841,True
SCHEDULE_PLUS_CROSS_SOURCE_CEILING,2024-11-25,252,248,0.9841269841269841,True,252,248,0.9841269841269841,True,248,0.9841269841269841,True
SCHEDULE_PLUS_CROSS_SOURCE_CEILING,2024-11-26,252,248,0.9841269841269841,True,252,248,0.9841269841269841,True,248,0.9841269841269841,True
SCHEDULE_PLUS_CROSS_SOURCE_CEILING,2024-11-28,252,248,0.9841269841269841,True,252,248,0.9841269841269841,True,248,0.9841269841269841,True
SCHEDULE_PLUS_CROSS_SOURCE_CEILING,2024-11-29,252,248,0.9841269841269841,True,252,248,0.9841269841269841,True,248,0.9841269841269841,True
SCHEDULE_PLUS_CROSS_SOURCE_CEILING,2024-12-02,251,247,0.9840637450199203,True,251,247,0.9840637450199203,True,247,0.9840637450199203,True
SCHEDULE_PLUS_CROSS_SOURCE_CEILING,2024-12-03,249,245,0.9839357429718876,True,249,245,0.9839357429718876,True,245,0.9839357429718876,True
SCHEDULE_PLUS_CROSS_SOURCE_CEILING,2024-12-04,252,248,0.9841269841269841,True,252,248,0.9841269841269841,True,248,0.9841269841269841,True
SCHEDULE_PLUS_CROSS_SOURCE_CEILING,2024-12-05,252,248,0.9841269841269841,True,252,248,0.9841269841269841,True,248,0.9841269841269841,True
SCHEDULE_PLUS_CROSS_SOURCE_CEILING,2024-12-06,251,247,0.9840637450199203,True,251,247,0.9840637450199203,True,247,0.9840637450199203,True
SCHEDULE_PLUS_CROSS_SOURCE_CEILING,2024-12-09,250,246,0.984,True,250,246,0.984,True,246,0.984,True
SCHEDULE_PLUS_CROSS_SOURCE_CEILING,2024-12-10,252,248,0.9841269841269841,True,252,248,0.9841269841269841,True,248,0.9841269841269841,True
SCHEDULE_PLUS_CROSS_SOURCE_CEILING,2024-12-11,255,251,0.984313725490196,True,255,251,0.984313725490196,True,251,0.984313725490196,True
SCHEDULE_PLUS_CROSS_SOURCE_CEILING,2024-12-12,257,253,0.9844357976653697,True,257,253,0.9844357976653697,True,253,0.9844357976653697,True
SCHEDULE_PLUS_CROSS_SOURCE_CEILING,2024-12-13,256,252,0.984375,True,256,251,0.98046875,True,251,0.98046875,True
SCHEDULE_PLUS_CROSS_SOURCE_CEILING,2024-12-16,256,252,0.984375,True,256,251,0.98046875,True,251,0.98046875,True
SCHEDULE_PLUS_CROSS_SOURCE_CEILING,2024-12-17,254,250,0.984251968503937,True,254,249,0.9803149606299213,True,249,0.9803149606299213,True
SCHEDULE_PLUS_CROSS_SOURCE_CEILING,2024-12-18,255,251,0.984313725490196,True,255,250,0.9803921568627451,True,250,0.9803921568627451,True
SCHEDULE_PLUS_CROSS_SOURCE_CEILING,2024-12-19,254,250,0.984251968503937,True,254,249,0.9803149606299213,True,249,0.9803149606299213,True
SCHEDULE_PLUS_CROSS_SOURCE_CEILING,2024-12-20,253,248,0.9802371541501976,True,253,248,0.9802371541501976,True,248,0.9802371541501976,True
SCHEDULE_PLUS_CROSS_SOURCE_CEILING,2024-12-23,249,244,0.9799196787148594,True,249,244,0.9799196787148594,True,244,0.9799196787148594,True
SCHEDULE_PLUS_CROSS_SOURCE_CEILING,2024-12-24,252,247,0.9801587301587301,True,252,247,0.9801587301587301,True,247,0.9801587301587301,True
SCHEDULE_PLUS_CROSS_SOURCE_CEILING,2024-12-27,251,246,0.9800796812749004,True,251,246,0.9800796812749004,True,246,0.9800796812749004,True
SCHEDULE_PLUS_CROSS_SOURCE_CEILING,2024-12-30,248,244,0.9838709677419355,True,248,244,0.9838709677419355,True,244,0.9838709677419355,True
SCHEDULE_PLUS_CROSS_SOURCE_CEILING,2025-01-02,250,246,0.984,True,250,246,0.984,True,246,0.984,True
SCHEDULE_PLUS_CROSS_SOURCE_CEILING,2025-01-03,250,246,0.984,True,250,246,0.984,True,246,0.984,True
SCHEDULE_PLUS_CROSS_SOURCE_CEILING,2025-01-06,248,244,0.9838709677419355,True,248,244,0.9838709677419355,True,244,0.9838709677419355,True
SCHEDULE_PLUS_CROSS_SOURCE_CEILING,2025-01-07,250,246,0.984,True,250,246,0.984,True,246,0.984,True
SCHEDULE_PLUS_CROSS_SOURCE_CEILING,2025-01-08,250,246,0.984,True,250,246,0.984,True,246,0.984,True
SCHEDULE_PLUS_CROSS_SOURCE_CEILING,2025-01-09,246,242,0.983739837398374,True,246,242,0.983739837398374,True,242,0.983739837398374,True
SCHEDULE_PLUS_CROSS_SOURCE_CEILING,2025-01-10,244,240,0.9836065573770492,True,244,240,0.9836065573770492,True,240,0.9836065573770492,True
SCHEDULE_PLUS_CROSS_SOURCE_CEILING,2025-01-13,242,238,0.9834710743801653,True,242,238,0.9834710743801653,True,238,0.9834710743801653,True
SCHEDULE_PLUS_CROSS_SOURCE_CEILING,2025-01-14,240,236,0.9833333333333333,True,240,236,0.9833333333333333,True,236,0.9833333333333333,True
SCHEDULE_PLUS_CROSS_SOURCE_CEILING,2025-01-15,240,236,0.9833333333333333,True,240,236,0.9833333333333333,True,236,0.9833333333333333,True
SCHEDULE_PLUS_CROSS_SOURCE_CEILING,2025-01-16,240,236,0.9833333333333333,True,240,236,0.9833333333333333,True,236,0.9833333333333333,True
SCHEDULE_PLUS_CROSS_SOURCE_CEILING,2025-01-17,239,235,0.9832635983263598,True,239,235,0.9832635983263598,True,235,0.9832635983263598,True
SCHEDULE_PLUS_CROSS_SOURCE_CEILING,2025-01-20,238,234,0.9831932773109243,True,238,234,0.9831932773109243,True,234,0.9831932773109243,True
SCHEDULE_PLUS_CROSS_SOURCE_CEILING,2025-01-21,240,236,0.9833333333333333,True,240,236,0.9833333333333333,True,236,0.9833333333333333,True
SCHEDULE_PLUS_CROSS_SOURCE_CEILING,2025-01-22,240,236,0.9833333333333333,True,240,236,0.9833333333333333,True,236,0.9833333333333333,True
SCHEDULE_PLUS_CROSS_SOURCE_CEILING,2025-01-23,240,236,0.9833333333333333,True,240,236,0.9833333333333333,True,236,0.9833333333333333,True
SCHEDULE_PLUS_CROSS_SOURCE_CEILING,2025-01-24,240,236,0.9833333333333333,True,240,236,0.9833333333333333,True,236,0.9833333333333333,True
SCHEDULE_PLUS_CROSS_SOURCE_CEILING,2025-01-30,240,236,0.9833333333333333,True,240,236,0.9833333333333333,True,236,0.9833333333333333,True
SCHEDULE_PLUS_CROSS_SOURCE_CEILING,2025-01-31,235,231,0.9829787234042553,True,235,231,0.9829787234042553,True,231,0.9829787234042553,True
SCHEDULE_PLUS_CROSS_SOURCE_CEILING,2025-02-03,236,232,0.9830508474576272,True,236,232,0.9830508474576272,True,232,0.9830508474576272,True
SCHEDULE_PLUS_CROSS_SOURCE_CEILING,2025-02-04,230,226,0.9826086956521739,True,230,226,0.9826086956521739,True,226,0.9826086956521739,True
SCHEDULE_PLUS_CROSS_SOURCE_CEILING,2025-02-05,229,225,0.982532751091703,True,229,225,0.982532751091703,True,225,0.982532751091703,True
SCHEDULE_PLUS_CROSS_SOURCE_CEILING,2025-02-06,231,227,0.9826839826839827,True,231,227,0.9826839826839827,True,227,0.9826839826839827,True
SCHEDULE_PLUS_CROSS_SOURCE_CEILING,2025-02-07,234,230,0.9829059829059829,True,234,230,0.9829059829059829,True,230,0.9829059829059829,True
SCHEDULE_PLUS_CROSS_SOURCE_CEILING,2025-02-10,235,231,0.9829787234042553,True,235,231,0.9829787234042553,True,231,0.9829787234042553,True
SCHEDULE_PLUS_CROSS_SOURCE_CEILING,2025-02-11,236,232,0.9830508474576272,True,236,232,0.9830508474576272,True,232,0.9830508474576272,True
SCHEDULE_PLUS_CROSS_SOURCE_CEILING,2025-02-12,235,231,0.9829787234042553,True,235,231,0.9829787234042553,True,231,0.9829787234042553,True
SCHEDULE_PLUS_CROSS_SOURCE_CEILING,2025-02-13,238,234,0.9831932773109243,True,238,234,0.9831932773109243,True,234,0.9831932773109243,True
SCHEDULE_PLUS_CROSS_SOURCE_CEILING,2025-02-14,237,233,0.9831223628691983,True,237,233,0.9831223628691983,True,233,0.9831223628691983,True
SCHEDULE_PLUS_CROSS_SOURCE_CEILING,2025-02-17,232,228,0.9827586206896551,True,232,228,0.9827586206896551,True,228,0.9827586206896551,True
SCHEDULE_PLUS_CROSS_SOURCE_CEILING,2025-02-18,234,230,0.9829059829059829,True,234,230,0.9829059829059829,True,230,0.9829059829059829,True
SCHEDULE_PLUS_CROSS_SOURCE_CEILING,2025-02-19,234,230,0.9829059829059829,True,234,230,0.9829059829059829,True,230,0.9829059829059829,True
SCHEDULE_PLUS_CROSS_SOURCE_CEILING,2025-02-20,234,230,0.9829059829059829,True,234,230,0.9829059829059829,True,230,0.9829059829059829,True
SCHEDULE_PLUS_CROSS_SOURCE_CEILING,2025-02-21,233,229,0.9828326180257511,True,233,229,0.9828326180257511,True,229,0.9828326180257511,True
SCHEDULE_PLUS_CROSS_SOURCE_CEILING,2025-02-24,233,229,0.9828326180257511,True,233,229,0.9828326180257511,True,229,0.9828326180257511,True
SCHEDULE_PLUS_CROSS_SOURCE_CEILING,2025-02-25,230,226,0.9826086956521739,True,230,226,0.9826086956521739,True,226,0.9826086956521739,True
SCHEDULE_PLUS_CROSS_SOURCE_CEILING,2025-02-26,232,228,0.9827586206896551,True,232,228,0.9827586206896551,True,228,0.9827586206896551,True
SCHEDULE_PLUS_CROSS_SOURCE_CEILING,2025-02-27,230,226,0.9826086956521739,True,230,226,0.9826086956521739,True,226,0.9826086956521739,True
SCHEDULE_PLUS_CROSS_SOURCE_CEILING,2025-02-28,231,227,0.9826839826839827,True,231,227,0.9826839826839827,True,227,0.9826839826839827,True
SCHEDULE_PLUS_CROSS_SOURCE_CEILING,2025-03-03,234,230,0.9829059829059829,True,234,230,0.9829059829059829,True,230,0.9829059829059829,True
SCHEDULE_PLUS_CROSS_SOURCE_CEILING,2025-03-04,233,229,0.9828326180257511,True,233,229,0.9828326180257511,True,229,0.9828326180257511,True
SCHEDULE_PLUS_CROSS_SOURCE_CEILING,2025-03-05,236,232,0.9830508474576272,True,236,232,0.9830508474576272,True,232,0.9830508474576272,True
SCHEDULE_PLUS_CROSS_SOURCE_CEILING,2025-03-06,236,232,0.9830508474576272,True,236,232,0.9830508474576272,True,232,0.9830508474576272,True
SCHEDULE_PLUS_CROSS_SOURCE_CEILING,2025-03-07,236,232,0.9830508474576272,True,236,232,0.9830508474576272,True,232,0.9830508474576272,True
SCHEDULE_PLUS_CROSS_SOURCE_CEILING,2025-03-10,234,230,0.9829059829059829,True,234,230,0.9829059829059829,True,230,0.9829059829059829,True
SCHEDULE_PLUS_CROSS_SOURCE_CEILING,2025-03-11,235,231,0.9829787234042553,True,235,231,0.9829787234042553,True,231,0.9829787234042553,True
SCHEDULE_PLUS_CROSS_SOURCE_CEILING,2025-03-12,235,231,0.9829787234042553,True,235,231,0.9829787234042553,True,231,0.9829787234042553,True
SCHEDULE_PLUS_CROSS_SOURCE_CEILING,2025-03-13,235,231,0.9829787234042553,True,235,231,0.9829787234042553,True,231,0.9829787234042553,True
SCHEDULE_PLUS_CROSS_SOURCE_CEILING,2025-03-14,234,230,0.9829059829059829,True,234,230,0.9829059829059829,True,230,0.9829059829059829,True
SCHEDULE_PLUS_CROSS_SOURCE_CEILING,2025-03-17,234,230,0.9829059829059829,True,234,230,0.9829059829059829,True,230,0.9829059829059829,True
SCHEDULE_PLUS_CROSS_SOURCE_CEILING,2025-03-18,234,230,0.9829059829059829,True,234,230,0.9829059829059829,True,230,0.9829059829059829,True
SCHEDULE_PLUS_CROSS_SOURCE_CEILING,2025-03-19,234,230,0.9829059829059829,True,234,230,0.9829059829059829,True,230,0.9829059829059829,True
SCHEDULE_PLUS_CROSS_SOURCE_CEILING,2025-03-20,234,230,0.9829059829059829,True,234,230,0.9829059829059829,True,230,0.9829059829059829,True
SCHEDULE_PLUS_CROSS_SOURCE_CEILING,2025-03-21,233,229,0.9828326180257511,True,233,229,0.9828326180257511,True,229,0.9828326180257511,True
SCHEDULE_PLUS_CROSS_SOURCE_CEILING,2025-03-24,231,227,0.9826839826839827,True,231,227,0.9826839826839827,True,227,0.9826839826839827,True
SCHEDULE_PLUS_CROSS_SOURCE_CEILING,2025-03-25,234,230,0.9829059829059829,True,234,230,0.9829059829059829,True,230,0.9829059829059829,True
SCHEDULE_PLUS_CROSS_SOURCE_CEILING,2025-03-26,232,228,0.9827586206896551,True,232,228,0.9827586206896551,True,228,0.9827586206896551,True
SCHEDULE_PLUS_CROSS_SOURCE_CEILING,2025-03-27,232,228,0.9827586206896551,True,232,228,0.9827586206896551,True,228,0.9827586206896551,True
SCHEDULE_PLUS_CROSS_SOURCE_CEILING,2025-04-08,229,225,0.982532751091703,True,229,225,0.982532751091703,True,225,0.982532751091703,True
SCHEDULE_PLUS_CROSS_SOURCE_CEILING,2025-04-09,228,224,0.9824561403508771,True,228,224,0.9824561403508771,True,224,0.9824561403508771,True
SCHEDULE_PLUS_CROSS_SOURCE_CEILING,2025-04-10,228,224,0.9824561403508771,True,228,224,0.9824561403508771,True,224,0.9824561403508771,True
SCHEDULE_PLUS_CROSS_SOURCE_CEILING,2025-04-11,229,225,0.982532751091703,True,229,225,0.982532751091703,True,225,0.982532751091703,True
SCHEDULE_PLUS_CROSS_SOURCE_CEILING,2025-04-14,229,225,0.982532751091703,True,229,225,0.982532751091703,True,225,0.982532751091703,True
SCHEDULE_PLUS_CROSS_SOURCE_CEILING,2025-04-15,230,226,0.9826086956521739,True,230,226,0.9826086956521739,True,226,0.9826086956521739,True
SCHEDULE_PLUS_CROSS_SOURCE_CEILING,2025-04-16,231,227,0.9826839826839827,True,231,227,0.9826839826839827,True,227,0.9826839826839827,True
SCHEDULE_PLUS_CROSS_SOURCE_CEILING,2025-04-17,229,225,0.982532751091703,True,229,225,0.982532751091703,True,225,0.982532751091703,True
SCHEDULE_PLUS_CROSS_SOURCE_CEILING,2025-04-21,228,224,0.9824561403508771,True,228,224,0.9824561403508771,True,224,0.9824561403508771,True
SCHEDULE_PLUS_CROSS_SOURCE_CEILING,2025-04-22,228,224,0.9824561403508771,True,228,224,0.9824561403508771,True,224,0.9824561403508771,True
SCHEDULE_PLUS_CROSS_SOURCE_CEILING,2025-04-23,226,222,0.9823008849557522,True,226,222,0.9823008849557522,True,222,0.9823008849557522,True
SCHEDULE_PLUS_CROSS_SOURCE_CEILING,2025-04-24,226,222,0.9823008849557522,True,226,222,0.9823008849557522,True,222,0.9823008849557522,True
SCHEDULE_PLUS_CROSS_SOURCE_CEILING,2025-04-25,227,223,0.9823788546255506,True,227,223,0.9823788546255506,True,223,0.9823788546255506,True
SCHEDULE_PLUS_CROSS_SOURCE_CEILING,2025-04-28,225,221,0.9822222222222222,True,225,221,0.9822222222222222,True,221,0.9822222222222222,True
SCHEDULE_PLUS_CROSS_SOURCE_CEILING,2025-04-29,224,220,0.9821428571428571,True,224,220,0.9821428571428571,True,220,0.9821428571428571,True
SCHEDULE_PLUS_CROSS_SOURCE_CEILING,2025-04-30,222,218,0.9819819819819819,True,222,218,0.9819819819819819,True,218,0.9819819819819819,True
SCHEDULE_PLUS_CROSS_SOURCE_CEILING,2025-05-02,226,222,0.9823008849557522,True,226,222,0.9823008849557522,True,222,0.9823008849557522,True
SCHEDULE_PLUS_CROSS_SOURCE_CEILING,2025-05-05,225,221,0.9822222222222222,True,225,221,0.9822222222222222,True,221,0.9822222222222222,True
SCHEDULE_PLUS_CROSS_SOURCE_CEILING,2025-05-06,226,222,0.9823008849557522,True,226,222,0.9823008849557522,True,222,0.9823008849557522,True
SCHEDULE_PLUS_CROSS_SOURCE_CEILING,2025-05-07,225,221,0.9822222222222222,True,225,221,0.9822222222222222,True,221,0.9822222222222222,True
SCHEDULE_PLUS_CROSS_SOURCE_CEILING,2025-05-08,226,222,0.9823008849557522,True,226,222,0.9823008849557522,True,222,0.9823008849557522,True
SCHEDULE_PLUS_CROSS_SOURCE_CEILING,2025-05-09,224,220,0.9821428571428571,True,224,220,0.9821428571428571,True,220,0.9821428571428571,True
SCHEDULE_PLUS_CROSS_SOURCE_CEILING,2025-05-14,223,219,0.9820627802690582,True,223,219,0.9820627802690582,True,219,0.9820627802690582,True
SCHEDULE_PLUS_CROSS_SOURCE_CEILING,2025-05-15,227,223,0.9823788546255506,True,227,223,0.9823788546255506,True,223,0.9823788546255506,True
SCHEDULE_PLUS_CROSS_SOURCE_CEILING,2025-05-16,227,223,0.9823788546255506,True,227,223,0.9823788546255506,True,223,0.9823788546255506,True
SCHEDULE_PLUS_CROSS_SOURCE_CEILING,2025-05-19,228,224,0.9824561403508771,True,228,223,0.9780701754385965,True,223,0.9780701754385965,True
SCHEDULE_PLUS_CROSS_SOURCE_CEILING,2025-05-20,227,222,0.9779735682819384,True,227,222,0.9779735682819384,True,222,0.9779735682819384,True
SCHEDULE_PLUS_CROSS_SOURCE_CEILING,2025-05-21,228,223,0.9780701754385965,True,228,221,0.9692982456140351,True,221,0.9692982456140351,True
SCHEDULE_PLUS_CROSS_SOURCE_CEILING,2025-05-22,229,224,0.9781659388646288,True,229,222,0.9694323144104804,True,222,0.9694323144104804,True
SCHEDULE_PLUS_CROSS_SOURCE_CEILING,2025-05-23,229,224,0.9781659388646288,True,229,222,0.9694323144104804,True,222,0.9694323144104804,True
SCHEDULE_PLUS_CROSS_SOURCE_CEILING,2025-05-26,230,226,0.9826086956521739,True,230,224,0.9739130434782609,True,224,0.9739130434782609,True
SCHEDULE_PLUS_CROSS_SOURCE_CEILING,2025-05-27,233,229,0.9828326180257511,True,233,227,0.9742489270386266,True,227,0.9742489270386266,True
SCHEDULE_PLUS_CROSS_SOURCE_CEILING,2025-05-28,235,229,0.9744680851063829,True,235,229,0.9744680851063829,True,229,0.9744680851063829,True
SCHEDULE_PLUS_CROSS_SOURCE_CEILING,2025-06-02,236,230,0.9745762711864406,True,236,230,0.9745762711864406,True,230,0.9745762711864406,True
SCHEDULE_PLUS_CROSS_SOURCE_CEILING,2025-06-03,235,229,0.9744680851063829,True,235,229,0.9744680851063829,True,229,0.9744680851063829,True
SCHEDULE_PLUS_CROSS_SOURCE_CEILING,2025-06-04,235,229,0.9744680851063829,True,235,229,0.9744680851063829,True,229,0.9744680851063829,True
SCHEDULE_PLUS_CROSS_SOURCE_CEILING,2025-06-05,237,233,0.9831223628691983,True,237,233,0.9831223628691983,True,233,0.9831223628691983,True
SCHEDULE_PLUS_CROSS_SOURCE_CEILING,2025-06-10,238,234,0.9831932773109243,True,238,234,0.9831932773109243,True,234,0.9831932773109243,True
SCHEDULE_PLUS_CROSS_SOURCE_CEILING,2025-06-11,238,234,0.9831932773109243,True,238,234,0.9831932773109243,True,234,0.9831932773109243,True
SCHEDULE_PLUS_CROSS_SOURCE_CEILING,2025-06-12,238,234,0.9831932773109243,True,238,234,0.9831932773109243,True,234,0.9831932773109243,True
SCHEDULE_PLUS_CROSS_SOURCE_CEILING,2025-06-13,241,237,0.983402489626556,True,241,237,0.983402489626556,True,237,0.983402489626556,True
SCHEDULE_PLUS_CROSS_SOURCE_CEILING,2025-06-16,241,237,0.983402489626556,True,241,237,0.983402489626556,True,237,0.983402489626556,True
SCHEDULE_PLUS_CROSS_SOURCE_CEILING,2025-06-17,240,236,0.9833333333333333,True,240,235,0.9791666666666666,True,235,0.9791666666666666,True
SCHEDULE_PLUS_CROSS_SOURCE_CEILING,2025-06-18,239,235,0.9832635983263598,True,239,234,0.9790794979079498,True,234,0.9790794979079498,True
SCHEDULE_PLUS_CROSS_SOURCE_CEILING,2025-06-19,240,236,0.9833333333333333,True,240,235,0.9791666666666666,True,235,0.9791666666666666,True
SCHEDULE_PLUS_CROSS_SOURCE_CEILING,2025-06-20,239,235,0.9832635983263598,True,239,233,0.9748953974895398,True,233,0.9748953974895398,True
SCHEDULE_PLUS_CROSS_SOURCE_CEILING,2025-06-23,239,235,0.9832635983263598,True,239,233,0.9748953974895398,True,233,0.9748953974895398,True
SCHEDULE_PLUS_CROSS_SOURCE_CEILING,2025-06-24,241,236,0.979253112033195,True,241,233,0.966804979253112,True,233,0.966804979253112,True
SCHEDULE_PLUS_CROSS_SOURCE_CEILING,2025-06-25,243,238,0.9794238683127572,True,243,235,0.9670781893004116,True,235,0.9670781893004116,True
SCHEDULE_PLUS_CROSS_SOURCE_CEILING,2025-06-26,244,239,0.9795081967213115,True,244,236,0.9672131147540983,True,236,0.9672131147540983,True
SCHEDULE_PLUS_CROSS_SOURCE_CEILING,2025-06-30,244,238,0.9754098360655737,True,244,236,0.9672131147540983,True,236,0.9672131147540983,True
SCHEDULE_PLUS_CROSS_SOURCE_CEILING,2025-07-01,242,237,0.9793388429752066,True,242,235,0.9710743801652892,True,235,0.9710743801652892,True
SCHEDULE_PLUS_CROSS_SOURCE_CEILING,2025-07-02,241,234,0.970954356846473,True,241,234,0.970954356846473,True,234,0.970954356846473,True
SCHEDULE_PLUS_CROSS_SOURCE_CEILING,2025-07-03,242,235,0.9710743801652892,True,242,235,0.9710743801652892,True,235,0.9710743801652892,True
SCHEDULE_PLUS_CROSS_SOURCE_CEILING,2025-07-04,244,238,0.9754098360655737,True,244,238,0.9754098360655737,True,238,0.9754098360655737,True
SCHEDULE_PLUS_CROSS_SOURCE_CEILING,2025-07-07,242,236,0.9752066115702479,True,242,236,0.9752066115702479,True,236,0.9752066115702479,True
SCHEDULE_PLUS_CROSS_SOURCE_CEILING,2025-07-08,242,238,0.9834710743801653,True,242,238,0.9834710743801653,True,238,0.9834710743801653,True
SCHEDULE_PLUS_CROSS_SOURCE_CEILING,2025-07-09,241,237,0.983402489626556,True,241,237,0.983402489626556,True,237,0.983402489626556,True
SCHEDULE_PLUS_CROSS_SOURCE_CEILING,2025-07-10,242,237,0.9793388429752066,True,242,237,0.9793388429752066,True,237,0.9793388429752066,True
SCHEDULE_PLUS_CROSS_SOURCE_CEILING,2025-07-11,242,237,0.9793388429752066,True,242,237,0.9793388429752066,True,237,0.9793388429752066,True
SCHEDULE_PLUS_CROSS_SOURCE_CEILING,2025-07-14,242,237,0.9793388429752066,True,242,237,0.9793388429752066,True,237,0.9793388429752066,True
SCHEDULE_PLUS_CROSS_SOURCE_CEILING,2025-07-15,244,239,0.9795081967213115,True,244,239,0.9795081967213115,True,239,0.9795081967213115,True
SCHEDULE_PLUS_CROSS_SOURCE_CEILING,2025-07-16,245,240,0.9795918367346939,True,245,240,0.9795918367346939,True,240,0.9795918367346939,True
SCHEDULE_PLUS_CROSS_SOURCE_CEILING,2025-07-17,247,242,0.979757085020243,True,247,242,0.979757085020243,True,242,0.979757085020243,True
SCHEDULE_PLUS_CROSS_SOURCE_CEILING,2025-07-18,248,243,0.9798387096774194,True,248,243,0.9798387096774194,True,243,0.9798387096774194,True
SCHEDULE_PLUS_CROSS_SOURCE_CEILING,2025-07-21,250,245,0.98,True,250,245,0.98,True,245,0.98,True
SCHEDULE_PLUS_CROSS_SOURCE_CEILING,2025-07-22,250,245,0.98,True,250,245,0.98,True,245,0.98,True
SCHEDULE_PLUS_CROSS_SOURCE_CEILING,2025-07-23,250,245,0.98,True,250,245,0.98,True,245,0.98,True
SCHEDULE_PLUS_CROSS_SOURCE_CEILING,2025-07-24,249,244,0.9799196787148594,True,249,244,0.9799196787148594,True,244,0.9799196787148594,True
SCHEDULE_PLUS_CROSS_SOURCE_CEILING,2025-07-25,251,246,0.9800796812749004,True,251,246,0.9800796812749004,True,246,0.9800796812749004,True
SCHEDULE_PLUS_CROSS_SOURCE_CEILING,2025-07-28,252,247,0.9801587301587301,True,252,247,0.9801587301587301,True,247,0.9801587301587301,True
SCHEDULE_PLUS_CROSS_SOURCE_CEILING,2025-07-29,255,250,0.9803921568627451,True,255,250,0.9803921568627451,True,250,0.9803921568627451,True
SCHEDULE_PLUS_CROSS_SOURCE_CEILING,2025-07-30,256,251,0.98046875,True,256,251,0.98046875,True,251,0.98046875,True
SCHEDULE_PLUS_CROSS_SOURCE_CEILING,2025-07-31,256,251,0.98046875,True,256,251,0.98046875,True,251,0.98046875,True
SCHEDULE_PLUS_CROSS_SOURCE_CEILING,2025-08-01,256,251,0.98046875,True,256,251,0.98046875,True,251,0.98046875,True
SCHEDULE_PLUS_CROSS_SOURCE_CEILING,2025-08-04,258,253,0.9806201550387597,True,258,253,0.9806201550387597,True,253,0.9806201550387597,True
SCHEDULE_PLUS_CROSS_SOURCE_CEILING,2025-08-05,259,254,0.9806949806949807,True,259,254,0.9806949806949807,True,254,0.9806949806949807,True
SCHEDULE_PLUS_CROSS_SOURCE_CEILING,2025-08-06,261,256,0.9808429118773946,True,261,256,0.9808429118773946,True,256,0.9808429118773946,True
SCHEDULE_PLUS_CROSS_SOURCE_CEILING,2025-08-07,262,257,0.9809160305343512,True,262,257,0.9809160305343512,True,257,0.9809160305343512,True
SCHEDULE_PLUS_CROSS_SOURCE_CEILING,2025-08-08,267,262,0.9812734082397003,True,267,262,0.9812734082397003,True,262,0.9812734082397003,True
SCHEDULE_PLUS_CROSS_SOURCE_CEILING,2025-08-11,266,261,0.981203007518797,True,266,261,0.981203007518797,True,261,0.981203007518797,True
SCHEDULE_PLUS_CROSS_SOURCE_CEILING,2025-08-12,266,261,0.981203007518797,True,266,261,0.981203007518797,True,261,0.981203007518797,True
SCHEDULE_PLUS_CROSS_SOURCE_CEILING,2025-08-13,267,262,0.9812734082397003,True,267,262,0.9812734082397003,True,262,0.9812734082397003,True
SCHEDULE_PLUS_CROSS_SOURCE_CEILING,2025-08-14,266,261,0.981203007518797,True,266,261,0.981203007518797,True,261,0.981203007518797,True
SCHEDULE_PLUS_CROSS_SOURCE_CEILING,2025-08-15,268,263,0.9813432835820896,True,268,263,0.9813432835820896,True,263,0.9813432835820896,True
SCHEDULE_PLUS_CROSS_SOURCE_CEILING,2025-08-19,267,262,0.9812734082397003,True,267,262,0.9812734082397003,True,262,0.9812734082397003,True
SCHEDULE_PLUS_CROSS_SOURCE_CEILING,2025-08-20,268,263,0.9813432835820896,True,268,263,0.9813432835820896,True,263,0.9813432835820896,True
SCHEDULE_PLUS_CROSS_SOURCE_CEILING,2025-08-21,266,261,0.981203007518797,True,266,261,0.981203007518797,True,261,0.981203007518797,True
SCHEDULE_PLUS_CROSS_SOURCE_CEILING,2025-08-22,268,263,0.9813432835820896,True,268,263,0.9813432835820896,True,263,0.9813432835820896,True
SCHEDULE_PLUS_CROSS_SOURCE_CEILING,2025-08-25,269,264,0.9814126394052045,True,269,264,0.9814126394052045,True,264,0.9814126394052045,True
SCHEDULE_PLUS_CROSS_SOURCE_CEILING,2025-08-26,269,264,0.9814126394052045,True,269,264,0.9814126394052045,True,264,0.9814126394052045,True
SCHEDULE_PLUS_CROSS_SOURCE_CEILING,2025-08-27,273,268,0.9816849816849816,True,273,268,0.9816849816849816,True,268,0.9816849816849816,True
SCHEDULE_PLUS_CROSS_SOURCE_CEILING,2025-08-28,273,268,0.9816849816849816,True,273,268,0.9816849816849816,True,268,0.9816849816849816,True
SCHEDULE_PLUS_CROSS_SOURCE_CEILING,2025-08-29,271,266,0.981549815498155,True,271,266,0.981549815498155,True,266,0.981549815498155,True
SCHEDULE_PLUS_CROSS_SOURCE_CEILING,2025-09-01,275,270,0.9818181818181818,True,275,270,0.9818181818181818,True,270,0.9818181818181818,True
SCHEDULE_PLUS_CROSS_SOURCE_CEILING,2025-09-02,276,271,0.9818840579710145,True,276,271,0.9818840579710145,True,271,0.9818840579710145,True
SCHEDULE_PLUS_CROSS_SOURCE_CEILING,2025-09-03,278,273,0.9820143884892086,True,278,273,0.9820143884892086,True,273,0.9820143884892086,True
SCHEDULE_PLUS_CROSS_SOURCE_CEILING,2025-09-04,279,274,0.982078853046595,True,279,274,0.982078853046595,True,274,0.982078853046595,True
SCHEDULE_PLUS_CROSS_SOURCE_CEILING,2025-09-08,281,276,0.9822064056939501,True,281,276,0.9822064056939501,True,276,0.9822064056939501,True
SCHEDULE_PLUS_CROSS_SOURCE_CEILING,2025-09-09,282,277,0.9822695035460993,True,282,277,0.9822695035460993,True,277,0.9822695035460993,True
SCHEDULE_PLUS_CROSS_SOURCE_CEILING,2025-09-10,283,278,0.9823321554770318,True,283,278,0.9823321554770318,True,278,0.9823321554770318,True
SCHEDULE_PLUS_CROSS_SOURCE_CEILING,2025-09-11,287,282,0.9825783972125436,True,287,282,0.9825783972125436,True,282,0.9825783972125436,True
SCHEDULE_PLUS_CROSS_SOURCE_CEILING,2025-09-12,289,284,0.9826989619377162,True,289,284,0.9826989619377162,True,284,0.9826989619377162,True
SCHEDULE_PLUS_CROSS_SOURCE_CEILING,2025-09-15,289,284,0.9826989619377162,True,289,284,0.9826989619377162,True,284,0.9826989619377162,True
SCHEDULE_PLUS_CROSS_SOURCE_CEILING,2025-09-16,293,288,0.9829351535836177,True,293,288,0.9829351535836177,True,288,0.9829351535836177,True
SCHEDULE_PLUS_CROSS_SOURCE_CEILING,2025-09-17,293,288,0.9829351535836177,True,293,288,0.9829351535836177,True,288,0.9829351535836177,True
SCHEDULE_PLUS_CROSS_SOURCE_CEILING,2025-09-18,298,293,0.9832214765100671,True,298,293,0.9832214765100671,True,293,0.9832214765100671,True
SCHEDULE_PLUS_CROSS_SOURCE_CEILING,2025-09-19,298,293,0.9832214765100671,True,298,293,0.9832214765100671,True,293,0.9832214765100671,True
SCHEDULE_PLUS_CROSS_SOURCE_CEILING,2025-09-22,299,294,0.9832775919732442,True,299,294,0.9832775919732442,True,294,0.9832775919732442,True
SCHEDULE_PLUS_CROSS_SOURCE_CEILING,2025-09-23,304,299,0.9835526315789473,True,304,299,0.9835526315789473,True,299,0.9835526315789473,True
SCHEDULE_PLUS_CROSS_SOURCE_CEILING,2025-09-24,306,301,0.9836601307189542,True,306,301,0.9836601307189542,True,301,0.9836601307189542,True
SCHEDULE_PLUS_CROSS_SOURCE_CEILING,2025-09-25,311,305,0.9807073954983923,True,311,305,0.9807073954983923,True,305,0.9807073954983923,True
SCHEDULE_PLUS_CROSS_SOURCE_CEILING,2025-09-26,311,305,0.9807073954983923,True,311,305,0.9807073954983923,True,305,0.9807073954983923,True
SCHEDULE_PLUS_CROSS_SOURCE_CEILING,2025-09-29,316,309,0.9778481012658228,True,316,309,0.9778481012658228,True,309,0.9778481012658228,True
SCHEDULE_PLUS_CROSS_SOURCE_CEILING,2025-09-30,316,309,0.9778481012658228,True,316,309,0.9778481012658228,True,309,0.9778481012658228,True
SCHEDULE_PLUS_CROSS_SOURCE_CEILING,2025-10-01,323,316,0.978328173374613,True,323,316,0.978328173374613,True,316,0.978328173374613,True
SCHEDULE_PLUS_CROSS_SOURCE_CEILING,2025-10-02,330,321,0.9727272727272728,True,330,321,0.9727272727272728,True,321,0.9727272727272728,True
SCHEDULE_PLUS_CROSS_SOURCE_CEILING,2025-10-03,334,325,0.9730538922155688,True,334,325,0.9730538922155688,True,325,0.9730538922155688,True
SCHEDULE_PLUS_CROSS_SOURCE_CEILING,2025-10-06,332,323,0.9728915662650602,True,332,323,0.9728915662650602,True,323,0.9728915662650602,True
SCHEDULE_PLUS_CROSS_SOURCE_CEILING,2025-10-07,340,331,0.9735294117647059,True,340,331,0.9735294117647059,True,331,0.9735294117647059,True
SCHEDULE_PLUS_CROSS_SOURCE_CEILING,2025-10-08,343,334,0.9737609329446064,True,343,334,0.9737609329446064,True,334,0.9737609329446064,True
SCHEDULE_PLUS_CROSS_SOURCE_CEILING,2025-10-09,348,339,0.9741379310344828,True,348,339,0.9741379310344828,True,339,0.9741379310344828,True
SCHEDULE_PLUS_CROSS_SOURCE_CEILING,2025-10-10,349,340,0.9742120343839542,True,349,340,0.9742120343839542,True,340,0.9742120343839542,True
SCHEDULE_PLUS_CROSS_SOURCE_CEILING,2025-10-13,356,347,0.9747191011235955,True,356,347,0.9747191011235955,True,347,0.9747191011235955,True
SCHEDULE_PLUS_CROSS_SOURCE_CEILING,2025-10-14,361,352,0.9750692520775623,True,361,352,0.9750692520775623,True,352,0.9750692520775623,True
SCHEDULE_PLUS_CROSS_SOURCE_CEILING,2025-10-15,361,352,0.9750692520775623,True,361,352,0.9750692520775623,True,352,0.9750692520775623,True
SCHEDULE_PLUS_CROSS_SOURCE_CEILING,2025-10-16,365,356,0.9753424657534246,True,365,356,0.9753424657534246,True,356,0.9753424657534246,True
SCHEDULE_PLUS_CROSS_SOURCE_CEILING,2025-10-17,367,358,0.9754768392370572,True,367,358,0.9754768392370572,True,358,0.9754768392370572,True
SCHEDULE_PLUS_CROSS_SOURCE_CEILING,2025-10-20,370,361,0.9756756756756757,True,370,361,0.9756756756756757,True,361,0.9756756756756757,True
SCHEDULE_PLUS_CROSS_SOURCE_CEILING,2025-10-21,375,366,0.976,True,375,366,0.976,True,366,0.976,True
SCHEDULE_PLUS_CROSS_SOURCE_CEILING,2025-10-22,376,367,0.976063829787234,True,376,367,0.976063829787234,True,367,0.976063829787234,True
SCHEDULE_PLUS_CROSS_SOURCE_CEILING,2025-10-23,376,367,0.976063829787234,True,376,367,0.976063829787234,True,367,0.976063829787234,True
SCHEDULE_PLUS_CROSS_SOURCE_CEILING,2025-10-24,379,370,0.9762532981530343,True,379,370,0.9762532981530343,True,370,0.9762532981530343,True
SCHEDULE_PLUS_CROSS_SOURCE_CEILING,2025-10-27,381,372,0.9763779527559056,True,381,372,0.9763779527559056,True,372,0.9763779527559056,True
SCHEDULE_PLUS_CROSS_SOURCE_CEILING,2025-10-28,379,370,0.9762532981530343,True,379,370,0.9762532981530343,True,370,0.9762532981530343,True
SCHEDULE_PLUS_CROSS_SOURCE_CEILING,2025-10-29,382,373,0.9764397905759162,True,382,373,0.9764397905759162,True,373,0.9764397905759162,True
SCHEDULE_PLUS_CROSS_SOURCE_CEILING,2025-10-30,388,379,0.9768041237113402,True,388,379,0.9768041237113402,True,379,0.9768041237113402,True
SCHEDULE_PLUS_CROSS_SOURCE_CEILING,2025-10-31,388,379,0.9768041237113402,True,388,379,0.9768041237113402,True,379,0.9768041237113402,True
SCHEDULE_PLUS_CROSS_SOURCE_CEILING,2025-11-03,391,381,0.9744245524296675,True,391,381,0.9744245524296675,True,381,0.9744245524296675,True
SCHEDULE_PLUS_CROSS_SOURCE_CEILING,2025-11-04,394,384,0.9746192893401016,True,394,384,0.9746192893401016,True,384,0.9746192893401016,True
SCHEDULE_PLUS_CROSS_SOURCE_CEILING,2025-11-05,394,384,0.9746192893401016,True,394,384,0.9746192893401016,True,384,0.9746192893401016,True
SCHEDULE_PLUS_CROSS_SOURCE_CEILING,2025-11-06,390,380,0.9743589743589743,True,390,380,0.9743589743589743,True,380,0.9743589743589743,True
SCHEDULE_PLUS_CROSS_SOURCE_CEILING,2025-11-07,391,381,0.9744245524296675,True,391,381,0.9744245524296675,True,381,0.9744245524296675,True
SCHEDULE_PLUS_CROSS_SOURCE_CEILING,2025-11-10,394,384,0.9746192893401016,True,394,384,0.9746192893401016,True,384,0.9746192893401016,True
SCHEDULE_PLUS_CROSS_SOURCE_CEILING,2025-11-11,393,383,0.9745547073791349,True,393,383,0.9745547073791349,True,383,0.9745547073791349,True
SCHEDULE_PLUS_CROSS_SOURCE_CEILING,2025-11-12,393,383,0.9745547073791349,True,393,383,0.9745547073791349,True,383,0.9745547073791349,True
SCHEDULE_PLUS_CROSS_SOURCE_CEILING,2025-11-13,393,383,0.9745547073791349,True,393,383,0.9745547073791349,True,383,0.9745547073791349,True
SCHEDULE_PLUS_CROSS_SOURCE_CEILING,2025-11-14,393,383,0.9745547073791349,True,393,383,0.9745547073791349,True,383,0.9745547073791349,True
SCHEDULE_PLUS_CROSS_SOURCE_CEILING,2025-11-17,393,383,0.9745547073791349,True,393,383,0.9745547073791349,True,383,0.9745547073791349,True
SCHEDULE_PLUS_CROSS_SOURCE_CEILING,2025-11-18,390,380,0.9743589743589743,True,390,380,0.9743589743589743,True,380,0.9743589743589743,True
SCHEDULE_PLUS_CROSS_SOURCE_CEILING,2025-11-19,393,383,0.9745547073791349,True,393,383,0.9745547073791349,True,383,0.9745547073791349,True
SCHEDULE_PLUS_CROSS_SOURCE_CEILING,2025-11-20,392,382,0.9744897959183674,True,392,382,0.9744897959183674,True,382,0.9744897959183674,True
SCHEDULE_PLUS_CROSS_SOURCE_CEILING,2025-11-21,389,379,0.974293059125964,True,389,379,0.974293059125964,True,379,0.974293059125964,True
SCHEDULE_PLUS_CROSS_SOURCE_CEILING,2025-11-24,392,382,0.9744897959183674,True,392,382,0.9744897959183674,True,382,0.9744897959183674,True
SCHEDULE_PLUS_CROSS_SOURCE_CEILING,2025-11-25,394,384,0.9746192893401016,True,394,384,0.9746192893401016,True,384,0.9746192893401016,True
SCHEDULE_PLUS_CROSS_SOURCE_CEILING,2025-11-26,390,381,0.9769230769230769,True,390,381,0.9769230769230769,True,381,0.9769230769230769,True
SCHEDULE_PLUS_CROSS_SOURCE_CEILING,2025-11-27,389,380,0.9768637532133676,True,389,380,0.9768637532133676,True,380,0.9768637532133676,True
SCHEDULE_PLUS_CROSS_SOURCE_CEILING,2025-11-28,389,380,0.9768637532133676,True,389,380,0.9768637532133676,True,380,0.9768637532133676,True
SCHEDULE_PLUS_CROSS_SOURCE_CEILING,2025-12-01,391,381,0.9744245524296675,True,391,381,0.9744245524296675,True,381,0.9744245524296675,True
SCHEDULE_PLUS_CROSS_SOURCE_CEILING,2025-12-02,389,379,0.974293059125964,True,389,379,0.974293059125964,True,379,0.974293059125964,True
SCHEDULE_PLUS_CROSS_SOURCE_CEILING,2025-12-03,393,383,0.9745547073791349,True,393,383,0.9745547073791349,True,383,0.9745547073791349,True
SCHEDULE_PLUS_CROSS_SOURCE_CEILING,2025-12-04,393,383,0.9745547073791349,True,393,383,0.9745547073791349,True,383,0.9745547073791349,True
SCHEDULE_PLUS_CROSS_SOURCE_CEILING,2025-12-05,387,378,0.9767441860465116,True,387,378,0.9767441860465116,True,378,0.9767441860465116,True
SCHEDULE_PLUS_CROSS_SOURCE_CEILING,2025-12-08,390,381,0.9769230769230769,True,390,381,0.9769230769230769,True,381,0.9769230769230769,True
SCHEDULE_PLUS_CROSS_SOURCE_CEILING,2025-12-09,390,381,0.9769230769230769,True,390,381,0.9769230769230769,True,381,0.9769230769230769,True
SCHEDULE_PLUS_CROSS_SOURCE_CEILING,2025-12-10,390,381,0.9769230769230769,True,390,381,0.9769230769230769,True,381,0.9769230769230769,True
SCHEDULE_PLUS_CROSS_SOURCE_CEILING,2025-12-11,391,382,0.9769820971867008,True,391,382,0.9769820971867008,True,382,0.9769820971867008,True
SCHEDULE_PLUS_CROSS_SOURCE_CEILING,2025-12-12,392,383,0.9770408163265306,True,392,383,0.9770408163265306,True,383,0.9770408163265306,True
SCHEDULE_PLUS_CROSS_SOURCE_CEILING,2025-12-15,388,379,0.9768041237113402,True,388,379,0.9768041237113402,True,379,0.9768041237113402,True
SCHEDULE_PLUS_CROSS_SOURCE_CEILING,2025-12-16,386,378,0.9792746113989638,True,386,378,0.9792746113989638,True,378,0.9792746113989638,True
SCHEDULE_PLUS_CROSS_SOURCE_CEILING,2025-12-17,387,378,0.9767441860465116,True,387,378,0.9767441860465116,True,378,0.9767441860465116,True
SCHEDULE_PLUS_CROSS_SOURCE_CEILING,2025-12-18,387,378,0.9767441860465116,True,387,378,0.9767441860465116,True,378,0.9767441860465116,True
SCHEDULE_PLUS_CROSS_SOURCE_CEILING,2025-12-19,388,380,0.979381443298969,True,388,380,0.979381443298969,True,380,0.979381443298969,True
SCHEDULE_PLUS_CROSS_SOURCE_CEILING,2025-12-22,389,381,0.9794344473007712,True,389,381,0.9794344473007712,True,381,0.9794344473007712,True
SCHEDULE_PLUS_CROSS_SOURCE_CEILING,2025-12-23,391,383,0.979539641943734,True,391,383,0.979539641943734,True,383,0.979539641943734,True
SCHEDULE_PLUS_CROSS_SOURCE_CEILING,2025-12-24,390,382,0.9794871794871794,True,390,382,0.9794871794871794,True,382,0.9794871794871794,True
SCHEDULE_PLUS_CROSS_SOURCE_CEILING,2025-12-29,390,382,0.9794871794871794,True,390,382,0.9794871794871794,True,382,0.9794871794871794,True
SCHEDULE_PLUS_CROSS_SOURCE_CEILING,2025-12-30,391,383,0.979539641943734,True,391,383,0.979539641943734,True,383,0.979539641943734,True
SCHEDULE_PLUS_CROSS_SOURCE_CEILING,2026-01-02,388,380,0.979381443298969,True,388,380,0.979381443298969,True,380,0.979381443298969,True
SCHEDULE_PLUS_CROSS_SOURCE_CEILING,2026-01-05,383,376,0.9817232375979112,True,383,376,0.9817232375979112,True,376,0.9817232375979112,True
SCHEDULE_PLUS_CROSS_SOURCE_CEILING,2026-01-06,384,376,0.9791666666666666,True,384,376,0.9791666666666666,True,376,0.9791666666666666,True
SCHEDULE_PLUS_CROSS_SOURCE_CEILING,2026-01-07,384,376,0.9791666666666666,True,384,376,0.9791666666666666,True,376,0.9791666666666666,True
SCHEDULE_PLUS_CROSS_SOURCE_CEILING,2026-01-08,386,378,0.9792746113989638,True,386,378,0.9792746113989638,True,378,0.9792746113989638,True
SCHEDULE_PLUS_CROSS_SOURCE_CEILING,2026-01-09,385,377,0.9792207792207792,True,385,377,0.9792207792207792,True,377,0.9792207792207792,True
SCHEDULE_PLUS_CROSS_SOURCE_CEILING,2026-01-12,386,378,0.9792746113989638,True,386,378,0.9792746113989638,True,378,0.9792746113989638,True
SCHEDULE_PLUS_CROSS_SOURCE_CEILING,2026-01-13,384,377,0.9817708333333334,True,384,377,0.9817708333333334,True,377,0.9817708333333334,True
SCHEDULE_PLUS_CROSS_SOURCE_CEILING,2026-01-14,385,378,0.9818181818181818,True,385,378,0.9818181818181818,True,378,0.9818181818181818,True
SCHEDULE_PLUS_CROSS_SOURCE_CEILING,2026-01-15,387,380,0.9819121447028424,True,387,380,0.9819121447028424,True,380,0.9819121447028424,True
SCHEDULE_PLUS_CROSS_SOURCE_CEILING,2026-01-19,392,385,0.9821428571428571,True,392,385,0.9821428571428571,True,385,0.9821428571428571,True
SCHEDULE_PLUS_CROSS_SOURCE_CEILING,2026-01-20,394,387,0.9822335025380711,True,394,387,0.9822335025380711,True,387,0.9822335025380711,True
SCHEDULE_PLUS_CROSS_SOURCE_CEILING,2026-01-21,400,393,0.9825,True,400,393,0.9825,True,393,0.9825,True
SCHEDULE_PLUS_CROSS_SOURCE_CEILING,2026-01-22,407,399,0.9803439803439803,True,407,399,0.9803439803439803,True,399,0.9803439803439803,True
SCHEDULE_PLUS_CROSS_SOURCE_CEILING,2026-01-23,412,404,0.9805825242718447,True,412,404,0.9805825242718447,True,404,0.9805825242718447,True
SCHEDULE_PLUS_CROSS_SOURCE_CEILING,2026-01-26,410,401,0.9780487804878049,True,410,401,0.9780487804878049,True,401,0.9780487804878049,True
SCHEDULE_PLUS_CROSS_SOURCE_CEILING,2026-01-27,417,408,0.9784172661870504,True,417,408,0.9784172661870504,True,408,0.9784172661870504,True
SCHEDULE_PLUS_CROSS_SOURCE_CEILING,2026-01-28,420,411,0.9785714285714285,True,420,411,0.9785714285714285,True,411,0.9785714285714285,True
SCHEDULE_PLUS_CROSS_SOURCE_CEILING,2026-01-29,424,415,0.9787735849056604,True,424,415,0.9787735849056604,True,415,0.9787735849056604,True
SCHEDULE_PLUS_CROSS_SOURCE_CEILING,2026-01-30,423,414,0.9787234042553191,True,423,414,0.9787234042553191,True,414,0.9787234042553191,True
SCHEDULE_PLUS_CROSS_SOURCE_CEILING,2026-02-02,423,414,0.9787234042553191,True,423,414,0.9787234042553191,True,414,0.9787234042553191,True
SCHEDULE_PLUS_CROSS_SOURCE_CEILING,2026-02-03,425,416,0.9788235294117648,True,425,416,0.9788235294117648,True,416,0.9788235294117648,True
SCHEDULE_PLUS_CROSS_SOURCE_CEILING,2026-02-04,423,414,0.9787234042553191,True,423,414,0.9787234042553191,True,414,0.9787234042553191,True
SCHEDULE_PLUS_CROSS_SOURCE_CEILING,2026-02-05,424,415,0.9787735849056604,True,424,415,0.9787735849056604,True,415,0.9787735849056604,True
SCHEDULE_PLUS_CROSS_SOURCE_CEILING,2026-02-06,427,418,0.9789227166276346,True,427,418,0.9789227166276346,True,418,0.9789227166276346,True
SCHEDULE_PLUS_CROSS_SOURCE_CEILING,2026-02-09,428,419,0.9789719626168224,True,428,419,0.9789719626168224,True,419,0.9789719626168224,True
SCHEDULE_PLUS_CROSS_SOURCE_CEILING,2026-02-10,428,419,0.9789719626168224,True,428,419,0.9789719626168224,True,419,0.9789719626168224,True
SCHEDULE_PLUS_CROSS_SOURCE_CEILING,2026-02-11,427,418,0.9789227166276346,True,427,418,0.9789227166276346,True,418,0.9789227166276346,True
SCHEDULE_PLUS_CROSS_SOURCE_CEILING,2026-02-12,426,417,0.9788732394366197,True,426,417,0.9788732394366197,True,417,0.9788732394366197,True
SCHEDULE_PLUS_CROSS_SOURCE_CEILING,2026-02-13,429,420,0.9790209790209791,True,429,420,0.9790209790209791,True,420,0.9790209790209791,True
SCHEDULE_PLUS_CROSS_SOURCE_CEILING,2026-02-18,427,417,0.9765807962529274,True,427,417,0.9765807962529274,True,417,0.9765807962529274,True
SCHEDULE_PLUS_CROSS_SOURCE_CEILING,2026-02-19,427,418,0.9789227166276346,True,427,418,0.9789227166276346,True,418,0.9789227166276346,True
SCHEDULE_PLUS_CROSS_SOURCE_CEILING,2026-02-20,427,418,0.9789227166276346,True,427,418,0.9789227166276346,True,418,0.9789227166276346,True
SCHEDULE_PLUS_CROSS_SOURCE_CEILING,2026-02-23,425,416,0.9788235294117648,True,425,416,0.9788235294117648,True,416,0.9788235294117648,True
SCHEDULE_PLUS_CROSS_SOURCE_CEILING,2026-02-24,431,422,0.9791183294663574,True,431,422,0.9791183294663574,True,422,0.9791183294663574,True
SCHEDULE_PLUS_CROSS_SOURCE_CEILING,2026-02-25,431,422,0.9791183294663574,True,431,422,0.9791183294663574,True,422,0.9791183294663574,True
SCHEDULE_PLUS_CROSS_SOURCE_CEILING,2026-02-26,428,419,0.9789719626168224,True,428,419,0.9789719626168224,True,419,0.9789719626168224,True
SCHEDULE_PLUS_CROSS_SOURCE_CEILING,2026-02-27,428,419,0.9789719626168224,True,428,419,0.9789719626168224,True,419,0.9789719626168224,True
SCHEDULE_PLUS_CROSS_SOURCE_CEILING,2026-03-02,427,418,0.9789227166276346,True,427,418,0.9789227166276346,True,418,0.9789227166276346,True
SCHEDULE_PLUS_CROSS_SOURCE_CEILING,2026-03-03,431,421,0.9767981438515081,True,431,421,0.9767981438515081,True,421,0.9767981438515081,True
SCHEDULE_PLUS_CROSS_SOURCE_CEILING,2026-03-04,433,424,0.9792147806004619,True,433,424,0.9792147806004619,True,424,0.9792147806004619,True
SCHEDULE_PLUS_CROSS_SOURCE_CEILING,2026-03-05,429,420,0.9790209790209791,True,429,420,0.9790209790209791,True,420,0.9790209790209791,True
SCHEDULE_PLUS_CROSS_SOURCE_CEILING,2026-03-06,426,417,0.9788732394366197,True,426,417,0.9788732394366197,True,417,0.9788732394366197,True
SCHEDULE_PLUS_CROSS_SOURCE_CEILING,2026-03-09,422,412,0.976303317535545,True,422,412,0.976303317535545,True,412,0.976303317535545,True
SCHEDULE_PLUS_CROSS_SOURCE_CEILING,2026-03-10,416,406,0.9759615384615384,True,416,406,0.9759615384615384,True,406,0.9759615384615384,True
SCHEDULE_PLUS_CROSS_SOURCE_CEILING,2026-03-11,414,404,0.9758454106280193,True,414,404,0.9758454106280193,True,404,0.9758454106280193,True
SCHEDULE_PLUS_CROSS_SOURCE_CEILING,2026-03-12,416,406,0.9759615384615384,True,416,406,0.9759615384615384,True,406,0.9759615384615384,True
SCHEDULE_PLUS_CROSS_SOURCE_CEILING,2026-03-13,414,404,0.9758454106280193,True,414,404,0.9758454106280193,True,404,0.9758454106280193,True
SCHEDULE_PLUS_CROSS_SOURCE_CEILING,2026-03-16,411,401,0.975669099756691,True,411,401,0.975669099756691,True,401,0.975669099756691,True
SCHEDULE_PLUS_CROSS_SOURCE_CEILING,2026-03-17,407,398,0.9778869778869779,True,407,398,0.9778869778869779,True,398,0.9778869778869779,True
SCHEDULE_PLUS_CROSS_SOURCE_CEILING,2026-03-25,407,398,0.9778869778869779,True,407,398,0.9778869778869779,True,398,0.9778869778869779,True
SCHEDULE_PLUS_CROSS_SOURCE_CEILING,2026-03-26,402,393,0.9776119402985075,True,402,393,0.9776119402985075,True,393,0.9776119402985075,True
SCHEDULE_PLUS_CROSS_SOURCE_CEILING,2026-03-27,399,390,0.9774436090225563,True,399,390,0.9774436090225563,True,390,0.9774436090225563,True
SCHEDULE_PLUS_CROSS_SOURCE_CEILING,2026-03-30,396,387,0.9772727272727273,True,396,387,0.9772727272727273,True,387,0.9772727272727273,True
SCHEDULE_PLUS_CROSS_SOURCE_CEILING,2026-03-31,395,386,0.9772151898734177,True,395,386,0.9772151898734177,True,386,0.9772151898734177,True
SCHEDULE_PLUS_CROSS_SOURCE_CEILING,2026-04-01,390,381,0.9769230769230769,True,390,381,0.9769230769230769,True,381,0.9769230769230769,True
SCHEDULE_PLUS_CROSS_SOURCE_CEILING,2026-04-02,390,381,0.9769230769230769,True,390,381,0.9769230769230769,True,381,0.9769230769230769,True
SCHEDULE_PLUS_CROSS_SOURCE_CEILING,2026-04-06,389,380,0.9768637532133676,True,389,380,0.9768637532133676,True,380,0.9768637532133676,True
SCHEDULE_PLUS_CROSS_SOURCE_CEILING,2026-04-07,388,379,0.9768041237113402,True,388,379,0.9768041237113402,True,379,0.9768041237113402,True
SCHEDULE_PLUS_CROSS_SOURCE_CEILING,2026-04-08,387,378,0.9767441860465116,True,387,378,0.9767441860465116,True,378,0.9767441860465116,True
SCHEDULE_PLUS_CROSS_SOURCE_CEILING,2026-04-09,387,378,0.9767441860465116,True,387,378,0.9767441860465116,True,378,0.9767441860465116,True
SCHEDULE_PLUS_CROSS_SOURCE_CEILING,2026-04-10,385,376,0.9766233766233766,True,385,376,0.9766233766233766,True,376,0.9766233766233766,True
SCHEDULE_PLUS_CROSS_SOURCE_CEILING,2026-04-13,381,372,0.9763779527559056,True,381,372,0.9763779527559056,True,372,0.9763779527559056,True
SCHEDULE_PLUS_CROSS_SOURCE_CEILING,2026-04-14,380,371,0.9763157894736842,True,380,371,0.9763157894736842,True,371,0.9763157894736842,True
SCHEDULE_PLUS_CROSS_SOURCE_CEILING,2026-04-15,376,367,0.976063829787234,True,376,367,0.976063829787234,True,367,0.976063829787234,True
SCHEDULE_PLUS_CROSS_SOURCE_CEILING,2026-04-16,376,367,0.976063829787234,True,376,367,0.976063829787234,True,367,0.976063829787234,True
SCHEDULE_PLUS_CROSS_SOURCE_CEILING,2026-04-17,376,367,0.976063829787234,True,376,367,0.976063829787234,True,367,0.976063829787234,True
SCHEDULE_PLUS_CROSS_SOURCE_CEILING,2026-04-20,375,366,0.976,True,375,366,0.976,True,366,0.976,True
SCHEDULE_PLUS_CROSS_SOURCE_CEILING,2026-04-21,376,367,0.976063829787234,True,376,367,0.976063829787234,True,367,0.976063829787234,True
SCHEDULE_PLUS_CROSS_SOURCE_CEILING,2026-04-22,375,366,0.976,True,375,366,0.976,True,366,0.976,True
SCHEDULE_PLUS_CROSS_SOURCE_CEILING,2026-04-23,373,364,0.9758713136729222,True,373,364,0.9758713136729222,True,364,0.9758713136729222,True
SCHEDULE_PLUS_CROSS_SOURCE_CEILING,2026-04-24,371,362,0.9757412398921833,True,371,362,0.9757412398921833,True,362,0.9757412398921833,True
SCHEDULE_PLUS_CROSS_SOURCE_CEILING,2026-04-27,371,362,0.9757412398921833,True,371,362,0.9757412398921833,True,362,0.9757412398921833,True
SCHEDULE_PLUS_CROSS_SOURCE_CEILING,2026-04-28,369,360,0.975609756097561,True,369,360,0.975609756097561,True,360,0.975609756097561,True
SCHEDULE_PLUS_CROSS_SOURCE_CEILING,2026-04-29,366,357,0.9754098360655737,True,366,357,0.9754098360655737,True,357,0.9754098360655737,True
SCHEDULE_PLUS_CROSS_SOURCE_CEILING,2026-04-30,364,355,0.9752747252747253,True,364,355,0.9752747252747253,True,355,0.9752747252747253,True
SCHEDULE_PLUS_CROSS_SOURCE_CEILING,2026-05-04,365,356,0.9753424657534246,True,365,356,0.9753424657534246,True,356,0.9753424657534246,True
SCHEDULE_PLUS_CROSS_SOURCE_CEILING,2026-05-05,362,353,0.9751381215469613,True,362,353,0.9751381215469613,True,353,0.9751381215469613,True
SCHEDULE_PLUS_CROSS_SOURCE_CEILING,2026-05-06,363,355,0.977961432506887,True,363,355,0.977961432506887,True,355,0.977961432506887,True
SCHEDULE_PLUS_CROSS_SOURCE_CEILING,2026-05-07,362,354,0.9779005524861878,True,362,354,0.9779005524861878,True,354,0.9779005524861878,True
SCHEDULE_PLUS_CROSS_SOURCE_CEILING,2026-05-08,361,353,0.9778393351800554,True,361,352,0.9750692520775623,True,352,0.9750692520775623,True
SCHEDULE_PLUS_CROSS_SOURCE_CEILING,2026-05-11,362,354,0.9779005524861878,True,362,353,0.9751381215469613,True,353,0.9751381215469613,True
SCHEDULE_PLUS_CROSS_SOURCE_CEILING,2026-05-12,361,353,0.9778393351800554,True,361,352,0.9750692520775623,True,352,0.9750692520775623,True
SCHEDULE_PLUS_CROSS_SOURCE_CEILING,2026-05-13,362,354,0.9779005524861878,True,362,353,0.9751381215469613,True,353,0.9751381215469613,True
SCHEDULE_PLUS_CROSS_SOURCE_CEILING,2026-05-18,361,353,0.9778393351800554,True,361,352,0.9750692520775623,True,352,0.9750692520775623,True
SCHEDULE_PLUS_CROSS_SOURCE_CEILING,2026-05-19,359,350,0.9749303621169917,True,359,350,0.9749303621169917,True,350,0.9749303621169917,True
SCHEDULE_PLUS_CROSS_SOURCE_CEILING,2026-05-20,356,347,0.9747191011235955,True,356,347,0.9747191011235955,True,347,0.9747191011235955,True
SCHEDULE_PLUS_CROSS_SOURCE_CEILING,2026-05-21,355,346,0.9746478873239437,True,355,346,0.9746478873239437,True,346,0.9746478873239437,True
SCHEDULE_PLUS_CROSS_SOURCE_CEILING,2026-05-22,353,344,0.9745042492917847,True,353,344,0.9745042492917847,True,344,0.9745042492917847,True
SCHEDULE_PLUS_CROSS_SOURCE_CEILING,2026-05-25,350,342,0.9771428571428571,True,350,342,0.9771428571428571,True,342,0.9771428571428571,True
SCHEDULE_PLUS_CROSS_SOURCE_CEILING,2026-05-26,348,340,0.9770114942528736,True,348,340,0.9770114942528736,True,340,0.9770114942528736,True
SCHEDULE_PLUS_CROSS_SOURCE_CEILING,2026-05-29,346,338,0.976878612716763,True,346,338,0.976878612716763,True,338,0.976878612716763,True
SCHEDULE_PLUS_CROSS_SOURCE_CEILING,2026-06-02,343,336,0.9795918367346939,True,343,336,0.9795918367346939,True,336,0.9795918367346939,True
SCHEDULE_PLUS_CROSS_SOURCE_CEILING,2026-06-03,339,332,0.9793510324483776,True,339,332,0.9793510324483776,True,332,0.9793510324483776,True
SCHEDULE_PLUS_CROSS_SOURCE_CEILING,2026-06-04,337,330,0.9792284866468842,True,337,330,0.9792284866468842,True,330,0.9792284866468842,True
SCHEDULE_PLUS_CROSS_SOURCE_CEILING,2026-06-05,334,327,0.9790419161676647,True,334,327,0.9790419161676647,True,327,0.9790419161676647,True
SCHEDULE_PLUS_CROSS_SOURCE_CEILING,2026-06-08,332,325,0.9789156626506024,True,332,325,0.9789156626506024,True,325,0.9789156626506024,True
SCHEDULE_PLUS_CROSS_SOURCE_CEILING,2026-06-09,330,323,0.9787878787878788,True,330,323,0.9787878787878788,True,323,0.9787878787878788,True
SCHEDULE_PLUS_CROSS_SOURCE_CEILING,2026-06-10,329,322,0.9787234042553191,True,329,322,0.9787234042553191,True,322,0.9787234042553191,True
SCHEDULE_PLUS_CROSS_SOURCE_CEILING,2026-06-11,329,322,0.9787234042553191,True,329,322,0.9787234042553191,True,322,0.9787234042553191,True
SCHEDULE_PLUS_CROSS_SOURCE_CEILING,2026-06-12,326,319,0.9785276073619632,True,326,319,0.9785276073619632,True,319,0.9785276073619632,True
SCHEDULE_PLUS_CROSS_SOURCE_CEILING,2026-06-15,328,321,0.9786585365853658,True,328,321,0.9786585365853658,True,321,0.9786585365853658,True
SCHEDULE_PLUS_CROSS_SOURCE_CEILING,2026-06-17,328,321,0.9786585365853658,True,328,321,0.9786585365853658,True,321,0.9786585365853658,True
SCHEDULE_PLUS_CROSS_SOURCE_CEILING,2026-06-18,327,320,0.9785932721712538,True,327,320,0.9785932721712538,True,320,0.9785932721712538,True
SCHEDULE_PLUS_CROSS_SOURCE_CEILING,2026-06-19,325,318,0.9784615384615385,True,325,318,0.9784615384615385,True,318,0.9784615384615385,True
SCHEDULE_PLUS_CROSS_SOURCE_CEILING,2026-06-22,322,315,0.9782608695652174,True,322,315,0.9782608695652174,True,315,0.9782608695652174,True
SCHEDULE_PLUS_CROSS_SOURCE_CEILING,2026-06-23,323,316,0.978328173374613,True,323,315,0.9752321981424149,True,315,0.9752321981424149,True
SCHEDULE_PLUS_CROSS_SOURCE_CEILING,2026-06-24,323,316,0.978328173374613,True,323,315,0.9752321981424149,True,315,0.9752321981424149,True
SCHEDULE_PLUS_CROSS_SOURCE_CEILING,2026-06-25,321,314,0.9781931464174455,True,321,309,0.9626168224299065,True,309,0.9626168224299065,True
SCHEDULE_PLUS_CROSS_SOURCE_CEILING,2026-06-26,320,313,0.978125,True,320,308,0.9625,True,308,0.9625,True
SCHEDULE_PLUS_CROSS_SOURCE_CEILING,2026-06-29,318,311,0.9779874213836478,True,318,306,0.9622641509433962,True,306,0.9622641509433962,True
SCHEDULE_PLUS_CROSS_SOURCE_CEILING,2026-06-30,314,306,0.9745222929936306,True,314,302,0.9617834394904459,True,302,0.9617834394904459,True
SCHEDULE_PLUS_CROSS_SOURCE_CEILING,2026-07-01,314,306,0.9745222929936306,True,314,303,0.964968152866242,True,303,0.964968152866242,True
SCHEDULE_PLUS_CROSS_SOURCE_CEILING,2026-07-02,312,301,0.9647435897435898,True,312,301,0.9647435897435898,True,301,0.9647435897435898,True
SCHEDULE_PLUS_CROSS_SOURCE_CEILING,2026-07-03,314,303,0.964968152866242,True,314,303,0.964968152866242,True,303,0.964968152866242,True
SCHEDULE_PLUS_CROSS_SOURCE_CEILING,2026-07-06,311,301,0.9678456591639871,True,311,301,0.9678456591639871,True,301,0.9678456591639871,True
SCHEDULE_PLUS_CROSS_SOURCE_CEILING,2026-07-07,312,301,0.9647435897435898,True,312,301,0.9647435897435898,True,301,0.9647435897435898,True
SCHEDULE_PLUS_CROSS_SOURCE_CEILING,2026-07-08,312,305,0.9775641025641025,True,312,305,0.9775641025641025,True,305,0.9775641025641025,True
SCHEDULE_PLUS_CROSS_SOURCE_CEILING,2026-07-09,312,305,0.9775641025641025,True,312,305,0.9775641025641025,True,305,0.9775641025641025,True
SCHEDULE_PLUS_CROSS_SOURCE_CEILING,2026-07-10,312,305,0.9775641025641025,True,312,305,0.9775641025641025,True,305,0.9775641025641025,True
SCHEDULE_PLUS_CROSS_SOURCE_CEILING,2026-07-13,311,304,0.977491961414791,True,311,304,0.977491961414791,True,304,0.977491961414791,True
SCHEDULE_PLUS_CROSS_SOURCE_CEILING,2026-07-14,309,302,0.9773462783171522,True,309,302,0.9773462783171522,True,302,0.9773462783171522,True
SCHEDULE_PLUS_CROSS_SOURCE_CEILING,2026-07-15,308,301,0.9772727272727273,True,308,301,0.9772727272727273,True,301,0.9772727272727273,True
SCHEDULE_PLUS_CROSS_SOURCE_CEILING,2026-07-16,306,299,0.9771241830065359,True,306,299,0.9771241830065359,True,299,0.9771241830065359,True
SCHEDULE_PLUS_CROSS_SOURCE_CEILING,2026-07-17,303,296,0.976897689768977,True,303,296,0.976897689768977,True,296,0.976897689768977,True
SCHEDULE_PLUS_ALL_COVERAGE_CEILING,2023-12-28,262,261,0.9961832061068703,True,262,261,0.9961832061068703,True,261,0.9961832061068703,True
SCHEDULE_PLUS_ALL_COVERAGE_CEILING,2023-12-29,263,262,0.9961977186311787,True,263,262,0.9961977186311787,True,262,0.9961977186311787,True
SCHEDULE_PLUS_ALL_COVERAGE_CEILING,2024-01-02,265,265,1.0,True,265,265,1.0,True,265,1.0,True
SCHEDULE_PLUS_ALL_COVERAGE_CEILING,2024-01-03,263,263,1.0,True,263,263,1.0,True,263,1.0,True
SCHEDULE_PLUS_ALL_COVERAGE_CEILING,2024-01-04,262,262,1.0,True,262,262,1.0,True,262,1.0,True
SCHEDULE_PLUS_ALL_COVERAGE_CEILING,2024-01-05,260,260,1.0,True,260,260,1.0,True,260,1.0,True
SCHEDULE_PLUS_ALL_COVERAGE_CEILING,2024-01-08,262,262,1.0,True,262,262,1.0,True,262,1.0,True
SCHEDULE_PLUS_ALL_COVERAGE_CEILING,2024-01-09,260,260,1.0,True,260,260,1.0,True,260,1.0,True
SCHEDULE_PLUS_ALL_COVERAGE_CEILING,2024-01-10,258,258,1.0,True,258,258,1.0,True,258,1.0,True
SCHEDULE_PLUS_ALL_COVERAGE_CEILING,2024-01-11,253,253,1.0,True,253,253,1.0,True,253,1.0,True
SCHEDULE_PLUS_ALL_COVERAGE_CEILING,2024-01-12,251,251,1.0,True,251,251,1.0,True,251,1.0,True
SCHEDULE_PLUS_ALL_COVERAGE_CEILING,2024-01-15,250,250,1.0,True,250,250,1.0,True,250,1.0,True
SCHEDULE_PLUS_ALL_COVERAGE_CEILING,2024-01-16,251,251,1.0,True,251,251,1.0,True,251,1.0,True
SCHEDULE_PLUS_ALL_COVERAGE_CEILING,2024-01-17,251,251,1.0,True,251,251,1.0,True,251,1.0,True
SCHEDULE_PLUS_ALL_COVERAGE_CEILING,2024-01-18,251,251,1.0,True,251,251,1.0,True,251,1.0,True
SCHEDULE_PLUS_ALL_COVERAGE_CEILING,2024-01-19,249,249,1.0,True,249,249,1.0,True,249,1.0,True
SCHEDULE_PLUS_ALL_COVERAGE_CEILING,2024-01-22,247,247,1.0,True,247,247,1.0,True,247,1.0,True
SCHEDULE_PLUS_ALL_COVERAGE_CEILING,2024-01-23,247,247,1.0,True,247,247,1.0,True,247,1.0,True
SCHEDULE_PLUS_ALL_COVERAGE_CEILING,2024-01-24,246,246,1.0,True,246,246,1.0,True,246,1.0,True
SCHEDULE_PLUS_ALL_COVERAGE_CEILING,2024-01-25,246,246,1.0,True,246,246,1.0,True,246,1.0,True
SCHEDULE_PLUS_ALL_COVERAGE_CEILING,2024-01-26,246,246,1.0,True,246,246,1.0,True,246,1.0,True
SCHEDULE_PLUS_ALL_COVERAGE_CEILING,2024-01-29,243,243,1.0,True,243,243,1.0,True,243,1.0,True
SCHEDULE_PLUS_ALL_COVERAGE_CEILING,2024-01-30,243,243,1.0,True,243,243,1.0,True,243,1.0,True
SCHEDULE_PLUS_ALL_COVERAGE_CEILING,2024-01-31,242,242,1.0,True,242,242,1.0,True,242,1.0,True
SCHEDULE_PLUS_ALL_COVERAGE_CEILING,2024-02-01,241,241,1.0,True,241,241,1.0,True,241,1.0,True
SCHEDULE_PLUS_ALL_COVERAGE_CEILING,2024-02-02,243,243,1.0,True,243,243,1.0,True,243,1.0,True
SCHEDULE_PLUS_ALL_COVERAGE_CEILING,2024-02-05,241,241,1.0,True,241,241,1.0,True,241,1.0,True
SCHEDULE_PLUS_ALL_COVERAGE_CEILING,2024-02-06,242,242,1.0,True,242,242,1.0,True,242,1.0,True
SCHEDULE_PLUS_ALL_COVERAGE_CEILING,2024-02-07,246,246,1.0,True,246,246,1.0,True,246,1.0,True
SCHEDULE_PLUS_ALL_COVERAGE_CEILING,2024-02-12,242,242,1.0,True,242,242,1.0,True,242,1.0,True
SCHEDULE_PLUS_ALL_COVERAGE_CEILING,2024-02-13,244,244,1.0,True,244,244,1.0,True,244,1.0,True
SCHEDULE_PLUS_ALL_COVERAGE_CEILING,2024-02-15,244,244,1.0,True,244,244,1.0,True,244,1.0,True
SCHEDULE_PLUS_ALL_COVERAGE_CEILING,2024-02-16,243,243,1.0,True,243,243,1.0,True,243,1.0,True
SCHEDULE_PLUS_ALL_COVERAGE_CEILING,2024-02-19,244,244,1.0,True,244,244,1.0,True,244,1.0,True
SCHEDULE_PLUS_ALL_COVERAGE_CEILING,2024-02-20,244,244,1.0,True,244,244,1.0,True,244,1.0,True
SCHEDULE_PLUS_ALL_COVERAGE_CEILING,2024-02-21,245,245,1.0,True,245,245,1.0,True,245,1.0,True
SCHEDULE_PLUS_ALL_COVERAGE_CEILING,2024-02-22,243,243,1.0,True,243,243,1.0,True,243,1.0,True
SCHEDULE_PLUS_ALL_COVERAGE_CEILING,2024-02-23,239,239,1.0,True,239,239,1.0,True,239,1.0,True
SCHEDULE_PLUS_ALL_COVERAGE_CEILING,2024-02-26,236,236,1.0,True,236,236,1.0,True,236,1.0,True
SCHEDULE_PLUS_ALL_COVERAGE_CEILING,2024-02-27,236,236,1.0,True,236,236,1.0,True,236,1.0,True
SCHEDULE_PLUS_ALL_COVERAGE_CEILING,2024-02-28,236,236,1.0,True,236,236,1.0,True,236,1.0,True
SCHEDULE_PLUS_ALL_COVERAGE_CEILING,2024-02-29,237,237,1.0,True,237,237,1.0,True,237,1.0,True
SCHEDULE_PLUS_ALL_COVERAGE_CEILING,2024-03-01,232,232,1.0,True,232,232,1.0,True,232,1.0,True
SCHEDULE_PLUS_ALL_COVERAGE_CEILING,2024-03-04,235,235,1.0,True,235,235,1.0,True,235,1.0,True
SCHEDULE_PLUS_ALL_COVERAGE_CEILING,2024-03-05,236,236,1.0,True,236,236,1.0,True,236,1.0,True
SCHEDULE_PLUS_ALL_COVERAGE_CEILING,2024-03-06,236,236,1.0,True,236,236,1.0,True,236,1.0,True
SCHEDULE_PLUS_ALL_COVERAGE_CEILING,2024-03-07,237,237,1.0,True,237,237,1.0,True,237,1.0,True
SCHEDULE_PLUS_ALL_COVERAGE_CEILING,2024-03-08,238,238,1.0,True,238,238,1.0,True,238,1.0,True
SCHEDULE_PLUS_ALL_COVERAGE_CEILING,2024-03-13,241,241,1.0,True,241,241,1.0,True,241,1.0,True
SCHEDULE_PLUS_ALL_COVERAGE_CEILING,2024-03-14,243,243,1.0,True,243,243,1.0,True,243,1.0,True
SCHEDULE_PLUS_ALL_COVERAGE_CEILING,2024-03-15,240,240,1.0,True,240,240,1.0,True,240,1.0,True
SCHEDULE_PLUS_ALL_COVERAGE_CEILING,2024-03-18,243,243,1.0,True,243,243,1.0,True,243,1.0,True
SCHEDULE_PLUS_ALL_COVERAGE_CEILING,2024-03-19,243,243,1.0,True,243,243,1.0,True,243,1.0,True
SCHEDULE_PLUS_ALL_COVERAGE_CEILING,2024-03-20,242,242,1.0,True,242,242,1.0,True,242,1.0,True
SCHEDULE_PLUS_ALL_COVERAGE_CEILING,2024-03-21,242,242,1.0,True,242,242,1.0,True,242,1.0,True
SCHEDULE_PLUS_ALL_COVERAGE_CEILING,2024-03-22,242,242,1.0,True,242,242,1.0,True,242,1.0,True
SCHEDULE_PLUS_ALL_COVERAGE_CEILING,2024-03-25,243,243,1.0,True,243,243,1.0,True,243,1.0,True
SCHEDULE_PLUS_ALL_COVERAGE_CEILING,2024-03-26,244,244,1.0,True,244,244,1.0,True,244,1.0,True
SCHEDULE_PLUS_ALL_COVERAGE_CEILING,2024-03-27,245,245,1.0,True,245,245,1.0,True,245,1.0,True
SCHEDULE_PLUS_ALL_COVERAGE_CEILING,2024-03-28,244,244,1.0,True,244,244,1.0,True,244,1.0,True
SCHEDULE_PLUS_ALL_COVERAGE_CEILING,2024-04-01,250,250,1.0,True,250,250,1.0,True,250,1.0,True
SCHEDULE_PLUS_ALL_COVERAGE_CEILING,2024-04-02,250,250,1.0,True,250,250,1.0,True,250,1.0,True
SCHEDULE_PLUS_ALL_COVERAGE_CEILING,2024-04-03,251,251,1.0,True,251,251,1.0,True,251,1.0,True
SCHEDULE_PLUS_ALL_COVERAGE_CEILING,2024-04-04,250,250,1.0,True,250,250,1.0,True,250,1.0,True
SCHEDULE_PLUS_ALL_COVERAGE_CEILING,2024-04-05,250,250,1.0,True,250,250,1.0,True,250,1.0,True
SCHEDULE_PLUS_ALL_COVERAGE_CEILING,2024-04-16,250,250,1.0,True,250,250,1.0,True,250,1.0,True
SCHEDULE_PLUS_ALL_COVERAGE_CEILING,2024-04-17,249,249,1.0,True,249,249,1.0,True,249,1.0,True
SCHEDULE_PLUS_ALL_COVERAGE_CEILING,2024-04-18,247,247,1.0,True,247,247,1.0,True,247,1.0,True
SCHEDULE_PLUS_ALL_COVERAGE_CEILING,2024-04-19,246,246,1.0,True,246,246,1.0,True,246,1.0,True
SCHEDULE_PLUS_ALL_COVERAGE_CEILING,2024-04-22,246,246,1.0,True,246,246,1.0,True,246,1.0,True
SCHEDULE_PLUS_ALL_COVERAGE_CEILING,2024-04-23,245,245,1.0,True,245,245,1.0,True,245,1.0,True
SCHEDULE_PLUS_ALL_COVERAGE_CEILING,2024-04-24,245,245,1.0,True,245,245,1.0,True,245,1.0,True
SCHEDULE_PLUS_ALL_COVERAGE_CEILING,2024-04-25,246,246,1.0,True,246,246,1.0,True,246,1.0,True
SCHEDULE_PLUS_ALL_COVERAGE_CEILING,2024-04-26,246,246,1.0,True,246,246,1.0,True,246,1.0,True
SCHEDULE_PLUS_ALL_COVERAGE_CEILING,2024-04-29,246,246,1.0,True,246,246,1.0,True,246,1.0,True
SCHEDULE_PLUS_ALL_COVERAGE_CEILING,2024-04-30,245,245,1.0,True,245,245,1.0,True,245,1.0,True
SCHEDULE_PLUS_ALL_COVERAGE_CEILING,2024-05-02,242,242,1.0,True,242,242,1.0,True,242,1.0,True
SCHEDULE_PLUS_ALL_COVERAGE_CEILING,2024-05-03,240,240,1.0,True,240,240,1.0,True,240,1.0,True
SCHEDULE_PLUS_ALL_COVERAGE_CEILING,2024-05-06,240,240,1.0,True,240,240,1.0,True,240,1.0,True
SCHEDULE_PLUS_ALL_COVERAGE_CEILING,2024-05-07,242,242,1.0,True,242,242,1.0,True,242,1.0,True
SCHEDULE_PLUS_ALL_COVERAGE_CEILING,2024-05-08,242,242,1.0,True,242,242,1.0,True,242,1.0,True
SCHEDULE_PLUS_ALL_COVERAGE_CEILING,2024-05-13,243,243,1.0,True,243,243,1.0,True,243,1.0,True
SCHEDULE_PLUS_ALL_COVERAGE_CEILING,2024-05-14,243,243,1.0,True,243,243,1.0,True,243,1.0,True
SCHEDULE_PLUS_ALL_COVERAGE_CEILING,2024-05-15,242,242,1.0,True,242,242,1.0,True,242,1.0,True
SCHEDULE_PLUS_ALL_COVERAGE_CEILING,2024-05-16,246,246,1.0,True,246,246,1.0,True,246,1.0,True
SCHEDULE_PLUS_ALL_COVERAGE_CEILING,2024-05-17,246,246,1.0,True,246,246,1.0,True,246,1.0,True
SCHEDULE_PLUS_ALL_COVERAGE_CEILING,2024-05-20,245,245,1.0,True,245,245,1.0,True,245,1.0,True
SCHEDULE_PLUS_ALL_COVERAGE_CEILING,2024-05-21,243,243,1.0,True,243,243,1.0,True,243,1.0,True
SCHEDULE_PLUS_ALL_COVERAGE_CEILING,2024-05-22,243,243,1.0,True,243,243,1.0,True,243,1.0,True
SCHEDULE_PLUS_ALL_COVERAGE_CEILING,2024-05-27,243,243,1.0,True,243,243,1.0,True,243,1.0,True
SCHEDULE_PLUS_ALL_COVERAGE_CEILING,2024-05-28,242,242,1.0,True,242,242,1.0,True,242,1.0,True
SCHEDULE_PLUS_ALL_COVERAGE_CEILING,2024-05-29,243,243,1.0,True,243,243,1.0,True,243,1.0,True
SCHEDULE_PLUS_ALL_COVERAGE_CEILING,2024-05-30,242,242,1.0,True,242,242,1.0,True,242,1.0,True
SCHEDULE_PLUS_ALL_COVERAGE_CEILING,2024-05-31,242,242,1.0,True,242,242,1.0,True,242,1.0,True
SCHEDULE_PLUS_ALL_COVERAGE_CEILING,2024-06-03,243,243,1.0,True,243,242,0.9958847736625515,True,242,0.9958847736625515,True
SCHEDULE_PLUS_ALL_COVERAGE_CEILING,2024-06-04,240,240,1.0,True,240,239,0.9958333333333333,True,239,0.9958333333333333,True
SCHEDULE_PLUS_ALL_COVERAGE_CEILING,2024-06-05,238,238,1.0,True,238,236,0.9915966386554622,True,236,0.9915966386554622,True
SCHEDULE_PLUS_ALL_COVERAGE_CEILING,2024-06-06,238,238,1.0,True,238,236,0.9915966386554622,True,236,0.9915966386554622,True
SCHEDULE_PLUS_ALL_COVERAGE_CEILING,2024-06-07,237,237,1.0,True,237,235,0.9915611814345991,True,235,0.9915611814345991,True
SCHEDULE_PLUS_ALL_COVERAGE_CEILING,2024-06-10,238,237,0.9957983193277311,True,238,236,0.9915966386554622,True,236,0.9915966386554622,True
SCHEDULE_PLUS_ALL_COVERAGE_CEILING,2024-06-11,238,237,0.9957983193277311,True,238,235,0.9873949579831933,True,235,0.9873949579831933,True
SCHEDULE_PLUS_ALL_COVERAGE_CEILING,2024-06-12,237,235,0.9915611814345991,True,237,234,0.9873417721518988,True,234,0.9873417721518988,True
SCHEDULE_PLUS_ALL_COVERAGE_CEILING,2024-06-13,237,235,0.9915611814345991,True,237,234,0.9873417721518988,True,234,0.9873417721518988,True
SCHEDULE_PLUS_ALL_COVERAGE_CEILING,2024-06-14,238,237,0.9957983193277311,True,238,236,0.9915966386554622,True,236,0.9915966386554622,True
SCHEDULE_PLUS_ALL_COVERAGE_CEILING,2024-06-19,236,235,0.9957627118644068,True,236,234,0.9915254237288136,True,234,0.9915254237288136,True
SCHEDULE_PLUS_ALL_COVERAGE_CEILING,2024-06-20,236,235,0.9957627118644068,True,236,235,0.9957627118644068,True,235,0.9957627118644068,True
SCHEDULE_PLUS_ALL_COVERAGE_CEILING,2024-06-21,237,236,0.9957805907172996,True,237,236,0.9957805907172996,True,236,0.9957805907172996,True
SCHEDULE_PLUS_ALL_COVERAGE_CEILING,2024-06-24,237,236,0.9957805907172996,True,237,236,0.9957805907172996,True,236,0.9957805907172996,True
SCHEDULE_PLUS_ALL_COVERAGE_CEILING,2024-06-25,237,236,0.9957805907172996,True,237,235,0.9915611814345991,True,235,0.9915611814345991,True
SCHEDULE_PLUS_ALL_COVERAGE_CEILING,2024-06-26,236,236,1.0,True,236,235,0.9957627118644068,True,235,0.9957627118644068,True
SCHEDULE_PLUS_ALL_COVERAGE_CEILING,2024-06-27,238,238,1.0,True,238,237,0.9957983193277311,True,237,0.9957983193277311,True
SCHEDULE_PLUS_ALL_COVERAGE_CEILING,2024-06-28,239,239,1.0,True,239,238,0.99581589958159,True,238,0.99581589958159,True
SCHEDULE_PLUS_ALL_COVERAGE_CEILING,2024-07-01,239,239,1.0,True,239,238,0.99581589958159,True,238,0.99581589958159,True
SCHEDULE_PLUS_ALL_COVERAGE_CEILING,2024-07-02,241,240,0.995850622406639,True,241,240,0.995850622406639,True,240,0.995850622406639,True
SCHEDULE_PLUS_ALL_COVERAGE_CEILING,2024-07-03,241,240,0.995850622406639,True,241,240,0.995850622406639,True,240,0.995850622406639,True
SCHEDULE_PLUS_ALL_COVERAGE_CEILING,2024-07-04,241,240,0.995850622406639,True,241,240,0.995850622406639,True,240,0.995850622406639,True
SCHEDULE_PLUS_ALL_COVERAGE_CEILING,2024-07-05,242,241,0.9958677685950413,True,242,241,0.9958677685950413,True,241,0.9958677685950413,True
SCHEDULE_PLUS_ALL_COVERAGE_CEILING,2024-07-08,242,242,1.0,True,242,242,1.0,True,242,1.0,True
SCHEDULE_PLUS_ALL_COVERAGE_CEILING,2024-07-09,242,242,1.0,True,242,242,1.0,True,242,1.0,True
SCHEDULE_PLUS_ALL_COVERAGE_CEILING,2024-07-10,242,242,1.0,True,242,242,1.0,True,242,1.0,True
SCHEDULE_PLUS_ALL_COVERAGE_CEILING,2024-07-11,241,241,1.0,True,241,241,1.0,True,241,1.0,True
SCHEDULE_PLUS_ALL_COVERAGE_CEILING,2024-07-12,241,241,1.0,True,241,241,1.0,True,241,1.0,True
SCHEDULE_PLUS_ALL_COVERAGE_CEILING,2024-07-15,241,241,1.0,True,241,241,1.0,True,241,1.0,True
SCHEDULE_PLUS_ALL_COVERAGE_CEILING,2024-07-16,241,241,1.0,True,241,241,1.0,True,241,1.0,True
SCHEDULE_PLUS_ALL_COVERAGE_CEILING,2024-07-17,239,239,1.0,True,239,239,1.0,True,239,1.0,True
SCHEDULE_PLUS_ALL_COVERAGE_CEILING,2024-07-18,240,240,1.0,True,240,240,1.0,True,240,1.0,True
SCHEDULE_PLUS_ALL_COVERAGE_CEILING,2024-07-19,240,240,1.0,True,240,240,1.0,True,240,1.0,True
SCHEDULE_PLUS_ALL_COVERAGE_CEILING,2024-07-22,236,236,1.0,True,236,236,1.0,True,236,1.0,True
SCHEDULE_PLUS_ALL_COVERAGE_CEILING,2024-07-23,236,236,1.0,True,236,236,1.0,True,236,1.0,True
SCHEDULE_PLUS_ALL_COVERAGE_CEILING,2024-07-24,236,236,1.0,True,236,236,1.0,True,236,1.0,True
SCHEDULE_PLUS_ALL_COVERAGE_CEILING,2024-07-25,237,237,1.0,True,237,237,1.0,True,237,1.0,True
SCHEDULE_PLUS_ALL_COVERAGE_CEILING,2024-07-26,238,238,1.0,True,238,238,1.0,True,238,1.0,True
SCHEDULE_PLUS_ALL_COVERAGE_CEILING,2024-07-29,239,239,1.0,True,239,239,1.0,True,239,1.0,True
SCHEDULE_PLUS_ALL_COVERAGE_CEILING,2024-07-30,239,239,1.0,True,239,239,1.0,True,239,1.0,True
SCHEDULE_PLUS_ALL_COVERAGE_CEILING,2024-07-31,242,242,1.0,True,242,242,1.0,True,242,1.0,True
SCHEDULE_PLUS_ALL_COVERAGE_CEILING,2024-08-01,239,239,1.0,True,239,239,1.0,True,239,1.0,True
SCHEDULE_PLUS_ALL_COVERAGE_CEILING,2024-08-02,239,239,1.0,True,239,239,1.0,True,239,1.0,True
SCHEDULE_PLUS_ALL_COVERAGE_CEILING,2024-08-05,241,241,1.0,True,241,241,1.0,True,241,1.0,True
SCHEDULE_PLUS_ALL_COVERAGE_CEILING,2024-08-06,241,241,1.0,True,241,241,1.0,True,241,1.0,True
SCHEDULE_PLUS_ALL_COVERAGE_CEILING,2024-08-07,241,241,1.0,True,241,241,1.0,True,241,1.0,True
SCHEDULE_PLUS_ALL_COVERAGE_CEILING,2024-08-08,242,242,1.0,True,242,242,1.0,True,242,1.0,True
SCHEDULE_PLUS_ALL_COVERAGE_CEILING,2024-08-09,242,242,1.0,True,242,242,1.0,True,242,1.0,True
SCHEDULE_PLUS_ALL_COVERAGE_CEILING,2024-08-12,244,244,1.0,True,244,244,1.0,True,244,1.0,True
SCHEDULE_PLUS_ALL_COVERAGE_CEILING,2024-08-13,244,244,1.0,True,244,244,1.0,True,244,1.0,True
SCHEDULE_PLUS_ALL_COVERAGE_CEILING,2024-08-14,243,243,1.0,True,243,243,1.0,True,243,1.0,True
SCHEDULE_PLUS_ALL_COVERAGE_CEILING,2024-08-15,245,245,1.0,True,245,245,1.0,True,245,1.0,True
SCHEDULE_PLUS_ALL_COVERAGE_CEILING,2024-08-16,246,246,1.0,True,246,246,1.0,True,246,1.0,True
SCHEDULE_PLUS_ALL_COVERAGE_CEILING,2024-08-19,246,246,1.0,True,246,246,1.0,True,246,1.0,True
SCHEDULE_PLUS_ALL_COVERAGE_CEILING,2024-08-20,245,245,1.0,True,245,245,1.0,True,245,1.0,True
SCHEDULE_PLUS_ALL_COVERAGE_CEILING,2024-08-21,244,244,1.0,True,244,244,1.0,True,244,1.0,True
SCHEDULE_PLUS_ALL_COVERAGE_CEILING,2024-08-22,244,244,1.0,True,244,244,1.0,True,244,1.0,True
SCHEDULE_PLUS_ALL_COVERAGE_CEILING,2024-08-23,242,242,1.0,True,242,242,1.0,True,242,1.0,True
SCHEDULE_PLUS_ALL_COVERAGE_CEILING,2024-08-26,243,243,1.0,True,243,243,1.0,True,243,1.0,True
SCHEDULE_PLUS_ALL_COVERAGE_CEILING,2024-08-27,242,242,1.0,True,242,242,1.0,True,242,1.0,True
SCHEDULE_PLUS_ALL_COVERAGE_CEILING,2024-08-28,242,242,1.0,True,242,242,1.0,True,242,1.0,True
SCHEDULE_PLUS_ALL_COVERAGE_CEILING,2024-08-29,243,243,1.0,True,243,243,1.0,True,243,1.0,True
SCHEDULE_PLUS_ALL_COVERAGE_CEILING,2024-08-30,242,242,1.0,True,242,242,1.0,True,242,1.0,True
SCHEDULE_PLUS_ALL_COVERAGE_CEILING,2024-09-02,245,245,1.0,True,245,245,1.0,True,245,1.0,True
SCHEDULE_PLUS_ALL_COVERAGE_CEILING,2024-09-03,247,247,1.0,True,247,247,1.0,True,247,1.0,True
SCHEDULE_PLUS_ALL_COVERAGE_CEILING,2024-09-04,248,248,1.0,True,248,248,1.0,True,248,1.0,True
SCHEDULE_PLUS_ALL_COVERAGE_CEILING,2024-09-05,247,247,1.0,True,247,247,1.0,True,247,1.0,True
SCHEDULE_PLUS_ALL_COVERAGE_CEILING,2024-09-06,242,242,1.0,True,242,242,1.0,True,242,1.0,True
SCHEDULE_PLUS_ALL_COVERAGE_CEILING,2024-09-09,243,243,1.0,True,243,243,1.0,True,243,1.0,True
SCHEDULE_PLUS_ALL_COVERAGE_CEILING,2024-09-10,244,244,1.0,True,244,244,1.0,True,244,1.0,True
SCHEDULE_PLUS_ALL_COVERAGE_CEILING,2024-09-11,245,245,1.0,True,245,245,1.0,True,245,1.0,True
SCHEDULE_PLUS_ALL_COVERAGE_CEILING,2024-09-12,246,246,1.0,True,246,246,1.0,True,246,1.0,True
SCHEDULE_PLUS_ALL_COVERAGE_CEILING,2024-09-13,246,246,1.0,True,246,246,1.0,True,246,1.0,True
SCHEDULE_PLUS_ALL_COVERAGE_CEILING,2024-09-17,248,248,1.0,True,248,248,1.0,True,248,1.0,True
SCHEDULE_PLUS_ALL_COVERAGE_CEILING,2024-09-18,245,245,1.0,True,245,245,1.0,True,245,1.0,True
SCHEDULE_PLUS_ALL_COVERAGE_CEILING,2024-09-19,246,246,1.0,True,246,246,1.0,True,246,1.0,True
SCHEDULE_PLUS_ALL_COVERAGE_CEILING,2024-09-20,246,246,1.0,True,246,246,1.0,True,246,1.0,True
SCHEDULE_PLUS_ALL_COVERAGE_CEILING,2024-09-23,246,246,1.0,True,246,246,1.0,True,246,1.0,True
SCHEDULE_PLUS_ALL_COVERAGE_CEILING,2024-09-24,247,247,1.0,True,247,247,1.0,True,247,1.0,True
SCHEDULE_PLUS_ALL_COVERAGE_CEILING,2024-09-25,246,246,1.0,True,246,246,1.0,True,246,1.0,True
SCHEDULE_PLUS_ALL_COVERAGE_CEILING,2024-09-26,248,248,1.0,True,248,248,1.0,True,248,1.0,True
SCHEDULE_PLUS_ALL_COVERAGE_CEILING,2024-09-27,247,247,1.0,True,247,247,1.0,True,247,1.0,True
SCHEDULE_PLUS_ALL_COVERAGE_CEILING,2024-09-30,248,248,1.0,True,248,248,1.0,True,248,1.0,True
SCHEDULE_PLUS_ALL_COVERAGE_CEILING,2024-10-01,248,248,1.0,True,248,248,1.0,True,248,1.0,True
SCHEDULE_PLUS_ALL_COVERAGE_CEILING,2024-10-02,248,248,1.0,True,248,248,1.0,True,248,1.0,True
SCHEDULE_PLUS_ALL_COVERAGE_CEILING,2024-10-03,247,247,1.0,True,247,247,1.0,True,247,1.0,True
SCHEDULE_PLUS_ALL_COVERAGE_CEILING,2024-10-04,249,249,1.0,True,249,249,1.0,True,249,1.0,True
SCHEDULE_PLUS_ALL_COVERAGE_CEILING,2024-10-07,248,248,1.0,True,248,248,1.0,True,248,1.0,True
SCHEDULE_PLUS_ALL_COVERAGE_CEILING,2024-10-08,246,246,1.0,True,246,246,1.0,True,246,1.0,True
SCHEDULE_PLUS_ALL_COVERAGE_CEILING,2024-10-09,247,247,1.0,True,247,247,1.0,True,247,1.0,True
SCHEDULE_PLUS_ALL_COVERAGE_CEILING,2024-10-10,249,249,1.0,True,249,249,1.0,True,249,1.0,True
SCHEDULE_PLUS_ALL_COVERAGE_CEILING,2024-10-11,249,249,1.0,True,249,249,1.0,True,249,1.0,True
SCHEDULE_PLUS_ALL_COVERAGE_CEILING,2024-10-14,249,249,1.0,True,249,249,1.0,True,249,1.0,True
SCHEDULE_PLUS_ALL_COVERAGE_CEILING,2024-10-15,249,249,1.0,True,249,249,1.0,True,249,1.0,True
SCHEDULE_PLUS_ALL_COVERAGE_CEILING,2024-10-16,249,249,1.0,True,249,249,1.0,True,249,1.0,True
SCHEDULE_PLUS_ALL_COVERAGE_CEILING,2024-10-17,249,249,1.0,True,249,249,1.0,True,249,1.0,True
SCHEDULE_PLUS_ALL_COVERAGE_CEILING,2024-10-18,251,251,1.0,True,251,251,1.0,True,251,1.0,True
SCHEDULE_PLUS_ALL_COVERAGE_CEILING,2024-10-21,250,250,1.0,True,250,250,1.0,True,250,1.0,True
SCHEDULE_PLUS_ALL_COVERAGE_CEILING,2024-10-22,250,250,1.0,True,250,250,1.0,True,250,1.0,True
SCHEDULE_PLUS_ALL_COVERAGE_CEILING,2024-10-23,252,252,1.0,True,252,252,1.0,True,252,1.0,True
SCHEDULE_PLUS_ALL_COVERAGE_CEILING,2024-10-24,251,251,1.0,True,251,251,1.0,True,251,1.0,True
SCHEDULE_PLUS_ALL_COVERAGE_CEILING,2024-10-25,251,251,1.0,True,251,251,1.0,True,251,1.0,True
SCHEDULE_PLUS_ALL_COVERAGE_CEILING,2024-10-28,252,252,1.0,True,252,251,0.996031746031746,True,251,0.996031746031746,True
SCHEDULE_PLUS_ALL_COVERAGE_CEILING,2024-10-29,254,254,1.0,True,254,253,0.9960629921259843,True,253,0.9960629921259843,True
SCHEDULE_PLUS_ALL_COVERAGE_CEILING,2024-10-30,254,254,1.0,True,254,253,0.9960629921259843,True,253,0.9960629921259843,True
SCHEDULE_PLUS_ALL_COVERAGE_CEILING,2024-10-31,256,256,1.0,True,256,255,0.99609375,True,255,0.99609375,True
SCHEDULE_PLUS_ALL_COVERAGE_CEILING,2024-11-01,257,257,1.0,True,257,256,0.9961089494163424,True,256,0.9961089494163424,True
SCHEDULE_PLUS_ALL_COVERAGE_CEILING,2024-11-04,259,258,0.9961389961389961,True,259,258,0.9961389961389961,True,258,0.9961389961389961,True
SCHEDULE_PLUS_ALL_COVERAGE_CEILING,2024-11-05,261,260,0.9961685823754789,True,261,260,0.9961685823754789,True,260,0.9961685823754789,True
SCHEDULE_PLUS_ALL_COVERAGE_CEILING,2024-11-06,262,261,0.9961832061068703,True,262,261,0.9961832061068703,True,261,0.9961832061068703,True
SCHEDULE_PLUS_ALL_COVERAGE_CEILING,2024-11-07,263,262,0.9961977186311787,True,263,262,0.9961977186311787,True,262,0.9961977186311787,True
SCHEDULE_PLUS_ALL_COVERAGE_CEILING,2024-11-08,264,264,1.0,True,264,264,1.0,True,264,1.0,True
SCHEDULE_PLUS_ALL_COVERAGE_CEILING,2024-11-11,264,264,1.0,True,264,264,1.0,True,264,1.0,True
SCHEDULE_PLUS_ALL_COVERAGE_CEILING,2024-11-12,264,264,1.0,True,264,264,1.0,True,264,1.0,True
SCHEDULE_PLUS_ALL_COVERAGE_CEILING,2024-11-13,261,261,1.0,True,261,261,1.0,True,261,1.0,True
SCHEDULE_PLUS_ALL_COVERAGE_CEILING,2024-11-14,260,260,1.0,True,260,260,1.0,True,260,1.0,True
SCHEDULE_PLUS_ALL_COVERAGE_CEILING,2024-11-15,257,257,1.0,True,257,257,1.0,True,257,1.0,True
SCHEDULE_PLUS_ALL_COVERAGE_CEILING,2024-11-18,257,257,1.0,True,257,257,1.0,True,257,1.0,True
SCHEDULE_PLUS_ALL_COVERAGE_CEILING,2024-11-19,258,258,1.0,True,258,258,1.0,True,258,1.0,True
SCHEDULE_PLUS_ALL_COVERAGE_CEILING,2024-11-20,255,255,1.0,True,255,255,1.0,True,255,1.0,True
SCHEDULE_PLUS_ALL_COVERAGE_CEILING,2024-11-21,256,256,1.0,True,256,256,1.0,True,256,1.0,True
SCHEDULE_PLUS_ALL_COVERAGE_CEILING,2024-11-22,252,252,1.0,True,252,252,1.0,True,252,1.0,True
SCHEDULE_PLUS_ALL_COVERAGE_CEILING,2024-11-25,252,252,1.0,True,252,252,1.0,True,252,1.0,True
SCHEDULE_PLUS_ALL_COVERAGE_CEILING,2024-11-26,252,252,1.0,True,252,252,1.0,True,252,1.0,True
SCHEDULE_PLUS_ALL_COVERAGE_CEILING,2024-11-28,252,252,1.0,True,252,252,1.0,True,252,1.0,True
SCHEDULE_PLUS_ALL_COVERAGE_CEILING,2024-11-29,252,252,1.0,True,252,252,1.0,True,252,1.0,True
SCHEDULE_PLUS_ALL_COVERAGE_CEILING,2024-12-02,251,251,1.0,True,251,251,1.0,True,251,1.0,True
SCHEDULE_PLUS_ALL_COVERAGE_CEILING,2024-12-03,249,249,1.0,True,249,249,1.0,True,249,1.0,True
SCHEDULE_PLUS_ALL_COVERAGE_CEILING,2024-12-04,252,252,1.0,True,252,252,1.0,True,252,1.0,True
SCHEDULE_PLUS_ALL_COVERAGE_CEILING,2024-12-05,252,252,1.0,True,252,252,1.0,True,252,1.0,True
SCHEDULE_PLUS_ALL_COVERAGE_CEILING,2024-12-06,251,251,1.0,True,251,251,1.0,True,251,1.0,True
SCHEDULE_PLUS_ALL_COVERAGE_CEILING,2024-12-09,250,250,1.0,True,250,250,1.0,True,250,1.0,True
SCHEDULE_PLUS_ALL_COVERAGE_CEILING,2024-12-10,252,252,1.0,True,252,252,1.0,True,252,1.0,True
SCHEDULE_PLUS_ALL_COVERAGE_CEILING,2024-12-11,255,255,1.0,True,255,255,1.0,True,255,1.0,True
SCHEDULE_PLUS_ALL_COVERAGE_CEILING,2024-12-12,257,257,1.0,True,257,257,1.0,True,257,1.0,True
SCHEDULE_PLUS_ALL_COVERAGE_CEILING,2024-12-13,256,256,1.0,True,256,255,0.99609375,True,255,0.99609375,True
SCHEDULE_PLUS_ALL_COVERAGE_CEILING,2024-12-16,256,256,1.0,True,256,255,0.99609375,True,255,0.99609375,True
SCHEDULE_PLUS_ALL_COVERAGE_CEILING,2024-12-17,254,254,1.0,True,254,253,0.9960629921259843,True,253,0.9960629921259843,True
SCHEDULE_PLUS_ALL_COVERAGE_CEILING,2024-12-18,255,255,1.0,True,255,254,0.996078431372549,True,254,0.996078431372549,True
SCHEDULE_PLUS_ALL_COVERAGE_CEILING,2024-12-19,254,254,1.0,True,254,253,0.9960629921259843,True,253,0.9960629921259843,True
SCHEDULE_PLUS_ALL_COVERAGE_CEILING,2024-12-20,253,252,0.9960474308300395,True,253,252,0.9960474308300395,True,252,0.9960474308300395,True
SCHEDULE_PLUS_ALL_COVERAGE_CEILING,2024-12-23,249,248,0.9959839357429718,True,249,248,0.9959839357429718,True,248,0.9959839357429718,True
SCHEDULE_PLUS_ALL_COVERAGE_CEILING,2024-12-24,252,251,0.996031746031746,True,252,251,0.996031746031746,True,251,0.996031746031746,True
SCHEDULE_PLUS_ALL_COVERAGE_CEILING,2024-12-27,251,250,0.9960159362549801,True,251,250,0.9960159362549801,True,250,0.9960159362549801,True
SCHEDULE_PLUS_ALL_COVERAGE_CEILING,2024-12-30,248,248,1.0,True,248,248,1.0,True,248,1.0,True
SCHEDULE_PLUS_ALL_COVERAGE_CEILING,2025-01-02,250,250,1.0,True,250,250,1.0,True,250,1.0,True
SCHEDULE_PLUS_ALL_COVERAGE_CEILING,2025-01-03,250,250,1.0,True,250,250,1.0,True,250,1.0,True
SCHEDULE_PLUS_ALL_COVERAGE_CEILING,2025-01-06,248,248,1.0,True,248,248,1.0,True,248,1.0,True
SCHEDULE_PLUS_ALL_COVERAGE_CEILING,2025-01-07,250,250,1.0,True,250,250,1.0,True,250,1.0,True
SCHEDULE_PLUS_ALL_COVERAGE_CEILING,2025-01-08,250,250,1.0,True,250,250,1.0,True,250,1.0,True
SCHEDULE_PLUS_ALL_COVERAGE_CEILING,2025-01-09,246,246,1.0,True,246,246,1.0,True,246,1.0,True
SCHEDULE_PLUS_ALL_COVERAGE_CEILING,2025-01-10,244,244,1.0,True,244,244,1.0,True,244,1.0,True
SCHEDULE_PLUS_ALL_COVERAGE_CEILING,2025-01-13,242,242,1.0,True,242,242,1.0,True,242,1.0,True
SCHEDULE_PLUS_ALL_COVERAGE_CEILING,2025-01-14,240,240,1.0,True,240,240,1.0,True,240,1.0,True
SCHEDULE_PLUS_ALL_COVERAGE_CEILING,2025-01-15,240,240,1.0,True,240,240,1.0,True,240,1.0,True
SCHEDULE_PLUS_ALL_COVERAGE_CEILING,2025-01-16,240,240,1.0,True,240,240,1.0,True,240,1.0,True
SCHEDULE_PLUS_ALL_COVERAGE_CEILING,2025-01-17,239,239,1.0,True,239,239,1.0,True,239,1.0,True
SCHEDULE_PLUS_ALL_COVERAGE_CEILING,2025-01-20,238,238,1.0,True,238,238,1.0,True,238,1.0,True
SCHEDULE_PLUS_ALL_COVERAGE_CEILING,2025-01-21,240,240,1.0,True,240,240,1.0,True,240,1.0,True
SCHEDULE_PLUS_ALL_COVERAGE_CEILING,2025-01-22,240,240,1.0,True,240,240,1.0,True,240,1.0,True
SCHEDULE_PLUS_ALL_COVERAGE_CEILING,2025-01-23,240,240,1.0,True,240,240,1.0,True,240,1.0,True
SCHEDULE_PLUS_ALL_COVERAGE_CEILING,2025-01-24,240,240,1.0,True,240,240,1.0,True,240,1.0,True
SCHEDULE_PLUS_ALL_COVERAGE_CEILING,2025-01-30,240,240,1.0,True,240,240,1.0,True,240,1.0,True
SCHEDULE_PLUS_ALL_COVERAGE_CEILING,2025-01-31,235,235,1.0,True,235,235,1.0,True,235,1.0,True
SCHEDULE_PLUS_ALL_COVERAGE_CEILING,2025-02-03,236,236,1.0,True,236,236,1.0,True,236,1.0,True
SCHEDULE_PLUS_ALL_COVERAGE_CEILING,2025-02-04,230,230,1.0,True,230,230,1.0,True,230,1.0,True
SCHEDULE_PLUS_ALL_COVERAGE_CEILING,2025-02-05,229,229,1.0,True,229,229,1.0,True,229,1.0,True
SCHEDULE_PLUS_ALL_COVERAGE_CEILING,2025-02-06,231,231,1.0,True,231,231,1.0,True,231,1.0,True
SCHEDULE_PLUS_ALL_COVERAGE_CEILING,2025-02-07,234,234,1.0,True,234,234,1.0,True,234,1.0,True
SCHEDULE_PLUS_ALL_COVERAGE_CEILING,2025-02-10,235,235,1.0,True,235,235,1.0,True,235,1.0,True
SCHEDULE_PLUS_ALL_COVERAGE_CEILING,2025-02-11,236,236,1.0,True,236,236,1.0,True,236,1.0,True
SCHEDULE_PLUS_ALL_COVERAGE_CEILING,2025-02-12,235,235,1.0,True,235,235,1.0,True,235,1.0,True
SCHEDULE_PLUS_ALL_COVERAGE_CEILING,2025-02-13,238,238,1.0,True,238,238,1.0,True,238,1.0,True
SCHEDULE_PLUS_ALL_COVERAGE_CEILING,2025-02-14,237,237,1.0,True,237,237,1.0,True,237,1.0,True
SCHEDULE_PLUS_ALL_COVERAGE_CEILING,2025-02-17,232,232,1.0,True,232,232,1.0,True,232,1.0,True
SCHEDULE_PLUS_ALL_COVERAGE_CEILING,2025-02-18,234,234,1.0,True,234,234,1.0,True,234,1.0,True
SCHEDULE_PLUS_ALL_COVERAGE_CEILING,2025-02-19,234,234,1.0,True,234,234,1.0,True,234,1.0,True
SCHEDULE_PLUS_ALL_COVERAGE_CEILING,2025-02-20,234,234,1.0,True,234,234,1.0,True,234,1.0,True
SCHEDULE_PLUS_ALL_COVERAGE_CEILING,2025-02-21,233,233,1.0,True,233,233,1.0,True,233,1.0,True
SCHEDULE_PLUS_ALL_COVERAGE_CEILING,2025-02-24,233,233,1.0,True,233,233,1.0,True,233,1.0,True
SCHEDULE_PLUS_ALL_COVERAGE_CEILING,2025-02-25,230,230,1.0,True,230,230,1.0,True,230,1.0,True
SCHEDULE_PLUS_ALL_COVERAGE_CEILING,2025-02-26,232,232,1.0,True,232,232,1.0,True,232,1.0,True
SCHEDULE_PLUS_ALL_COVERAGE_CEILING,2025-02-27,230,230,1.0,True,230,230,1.0,True,230,1.0,True
SCHEDULE_PLUS_ALL_COVERAGE_CEILING,2025-02-28,231,231,1.0,True,231,231,1.0,True,231,1.0,True
SCHEDULE_PLUS_ALL_COVERAGE_CEILING,2025-03-03,234,234,1.0,True,234,234,1.0,True,234,1.0,True
SCHEDULE_PLUS_ALL_COVERAGE_CEILING,2025-03-04,233,233,1.0,True,233,233,1.0,True,233,1.0,True
SCHEDULE_PLUS_ALL_COVERAGE_CEILING,2025-03-05,236,236,1.0,True,236,236,1.0,True,236,1.0,True
SCHEDULE_PLUS_ALL_COVERAGE_CEILING,2025-03-06,236,236,1.0,True,236,236,1.0,True,236,1.0,True
SCHEDULE_PLUS_ALL_COVERAGE_CEILING,2025-03-07,236,236,1.0,True,236,236,1.0,True,236,1.0,True
SCHEDULE_PLUS_ALL_COVERAGE_CEILING,2025-03-10,234,234,1.0,True,234,234,1.0,True,234,1.0,True
SCHEDULE_PLUS_ALL_COVERAGE_CEILING,2025-03-11,235,235,1.0,True,235,235,1.0,True,235,1.0,True
SCHEDULE_PLUS_ALL_COVERAGE_CEILING,2025-03-12,235,235,1.0,True,235,235,1.0,True,235,1.0,True
SCHEDULE_PLUS_ALL_COVERAGE_CEILING,2025-03-13,235,235,1.0,True,235,235,1.0,True,235,1.0,True
SCHEDULE_PLUS_ALL_COVERAGE_CEILING,2025-03-14,234,234,1.0,True,234,234,1.0,True,234,1.0,True
SCHEDULE_PLUS_ALL_COVERAGE_CEILING,2025-03-17,234,234,1.0,True,234,234,1.0,True,234,1.0,True
SCHEDULE_PLUS_ALL_COVERAGE_CEILING,2025-03-18,234,234,1.0,True,234,234,1.0,True,234,1.0,True
SCHEDULE_PLUS_ALL_COVERAGE_CEILING,2025-03-19,234,234,1.0,True,234,234,1.0,True,234,1.0,True
SCHEDULE_PLUS_ALL_COVERAGE_CEILING,2025-03-20,234,234,1.0,True,234,234,1.0,True,234,1.0,True
SCHEDULE_PLUS_ALL_COVERAGE_CEILING,2025-03-21,233,233,1.0,True,233,233,1.0,True,233,1.0,True
SCHEDULE_PLUS_ALL_COVERAGE_CEILING,2025-03-24,231,231,1.0,True,231,231,1.0,True,231,1.0,True
SCHEDULE_PLUS_ALL_COVERAGE_CEILING,2025-03-25,234,234,1.0,True,234,234,1.0,True,234,1.0,True
SCHEDULE_PLUS_ALL_COVERAGE_CEILING,2025-03-26,232,232,1.0,True,232,232,1.0,True,232,1.0,True
SCHEDULE_PLUS_ALL_COVERAGE_CEILING,2025-03-27,232,232,1.0,True,232,232,1.0,True,232,1.0,True
SCHEDULE_PLUS_ALL_COVERAGE_CEILING,2025-04-08,229,229,1.0,True,229,229,1.0,True,229,1.0,True
SCHEDULE_PLUS_ALL_COVERAGE_CEILING,2025-04-09,228,228,1.0,True,228,228,1.0,True,228,1.0,True
SCHEDULE_PLUS_ALL_COVERAGE_CEILING,2025-04-10,228,228,1.0,True,228,228,1.0,True,228,1.0,True
SCHEDULE_PLUS_ALL_COVERAGE_CEILING,2025-04-11,229,229,1.0,True,229,229,1.0,True,229,1.0,True
SCHEDULE_PLUS_ALL_COVERAGE_CEILING,2025-04-14,229,229,1.0,True,229,229,1.0,True,229,1.0,True
SCHEDULE_PLUS_ALL_COVERAGE_CEILING,2025-04-15,230,230,1.0,True,230,230,1.0,True,230,1.0,True
SCHEDULE_PLUS_ALL_COVERAGE_CEILING,2025-04-16,231,231,1.0,True,231,231,1.0,True,231,1.0,True
SCHEDULE_PLUS_ALL_COVERAGE_CEILING,2025-04-17,229,229,1.0,True,229,229,1.0,True,229,1.0,True
SCHEDULE_PLUS_ALL_COVERAGE_CEILING,2025-04-21,228,228,1.0,True,228,228,1.0,True,228,1.0,True
SCHEDULE_PLUS_ALL_COVERAGE_CEILING,2025-04-22,228,228,1.0,True,228,228,1.0,True,228,1.0,True
SCHEDULE_PLUS_ALL_COVERAGE_CEILING,2025-04-23,226,226,1.0,True,226,226,1.0,True,226,1.0,True
SCHEDULE_PLUS_ALL_COVERAGE_CEILING,2025-04-24,226,226,1.0,True,226,226,1.0,True,226,1.0,True
SCHEDULE_PLUS_ALL_COVERAGE_CEILING,2025-04-25,227,227,1.0,True,227,227,1.0,True,227,1.0,True
SCHEDULE_PLUS_ALL_COVERAGE_CEILING,2025-04-28,225,225,1.0,True,225,225,1.0,True,225,1.0,True
SCHEDULE_PLUS_ALL_COVERAGE_CEILING,2025-04-29,224,224,1.0,True,224,224,1.0,True,224,1.0,True
SCHEDULE_PLUS_ALL_COVERAGE_CEILING,2025-04-30,222,222,1.0,True,222,222,1.0,True,222,1.0,True
SCHEDULE_PLUS_ALL_COVERAGE_CEILING,2025-05-02,226,226,1.0,True,226,226,1.0,True,226,1.0,True
SCHEDULE_PLUS_ALL_COVERAGE_CEILING,2025-05-05,225,225,1.0,True,225,225,1.0,True,225,1.0,True
SCHEDULE_PLUS_ALL_COVERAGE_CEILING,2025-05-06,226,226,1.0,True,226,226,1.0,True,226,1.0,True
SCHEDULE_PLUS_ALL_COVERAGE_CEILING,2025-05-07,225,225,1.0,True,225,225,1.0,True,225,1.0,True
SCHEDULE_PLUS_ALL_COVERAGE_CEILING,2025-05-08,226,226,1.0,True,226,226,1.0,True,226,1.0,True
SCHEDULE_PLUS_ALL_COVERAGE_CEILING,2025-05-09,224,224,1.0,True,224,224,1.0,True,224,1.0,True
SCHEDULE_PLUS_ALL_COVERAGE_CEILING,2025-05-14,223,223,1.0,True,223,223,1.0,True,223,1.0,True
SCHEDULE_PLUS_ALL_COVERAGE_CEILING,2025-05-15,227,227,1.0,True,227,227,1.0,True,227,1.0,True
SCHEDULE_PLUS_ALL_COVERAGE_CEILING,2025-05-16,227,227,1.0,True,227,227,1.0,True,227,1.0,True
SCHEDULE_PLUS_ALL_COVERAGE_CEILING,2025-05-19,228,228,1.0,True,228,227,0.9956140350877193,True,227,0.9956140350877193,True
SCHEDULE_PLUS_ALL_COVERAGE_CEILING,2025-05-20,227,226,0.9955947136563876,True,227,226,0.9955947136563876,True,226,0.9955947136563876,True
SCHEDULE_PLUS_ALL_COVERAGE_CEILING,2025-05-21,228,227,0.9956140350877193,True,228,225,0.9868421052631579,True,225,0.9868421052631579,True
SCHEDULE_PLUS_ALL_COVERAGE_CEILING,2025-05-22,229,228,0.9956331877729258,True,229,226,0.9868995633187773,True,226,0.9868995633187773,True
SCHEDULE_PLUS_ALL_COVERAGE_CEILING,2025-05-23,229,228,0.9956331877729258,True,229,226,0.9868995633187773,True,226,0.9868995633187773,True
SCHEDULE_PLUS_ALL_COVERAGE_CEILING,2025-05-26,230,230,1.0,True,230,228,0.991304347826087,True,228,0.991304347826087,True
SCHEDULE_PLUS_ALL_COVERAGE_CEILING,2025-05-27,233,233,1.0,True,233,231,0.9914163090128756,True,231,0.9914163090128756,True
SCHEDULE_PLUS_ALL_COVERAGE_CEILING,2025-05-28,235,233,0.9914893617021276,True,235,233,0.9914893617021276,True,233,0.9914893617021276,True
SCHEDULE_PLUS_ALL_COVERAGE_CEILING,2025-06-02,236,234,0.9915254237288136,True,236,234,0.9915254237288136,True,234,0.9915254237288136,True
SCHEDULE_PLUS_ALL_COVERAGE_CEILING,2025-06-03,235,233,0.9914893617021276,True,235,233,0.9914893617021276,True,233,0.9914893617021276,True
SCHEDULE_PLUS_ALL_COVERAGE_CEILING,2025-06-04,235,233,0.9914893617021276,True,235,233,0.9914893617021276,True,233,0.9914893617021276,True
SCHEDULE_PLUS_ALL_COVERAGE_CEILING,2025-06-05,237,237,1.0,True,237,237,1.0,True,237,1.0,True
SCHEDULE_PLUS_ALL_COVERAGE_CEILING,2025-06-10,238,238,1.0,True,238,238,1.0,True,238,1.0,True
SCHEDULE_PLUS_ALL_COVERAGE_CEILING,2025-06-11,238,238,1.0,True,238,238,1.0,True,238,1.0,True
SCHEDULE_PLUS_ALL_COVERAGE_CEILING,2025-06-12,238,238,1.0,True,238,238,1.0,True,238,1.0,True
SCHEDULE_PLUS_ALL_COVERAGE_CEILING,2025-06-13,241,241,1.0,True,241,241,1.0,True,241,1.0,True
SCHEDULE_PLUS_ALL_COVERAGE_CEILING,2025-06-16,241,241,1.0,True,241,241,1.0,True,241,1.0,True
SCHEDULE_PLUS_ALL_COVERAGE_CEILING,2025-06-17,240,240,1.0,True,240,239,0.9958333333333333,True,239,0.9958333333333333,True
SCHEDULE_PLUS_ALL_COVERAGE_CEILING,2025-06-18,239,239,1.0,True,239,238,0.99581589958159,True,238,0.99581589958159,True
SCHEDULE_PLUS_ALL_COVERAGE_CEILING,2025-06-19,240,240,1.0,True,240,239,0.9958333333333333,True,239,0.9958333333333333,True
SCHEDULE_PLUS_ALL_COVERAGE_CEILING,2025-06-20,239,239,1.0,True,239,237,0.9916317991631799,True,237,0.9916317991631799,True
SCHEDULE_PLUS_ALL_COVERAGE_CEILING,2025-06-23,239,239,1.0,True,239,237,0.9916317991631799,True,237,0.9916317991631799,True
SCHEDULE_PLUS_ALL_COVERAGE_CEILING,2025-06-24,241,240,0.995850622406639,True,241,237,0.983402489626556,True,237,0.983402489626556,True
SCHEDULE_PLUS_ALL_COVERAGE_CEILING,2025-06-25,243,242,0.9958847736625515,True,243,239,0.9835390946502057,True,239,0.9835390946502057,True
SCHEDULE_PLUS_ALL_COVERAGE_CEILING,2025-06-26,244,243,0.9959016393442623,True,244,240,0.9836065573770492,True,240,0.9836065573770492,True
SCHEDULE_PLUS_ALL_COVERAGE_CEILING,2025-06-30,244,242,0.9918032786885246,True,244,240,0.9836065573770492,True,240,0.9836065573770492,True
SCHEDULE_PLUS_ALL_COVERAGE_CEILING,2025-07-01,242,241,0.9958677685950413,True,242,239,0.987603305785124,True,239,0.987603305785124,True
SCHEDULE_PLUS_ALL_COVERAGE_CEILING,2025-07-02,241,238,0.9875518672199171,True,241,238,0.9875518672199171,True,238,0.9875518672199171,True
SCHEDULE_PLUS_ALL_COVERAGE_CEILING,2025-07-03,242,239,0.987603305785124,True,242,239,0.987603305785124,True,239,0.987603305785124,True
SCHEDULE_PLUS_ALL_COVERAGE_CEILING,2025-07-04,244,242,0.9918032786885246,True,244,242,0.9918032786885246,True,242,0.9918032786885246,True
SCHEDULE_PLUS_ALL_COVERAGE_CEILING,2025-07-07,242,240,0.9917355371900827,True,242,240,0.9917355371900827,True,240,0.9917355371900827,True
SCHEDULE_PLUS_ALL_COVERAGE_CEILING,2025-07-08,242,242,1.0,True,242,242,1.0,True,242,1.0,True
SCHEDULE_PLUS_ALL_COVERAGE_CEILING,2025-07-09,241,241,1.0,True,241,241,1.0,True,241,1.0,True
SCHEDULE_PLUS_ALL_COVERAGE_CEILING,2025-07-10,242,242,1.0,True,242,242,1.0,True,242,1.0,True
SCHEDULE_PLUS_ALL_COVERAGE_CEILING,2025-07-11,242,242,1.0,True,242,242,1.0,True,242,1.0,True
SCHEDULE_PLUS_ALL_COVERAGE_CEILING,2025-07-14,242,242,1.0,True,242,242,1.0,True,242,1.0,True
SCHEDULE_PLUS_ALL_COVERAGE_CEILING,2025-07-15,244,244,1.0,True,244,244,1.0,True,244,1.0,True
SCHEDULE_PLUS_ALL_COVERAGE_CEILING,2025-07-16,245,245,1.0,True,245,245,1.0,True,245,1.0,True
SCHEDULE_PLUS_ALL_COVERAGE_CEILING,2025-07-17,247,247,1.0,True,247,247,1.0,True,247,1.0,True
SCHEDULE_PLUS_ALL_COVERAGE_CEILING,2025-07-18,248,248,1.0,True,248,248,1.0,True,248,1.0,True
SCHEDULE_PLUS_ALL_COVERAGE_CEILING,2025-07-21,250,250,1.0,True,250,250,1.0,True,250,1.0,True
SCHEDULE_PLUS_ALL_COVERAGE_CEILING,2025-07-22,250,250,1.0,True,250,250,1.0,True,250,1.0,True
SCHEDULE_PLUS_ALL_COVERAGE_CEILING,2025-07-23,250,250,1.0,True,250,250,1.0,True,250,1.0,True
SCHEDULE_PLUS_ALL_COVERAGE_CEILING,2025-07-24,249,249,1.0,True,249,249,1.0,True,249,1.0,True
SCHEDULE_PLUS_ALL_COVERAGE_CEILING,2025-07-25,251,251,1.0,True,251,251,1.0,True,251,1.0,True
SCHEDULE_PLUS_ALL_COVERAGE_CEILING,2025-07-28,252,252,1.0,True,252,252,1.0,True,252,1.0,True
SCHEDULE_PLUS_ALL_COVERAGE_CEILING,2025-07-29,255,255,1.0,True,255,255,1.0,True,255,1.0,True
SCHEDULE_PLUS_ALL_COVERAGE_CEILING,2025-07-30,256,256,1.0,True,256,256,1.0,True,256,1.0,True
SCHEDULE_PLUS_ALL_COVERAGE_CEILING,2025-07-31,256,256,1.0,True,256,256,1.0,True,256,1.0,True
SCHEDULE_PLUS_ALL_COVERAGE_CEILING,2025-08-01,256,256,1.0,True,256,256,1.0,True,256,1.0,True
SCHEDULE_PLUS_ALL_COVERAGE_CEILING,2025-08-04,258,258,1.0,True,258,258,1.0,True,258,1.0,True
SCHEDULE_PLUS_ALL_COVERAGE_CEILING,2025-08-05,259,259,1.0,True,259,259,1.0,True,259,1.0,True
SCHEDULE_PLUS_ALL_COVERAGE_CEILING,2025-08-06,261,261,1.0,True,261,261,1.0,True,261,1.0,True
SCHEDULE_PLUS_ALL_COVERAGE_CEILING,2025-08-07,262,262,1.0,True,262,262,1.0,True,262,1.0,True
SCHEDULE_PLUS_ALL_COVERAGE_CEILING,2025-08-08,267,267,1.0,True,267,267,1.0,True,267,1.0,True
SCHEDULE_PLUS_ALL_COVERAGE_CEILING,2025-08-11,266,266,1.0,True,266,266,1.0,True,266,1.0,True
SCHEDULE_PLUS_ALL_COVERAGE_CEILING,2025-08-12,266,266,1.0,True,266,266,1.0,True,266,1.0,True
SCHEDULE_PLUS_ALL_COVERAGE_CEILING,2025-08-13,267,267,1.0,True,267,267,1.0,True,267,1.0,True
SCHEDULE_PLUS_ALL_COVERAGE_CEILING,2025-08-14,266,266,1.0,True,266,266,1.0,True,266,1.0,True
SCHEDULE_PLUS_ALL_COVERAGE_CEILING,2025-08-15,268,268,1.0,True,268,268,1.0,True,268,1.0,True
SCHEDULE_PLUS_ALL_COVERAGE_CEILING,2025-08-19,267,267,1.0,True,267,267,1.0,True,267,1.0,True
SCHEDULE_PLUS_ALL_COVERAGE_CEILING,2025-08-20,268,268,1.0,True,268,268,1.0,True,268,1.0,True
SCHEDULE_PLUS_ALL_COVERAGE_CEILING,2025-08-21,266,266,1.0,True,266,266,1.0,True,266,1.0,True
SCHEDULE_PLUS_ALL_COVERAGE_CEILING,2025-08-22,268,268,1.0,True,268,268,1.0,True,268,1.0,True
SCHEDULE_PLUS_ALL_COVERAGE_CEILING,2025-08-25,269,269,1.0,True,269,269,1.0,True,269,1.0,True
SCHEDULE_PLUS_ALL_COVERAGE_CEILING,2025-08-26,269,269,1.0,True,269,269,1.0,True,269,1.0,True
SCHEDULE_PLUS_ALL_COVERAGE_CEILING,2025-08-27,273,273,1.0,True,273,273,1.0,True,273,1.0,True
SCHEDULE_PLUS_ALL_COVERAGE_CEILING,2025-08-28,273,273,1.0,True,273,273,1.0,True,273,1.0,True
SCHEDULE_PLUS_ALL_COVERAGE_CEILING,2025-08-29,271,271,1.0,True,271,271,1.0,True,271,1.0,True
SCHEDULE_PLUS_ALL_COVERAGE_CEILING,2025-09-01,275,275,1.0,True,275,275,1.0,True,275,1.0,True
SCHEDULE_PLUS_ALL_COVERAGE_CEILING,2025-09-02,276,276,1.0,True,276,276,1.0,True,276,1.0,True
SCHEDULE_PLUS_ALL_COVERAGE_CEILING,2025-09-03,278,278,1.0,True,278,278,1.0,True,278,1.0,True
SCHEDULE_PLUS_ALL_COVERAGE_CEILING,2025-09-04,279,279,1.0,True,279,279,1.0,True,279,1.0,True
SCHEDULE_PLUS_ALL_COVERAGE_CEILING,2025-09-08,281,281,1.0,True,281,281,1.0,True,281,1.0,True
SCHEDULE_PLUS_ALL_COVERAGE_CEILING,2025-09-09,282,282,1.0,True,282,282,1.0,True,282,1.0,True
SCHEDULE_PLUS_ALL_COVERAGE_CEILING,2025-09-10,283,283,1.0,True,283,283,1.0,True,283,1.0,True
SCHEDULE_PLUS_ALL_COVERAGE_CEILING,2025-09-11,287,287,1.0,True,287,287,1.0,True,287,1.0,True
SCHEDULE_PLUS_ALL_COVERAGE_CEILING,2025-09-12,289,289,1.0,True,289,289,1.0,True,289,1.0,True
SCHEDULE_PLUS_ALL_COVERAGE_CEILING,2025-09-15,289,289,1.0,True,289,289,1.0,True,289,1.0,True
SCHEDULE_PLUS_ALL_COVERAGE_CEILING,2025-09-16,293,293,1.0,True,293,293,1.0,True,293,1.0,True
SCHEDULE_PLUS_ALL_COVERAGE_CEILING,2025-09-17,293,293,1.0,True,293,293,1.0,True,293,1.0,True
SCHEDULE_PLUS_ALL_COVERAGE_CEILING,2025-09-18,298,298,1.0,True,298,298,1.0,True,298,1.0,True
SCHEDULE_PLUS_ALL_COVERAGE_CEILING,2025-09-19,298,298,1.0,True,298,298,1.0,True,298,1.0,True
SCHEDULE_PLUS_ALL_COVERAGE_CEILING,2025-09-22,299,299,1.0,True,299,299,1.0,True,299,1.0,True
SCHEDULE_PLUS_ALL_COVERAGE_CEILING,2025-09-23,304,304,1.0,True,304,304,1.0,True,304,1.0,True
SCHEDULE_PLUS_ALL_COVERAGE_CEILING,2025-09-24,306,306,1.0,True,306,306,1.0,True,306,1.0,True
SCHEDULE_PLUS_ALL_COVERAGE_CEILING,2025-09-25,311,311,1.0,True,311,311,1.0,True,311,1.0,True
SCHEDULE_PLUS_ALL_COVERAGE_CEILING,2025-09-26,311,311,1.0,True,311,311,1.0,True,311,1.0,True
SCHEDULE_PLUS_ALL_COVERAGE_CEILING,2025-09-29,316,316,1.0,True,316,316,1.0,True,316,1.0,True
SCHEDULE_PLUS_ALL_COVERAGE_CEILING,2025-09-30,316,316,1.0,True,316,316,1.0,True,316,1.0,True
SCHEDULE_PLUS_ALL_COVERAGE_CEILING,2025-10-01,323,323,1.0,True,323,323,1.0,True,323,1.0,True
SCHEDULE_PLUS_ALL_COVERAGE_CEILING,2025-10-02,330,330,1.0,True,330,330,1.0,True,330,1.0,True
SCHEDULE_PLUS_ALL_COVERAGE_CEILING,2025-10-03,334,334,1.0,True,334,334,1.0,True,334,1.0,True
SCHEDULE_PLUS_ALL_COVERAGE_CEILING,2025-10-06,332,332,1.0,True,332,332,1.0,True,332,1.0,True
SCHEDULE_PLUS_ALL_COVERAGE_CEILING,2025-10-07,340,340,1.0,True,340,340,1.0,True,340,1.0,True
SCHEDULE_PLUS_ALL_COVERAGE_CEILING,2025-10-08,343,343,1.0,True,343,343,1.0,True,343,1.0,True
SCHEDULE_PLUS_ALL_COVERAGE_CEILING,2025-10-09,348,348,1.0,True,348,348,1.0,True,348,1.0,True
SCHEDULE_PLUS_ALL_COVERAGE_CEILING,2025-10-10,349,349,1.0,True,349,349,1.0,True,349,1.0,True
SCHEDULE_PLUS_ALL_COVERAGE_CEILING,2025-10-13,356,356,1.0,True,356,356,1.0,True,356,1.0,True
SCHEDULE_PLUS_ALL_COVERAGE_CEILING,2025-10-14,361,361,1.0,True,361,361,1.0,True,361,1.0,True
SCHEDULE_PLUS_ALL_COVERAGE_CEILING,2025-10-15,361,361,1.0,True,361,361,1.0,True,361,1.0,True
SCHEDULE_PLUS_ALL_COVERAGE_CEILING,2025-10-16,365,365,1.0,True,365,365,1.0,True,365,1.0,True
SCHEDULE_PLUS_ALL_COVERAGE_CEILING,2025-10-17,367,367,1.0,True,367,367,1.0,True,367,1.0,True
SCHEDULE_PLUS_ALL_COVERAGE_CEILING,2025-10-20,370,370,1.0,True,370,370,1.0,True,370,1.0,True
SCHEDULE_PLUS_ALL_COVERAGE_CEILING,2025-10-21,375,375,1.0,True,375,375,1.0,True,375,1.0,True
SCHEDULE_PLUS_ALL_COVERAGE_CEILING,2025-10-22,376,376,1.0,True,376,376,1.0,True,376,1.0,True
SCHEDULE_PLUS_ALL_COVERAGE_CEILING,2025-10-23,376,376,1.0,True,376,376,1.0,True,376,1.0,True
SCHEDULE_PLUS_ALL_COVERAGE_CEILING,2025-10-24,379,379,1.0,True,379,379,1.0,True,379,1.0,True
SCHEDULE_PLUS_ALL_COVERAGE_CEILING,2025-10-27,381,381,1.0,True,381,381,1.0,True,381,1.0,True
SCHEDULE_PLUS_ALL_COVERAGE_CEILING,2025-10-28,379,379,1.0,True,379,379,1.0,True,379,1.0,True
SCHEDULE_PLUS_ALL_COVERAGE_CEILING,2025-10-29,382,382,1.0,True,382,382,1.0,True,382,1.0,True
SCHEDULE_PLUS_ALL_COVERAGE_CEILING,2025-10-30,388,388,1.0,True,388,388,1.0,True,388,1.0,True
SCHEDULE_PLUS_ALL_COVERAGE_CEILING,2025-10-31,388,388,1.0,True,388,388,1.0,True,388,1.0,True
SCHEDULE_PLUS_ALL_COVERAGE_CEILING,2025-11-03,391,391,1.0,True,391,391,1.0,True,391,1.0,True
SCHEDULE_PLUS_ALL_COVERAGE_CEILING,2025-11-04,394,394,1.0,True,394,394,1.0,True,394,1.0,True
SCHEDULE_PLUS_ALL_COVERAGE_CEILING,2025-11-05,394,394,1.0,True,394,394,1.0,True,394,1.0,True
SCHEDULE_PLUS_ALL_COVERAGE_CEILING,2025-11-06,390,390,1.0,True,390,390,1.0,True,390,1.0,True
SCHEDULE_PLUS_ALL_COVERAGE_CEILING,2025-11-07,391,391,1.0,True,391,391,1.0,True,391,1.0,True
SCHEDULE_PLUS_ALL_COVERAGE_CEILING,2025-11-10,394,394,1.0,True,394,394,1.0,True,394,1.0,True
SCHEDULE_PLUS_ALL_COVERAGE_CEILING,2025-11-11,393,393,1.0,True,393,393,1.0,True,393,1.0,True
SCHEDULE_PLUS_ALL_COVERAGE_CEILING,2025-11-12,393,393,1.0,True,393,393,1.0,True,393,1.0,True
SCHEDULE_PLUS_ALL_COVERAGE_CEILING,2025-11-13,393,393,1.0,True,393,393,1.0,True,393,1.0,True
SCHEDULE_PLUS_ALL_COVERAGE_CEILING,2025-11-14,393,393,1.0,True,393,393,1.0,True,393,1.0,True
SCHEDULE_PLUS_ALL_COVERAGE_CEILING,2025-11-17,393,393,1.0,True,393,393,1.0,True,393,1.0,True
SCHEDULE_PLUS_ALL_COVERAGE_CEILING,2025-11-18,390,390,1.0,True,390,390,1.0,True,390,1.0,True
SCHEDULE_PLUS_ALL_COVERAGE_CEILING,2025-11-19,393,393,1.0,True,393,393,1.0,True,393,1.0,True
SCHEDULE_PLUS_ALL_COVERAGE_CEILING,2025-11-20,392,392,1.0,True,392,392,1.0,True,392,1.0,True
SCHEDULE_PLUS_ALL_COVERAGE_CEILING,2025-11-21,389,389,1.0,True,389,389,1.0,True,389,1.0,True
SCHEDULE_PLUS_ALL_COVERAGE_CEILING,2025-11-24,392,392,1.0,True,392,392,1.0,True,392,1.0,True
SCHEDULE_PLUS_ALL_COVERAGE_CEILING,2025-11-25,394,394,1.0,True,394,394,1.0,True,394,1.0,True
SCHEDULE_PLUS_ALL_COVERAGE_CEILING,2025-11-26,390,390,1.0,True,390,390,1.0,True,390,1.0,True
SCHEDULE_PLUS_ALL_COVERAGE_CEILING,2025-11-27,389,389,1.0,True,389,389,1.0,True,389,1.0,True
SCHEDULE_PLUS_ALL_COVERAGE_CEILING,2025-11-28,389,389,1.0,True,389,389,1.0,True,389,1.0,True
SCHEDULE_PLUS_ALL_COVERAGE_CEILING,2025-12-01,391,391,1.0,True,391,391,1.0,True,391,1.0,True
SCHEDULE_PLUS_ALL_COVERAGE_CEILING,2025-12-02,389,389,1.0,True,389,389,1.0,True,389,1.0,True
SCHEDULE_PLUS_ALL_COVERAGE_CEILING,2025-12-03,393,393,1.0,True,393,393,1.0,True,393,1.0,True
SCHEDULE_PLUS_ALL_COVERAGE_CEILING,2025-12-04,393,393,1.0,True,393,393,1.0,True,393,1.0,True
SCHEDULE_PLUS_ALL_COVERAGE_CEILING,2025-12-05,387,387,1.0,True,387,387,1.0,True,387,1.0,True
SCHEDULE_PLUS_ALL_COVERAGE_CEILING,2025-12-08,390,390,1.0,True,390,390,1.0,True,390,1.0,True
SCHEDULE_PLUS_ALL_COVERAGE_CEILING,2025-12-09,390,390,1.0,True,390,390,1.0,True,390,1.0,True
SCHEDULE_PLUS_ALL_COVERAGE_CEILING,2025-12-10,390,390,1.0,True,390,390,1.0,True,390,1.0,True
SCHEDULE_PLUS_ALL_COVERAGE_CEILING,2025-12-11,391,391,1.0,True,391,391,1.0,True,391,1.0,True
SCHEDULE_PLUS_ALL_COVERAGE_CEILING,2025-12-12,392,392,1.0,True,392,392,1.0,True,392,1.0,True
SCHEDULE_PLUS_ALL_COVERAGE_CEILING,2025-12-15,388,388,1.0,True,388,388,1.0,True,388,1.0,True
SCHEDULE_PLUS_ALL_COVERAGE_CEILING,2025-12-16,386,386,1.0,True,386,386,1.0,True,386,1.0,True
SCHEDULE_PLUS_ALL_COVERAGE_CEILING,2025-12-17,387,387,1.0,True,387,387,1.0,True,387,1.0,True
SCHEDULE_PLUS_ALL_COVERAGE_CEILING,2025-12-18,387,387,1.0,True,387,387,1.0,True,387,1.0,True
SCHEDULE_PLUS_ALL_COVERAGE_CEILING,2025-12-19,388,388,1.0,True,388,388,1.0,True,388,1.0,True
SCHEDULE_PLUS_ALL_COVERAGE_CEILING,2025-12-22,389,389,1.0,True,389,389,1.0,True,389,1.0,True
SCHEDULE_PLUS_ALL_COVERAGE_CEILING,2025-12-23,391,391,1.0,True,391,391,1.0,True,391,1.0,True
SCHEDULE_PLUS_ALL_COVERAGE_CEILING,2025-12-24,390,390,1.0,True,390,390,1.0,True,390,1.0,True
SCHEDULE_PLUS_ALL_COVERAGE_CEILING,2025-12-29,390,390,1.0,True,390,390,1.0,True,390,1.0,True
SCHEDULE_PLUS_ALL_COVERAGE_CEILING,2025-12-30,391,391,1.0,True,391,391,1.0,True,391,1.0,True
SCHEDULE_PLUS_ALL_COVERAGE_CEILING,2026-01-02,388,388,1.0,True,388,388,1.0,True,388,1.0,True
SCHEDULE_PLUS_ALL_COVERAGE_CEILING,2026-01-05,383,383,1.0,True,383,383,1.0,True,383,1.0,True
SCHEDULE_PLUS_ALL_COVERAGE_CEILING,2026-01-06,384,384,1.0,True,384,384,1.0,True,384,1.0,True
SCHEDULE_PLUS_ALL_COVERAGE_CEILING,2026-01-07,384,384,1.0,True,384,384,1.0,True,384,1.0,True
SCHEDULE_PLUS_ALL_COVERAGE_CEILING,2026-01-08,386,386,1.0,True,386,386,1.0,True,386,1.0,True
SCHEDULE_PLUS_ALL_COVERAGE_CEILING,2026-01-09,385,385,1.0,True,385,385,1.0,True,385,1.0,True
SCHEDULE_PLUS_ALL_COVERAGE_CEILING,2026-01-12,386,386,1.0,True,386,386,1.0,True,386,1.0,True
SCHEDULE_PLUS_ALL_COVERAGE_CEILING,2026-01-13,384,384,1.0,True,384,384,1.0,True,384,1.0,True
SCHEDULE_PLUS_ALL_COVERAGE_CEILING,2026-01-14,385,385,1.0,True,385,385,1.0,True,385,1.0,True
SCHEDULE_PLUS_ALL_COVERAGE_CEILING,2026-01-15,387,387,1.0,True,387,387,1.0,True,387,1.0,True
SCHEDULE_PLUS_ALL_COVERAGE_CEILING,2026-01-19,392,392,1.0,True,392,392,1.0,True,392,1.0,True
SCHEDULE_PLUS_ALL_COVERAGE_CEILING,2026-01-20,394,394,1.0,True,394,394,1.0,True,394,1.0,True
SCHEDULE_PLUS_ALL_COVERAGE_CEILING,2026-01-21,400,400,1.0,True,400,400,1.0,True,400,1.0,True
SCHEDULE_PLUS_ALL_COVERAGE_CEILING,2026-01-22,407,407,1.0,True,407,407,1.0,True,407,1.0,True
SCHEDULE_PLUS_ALL_COVERAGE_CEILING,2026-01-23,412,412,1.0,True,412,412,1.0,True,412,1.0,True
SCHEDULE_PLUS_ALL_COVERAGE_CEILING,2026-01-26,410,410,1.0,True,410,410,1.0,True,410,1.0,True
SCHEDULE_PLUS_ALL_COVERAGE_CEILING,2026-01-27,417,417,1.0,True,417,417,1.0,True,417,1.0,True
SCHEDULE_PLUS_ALL_COVERAGE_CEILING,2026-01-28,420,420,1.0,True,420,420,1.0,True,420,1.0,True
SCHEDULE_PLUS_ALL_COVERAGE_CEILING,2026-01-29,424,424,1.0,True,424,424,1.0,True,424,1.0,True
SCHEDULE_PLUS_ALL_COVERAGE_CEILING,2026-01-30,423,423,1.0,True,423,423,1.0,True,423,1.0,True
SCHEDULE_PLUS_ALL_COVERAGE_CEILING,2026-02-02,423,423,1.0,True,423,423,1.0,True,423,1.0,True
SCHEDULE_PLUS_ALL_COVERAGE_CEILING,2026-02-03,425,425,1.0,True,425,425,1.0,True,425,1.0,True
SCHEDULE_PLUS_ALL_COVERAGE_CEILING,2026-02-04,423,423,1.0,True,423,423,1.0,True,423,1.0,True
SCHEDULE_PLUS_ALL_COVERAGE_CEILING,2026-02-05,424,424,1.0,True,424,424,1.0,True,424,1.0,True
SCHEDULE_PLUS_ALL_COVERAGE_CEILING,2026-02-06,427,427,1.0,True,427,427,1.0,True,427,1.0,True
SCHEDULE_PLUS_ALL_COVERAGE_CEILING,2026-02-09,428,428,1.0,True,428,428,1.0,True,428,1.0,True
SCHEDULE_PLUS_ALL_COVERAGE_CEILING,2026-02-10,428,428,1.0,True,428,428,1.0,True,428,1.0,True
SCHEDULE_PLUS_ALL_COVERAGE_CEILING,2026-02-11,427,427,1.0,True,427,427,1.0,True,427,1.0,True
SCHEDULE_PLUS_ALL_COVERAGE_CEILING,2026-02-12,426,426,1.0,True,426,426,1.0,True,426,1.0,True
SCHEDULE_PLUS_ALL_COVERAGE_CEILING,2026-02-13,429,429,1.0,True,429,429,1.0,True,429,1.0,True
SCHEDULE_PLUS_ALL_COVERAGE_CEILING,2026-02-18,427,427,1.0,True,427,427,1.0,True,427,1.0,True
SCHEDULE_PLUS_ALL_COVERAGE_CEILING,2026-02-19,427,427,1.0,True,427,427,1.0,True,427,1.0,True
SCHEDULE_PLUS_ALL_COVERAGE_CEILING,2026-02-20,427,427,1.0,True,427,427,1.0,True,427,1.0,True
SCHEDULE_PLUS_ALL_COVERAGE_CEILING,2026-02-23,425,425,1.0,True,425,425,1.0,True,425,1.0,True
SCHEDULE_PLUS_ALL_COVERAGE_CEILING,2026-02-24,431,431,1.0,True,431,431,1.0,True,431,1.0,True
SCHEDULE_PLUS_ALL_COVERAGE_CEILING,2026-02-25,431,431,1.0,True,431,431,1.0,True,431,1.0,True
SCHEDULE_PLUS_ALL_COVERAGE_CEILING,2026-02-26,428,428,1.0,True,428,428,1.0,True,428,1.0,True
SCHEDULE_PLUS_ALL_COVERAGE_CEILING,2026-02-27,428,428,1.0,True,428,428,1.0,True,428,1.0,True
SCHEDULE_PLUS_ALL_COVERAGE_CEILING,2026-03-02,427,427,1.0,True,427,427,1.0,True,427,1.0,True
SCHEDULE_PLUS_ALL_COVERAGE_CEILING,2026-03-03,431,431,1.0,True,431,431,1.0,True,431,1.0,True
SCHEDULE_PLUS_ALL_COVERAGE_CEILING,2026-03-04,433,433,1.0,True,433,433,1.0,True,433,1.0,True
SCHEDULE_PLUS_ALL_COVERAGE_CEILING,2026-03-05,429,429,1.0,True,429,429,1.0,True,429,1.0,True
SCHEDULE_PLUS_ALL_COVERAGE_CEILING,2026-03-06,426,426,1.0,True,426,426,1.0,True,426,1.0,True
SCHEDULE_PLUS_ALL_COVERAGE_CEILING,2026-03-09,422,422,1.0,True,422,422,1.0,True,422,1.0,True
SCHEDULE_PLUS_ALL_COVERAGE_CEILING,2026-03-10,416,416,1.0,True,416,416,1.0,True,416,1.0,True
SCHEDULE_PLUS_ALL_COVERAGE_CEILING,2026-03-11,414,414,1.0,True,414,414,1.0,True,414,1.0,True
SCHEDULE_PLUS_ALL_COVERAGE_CEILING,2026-03-12,416,416,1.0,True,416,416,1.0,True,416,1.0,True
SCHEDULE_PLUS_ALL_COVERAGE_CEILING,2026-03-13,414,414,1.0,True,414,414,1.0,True,414,1.0,True
SCHEDULE_PLUS_ALL_COVERAGE_CEILING,2026-03-16,411,411,1.0,True,411,411,1.0,True,411,1.0,True
SCHEDULE_PLUS_ALL_COVERAGE_CEILING,2026-03-17,407,407,1.0,True,407,407,1.0,True,407,1.0,True
SCHEDULE_PLUS_ALL_COVERAGE_CEILING,2026-03-25,407,407,1.0,True,407,407,1.0,True,407,1.0,True
SCHEDULE_PLUS_ALL_COVERAGE_CEILING,2026-03-26,402,402,1.0,True,402,402,1.0,True,402,1.0,True
SCHEDULE_PLUS_ALL_COVERAGE_CEILING,2026-03-27,399,399,1.0,True,399,399,1.0,True,399,1.0,True
SCHEDULE_PLUS_ALL_COVERAGE_CEILING,2026-03-30,396,396,1.0,True,396,396,1.0,True,396,1.0,True
SCHEDULE_PLUS_ALL_COVERAGE_CEILING,2026-03-31,395,395,1.0,True,395,395,1.0,True,395,1.0,True
SCHEDULE_PLUS_ALL_COVERAGE_CEILING,2026-04-01,390,390,1.0,True,390,390,1.0,True,390,1.0,True
SCHEDULE_PLUS_ALL_COVERAGE_CEILING,2026-04-02,390,390,1.0,True,390,390,1.0,True,390,1.0,True
SCHEDULE_PLUS_ALL_COVERAGE_CEILING,2026-04-06,389,389,1.0,True,389,389,1.0,True,389,1.0,True
SCHEDULE_PLUS_ALL_COVERAGE_CEILING,2026-04-07,388,388,1.0,True,388,388,1.0,True,388,1.0,True
SCHEDULE_PLUS_ALL_COVERAGE_CEILING,2026-04-08,387,387,1.0,True,387,387,1.0,True,387,1.0,True
SCHEDULE_PLUS_ALL_COVERAGE_CEILING,2026-04-09,387,387,1.0,True,387,387,1.0,True,387,1.0,True
SCHEDULE_PLUS_ALL_COVERAGE_CEILING,2026-04-10,385,385,1.0,True,385,385,1.0,True,385,1.0,True
SCHEDULE_PLUS_ALL_COVERAGE_CEILING,2026-04-13,381,381,1.0,True,381,381,1.0,True,381,1.0,True
SCHEDULE_PLUS_ALL_COVERAGE_CEILING,2026-04-14,380,380,1.0,True,380,380,1.0,True,380,1.0,True
SCHEDULE_PLUS_ALL_COVERAGE_CEILING,2026-04-15,376,376,1.0,True,376,376,1.0,True,376,1.0,True
SCHEDULE_PLUS_ALL_COVERAGE_CEILING,2026-04-16,376,376,1.0,True,376,376,1.0,True,376,1.0,True
SCHEDULE_PLUS_ALL_COVERAGE_CEILING,2026-04-17,376,376,1.0,True,376,376,1.0,True,376,1.0,True
SCHEDULE_PLUS_ALL_COVERAGE_CEILING,2026-04-20,375,375,1.0,True,375,375,1.0,True,375,1.0,True
SCHEDULE_PLUS_ALL_COVERAGE_CEILING,2026-04-21,376,376,1.0,True,376,376,1.0,True,376,1.0,True
SCHEDULE_PLUS_ALL_COVERAGE_CEILING,2026-04-22,375,375,1.0,True,375,375,1.0,True,375,1.0,True
SCHEDULE_PLUS_ALL_COVERAGE_CEILING,2026-04-23,373,373,1.0,True,373,373,1.0,True,373,1.0,True
SCHEDULE_PLUS_ALL_COVERAGE_CEILING,2026-04-24,371,371,1.0,True,371,371,1.0,True,371,1.0,True
SCHEDULE_PLUS_ALL_COVERAGE_CEILING,2026-04-27,371,371,1.0,True,371,371,1.0,True,371,1.0,True
SCHEDULE_PLUS_ALL_COVERAGE_CEILING,2026-04-28,369,369,1.0,True,369,369,1.0,True,369,1.0,True
SCHEDULE_PLUS_ALL_COVERAGE_CEILING,2026-04-29,366,366,1.0,True,366,366,1.0,True,366,1.0,True
SCHEDULE_PLUS_ALL_COVERAGE_CEILING,2026-04-30,364,364,1.0,True,364,364,1.0,True,364,1.0,True
SCHEDULE_PLUS_ALL_COVERAGE_CEILING,2026-05-04,365,365,1.0,True,365,365,1.0,True,365,1.0,True
SCHEDULE_PLUS_ALL_COVERAGE_CEILING,2026-05-05,362,362,1.0,True,362,362,1.0,True,362,1.0,True
SCHEDULE_PLUS_ALL_COVERAGE_CEILING,2026-05-06,363,363,1.0,True,363,363,1.0,True,363,1.0,True
SCHEDULE_PLUS_ALL_COVERAGE_CEILING,2026-05-07,362,362,1.0,True,362,362,1.0,True,362,1.0,True
SCHEDULE_PLUS_ALL_COVERAGE_CEILING,2026-05-08,361,361,1.0,True,361,360,0.997229916897507,True,360,0.997229916897507,True
SCHEDULE_PLUS_ALL_COVERAGE_CEILING,2026-05-11,362,362,1.0,True,362,361,0.9972375690607734,True,361,0.9972375690607734,True
SCHEDULE_PLUS_ALL_COVERAGE_CEILING,2026-05-12,361,361,1.0,True,361,360,0.997229916897507,True,360,0.997229916897507,True
SCHEDULE_PLUS_ALL_COVERAGE_CEILING,2026-05-13,362,362,1.0,True,362,361,0.9972375690607734,True,361,0.9972375690607734,True
SCHEDULE_PLUS_ALL_COVERAGE_CEILING,2026-05-18,361,361,1.0,True,361,360,0.997229916897507,True,360,0.997229916897507,True
SCHEDULE_PLUS_ALL_COVERAGE_CEILING,2026-05-19,359,358,0.9972144846796658,True,359,358,0.9972144846796658,True,358,0.9972144846796658,True
SCHEDULE_PLUS_ALL_COVERAGE_CEILING,2026-05-20,356,355,0.9971910112359551,True,356,355,0.9971910112359551,True,355,0.9971910112359551,True
SCHEDULE_PLUS_ALL_COVERAGE_CEILING,2026-05-21,355,354,0.9971830985915493,True,355,354,0.9971830985915493,True,354,0.9971830985915493,True
SCHEDULE_PLUS_ALL_COVERAGE_CEILING,2026-05-22,353,352,0.9971671388101983,True,353,352,0.9971671388101983,True,352,0.9971671388101983,True
SCHEDULE_PLUS_ALL_COVERAGE_CEILING,2026-05-25,350,350,1.0,True,350,350,1.0,True,350,1.0,True
SCHEDULE_PLUS_ALL_COVERAGE_CEILING,2026-05-26,348,348,1.0,True,348,348,1.0,True,348,1.0,True
SCHEDULE_PLUS_ALL_COVERAGE_CEILING,2026-05-29,346,346,1.0,True,346,346,1.0,True,346,1.0,True
SCHEDULE_PLUS_ALL_COVERAGE_CEILING,2026-06-02,343,343,1.0,True,343,343,1.0,True,343,1.0,True
SCHEDULE_PLUS_ALL_COVERAGE_CEILING,2026-06-03,339,339,1.0,True,339,339,1.0,True,339,1.0,True
SCHEDULE_PLUS_ALL_COVERAGE_CEILING,2026-06-04,337,337,1.0,True,337,337,1.0,True,337,1.0,True
SCHEDULE_PLUS_ALL_COVERAGE_CEILING,2026-06-05,334,334,1.0,True,334,334,1.0,True,334,1.0,True
SCHEDULE_PLUS_ALL_COVERAGE_CEILING,2026-06-08,332,332,1.0,True,332,332,1.0,True,332,1.0,True
SCHEDULE_PLUS_ALL_COVERAGE_CEILING,2026-06-09,330,330,1.0,True,330,330,1.0,True,330,1.0,True
SCHEDULE_PLUS_ALL_COVERAGE_CEILING,2026-06-10,329,329,1.0,True,329,329,1.0,True,329,1.0,True
SCHEDULE_PLUS_ALL_COVERAGE_CEILING,2026-06-11,329,329,1.0,True,329,329,1.0,True,329,1.0,True
SCHEDULE_PLUS_ALL_COVERAGE_CEILING,2026-06-12,326,326,1.0,True,326,326,1.0,True,326,1.0,True
SCHEDULE_PLUS_ALL_COVERAGE_CEILING,2026-06-15,328,328,1.0,True,328,328,1.0,True,328,1.0,True
SCHEDULE_PLUS_ALL_COVERAGE_CEILING,2026-06-17,328,328,1.0,True,328,328,1.0,True,328,1.0,True
SCHEDULE_PLUS_ALL_COVERAGE_CEILING,2026-06-18,327,327,1.0,True,327,327,1.0,True,327,1.0,True
SCHEDULE_PLUS_ALL_COVERAGE_CEILING,2026-06-19,325,325,1.0,True,325,325,1.0,True,325,1.0,True
SCHEDULE_PLUS_ALL_COVERAGE_CEILING,2026-06-22,322,322,1.0,True,322,322,1.0,True,322,1.0,True
SCHEDULE_PLUS_ALL_COVERAGE_CEILING,2026-06-23,323,323,1.0,True,323,322,0.9969040247678018,True,322,0.9969040247678018,True
SCHEDULE_PLUS_ALL_COVERAGE_CEILING,2026-06-24,323,323,1.0,True,323,322,0.9969040247678018,True,322,0.9969040247678018,True
SCHEDULE_PLUS_ALL_COVERAGE_CEILING,2026-06-25,321,321,1.0,True,321,316,0.9844236760124611,True,316,0.9844236760124611,True
SCHEDULE_PLUS_ALL_COVERAGE_CEILING,2026-06-26,320,320,1.0,True,320,315,0.984375,True,315,0.984375,True
SCHEDULE_PLUS_ALL_COVERAGE_CEILING,2026-06-29,318,318,1.0,True,318,313,0.9842767295597484,True,313,0.9842767295597484,True
SCHEDULE_PLUS_ALL_COVERAGE_CEILING,2026-06-30,314,313,0.9968152866242038,True,314,309,0.9840764331210191,True,309,0.9840764331210191,True
SCHEDULE_PLUS_ALL_COVERAGE_CEILING,2026-07-01,314,313,0.9968152866242038,True,314,310,0.9872611464968153,True,310,0.9872611464968153,True
SCHEDULE_PLUS_ALL_COVERAGE_CEILING,2026-07-02,312,308,0.9871794871794872,True,312,308,0.9871794871794872,True,308,0.9871794871794872,True
SCHEDULE_PLUS_ALL_COVERAGE_CEILING,2026-07-03,314,310,0.9872611464968153,True,314,310,0.9872611464968153,True,310,0.9872611464968153,True
SCHEDULE_PLUS_ALL_COVERAGE_CEILING,2026-07-06,311,308,0.9903536977491961,True,311,308,0.9903536977491961,True,308,0.9903536977491961,True
SCHEDULE_PLUS_ALL_COVERAGE_CEILING,2026-07-07,312,308,0.9871794871794872,True,312,308,0.9871794871794872,True,308,0.9871794871794872,True
SCHEDULE_PLUS_ALL_COVERAGE_CEILING,2026-07-08,312,312,1.0,True,312,312,1.0,True,312,1.0,True
SCHEDULE_PLUS_ALL_COVERAGE_CEILING,2026-07-09,312,312,1.0,True,312,312,1.0,True,312,1.0,True
SCHEDULE_PLUS_ALL_COVERAGE_CEILING,2026-07-10,312,312,1.0,True,312,312,1.0,True,312,1.0,True
SCHEDULE_PLUS_ALL_COVERAGE_CEILING,2026-07-13,311,311,1.0,True,311,311,1.0,True,311,1.0,True
SCHEDULE_PLUS_ALL_COVERAGE_CEILING,2026-07-14,309,309,1.0,True,309,309,1.0,True,309,1.0,True
SCHEDULE_PLUS_ALL_COVERAGE_CEILING,2026-07-15,308,308,1.0,True,308,308,1.0,True,308,1.0,True
SCHEDULE_PLUS_ALL_COVERAGE_CEILING,2026-07-16,306,306,1.0,True,306,306,1.0,True,306,1.0,True
SCHEDULE_PLUS_ALL_COVERAGE_CEILING,2026-07-17,303,303,1.0,True,303,303,1.0,True,303,1.0,True
