ticker,coverage_status,coverage_certified,attempt_count,final_http_status,source_url,source_sha256,ca_rows,active_ca_rows,active_mechanical_rows,active_unknown_rows,earliest_ca_date,latest_ca_date,failure_reason
AADI,COVERAGE_CERTIFIED,True,1,200,https://web.ksei.co.id/services/registered-securities/shares/lc/AADI?setLocale=en-US,5ad00a1824cffa4e1bc939fd7dbe993f08515a771760a1d0c3f2b0984f5b10cd,4,4,0,0,2025-04-29,2026-06-18,
AALI,COVERAGE_CERTIFIED,True,1,200,https://web.ksei.co.id/services/registered-securities/shares/lc/AALI?setLocale=en-US,df22b3046074dc2337901f79350feadf2f00808711a02054a16dc83a94520f09,71,69,1,0,2001-06-08,2026-05-13,
ABMM,COVERAGE_CERTIFIED,True,1,200,https://web.ksei.co.id/services/registered-securities/shares/lc/ABMM?setLocale=en-US,16a9b86d36c35f28dd51bcee97e41edeeb0f8f20dc894ff7f9c96cca272d935a,27,26,0,0,2012-05-15,2026-05-26,
ACES,COVERAGE_CERTIFIED,True,1,200,https://web.ksei.co.id/services/registered-securities/shares/lc/ACES?setLocale=en-US,42acfdef55cd5627fd51a5221636166fcd31d09378a12227b96ad2ac3d399cda,42,41,1,0,2008-03-11,2026-07-10,
ACRO,COVERAGE_UNRESOLVED,False,3,0,https://web.ksei.co.id/services/registered-securities/shares/lc/ACRO?setLocale=en-US,,0,0,0,0,,,ALL_THREE_ATTEMPTS_FAILED_OR_UNPARSABLE
ACST,COVERAGE_CERTIFIED,True,3,200,https://web.ksei.co.id/services/registered-securities/shares/lc/ACST?setLocale=en-US,bb8734465268e2f33be0c2e602a8f5f644913d47e66c2daea9f60464bdaf50db,29,27,1,0,2014-05-22,2026-05-04,
ADCP,COVERAGE_CERTIFIED,True,1,200,https://web.ksei.co.id/services/registered-securities/shares/lc/ADCP?setLocale=en-US,b43f5c21208330de65a6e7a30abdb891234018731f8d8a0f1b930131af13f241,10,10,0,0,2022-06-06,2026-06-19,
ADES,COVERAGE_CERTIFIED,True,1,200,https://web.ksei.co.id/services/registered-securities/shares/lc/ADES?setLocale=en-US,2a001e9012f9b63542f3c312c93bfdd4261da0701e35de5f6b5e936888a41507,38,38,2,0,2001-06-26,2026-06-17,
ADHI,COVERAGE_CERTIFIED,True,1,200,https://web.ksei.co.id/services/registered-securities/shares/lc/ADHI?setLocale=en-US,4a17b5fc253d3bbbcf5092c4536375b720a864db5fbe83f814f6d4d7fd321a7b,56,52,2,0,2004-05-26,2026-09-10,
ADMF,COVERAGE_CERTIFIED,True,1,200,https://web.ksei.co.id/services/registered-securities/shares/lc/ADMF?setLocale=en-US,510a42191ae84e664fca5c51423d6a3be246f56d7bd866496f77a8651a21c14d,59,58,2,0,2004-05-25,2026-04-30,
ADMR,COVERAGE_CERTIFIED,True,1,200,https://web.ksei.co.id/services/registered-securities/shares/lc/ADMR?setLocale=en-US,b75cfdae935a650a763f9f24d7230778d96726f22a6756fabd5d49549ca366e8,8,8,0,0,2022-04-01,2026-05-06,
ADRO,COVERAGE_CERTIFIED,True,1,200,https://web.ksei.co.id/services/registered-securities/shares/lc/ADRO?setLocale=en-US,94cf7d898146b7366a1efd776cd3bb3b76dd3c3ae6937c318dd7604ceec39113,65,62,1,0,2008-10-15,2026-05-08,
AEGS,COVERAGE_CERTIFIED,True,1,200,https://web.ksei.co.id/services/registered-securities/shares/lc/AEGS?setLocale=en-US,4dc392f57696dced137a7b2464db7863d6ac468a81086f50d4b0f5c267e4bc3c,3,3,0,0,2024-05-07,2026-05-29,
AGII,COVERAGE_CERTIFIED,True,1,200,https://web.ksei.co.id/services/registered-securities/shares/lc/AGII?setLocale=en-US,1a5fab7b4edbe572e6651258037301f96b2e6bab68447547d2af01b26b1e782b,19,19,0,0,2017-03-31,2026-07-15,
AGRO,COVERAGE_CERTIFIED,True,1,200,https://web.ksei.co.id/services/registered-securities/shares/lc/AGRO?setLocale=en-US,d89c221cedbbd9f430d0ae17153c5f84582918e788c4b39f47aa36181c6ebf6a,62,59,9,0,2004-04-13,2026-05-20,
AGRS,COVERAGE_CERTIFIED,True,2,200,https://web.ksei.co.id/services/registered-securities/shares/lc/AGRS?setLocale=en-US,b1e0540250ecedb19dd606efc05ad8d89fb4d7f545d61b2d04a21c4a990374d9,29,28,5,0,2015-05-15,2026-06-03,
AHAP,COVERAGE_CERTIFIED,True,1,200,https://web.ksei.co.id/services/registered-securities/shares/lc/AHAP?setLocale=en-US,28eef44481e8d2e4df57e8df79af81f54eccce479f937c792d290b6876cad762,53,52,6,1,2001-07-05,2026-07-02,
AIMS,COVERAGE_CERTIFIED,True,1,200,https://web.ksei.co.id/services/registered-securities/shares/lc/AIMS?setLocale=en-US,34006eab6273d7536518a8e995ea9a3431a519b759b676a6b8d535d77fe5193f,35,34,1,0,2002-06-12,2025-11-25,
AISA,COVERAGE_CERTIFIED,True,1,200,https://web.ksei.co.id/services/registered-securities/shares/lc/AISA?setLocale=en-US,4ed7faffd937d92e674662bf742123308c1a21f026aed32597a2f89325bfbfc8,50,48,3,0,2002-06-13,2026-05-15,
AKRA,COVERAGE_CERTIFIED,True,1,200,https://web.ksei.co.id/services/registered-securities/shares/lc/AKRA?setLocale=en-US,01c090811a3a2ddde70a29639192ccdea1c35f606fbdf456dfe8a166f2f7719c,78,75,4,0,2002-06-12,2026-08-14,
AKSI,COVERAGE_CERTIFIED,True,1,200,https://web.ksei.co.id/services/registered-securities/shares/lc/AKSI?setLocale=en-US,0034090cd831688ac677079627b49e69d20dd1e7cb831360544d59b0546972a9,44,42,0,0,2001-09-24,2026-06-12,
ALII,COVERAGE_CERTIFIED,True,1,200,https://web.ksei.co.id/services/registered-securities/shares/lc/ALII?setLocale=en-US,43b131f747fd871a01730439a2568a7b34894863af7c772ade870181520cfbeb,5,5,0,0,2024-05-30,2026-07-20,
AMAN,COVERAGE_UNRESOLVED,False,3,0,https://web.ksei.co.id/services/registered-securities/shares/lc/AMAN?setLocale=en-US,,0,0,0,0,,,ALL_THREE_ATTEMPTS_FAILED_OR_UNPARSABLE
AMMN,COVERAGE_CERTIFIED,True,1,200,https://web.ksei.co.id/services/registered-securities/shares/lc/AMMN?setLocale=en-US,96d555fcffb62af812d88d7a58b0e31f4427dded9d5a575d97ce387efd28f80e,4,4,0,0,2024-05-14,2026-05-19,
AMMS,COVERAGE_CERTIFIED,True,1,200,https://web.ksei.co.id/services/registered-securities/shares/lc/AMMS?setLocale=en-US,22fc79d674894f08ae36b5b79376772d8040b50650be9fa173daa6ee5a26d6ba,7,7,1,0,2023-04-28,2026-06-18,
AMRT,COVERAGE_CERTIFIED,True,1,200,https://web.ksei.co.id/services/registered-securities/shares/lc/AMRT?setLocale=en-US,a40abd2b4861240a30464eb81178416d642abaab68caa7785e347d8bc9ba853c,43,42,1,0,2009-06-10,2026-06-25,
ANJT,COVERAGE_CERTIFIED,True,1,200,https://web.ksei.co.id/services/registered-securities/shares/lc/ANJT?setLocale=en-US,79e5b9207ff686a836655170c9288f9281ccc47b496cbe2f5b8584c2fa06ef47,30,30,1,0,2014-05-16,2026-06-30,
ANTM,COVERAGE_CERTIFIED,True,1,200,https://web.ksei.co.id/services/registered-securities/shares/lc/ANTM?setLocale=en-US,5257893c157d722fbecaa803d56e1c34cc533b3c9464a11d51cb724b5efe67f7,66,64,4,0,2001-07-24,2026-07-10,
APEX,COVERAGE_CERTIFIED,True,1,200,https://web.ksei.co.id/services/registered-securities/shares/lc/APEX?setLocale=en-US,ea2236ad874865b33034f028cbb24394224b4aec697faf9b4f166712032278d7,52,50,2,0,2003-04-11,2026-05-21,
APIC,COVERAGE_CERTIFIED,True,1,200,https://web.ksei.co.id/services/registered-securities/shares/lc/APIC?setLocale=en-US,a4f895df30273f082ead4356a755f4128f35142799e4d6b6fd9c407f70e1f481,41,38,4,0,2003-05-23,2026-06-19,
APLN,COVERAGE_CERTIFIED,True,1,200,https://web.ksei.co.id/services/registered-securities/shares/lc/APLN?setLocale=en-US,2263608b17ecac46badc6f0a46e78dd37629164da68efdad231821a9c71a10a8,24,22,0,0,2011-05-20,2026-05-26,
ARCI,COVERAGE_CERTIFIED,True,1,200,https://web.ksei.co.id/services/registered-securities/shares/lc/ARCI?setLocale=en-US,eb709d7a40f3e1ab11be42edd1ba5962c2a4c67951d10e8010f3555f5d9e0b1d,7,7,0,0,2022-04-01,2026-06-09,
AREA,COVERAGE_CERTIFIED,True,1,200,https://web.ksei.co.id/services/registered-securities/shares/lc/AREA?setLocale=en-US,706df76397ebfef917097bedcbdb210308878cda9cb55a3897d0c95e960530e4,3,3,0,0,2024-06-04,2026-06-02,
ARKO,COVERAGE_CERTIFIED,True,1,200,https://web.ksei.co.id/services/registered-securities/shares/lc/ARKO?setLocale=en-US,2ff73f60673ef8dff8775f3b2d12bab9ea6c45ebc4949ee402423b83ed30ccfd,7,7,0,0,2022-08-30,2026-04-08,
ARNA,COVERAGE_CERTIFIED,True,1,200,https://web.ksei.co.id/services/registered-securities/shares/lc/ARNA?setLocale=en-US,9dfa3e2444ecb6092c545c7950a8aec328c1f79418a0a7619f5d3513c0dff75c,59,56,3,1,2002-04-02,2026-04-28,
ARTO,COVERAGE_CERTIFIED,True,1,200,https://web.ksei.co.id/services/registered-securities/shares/lc/ARTO?setLocale=en-US,546f0ef3e97cf3549b43f22902a014d0de01d31fc13d3c5f6d90984a30f7f867,25,23,1,0,2016-06-03,2026-05-07,
ASGR,COVERAGE_CERTIFIED,True,1,200,https://web.ksei.co.id/services/registered-securities/shares/lc/ASGR?setLocale=en-US,fd9e00d5bfef9c1d6bf682462c0c87c1eb3108cae047c2e652baa64485496bc2,74,71,0,0,2002-04-16,2026-05-13,
ASHA,COVERAGE_CERTIFIED,True,1,200,https://web.ksei.co.id/services/registered-securities/shares/lc/ASHA?setLocale=en-US,64798066ea2a663d746e4231f7e0e1709da1de3326eb38e61546a5357449a7c7,5,5,0,0,2022-07-06,2026-06-11,
ASII,COVERAGE_CERTIFIED,True,2,200,https://web.ksei.co.id/services/registered-securities/shares/lc/ASII?setLocale=en-US,9e5bb491177c43bed24716dfac324aea4ace1c42a1b0addbc7cda528c0cadb2b,82,80,2,0,2002-06-07,2026-07-17,
ASLC,COVERAGE_CERTIFIED,True,1,200,https://web.ksei.co.id/services/registered-securities/shares/lc/ASLC?setLocale=en-US,920e6a82bc4165d1ffd0f245f293ac9ee88130c841ce42e6317b05b7046fe627,8,8,0,0,2022-05-30,2026-06-19,
ASLI,COVERAGE_CERTIFIED,True,1,200,https://web.ksei.co.id/services/registered-securities/shares/lc/ASLI?setLocale=en-US,73be01261335d8f376bb869cf552afc0a7e5fdeb39e74ea7035d8f3d2eeaf64f,5,5,1,0,2024-05-17,2026-04-27,
ASPI,COVERAGE_CERTIFIED,True,2,200,https://web.ksei.co.id/services/registered-securities/shares/lc/ASPI?setLocale=en-US,d2fb98e0531539bced2032a8d063ce7a8c00d376e82400c6dc0a113b5c33a94d,7,7,0,0,2020-03-26,2026-06-12,
ASPR,COVERAGE_CERTIFIED,True,1,200,https://web.ksei.co.id/services/registered-securities/shares/lc/ASPR?setLocale=en-US,373c7d94c33f19231d7a77becc1801762b9f8c4a44101b2a73bdb0dcbe3c7547,2,2,0,0,2026-05-13,2026-07-10,
ASRI,COVERAGE_CERTIFIED,True,1,200,https://web.ksei.co.id/services/registered-securities/shares/lc/ASRI?setLocale=en-US,22c90f4caa0fa4df1f74ee614e14e9057720f5a0ab686a73fe63afc2fdaa2768,34,34,0,0,2008-05-30,2026-07-10,
ASSA,COVERAGE_CERTIFIED,True,1,200,https://web.ksei.co.id/services/registered-securities/shares/lc/ASSA?setLocale=en-US,e51be64ef1e91f47ae54d1e2706ea0680ae2b0dc9593d79c67bc604b20e3ea32,26,25,1,0,2013-05-16,2026-07-17,
ATAP,COVERAGE_CERTIFIED,True,1,200,https://web.ksei.co.id/services/registered-securities/shares/lc/ATAP?setLocale=en-US,c76fcff1cea596d1da2ca4c3a9ece7697bbbc1d35200e7e87532ec87148ccd91,9,9,0,0,2021-07-09,2026-06-29,
ATLA,COVERAGE_CERTIFIED,True,1,200,https://web.ksei.co.id/services/registered-securities/shares/lc/ATLA?setLocale=en-US,7bb3ed55aadae37843ba5acef1fafd97ae68f3716eae3fbf7ce105634271cb3b,5,5,0,0,2024-06-03,2026-06-26,
AUTO,COVERAGE_CERTIFIED,True,1,200,https://web.ksei.co.id/services/registered-securities/shares/lc/AUTO?setLocale=en-US,a07254db64abfbc0cb621358bece2fecc9e2bd0b3c672d934e1905d57ffdf418,74,71,2,0,2002-04-22,2026-05-18,
AVIA,COVERAGE_UNRESOLVED,False,3,0,https://web.ksei.co.id/services/registered-securities/shares/lc/AVIA?setLocale=en-US,,0,0,0,0,,,ALL_THREE_ATTEMPTS_FAILED_OR_UNPARSABLE
AWAN,COVERAGE_CERTIFIED,True,3,200,https://web.ksei.co.id/services/registered-securities/shares/lc/AWAN?setLocale=en-US,1c665a1f4671696459f494d31ff8932271c3b78261f2b21c172b70b6dcb87e7a,4,4,0,0,2023-07-06,2026-06-29,
AYAM,COVERAGE_UNRESOLVED,False,3,0,https://web.ksei.co.id/services/registered-securities/shares/lc/AYAM?setLocale=en-US,,0,0,0,0,,,ALL_THREE_ATTEMPTS_FAILED_OR_UNPARSABLE
AYLS,COVERAGE_CERTIFIED,True,3,200,https://web.ksei.co.id/services/registered-securities/shares/lc/AYLS?setLocale=en-US,244931a363a6ddde89bcd58b2a08d461806ca62c1bd7877923235351b988d9b3,12,12,2,0,2020-11-27,2026-06-30,
BABP,COVERAGE_CERTIFIED,True,2,200,https://web.ksei.co.id/services/registered-securities/shares/lc/BABP?setLocale=en-US,286b15baac13d380b825a133ff206f9416b544661a7974a8d0e6460b4bf045f6,64,60,10,0,2003-01-29,2026-06-22,
BABY,COVERAGE_CERTIFIED,True,1,200,https://web.ksei.co.id/services/registered-securities/shares/lc/BABY?setLocale=en-US,f5d60982871fe10f187e91d56fca2f2bda38144eff0c9a711f8bf9fa44d98956,5,5,1,0,2024-05-17,2026-06-11,
BACA,COVERAGE_CERTIFIED,True,1,200,https://web.ksei.co.id/services/registered-securities/shares/lc/BACA?setLocale=en-US,3ce726741e69613946776a6b504cca9e15046b3c9f422103dc555478de0c08d8,36,36,3,0,2008-05-21,2026-06-17,
BAIK,COVERAGE_CERTIFIED,True,1,200,https://web.ksei.co.id/services/registered-securities/shares/lc/BAIK?setLocale=en-US,63b11cc2ab0cdf84f4c41da1a5b2cf886c42c7f3b718f5659127e2b8696d6754,6,6,0,0,2024-05-20,2026-06-25,
BANK,COVERAGE_CERTIFIED,True,1,200,https://web.ksei.co.id/services/registered-securities/shares/lc/BANK?setLocale=en-US,f1864be59f8a00de4965450999c953804345882e190cbe723170a5dac6a81a15,12,12,1,0,2021-03-15,2026-06-04,
BAPA,COVERAGE_CERTIFIED,True,1,200,https://web.ksei.co.id/services/registered-securities/shares/lc/BAPA?setLocale=en-US,810d6429e6a30bac12dfe6bcfd3fc88095a40d7b634e12f25e8767cecc951a08,23,23,0,0,2008-05-29,2026-06-11,
BATR,COVERAGE_CERTIFIED,True,1,200,https://web.ksei.co.id/services/registered-securities/shares/lc/BATR?setLocale=en-US,97ea72714f3e3174fa5182af945252f4f04be844c5adeebef7400255e354650b,4,4,0,0,2025-05-05,2026-07-15,
BBCA,COVERAGE_CERTIFIED,True,1,200,https://web.ksei.co.id/services/registered-securities/shares/lc/BBCA?setLocale=en-US,ed831c8190825606ff4bc3ba5fb5ab7364b13441edf15bf19359cb4fa456cbda,86,82,4,0,2001-05-15,2026-06-26,
BBHI,COVERAGE_CERTIFIED,True,2,200,https://web.ksei.co.id/services/registered-securities/shares/lc/BBHI?setLocale=en-US,1a6c52e452c014e41f44c1be2d089d75c2cdc8e6a3ace66ab6930810f24dac9f,23,23,4,0,2015-11-02,2026-07-15,
BBKP,COVERAGE_CERTIFIED,True,1,200,https://web.ksei.co.id/services/registered-securities/shares/lc/BBKP?setLocale=en-US,61561e27900881c39c0932afb06d38becce0ce599c7533a1f9af64880b1f0fad,60,57,6,0,2007-05-07,2026-06-25,
BBNI,COVERAGE_CERTIFIED,True,1,200,https://web.ksei.co.id/services/registered-securities/shares/lc/BBNI?setLocale=en-US,f3e7922f400ba00b4d485d0ef2064199cd0200c7a47bde9eda872f8fcfc8356c,75,71,4,0,2002-06-03,2026-04-07,
BBRI,COVERAGE_CERTIFIED,True,1,200,https://web.ksei.co.id/services/registered-securities/shares/lc/BBRI?setLocale=en-US,550842dbae48c87c9aee3692ad32c7cd9199ebfeda133251be9681dd1a97ee72,71,68,3,0,2004-05-13,2026-05-08,
BBRM,COVERAGE_CERTIFIED,True,1,200,https://web.ksei.co.id/services/registered-securities/shares/lc/BBRM?setLocale=en-US,5c5c00f13b61987342f90ba9216b05e4a6b99ff5605fd431c389ba49c39f5356,20,20,3,0,2013-06-04,2025-06-19,
BBTN,COVERAGE_CERTIFIED,True,2,200,https://web.ksei.co.id/services/registered-securities/shares/lc/BBTN?setLocale=en-US,23b5cdb4dfa31af819bed242fcf5a3cbe7316fd6eb3f46e1d07281c465a24985,48,47,2,0,2010-05-03,2026-09-04,
BBYB,COVERAGE_CERTIFIED,True,1,200,https://web.ksei.co.id/services/registered-securities/shares/lc/BBYB?setLocale=en-US,16915cd66463bbd32f025ebc32d70ab46cc3ad001c75c9f6a54fee19389a0a78,45,42,7,0,2015-02-27,2026-04-30,
BCAP,COVERAGE_CERTIFIED,True,1,200,https://web.ksei.co.id/services/registered-securities/shares/lc/BCAP?setLocale=en-US,8250bff428e1ce90815e8d5218490b562e46e69bd26d089bea0381f8fffda2b3,49,44,3,0,2001-11-26,2026-06-25,
BCIC,COVERAGE_CERTIFIED,True,1,200,https://web.ksei.co.id/services/registered-securities/shares/lc/BCIC?setLocale=en-US,245acf979c07c7e96236cda1dc2755799154f1dbdb8d43d038523672bcf6222d,42,42,7,0,2002-06-11,2026-06-30,
BCIP,COVERAGE_UNRESOLVED,False,3,0,https://web.ksei.co.id/services/registered-securities/shares/lc/BCIP?setLocale=en-US,,0,0,0,0,,,ALL_THREE_ATTEMPTS_FAILED_OR_UNPARSABLE
BDKR,COVERAGE_UNRESOLVED,False,3,0,https://web.ksei.co.id/services/registered-securities/shares/lc/BDKR?setLocale=en-US,,0,0,0,0,,,ALL_THREE_ATTEMPTS_FAILED_OR_UNPARSABLE
BDMN,COVERAGE_CERTIFIED,True,3,200,https://web.ksei.co.id/services/registered-securities/shares/lc/BDMN?setLocale=en-US,5e1856d6e7c8cf45c791013556c86f211a9e2a11646be1e7bc10190dcc7a4739,70,69,3,1,2001-07-17,2026-04-30,
BEEF,COVERAGE_CERTIFIED,True,1,200,https://web.ksei.co.id/services/registered-securities/shares/lc/BEEF?setLocale=en-US,444cae4c14811835b3adfe13063d7626078bfd04178f0b253202e0fc3952b656,23,23,4,0,2019-04-29,2026-05-25,
BEKS,COVERAGE_CERTIFIED,True,1,200,https://web.ksei.co.id/services/registered-securities/shares/lc/BEKS?setLocale=en-US,1ef1719c8c38792fd8f5762d208bcfc52c1f22d76f5e546427c9285f260350fd,72,66,8,0,2001-09-24,2026-04-28,
BELI,COVERAGE_CERTIFIED,True,1,200,https://web.ksei.co.id/services/registered-securities/shares/lc/BELI?setLocale=en-US,312f85ddb422e43f6f0f9256e1e327b56da3c8aed8f42bcfc2aac49adb7ebcad,4,4,0,0,2023-05-25,2026-06-04,
BELL,COVERAGE_CERTIFIED,True,1,200,https://web.ksei.co.id/services/registered-securities/shares/lc/BELL?setLocale=en-US,5284060943fcac27c6eefcd7f1d9d02312d4866babb6e417c7c686b0fb8c3711,21,18,0,0,2018-03-28,2026-05-22,
BEST,COVERAGE_CERTIFIED,True,1,200,https://web.ksei.co.id/services/registered-securities/shares/lc/BEST?setLocale=en-US,1954f3d3168453998852982141704184d02694b4e88ba24484951670ee8793b5,25,25,0,0,2012-05-30,2026-06-18,
BFIN,COVERAGE_CERTIFIED,True,1,200,https://web.ksei.co.id/services/registered-securities/shares/lc/BFIN?setLocale=en-US,d29109c45fc4cea790e4d9b441216977b1f9312ee03dbd89cc58ef4d5f1f4e02,65,63,3,0,2002-03-27,2026-06-18,
BGTG,COVERAGE_CERTIFIED,True,1,200,https://web.ksei.co.id/services/registered-securities/shares/lc/BGTG?setLocale=en-US,a5c3255854f83448c01a4703cd1302dc2c81d8718fde51b99a8f3c2189871484,17,17,2,0,2016-06-03,2026-05-26,
BHAT,COVERAGE_CERTIFIED,True,1,200,https://web.ksei.co.id/services/registered-securities/shares/lc/BHAT?setLocale=en-US,1927b790ea856798256167933b654b8f16dab1649926b1b3d81a2a7f3a5bbf75,7,7,0,0,2020-07-21,2025-06-23,
BHIT,COVERAGE_CERTIFIED,True,1,200,https://web.ksei.co.id/services/registered-securities/shares/lc/BHIT?setLocale=en-US,e4e574704e346202e9f0b9e6ea1500a24d8893806959164dacb68a7f1a6ad8f4,57,53,9,0,2001-07-09,2026-06-29,
BIKE,COVERAGE_CERTIFIED,True,1,200,https://web.ksei.co.id/services/registered-securities/shares/lc/BIKE?setLocale=en-US,bad0831749b2f73ae59ffc0b2fd6103ca455ba9de0bb64cde9dcb36064dcac80,11,10,0,0,2022-06-27,2026-07-02,
BIPI,COVERAGE_CERTIFIED,True,1,200,https://web.ksei.co.id/services/registered-securities/shares/lc/BIPI?setLocale=en-US,bba89f88d69525b694b19fc24c7b1b4c7dd2001c9d0d8271078d50443b1c5869,40,38,1,0,2010-06-04,2026-06-30,
BIRD,COVERAGE_CERTIFIED,True,1,200,https://web.ksei.co.id/services/registered-securities/shares/lc/BIRD?setLocale=en-US,39af1507f1fb8cdc58944a4b7abd02bfb6f6377caeaf735f507f83bfed9d3cf5,25,25,0,0,2015-05-12,2026-07-10,
BJBR,COVERAGE_CERTIFIED,True,1,200,https://web.ksei.co.id/services/registered-securities/shares/lc/BJBR?setLocale=en-US,7493083275da0b9cc92f798ac7054f691a28fce686d9a0cdec68be9f5a28476f,47,44,1,0,2011-03-10,2026-05-26,
BJTM,COVERAGE_UNRESOLVED,False,3,0,https://web.ksei.co.id/services/registered-securities/shares/lc/BJTM?setLocale=en-US,,0,0,0,0,,,ALL_THREE_ATTEMPTS_FAILED_OR_UNPARSABLE
BKSL,COVERAGE_CERTIFIED,True,3,200,https://web.ksei.co.id/services/registered-securities/shares/lc/BKSL?setLocale=en-US,8db8e3d1221632983b86178b85ca49cabf76f400c6f6592df88a8d465220eec1,54,53,5,0,2001-12-28,2026-06-30,
BLES,COVERAGE_CERTIFIED,True,1,200,https://web.ksei.co.id/services/registered-securities/shares/lc/BLES?setLocale=en-US,d542f4f4b392a34160a7be333f64766b5e1a2819203fd25a16fd7527d4d45274,4,4,0,0,2025-04-10,2026-07-07,
BLOG,COVERAGE_CERTIFIED,True,3,200,https://web.ksei.co.id/services/registered-securities/shares/lc/BLOG?setLocale=en-US,d2685cd59a458612286c8afec870f36a80f10cc795beb05868b325aca9f619bc,2,2,0,0,2026-05-08,2026-07-03,
BLUE,COVERAGE_CERTIFIED,True,1,200,https://web.ksei.co.id/services/registered-securities/shares/lc/BLUE?setLocale=en-US,15bfa3895bf67f6f49ac6dc483bebb05bcf9352b77a3da27241ec8bc2607cddf,18,17,0,0,2019-09-26,2026-06-23,
BMHS,COVERAGE_CERTIFIED,True,1,200,https://web.ksei.co.id/services/registered-securities/shares/lc/BMHS?setLocale=en-US,768a5014330b03e5a21dd5b6efa71d0ab865b4278e0054ec50bc74adf3bc4be4,13,13,0,0,2022-06-28,2026-07-14,
BMRI,COVERAGE_CERTIFIED,True,1,200,https://web.ksei.co.id/services/registered-securities/shares/lc/BMRI?setLocale=en-US,a448099734e6052967bc087eaf12431208836865f888a77f60fc3b5a0572df20,73,70,3,0,2003-09-11,2026-05-25,
BMTR,COVERAGE_CERTIFIED,True,1,200,https://web.ksei.co.id/services/registered-securities/shares/lc/BMTR?setLocale=en-US,600d86e0284cff8fbbffd9a34ec85aec01c3acf96de917ce1070a9141263bc0b,57,53,3,0,2001-05-29,2026-06-29,
BNBA,COVERAGE_CERTIFIED,True,1,200,https://web.ksei.co.id/services/registered-securities/shares/lc/BNBA?setLocale=en-US,285361725d86ecab0245a424f3f4e4e3469ecb75473782862d295776c5125cb0,46,45,2,0,2007-05-08,2026-06-30,
BNBR,COVERAGE_CERTIFIED,True,1,200,https://web.ksei.co.id/services/registered-securities/shares/lc/BNBR?setLocale=en-US,6e64c9284a3a87ca6658d16706d680e3970a1d07881bcbe403fc04c92613754a,45,43,6,0,2002-06-10,2026-07-13,
BNGA,COVERAGE_CERTIFIED,True,1,200,https://web.ksei.co.id/services/registered-securities/shares/lc/BNGA?setLocale=en-US,3f68fab6640e554b06d78b8cd57ad9407fc8baae443b2d8c3aacf30f8b43c03d,76,74,3,0,2002-04-02,2026-05-13,
BNLI,COVERAGE_CERTIFIED,True,1,200,https://web.ksei.co.id/services/registered-securities/shares/lc/BNLI?setLocale=en-US,7981fdb23ce16590331065da15765b4fba301056e9ccb0a5dc7f6b82dbcb972b,68,68,9,0,2002-04-23,2026-05-07,
BOAT,COVERAGE_CERTIFIED,True,1,200,https://web.ksei.co.id/services/registered-securities/shares/lc/BOAT?setLocale=en-US,827867384cee818e2c22a863364a1f45510d7f2c89194c3922ec16a211a3c86a,2,2,0,0,2025-05-21,2026-06-12,
BOGA,COVERAGE_CERTIFIED,True,1,200,https://web.ksei.co.id/services/registered-securities/shares/lc/BOGA?setLocale=en-US,a6e091bea249d18c045a3fb5e5805ee3d68df024f55411fab04bdde736783113,13,13,1,0,2017-05-19,2026-06-18,
BOLT,COVERAGE_CERTIFIED,True,1,200,https://web.ksei.co.id/services/registered-securities/shares/lc/BOLT?setLocale=en-US,a2f1b3fa900622bfc4e4f0321adfcaa639c286b6fd16ac1010fba9fc00160778,23,22,0,0,2016-04-20,2026-05-26,
BREN,COVERAGE_CERTIFIED,True,1,200,https://web.ksei.co.id/services/registered-securities/shares/lc/BREN?setLocale=en-US,9d3bbf9017ad1ffb2301698248e69e2b79a79c41379047e81ab5f33fe10cdf7b,8,8,0,0,2023-11-22,2026-07-24,
BRIS,COVERAGE_CERTIFIED,True,3,200,https://web.ksei.co.id/services/registered-securities/shares/lc/BRIS?setLocale=en-US,6c375b8f4d7f53656b5a173584c80f70f9a59a47ab52d11d72825ea070467c97,25,25,2,0,2018-12-05,2026-06-05,
BRMS,COVERAGE_CERTIFIED,True,1,200,https://web.ksei.co.id/services/registered-securities/shares/lc/BRMS?setLocale=en-US,109738bd7c8fc50d9e3ec2c6ffabff7e5cf0b370f20a81b749a4737df6d335c2,26,23,2,0,2011-05-18,2026-04-30,
BRPT,COVERAGE_CERTIFIED,True,3,200,https://web.ksei.co.id/services/registered-securities/shares/lc/BRPT?setLocale=en-US,e6c692b8e3a163a7167b41f8477c7b03e994f7577a65e50f1eecbe193fcb21dc,58,56,6,0,2002-06-03,2026-07-29,
BRRC,COVERAGE_CERTIFIED,True,3,200,https://web.ksei.co.id/services/registered-securities/shares/lc/BRRC?setLocale=en-US,3e3be8218bb7425a145725ebdfc1ca17dac7f76ead5f3d705515a47f3e91c699,3,3,0,0,2025-05-21,2026-06-19,
BSBK,COVERAGE_CERTIFIED,True,1,200,https://web.ksei.co.id/services/registered-securities/shares/lc/BSBK?setLocale=en-US,81a22653b90e7508cbdf74d5c14ad4922712280a9f74cbb89622d3d5e1836533,6,6,0,0,2023-05-02,2026-07-14,
BSDE,COVERAGE_CERTIFIED,True,1,200,https://web.ksei.co.id/services/registered-securities/shares/lc/BSDE?setLocale=en-US,4a4337982344790b299a9ecd777a23514f40bcb2a6882a2a6be3ae3e2ac67348,32,31,1,0,2009-05-25,2026-06-17,
BSML,COVERAGE_CERTIFIED,True,1,200,https://web.ksei.co.id/services/registered-securities/shares/lc/BSML?setLocale=en-US,a11e78629c8a323590e37fa66133d5c4113e01d92bd140a85583c2a60c85d610,9,9,0,0,2022-06-21,2026-06-24,
BSSR,COVERAGE_CERTIFIED,True,1,200,https://web.ksei.co.id/services/registered-securities/shares/lc/BSSR?setLocale=en-US,37b0aefd069c306609221d8fe2baa58612526e357fc077b6fbc72f271e60d240,55,51,0,0,2012-12-03,2026-07-08,
BTEK,COVERAGE_CERTIFIED,True,1,200,https://web.ksei.co.id/services/registered-securities/shares/lc/BTEK?setLocale=en-US,5a8301acab6692eb6d9d8ed36d0e1c7c424a89fb96dd56c99f507466e9822b68,34,31,2,0,2004-06-04,2026-06-18,
BTPS,COVERAGE_CERTIFIED,True,1,200,https://web.ksei.co.id/services/registered-securities/shares/lc/BTPS?setLocale=en-US,a6a49c320c7445f51e64de4dc441cadc19b54386ec44cb4ff87eee0075b48759,18,17,0,0,2019-01-22,2026-05-19,
BUKA,COVERAGE_CERTIFIED,True,1,200,https://web.ksei.co.id/services/registered-securities/shares/lc/BUKA?setLocale=en-US,b11862bf054afe75ea7787622806883773fc298eb322b637a697a6864e96e645,10,10,0,0,2021-11-30,2026-06-11,
BULL,COVERAGE_CERTIFIED,True,1,200,https://web.ksei.co.id/services/registered-securities/shares/lc/BULL?setLocale=en-US,d7a45ce0c6a6d1ccb35cc73dd796703a589dad07b2e5d54d68f81733bd269453,42,33,4,0,2012-03-06,2026-06-26,
BUMI,COVERAGE_CERTIFIED,True,1,200,https://web.ksei.co.id/services/registered-securities/shares/lc/BUMI?setLocale=en-US,cc49c6b31bccdacaf8238d7f411e8110124b778809e3c1dbc2d22e29951294dd,71,61,3,0,2002-06-14,2026-06-18,
BUVA,COVERAGE_CERTIFIED,True,1,200,https://web.ksei.co.id/services/registered-securities/shares/lc/BUVA?setLocale=en-US,78d4b9b1d3327b08e61d1161bdd9d300ea9e1475ac78f525481a468f68befb73,29,27,2,0,2011-06-08,2026-06-11,
BVIC,COVERAGE_CERTIFIED,True,1,200,https://web.ksei.co.id/services/registered-securities/shares/lc/BVIC?setLocale=en-US,e73d7fea61a52e390e68274954c5c460065abe3e453856d410f8b26722c55c68,53,52,6,0,2002-06-13,2026-06-05,
BWPT,COVERAGE_CERTIFIED,True,1,200,https://web.ksei.co.id/services/registered-securities/shares/lc/BWPT?setLocale=en-US,1eab984e7a831530476bc745764ce0db380cd5f3a5f2c6f39fa05280d3d7e9c3,35,35,1,0,2010-03-12,2026-06-29,
BYAN,COVERAGE_CERTIFIED,True,1,200,https://web.ksei.co.id/services/registered-securities/shares/lc/BYAN?setLocale=en-US,4487308603fe7ff99659d46e0c27826a910e6bde892a208e59126fab02ee8adb,49,47,1,0,2008-11-11,2026-07-08,
CAMP,COVERAGE_CERTIFIED,True,1,200,https://web.ksei.co.id/services/registered-securities/shares/lc/CAMP?setLocale=en-US,59a97718bad7ba6b3240c185c2a8290f5f0693be58c13e66d9b8bc1dc4227c7d,15,15,0,0,2018-06-04,2026-05-12,
CARE,COVERAGE_CERTIFIED,True,1,200,https://web.ksei.co.id/services/registered-securities/shares/lc/CARE?setLocale=en-US,4d7764d67a5c155a748c874f610064ca80f6a60c16766292b11b823828ee61b0,7,7,0,0,2020-07-27,2026-06-19,
CARS,COVERAGE_CERTIFIED,True,2,200,https://web.ksei.co.id/services/registered-securities/shares/lc/CARS?setLocale=en-US,e389d883dd2a2fc2a9afb48eced062e14b82567e918f195fcebecbbff2fbe771,20,20,1,0,2017-04-27,2026-06-25,
CASA,COVERAGE_CERTIFIED,True,1,200,https://web.ksei.co.id/services/registered-securities/shares/lc/CASA?setLocale=en-US,1df4566c1385ceb5432bd29697579a3673d4ef73e2ce38c5adb2fb21e41a254b,12,12,1,0,2017-05-30,2026-06-25,
CBDK,COVERAGE_CERTIFIED,True,1,200,https://web.ksei.co.id/services/registered-securities/shares/lc/CBDK?setLocale=en-US,f9710b1426b43fb7af73c7d035e700b617bc8c1e44be3f40acbf7f5fd3ca67eb,4,4,0,0,2025-04-22,2026-07-08,
CBRE,COVERAGE_UNRESOLVED,False,3,0,https://web.ksei.co.id/services/registered-securities/shares/lc/CBRE?setLocale=en-US,,0,0,0,0,,,ALL_THREE_ATTEMPTS_FAILED_OR_UNPARSABLE
CDIA,COVERAGE_CERTIFIED,True,2,200,https://web.ksei.co.id/services/registered-securities/shares/lc/CDIA?setLocale=en-US,0783f01cb545aec5750b1681772a025606e1fe5727d682407e4d20d2fac57741,4,4,0,0,2026-01-08,2026-06-09,
CENT,COVERAGE_CERTIFIED,True,1,200,https://web.ksei.co.id/services/registered-securities/shares/lc/CENT?setLocale=en-US,c98a5be95c2f5fa0f4b66754aa2c9f2d129c5b0b52da98496f6e32c1a9bd1c3d,51,50,4,0,2002-06-10,2026-05-26,
CFIN,COVERAGE_CERTIFIED,True,1,200,https://web.ksei.co.id/services/registered-securities/shares/lc/CFIN?setLocale=en-US,03ea3e72c8a13cf295fded580363639dc0ce2a5d7315b5c8e418181f7639a13b,43,43,3,0,2002-06-12,2026-07-22,
CGAS,COVERAGE_CERTIFIED,True,1,200,https://web.ksei.co.id/services/registered-securities/shares/lc/CGAS?setLocale=en-US,5d688e4de8a3385c3fc46bf30b41cb004e0017bb2d89dd15d74f15c13a1f63f3,6,6,0,0,2024-05-06,2026-07-16,
CHEK,COVERAGE_CERTIFIED,True,1,200,https://web.ksei.co.id/services/registered-securities/shares/lc/CHEK?setLocale=en-US,e951169fc3c0ab7594ea732808164d77d8aa522bb52f438d2ece9d1c35b34185,1,1,0,0,2026-06-02,2026-06-25,
CHEM,COVERAGE_CERTIFIED,True,1,200,https://web.ksei.co.id/services/registered-securities/shares/lc/CHEM?setLocale=en-US,d2066ebca4bc7951d30cb1e3c4188b50fb90d472734a5ae6efdd7a1916a71661,8,8,0,0,2023-04-17,2026-06-17,
CHIP,COVERAGE_CERTIFIED,True,1,200,https://web.ksei.co.id/services/registered-securities/shares/lc/CHIP?setLocale=en-US,84c745c24fa4cf736f0b401e0c7f522863ac14a11c3c5f280d5ac55279394f3b,9,8,0,0,2023-05-26,2026-07-24,
CITA,COVERAGE_CERTIFIED,True,1,200,https://web.ksei.co.id/services/registered-securities/shares/lc/CITA?setLocale=en-US,2167079aa0e4087b8ee71131d358ea6300578e28ca9ada845bfc2f8de6bb53e2,52,48,3,0,2002-04-05,2026-08-28,
CITY,COVERAGE_CERTIFIED,True,1,200,https://web.ksei.co.id/services/registered-securities/shares/lc/CITY?setLocale=en-US,02d0cd3bbf16985e67f726b1b51353fd6b94e01874c3f6c3974455af4ee224df,9,9,0,0,2019-04-22,2026-06-22,
CLAY,COVERAGE_CERTIFIED,True,1,200,https://web.ksei.co.id/services/registered-securities/shares/lc/CLAY?setLocale=en-US,bb85ee8d586f825276bd2aa2ed735eb1f0bafc49258099a4b69f075e8fda2996,14,14,0,0,2019-05-24,2026-06-30,
CLEO,COVERAGE_CERTIFIED,True,1,200,https://web.ksei.co.id/services/registered-securities/shares/lc/CLEO?setLocale=en-US,88a98bcfb4ede9ae16a18065e3259dc225c746a196c5a956748fcc726469c796,25,25,2,0,2017-05-29,2026-07-22,
CMNP,COVERAGE_CERTIFIED,True,3,200,https://web.ksei.co.id/services/registered-securities/shares/lc/CMNP?setLocale=en-US,4d2443bd647b94be96574cd36a25544d117b0159a7e8caade4af02a78719d0ac,58,54,1,0,2002-06-11,2026-05-26,
CMNT,COVERAGE_CERTIFIED,True,1,200,https://web.ksei.co.id/services/registered-securities/shares/lc/CMNT?setLocale=en-US,ee3ae3fbf7cda0fb752f36dc82c5a949e8398a406ad95a9a10c46c7d62355a0d,7,7,0,0,2021-12-29,2026-06-11,
CMRY,COVERAGE_CERTIFIED,True,1,200,https://web.ksei.co.id/services/registered-securities/shares/lc/CMRY?setLocale=en-US,3743b65868b13938bb58aea9399790bda1613835cdf8fae54506bd5583096fd1,12,12,0,0,2022-05-17,2026-04-30,
CNKO,COVERAGE_CERTIFIED,True,1,200,https://web.ksei.co.id/services/registered-securities/shares/lc/CNKO?setLocale=en-US,0878ec8c83c5492a882bef412211bf207665f2125e1b85acb58df326996e7752,55,54,4,0,2002-10-31,2026-06-29,
CNMA,COVERAGE_CERTIFIED,True,1,200,https://web.ksei.co.id/services/registered-securities/shares/lc/CNMA?setLocale=en-US,e7656e6126b5be6091a805621de843b7f8bd2e72f500ecea5dac98ca86efc5d9,11,11,0,2,2024-03-07,2026-04-28,
COAL,COVERAGE_CERTIFIED,True,1,200,https://web.ksei.co.id/services/registered-securities/shares/lc/COAL?setLocale=en-US,af9ee3146abe9ba3e53470c7cc478017819986149c3b204b1bc01b28889c3866,5,5,0,0,2023-03-08,2025-06-13,
COCO,COVERAGE_CERTIFIED,True,1,200,https://web.ksei.co.id/services/registered-securities/shares/lc/COCO?setLocale=en-US,a9e869260d09beb3c9f28958223c535ba5ce5f209a1e662b28971fbd0dff4ac4,21,20,4,0,2019-04-12,2026-07-13,
COIN,COVERAGE_CERTIFIED,True,3,200,https://web.ksei.co.id/services/registered-securities/shares/lc/COIN?setLocale=en-US,ac8bad76ebf74a3098ae03dca9910f0cb1a01972f2810eeec9f90c6145fbf8e4,2,2,0,0,2025-12-05,2026-06-15,
CPIN,COVERAGE_CERTIFIED,True,1,200,https://web.ksei.co.id/services/registered-securities/shares/lc/CPIN?setLocale=en-US,f4fce0e76db49f6aba91ebc81d268f2288cbfc0ab7111c981d059e3ecb59c1da,58,56,3,0,2002-06-11,2026-06-12,
CPRO,COVERAGE_CERTIFIED,True,1,200,https://web.ksei.co.id/services/registered-securities/shares/lc/CPRO?setLocale=en-US,cff1b2a3f0afe69aaf87894a051fc8e0ce147b4c955d4db5c514bf3fc159ec80,34,33,1,0,2007-06-12,2026-06-15,
CRAB,COVERAGE_CERTIFIED,True,2,200,https://web.ksei.co.id/services/registered-securities/shares/lc/CRAB?setLocale=en-US,0de2715d09a5e154df746ec4231fe77a3bac80d815a2e5a7df572e0afa2d06f4,7,7,0,0,2023-05-26,2026-06-29,
CSIS,COVERAGE_CERTIFIED,True,1,200,https://web.ksei.co.id/services/registered-securities/shares/lc/CSIS?setLocale=en-US,f3595078a6499bc92a155a91cd027e381ab316279137f1996cfec345e6036ed0,18,18,1,0,2017-12-07,2026-07-15,
CSMI,COVERAGE_CERTIFIED,True,1,200,https://web.ksei.co.id/services/registered-securities/shares/lc/CSMI?setLocale=en-US,d05da2dd41fb72103af1fccd6972ab13c981a2fb721220f584623991379a0240,10,10,0,0,2020-08-03,2026-06-25,
CSRA,COVERAGE_CERTIFIED,True,1,200,https://web.ksei.co.id/services/registered-securities/shares/lc/CSRA?setLocale=en-US,04da9d5fbf5da6eab9928c4a3b9ff19308e9f2f2d1baa277472ad792ceec73ca,14,14,0,0,2020-07-06,2026-05-20,
CTRA,COVERAGE_CERTIFIED,True,1,200,https://web.ksei.co.id/services/registered-securities/shares/lc/CTRA?setLocale=en-US,1153bbc885e3952a7472eea850287da180249d03afc78d508a4a5eb9be2723c3,58,55,2,4,2001-11-28,2026-07-24,
CTTH,COVERAGE_CERTIFIED,True,3,200,https://web.ksei.co.id/services/registered-securities/shares/lc/CTTH?setLocale=en-US,37e5e0455150e2908d4fbfbced563831353f7fe259b1f0c32403e1005aa2e7f2,29,28,0,0,2002-06-14,2026-06-19,
CUAN,COVERAGE_CERTIFIED,True,1,200,https://web.ksei.co.id/services/registered-securities/shares/lc/CUAN?setLocale=en-US,2061acd3c5aef301f0dcb024451a6526bc16709e73512a502250f27af9a3c1e4,8,8,1,0,2023-05-23,2026-06-26,
CYBR,COVERAGE_CERTIFIED,True,1,200,https://web.ksei.co.id/services/registered-securities/shares/lc/CYBR?setLocale=en-US,a54ee060b52f686b0c0eab229c4557900dedb6e1046150503a99f8ed89a9e45b,7,7,1,0,2023-11-06,2026-06-30,
DAAZ,COVERAGE_CERTIFIED,True,1,200,https://web.ksei.co.id/services/registered-securities/shares/lc/DAAZ?setLocale=en-US,f186f5fcb3c0d5ffaf0694642d13662c61842734ab8101efe8aa9649649ab5f6,4,4,0,0,2025-05-05,2026-07-10,
DADA,COVERAGE_CERTIFIED,True,1,200,https://web.ksei.co.id/services/registered-securities/shares/lc/DADA?setLocale=en-US,053362c1f664b8c5d2c5c54954d08b1cdf34f20ce9b877bafc5a32000bf64c8f,10,10,0,0,2020-07-30,2026-06-25,
DATA,COVERAGE_CERTIFIED,True,1,200,https://web.ksei.co.id/services/registered-securities/shares/lc/DATA?setLocale=en-US,62c42c661e23d837032b8280acc44f02ee1c88aa5997293db93d77b5c1ad2e57,5,5,1,0,2024-06-03,2026-06-22,
DCII,COVERAGE_CERTIFIED,True,1,200,https://web.ksei.co.id/services/registered-securities/shares/lc/DCII?setLocale=en-US,c1e30010702cad4da417d18ad96653852f2e00a1533ab17facc26552a0830ace,8,8,0,0,2021-05-10,2026-03-30,
DEFI,COVERAGE_CERTIFIED,True,1,200,https://web.ksei.co.id/services/registered-securities/shares/lc/DEFI?setLocale=en-US,800f7f36ca978cc52af4797191f895284b5d367fd4c9851ec1340c5bcbcd9171,39,37,1,1,2001-04-12,2026-04-16,
DEWA,COVERAGE_CERTIFIED,True,1,200,https://web.ksei.co.id/services/registered-securities/shares/lc/DEWA?setLocale=en-US,9ff6bc3a8061cdedff90043f5407ead91b0689b55387d2e4c055b724c348fbd0,37,37,1,0,2008-06-12,2026-07-31,
DEWI,COVERAGE_CERTIFIED,True,1,200,https://web.ksei.co.id/services/registered-securities/shares/lc/DEWI?setLocale=en-US,aebaf8ff34a60c7939741e2e1ea9139c087952a3ddc0c862c7fc9f17141cfc5e,4,4,0,0,2023-05-15,2026-06-26,
DFAM,COVERAGE_UNRESOLVED,False,3,0,https://web.ksei.co.id/services/registered-securities/shares/lc/DFAM?setLocale=en-US,,0,0,0,0,,,ALL_THREE_ATTEMPTS_FAILED_OR_UNPARSABLE
DGIK,COVERAGE_UNRESOLVED,False,3,0,https://web.ksei.co.id/services/registered-securities/shares/lc/DGIK?setLocale=en-US,,0,0,0,0,,,ALL_THREE_ATTEMPTS_FAILED_OR_UNPARSABLE
DGNS,COVERAGE_CERTIFIED,True,3,200,https://web.ksei.co.id/services/registered-securities/shares/lc/DGNS?setLocale=en-US,e6edc9f4a281e60c2b6a274ef3f72dc72b18192c5c0610ca02755600388eb526,18,18,0,0,2021-05-25,2026-06-08,
DGWG,COVERAGE_CERTIFIED,True,1,200,https://web.ksei.co.id/services/registered-securities/shares/lc/DGWG?setLocale=en-US,3af58d244ef6a430a4bb3252bce366d4a2d2789b7aed2ea0f564b9e6f753c107,5,5,0,0,2025-05-27,2026-07-15,
DILD,COVERAGE_CERTIFIED,True,1,200,https://web.ksei.co.id/services/registered-securities/shares/lc/DILD?setLocale=en-US,f46e674c5e5d47e057dda01a5cc31f6c4f6cd1c2a63d578cc03a23dc62267e89,36,35,2,0,2002-06-12,2026-06-10,
DIVA,COVERAGE_CERTIFIED,True,1,200,https://web.ksei.co.id/services/registered-securities/shares/lc/DIVA?setLocale=en-US,84a3cefec128c79c65a1a90c6d2a7b801a9079775fa6a2fab3777fbc4e85ab0a,10,10,1,0,2019-04-26,2026-06-22,
DKFT,COVERAGE_CERTIFIED,True,1,200,https://web.ksei.co.id/services/registered-securities/shares/lc/DKFT?setLocale=en-US,52a28b604ef760db291172fa117120a202d5bf7c442a92967c091bc34c24addc,39,39,2,0,2004-02-16,2026-05-12,
DKHH,COVERAGE_CERTIFIED,True,2,200,https://web.ksei.co.id/services/registered-securities/shares/lc/DKHH?setLocale=en-US,ef28d2c29469935efe819c2d6ff7ce61cc6050ad25fe8c9c48db56178fe49bd2,2,2,0,0,2025-12-30,2026-06-26,
DMAS,COVERAGE_CERTIFIED,True,1,200,https://web.ksei.co.id/services/registered-securities/shares/lc/DMAS?setLocale=en-US,c2f3da2a38209331b39f77898dc7086ace4f3b095fca76fbd5ded290cba37a5b,29,28,0,0,2015-11-05,2026-07-09,
DMMX,COVERAGE_CERTIFIED,True,1,200,https://web.ksei.co.id/services/registered-securities/shares/lc/DMMX?setLocale=en-US,78e6e70f0d301605bf4b42ddd8eb5cae6fecda19f7de6b5e4958aa6dd61e591a,9,9,0,0,2020-06-26,2026-07-22,
DNAR,COVERAGE_CERTIFIED,True,1,200,https://web.ksei.co.id/services/registered-securities/shares/lc/DNAR?setLocale=en-US,7f1d163185838bd1e8738e49f4eba9c74e09eebf5488baf8835f6296c65668ba,23,22,3,0,2015-04-28,2026-05-20,
DOID,COVERAGE_CERTIFIED,True,1,200,https://web.ksei.co.id/services/registered-securities/shares/lc/DOID?setLocale=en-US,c31aeea474f1683d177f46de0d1f400c400bac66bf32d8ac363b04fe36cb6624,49,47,3,0,2001-11-27,2026-06-24,
DOOH,COVERAGE_CERTIFIED,True,1,200,https://web.ksei.co.id/services/registered-securities/shares/lc/DOOH?setLocale=en-US,02b2dd0f4c60d7bf0a82ca3908a091e266f5291161695ad1b7e798c9e5cf9621,5,5,0,0,2023-07-24,2026-06-22,
DOSS,COVERAGE_CERTIFIED,True,1,200,https://web.ksei.co.id/services/registered-securities/shares/lc/DOSS?setLocale=en-US,facc99f526e7a9d366fd8100649db7c17b79e35113197ef60b8b5b893a8b88dd,4,4,0,0,2025-05-27,2026-07-17,
DPUM,COVERAGE_CERTIFIED,True,1,200,https://web.ksei.co.id/services/registered-securities/shares/lc/DPUM?setLocale=en-US,048b61f7482db5b2e0cc652a99508c0d327acd762707e11084a81bd2c33d8ee0,20,18,0,0,2016-04-01,2026-04-10,
DRMA,COVERAGE_CERTIFIED,True,1,200,https://web.ksei.co.id/services/registered-securities/shares/lc/DRMA?setLocale=en-US,799e313e66a6ead0d799276c981c05b9263b98a7a4121b55f08780e51f187322,12,12,0,0,2022-03-29,2026-05-07,
DSFI,COVERAGE_CERTIFIED,True,1,200,https://web.ksei.co.id/services/registered-securities/shares/lc/DSFI?setLocale=en-US,c463c6fa7c0d24f69bb4e76c76c9a385dd7a557bd1071ab9c32c0cfb311c0c41,34,34,1,0,2001-09-03,2026-06-24,
DSNG,COVERAGE_CERTIFIED,True,1,200,https://web.ksei.co.id/services/registered-securities/shares/lc/DSNG?setLocale=en-US,7dd86508ce79fb4634dfcbf63709164ced6cf3723a53c1732a0fa3ba3b4a4e58,31,29,1,0,2014-04-22,2026-07-08,
DSSA,COVERAGE_CERTIFIED,True,1,200,https://web.ksei.co.id/services/registered-securities/shares/lc/DSSA?setLocale=en-US,ee1b9eee094988ea4f32c413196d8728046bfcf3f6e1c7b03c903df0be252df8,33,31,2,0,2010-06-10,2026-09-10,
DWGL,COVERAGE_CERTIFIED,True,1,200,https://web.ksei.co.id/services/registered-securities/shares/lc/DWGL?setLocale=en-US,57d5e50305207022a0444916afbbb1d0cc91852bfbd7be971d85d5cc7a0ff609,11,10,0,0,2018-03-05,2026-06-30,
EDGE,COVERAGE_CERTIFIED,True,1,200,https://web.ksei.co.id/services/registered-securities/shares/lc/EDGE?setLocale=en-US,e296b25f4049e01945e58d7ba7360386819fb2261dc3317c5a592196dbbf6240,14,14,4,0,2021-05-25,2026-09-04,
ELIT,COVERAGE_CERTIFIED,True,1,200,https://web.ksei.co.id/services/registered-securities/shares/lc/ELIT?setLocale=en-US,f4ead69a373999ef0d2bcc92988521cfafe74b3033d75c14294eab81b9a537d9,8,8,0,0,2023-04-28,2026-08-26,
ELPI,COVERAGE_CERTIFIED,True,1,200,https://web.ksei.co.id/services/registered-securities/shares/lc/ELPI?setLocale=en-US,1a89367ba1c8e9b72b936ab1f68f1fe7c774f990eda4fa97780539d809c1000b,9,9,1,0,2023-05-02,2026-07-09,
ELSA,COVERAGE_CERTIFIED,True,1,200,https://web.ksei.co.id/services/registered-securities/shares/lc/ELSA?setLocale=en-US,d4ee339dae6896a6e77d388b78d5c5ed6c09a4d2054c49e3a00206c608c32063,56,52,0,0,2008-04-29,2026-07-08,
ELTY,COVERAGE_CERTIFIED,True,1,200,https://web.ksei.co.id/services/registered-securities/shares/lc/ELTY?setLocale=en-US,7fe2540bb9fbc2359e2936d21ed84d051707d93d29acaf6a115b152814f769f0,60,50,3,0,2002-06-13,2026-06-17,
EMAS,COVERAGE_CERTIFIED,True,1,200,https://web.ksei.co.id/services/registered-securities/shares/lc/EMAS?setLocale=en-US,df70abe154823fa4387c7cb01bc8d25ec0b6c309d507c94ba8bf8476139518d3,4,4,0,0,2025-11-17,2026-04-22,
EMTK,COVERAGE_CERTIFIED,True,1,200,https://web.ksei.co.id/services/registered-securities/shares/lc/EMTK?setLocale=en-US,55d8ddef1567ce84e033c5e71325480f9581ee1d4938f1a19cae2e965028bc6d,45,44,1,0,2010-05-14,2026-08-11,
ENRG,COVERAGE_CERTIFIED,True,2,200,https://web.ksei.co.id/services/registered-securities/shares/lc/ENRG?setLocale=en-US,6100f9b55fa315151f080e7ba7753977c3a7a5a9b71f9489c7f59ac265a8193e,53,47,4,0,2004-07-21,2026-06-05,
ENZO,COVERAGE_CERTIFIED,True,1,200,https://web.ksei.co.id/services/registered-securities/shares/lc/ENZO?setLocale=en-US,15cab1a5e823a385d9b79acde7f936f233cf5a91f7085d311095ae977ef2254d,8,8,0,0,2021-08-06,2026-06-05,
EPAC,COVERAGE_CERTIFIED,True,1,200,https://web.ksei.co.id/services/registered-securities/shares/lc/EPAC?setLocale=en-US,23774989cad870c4fe3b412aae51678ba6b64d58a689f3225b44deb6e83c0d37,9,9,0,0,2020-12-18,2026-06-12,
ERAA,COVERAGE_CERTIFIED,True,1,200,https://web.ksei.co.id/services/registered-securities/shares/lc/ERAA?setLocale=en-US,12977338a3cdc95147ab5179cee5f0c49d0cfe864f8596049c022edf8fc920a0,31,31,1,0,2012-05-10,2026-07-31,
ERAL,COVERAGE_CERTIFIED,True,1,200,https://web.ksei.co.id/services/registered-securities/shares/lc/ERAL?setLocale=en-US,ffc30cf575b295662de4404e56fb6e5e85fa936050760935630ab967ba8526f0,6,6,0,0,2024-05-20,2026-07-23,
ERTX,COVERAGE_CERTIFIED,True,1,200,https://web.ksei.co.id/services/registered-securities/shares/lc/ERTX?setLocale=en-US,a50441f1340a690ed0701139e01e30f8ccc47a9039ee4326e5698670354a7701,44,41,2,0,2002-05-30,2026-06-02,
ESIP,COVERAGE_CERTIFIED,True,1,200,https://web.ksei.co.id/services/registered-securities/shares/lc/ESIP?setLocale=en-US,789d2adf15c1e2ee6ffaf5d9e9123ca3a8a8a0fda60ed3670ebffddb758825fd,12,11,1,0,2020-07-27,2026-07-30,
ESSA,COVERAGE_CERTIFIED,True,2,200,https://web.ksei.co.id/services/registered-securities/shares/lc/ESSA?setLocale=en-US,3edd11da173bbd4aed8c06952f93bb1996be291d6e3a6ee9117b25d905059abf,33,32,2,0,2012-05-11,2026-07-15,
ESTA,COVERAGE_CERTIFIED,True,1,200,https://web.ksei.co.id/services/registered-securities/shares/lc/ESTA?setLocale=en-US,b488427bc58a2a63e97c0a64d84cb1847c9b109819f4f8df22eb92a5a0b76085,9,9,1,0,2020-08-06,2026-06-12,
ESTI,COVERAGE_CERTIFIED,True,1,200,https://web.ksei.co.id/services/registered-securities/shares/lc/ESTI?setLocale=en-US,3a6ea6f9e880df9a31ce1e93980c6d2fe731216d145e8544103e81b8dad4ce7c,35,35,0,0,2002-05-30,2026-07-15,
EURO,COVERAGE_CERTIFIED,True,1,200,https://web.ksei.co.id/services/registered-securities/shares/lc/EURO?setLocale=en-US,ecd471e91733dc1afdc1651d9d791d1ca9a4029fad4e9f118c2feb392f797898,9,8,0,0,2022-11-15,2026-07-01,
EXCL,COVERAGE_CERTIFIED,True,1,200,https://web.ksei.co.id/services/registered-securities/shares/lc/EXCL?setLocale=en-US,444b4fe6563b9d509a9681a71300fc5363af96f3670cd8d61c52775d6106eefd,57,56,4,0,2005-11-16,2026-05-20,
FAST,COVERAGE_CERTIFIED,True,1,200,https://web.ksei.co.id/services/registered-securities/shares/lc/FAST?setLocale=en-US,de51d50f2c27aa677633212027b614916dfe2d4138dd0d049d5fff1b18703e4b,53,50,1,2,2001-07-19,2026-05-22,
FILM,COVERAGE_CERTIFIED,True,1,200,https://web.ksei.co.id/services/registered-securities/shares/lc/FILM?setLocale=en-US,c9c5e91580f64156f75a058f10d278d1fb5f9f46438065f502ae612a9287e8b3,20,20,1,0,2019-04-01,2026-06-24,
FIRE,COVERAGE_CERTIFIED,True,1,200,https://web.ksei.co.id/services/registered-securities/shares/lc/FIRE?setLocale=en-US,187621af75fe7ace5ae5596939b1b0b50455fb963bc5d74383ebda68a3cc2057,14,14,0,0,2017-11-23,2026-06-25,
FITT,COVERAGE_CERTIFIED,True,1,200,https://web.ksei.co.id/services/registered-securities/shares/lc/FITT?setLocale=en-US,9b5e4ac4e7426741a4f2223b8511b919773f5a68bf80250119737bff3feb7852,10,10,2,0,2020-07-29,2026-06-26,
FLMC,COVERAGE_CERTIFIED,True,1,200,https://web.ksei.co.id/services/registered-securities/shares/lc/FLMC?setLocale=en-US,b41ccfe545cbce75e0094424fc5a730e01aae433bbc7db8b1bce3435417e52e0,7,7,0,0,2021-08-10,2026-06-11,
FOLK,COVERAGE_CERTIFIED,True,1,200,https://web.ksei.co.id/services/registered-securities/shares/lc/FOLK?setLocale=en-US,10a32b41d77d4a69f2d4e61340d0e9ea55fd4a4a37eebb0264689e9ff7365323,5,5,0,0,2024-05-07,2026-06-09,
FORE,COVERAGE_CERTIFIED,True,1,200,https://web.ksei.co.id/services/registered-securities/shares/lc/FORE?setLocale=en-US,8b979d0944641cd17f6df1443ca164ac4e14bcaa18566ac293cd129b6d206ec6,2,2,0,0,2025-06-03,2026-05-11,
FORU,COVERAGE_CERTIFIED,True,1,200,https://web.ksei.co.id/services/registered-securities/shares/lc/FORU?setLocale=en-US,dd2c637376526ef71c1b0a4b493734cefde3b0b24b59ab154d18c4de64bf502c,41,40,1,0,2002-05-31,2026-07-16,
FPNI,COVERAGE_CERTIFIED,True,2,200,https://web.ksei.co.id/services/registered-securities/shares/lc/FPNI?setLocale=en-US,79230f8991c87c95c3bbf0728f8b16f50de0ca5f806b96c91fb381d02c9bb1fb,42,41,1,0,2002-05-07,2026-06-12,
FUJI,COVERAGE_CERTIFIED,True,2,200,https://web.ksei.co.id/services/registered-securities/shares/lc/FUJI?setLocale=en-US,739ea0eaea4cc0e576ddc1e33fb8874d9d6790d79dc8d0e4057c8d1bdb5d936e,8,8,0,0,2020-05-19,2026-04-16,
FUTR,COVERAGE_CERTIFIED,True,1,200,https://web.ksei.co.id/services/registered-securities/shares/lc/FUTR?setLocale=en-US,7bac2e3ca570c412c196c01116bcf29e219b2d6e6ad4b12c7bb6e38f5c8fb78f,8,8,2,0,2023-07-21,2026-06-30,
FWCT,COVERAGE_CERTIFIED,True,1,200,https://web.ksei.co.id/services/registered-securities/shares/lc/FWCT?setLocale=en-US,0da4ee44f04d33c3baaa423827996390cd7ba19908973929f52b6d4a8f2a1920,8,8,0,0,2023-05-11,2026-06-19,
GEMA,COVERAGE_CERTIFIED,True,1,200,https://web.ksei.co.id/services/registered-securities/shares/lc/GEMA?setLocale=en-US,44104d85068096d9699b2dc1ebe72af31c643de23a40f1632a951d0db703286d,41,40,1,0,2003-05-08,2026-06-19,
GEMS,COVERAGE_CERTIFIED,True,1,200,https://web.ksei.co.id/services/registered-securities/shares/lc/GEMS?setLocale=en-US,ad7390531f3a5cb2473393ada72f368711b263fc74bd9f6ccba96482df91725a,60,59,0,0,2011-12-27,2026-06-11,
GGRM,COVERAGE_CERTIFIED,True,1,200,https://web.ksei.co.id/services/registered-securities/shares/lc/GGRM?setLocale=en-US,36b4a29b4e85feb13c6d117c4ca5d7d1a38fbf408d2d83858e00f49ffcf64aa1,50,49,0,0,2002-02-20,2026-07-23,
GIAA,COVERAGE_CERTIFIED,True,1,200,https://web.ksei.co.id/services/registered-securities/shares/lc/GIAA?setLocale=en-US,279f1d1ea0224b0f1aee2dfc4d3716719bad506342d22dd095b607e9d966e416,38,36,2,0,2011-04-13,2026-05-13,
GJTL,COVERAGE_CERTIFIED,True,1,200,https://web.ksei.co.id/services/registered-securities/shares/lc/GJTL?setLocale=en-US,45db9911ee8efebb46eb12a56c11deb54a43ee3fc803543697519c5ee8d0e25a,44,44,1,0,2004-01-14,2026-06-18,
GMFI,COVERAGE_CERTIFIED,True,1,200,https://web.ksei.co.id/services/registered-securities/shares/lc/GMFI?setLocale=en-US,853c0e1d66db7b543e03e6943969d19c640710bb531389679f43ba5ace94cb22,22,21,2,0,2018-02-09,2026-07-01,
GOLF,COVERAGE_CERTIFIED,True,1,200,https://web.ksei.co.id/services/registered-securities/shares/lc/GOLF?setLocale=en-US,37f32c84d3fe66aa037d2f7397874f4906cd72811e90fed1fdd73313a9476168,4,4,0,0,2025-06-03,2026-06-29,
GOTO,COVERAGE_CERTIFIED,True,1,200,https://web.ksei.co.id/services/registered-securities/shares/lc/GOTO?setLocale=en-US,f0c852071bf312601bf6db13787d4626a7f6f1072de2f94979a5f4a9aeb00b2f,9,9,0,0,2022-06-03,2026-06-18,
GPRA,COVERAGE_CERTIFIED,True,1,200,https://web.ksei.co.id/services/registered-securities/shares/lc/GPRA?setLocale=en-US,c1c39c18d36a5131e67592280ef4887c0ece0ae836bc2e6974724383e5760711,40,39,2,0,2008-01-03,2026-07-31,
GPSO,COVERAGE_CERTIFIED,True,3,200,https://web.ksei.co.id/services/registered-securities/shares/lc/GPSO?setLocale=en-US,9eb3ee859c065000458ae388fd07ea5fa29d94986f557a03fcdb94d1409b411f,8,8,1,0,2021-12-07,2026-06-02,
GRIA,COVERAGE_CERTIFIED,True,3,200,https://web.ksei.co.id/services/registered-securities/shares/lc/GRIA?setLocale=en-US,b98d25f50e7b7307b52073460d6dc6a41f583c869f8a80e998824f5e57b48273,4,4,0,0,2024-05-21,2026-06-18,
GRPH,COVERAGE_CERTIFIED,True,1,200,https://web.ksei.co.id/services/registered-securities/shares/lc/GRPH?setLocale=en-US,8ceced532822a7020d7786c11feb119fdc1b5a1808be9dc5f93f0bd824d33d7a,3,3,0,0,2024-05-06,2026-06-15,
GRPM,COVERAGE_CERTIFIED,True,1,200,https://web.ksei.co.id/services/registered-securities/shares/lc/GRPM?setLocale=en-US,f9cf821b70e3124a0da6b730ae5973b37a30a679cfabff872b1229948d37453f,6,6,0,0,2024-04-16,2026-05-11,
GSMF,COVERAGE_CERTIFIED,True,1,200,https://web.ksei.co.id/services/registered-securities/shares/lc/GSMF?setLocale=en-US,88291bdd9d39aa5fd10098de1df6260380d5654f8c5664b7c9e211849e3d5584,33,33,2,0,2002-07-10,2026-06-15,
GTBO,COVERAGE_CERTIFIED,True,1,200,https://web.ksei.co.id/services/registered-securities/shares/lc/GTBO?setLocale=en-US,192370f96a5a4df08327bf65569186d1f15d31988dc52c676275c8ea22050f44,25,24,0,0,2009-08-07,2025-12-18,
GTRA,COVERAGE_CERTIFIED,True,1,200,https://web.ksei.co.id/services/registered-securities/shares/lc/GTRA?setLocale=en-US,e50c3e94505fe557baaf662f7c3a554c6649a51ad540d7a4168ed43932f42a50,5,5,0,0,2023-05-31,2026-06-23,
GTSI,COVERAGE_CERTIFIED,True,1,200,https://web.ksei.co.id/services/registered-securities/shares/lc/GTSI?setLocale=en-US,49a991c1f1f8ec437700d47a6e971ead962bbe5c4a95e88279858558c9094c65,13,13,0,0,2022-07-04,2026-07-24,
GULA,COVERAGE_CERTIFIED,True,1,200,https://web.ksei.co.id/services/registered-securities/shares/lc/GULA?setLocale=en-US,f825479a50785eac3dd0b98009bde7ade8576b6206f779a7a3c9505f7a55b133,4,4,0,0,2023-05-30,2026-06-19,
GUNA,COVERAGE_CERTIFIED,True,1,200,https://web.ksei.co.id/services/registered-securities/shares/lc/GUNA?setLocale=en-US,a53d18a2d62480f55cf3cea484420999c4a9fbb2d288444a017d59de68e8b1ee,6,6,0,0,2024-08-28,2026-06-26,
GZCO,COVERAGE_CERTIFIED,True,1,200,https://web.ksei.co.id/services/registered-securities/shares/lc/GZCO?setLocale=en-US,f44ad474fb97f7bc46e27e26affdbb5fbdb63da26675d23e92251d026df8afef,27,27,1,2,2009-04-23,2026-06-10,
HAIS,COVERAGE_CERTIFIED,True,1,200,https://web.ksei.co.id/services/registered-securities/shares/lc/HAIS?setLocale=en-US,da5e594af0f06e6366fb08fff229d7d5b986013e43ce3993fd965981ccbada9d,15,15,0,0,2021-09-29,2026-04-10,
HAJJ,COVERAGE_CERTIFIED,True,1,200,https://web.ksei.co.id/services/registered-securities/shares/lc/HAJJ?setLocale=en-US,be62ef9938c213a1d18055999cc4efe29829f774c19c3913ef1d789e7756a590,4,4,0,0,2023-06-07,2026-06-25,
HALO,COVERAGE_CERTIFIED,True,1,200,https://web.ksei.co.id/services/registered-securities/shares/lc/HALO?setLocale=en-US,eee01867b8bc4466558a104902a3a330b36a12db9835f5c8888acc96d5af8436,4,4,0,0,2023-05-31,2026-06-05,
HATM,COVERAGE_CERTIFIED,True,1,200,https://web.ksei.co.id/services/registered-securities/shares/lc/HATM?setLocale=en-US,52192ad3ab345f5b433e304fac93b0e633556a6a0f45dd623a5af59b79a39760,11,11,1,0,2022-09-14,2026-08-21,
HDIT,COVERAGE_CERTIFIED,True,1,200,https://web.ksei.co.id/services/registered-securities/shares/lc/HDIT?setLocale=en-US,99817f3e88e47ef8da247a87293dea405beeb820efb051697d8deaadac122a4b,8,8,0,0,2020-08-06,2026-06-30,
HEAL,COVERAGE_CERTIFIED,True,1,200,https://web.ksei.co.id/services/registered-securities/shares/lc/HEAL?setLocale=en-US,0beaadb6234b8680a96a8979e94f51ae77cb03f0e85cc008a804472c6aa6ea2f,21,19,1,0,2019-04-05,2026-05-22,
HELI,COVERAGE_UNRESOLVED,False,3,0,https://web.ksei.co.id/services/registered-securities/shares/lc/HELI?setLocale=en-US,,0,0,0,0,,,ALL_THREE_ATTEMPTS_FAILED_OR_UNPARSABLE
HEXA,COVERAGE_CERTIFIED,True,3,200,https://web.ksei.co.id/services/registered-securities/shares/lc/HEXA?setLocale=en-US,fa4b38b0fbcf5208558d98abec3b00208df105fcb65fd031b4e3985d0ceaf590,76,69,2,0,2001-07-10,2026-05-19,
HGII,COVERAGE_CERTIFIED,True,1,200,https://web.ksei.co.id/services/registered-securities/shares/lc/HGII?setLocale=en-US,783510a85668d7ad9d6ac0469bc236c00922d43ca7c6e97f7709276db6e50dfd,4,4,0,0,2025-05-19,2026-07-10,
HILL,COVERAGE_CERTIFIED,True,1,200,https://web.ksei.co.id/services/registered-securities/shares/lc/HILL?setLocale=en-US,0772b2ed909a20061676de13e968662b5af0788503aa94c3f59df084412d9a36,9,9,1,0,2023-03-28,2026-06-29,
HMSP,COVERAGE_CERTIFIED,True,1,200,https://web.ksei.co.id/services/registered-securities/shares/lc/HMSP?setLocale=en-US,3c53201821231aa98f56934719ccd4b4ad3bc887bd569b94314bf718965fadba,92,90,3,0,2001-09-24,2026-06-19,
HOKI,COVERAGE_CERTIFIED,True,1,200,https://web.ksei.co.id/services/registered-securities/shares/lc/HOKI?setLocale=en-US,b7d4c67577ed75e9b38ab5d9e5f3c5a0543927e40c3ade392a0c09db0057c90e,19,18,1,0,2018-05-11,2026-06-23,
HOMI,COVERAGE_CERTIFIED,True,1,200,https://web.ksei.co.id/services/registered-securities/shares/lc/HOMI?setLocale=en-US,f27ceb0362681ec80915e3f105588deca33b947c4b796e265a6d65ebb6dacf6b,10,10,1,0,2020-12-30,2026-06-15,
HOPE,COVERAGE_CERTIFIED,True,1,200,https://web.ksei.co.id/services/registered-securities/shares/lc/HOPE?setLocale=en-US,91b68ef6c561e5211c265837258ff972e33e7009bf2cd9f2e6c60e4aa28f765f,10,10,0,0,2021-08-06,2026-06-30,
HRTA,COVERAGE_CERTIFIED,True,1,200,https://web.ksei.co.id/services/registered-securities/shares/lc/HRTA?setLocale=en-US,708cb459221c0fd1f05efb9ae3a51c335090305273ae1f5dc7825d7b44a06042,23,20,0,0,2017-11-28,2026-07-03,
HRUM,COVERAGE_CERTIFIED,True,1,200,https://web.ksei.co.id/services/registered-securities/shares/lc/HRUM?setLocale=en-US,c2515ac6f3e462bba588b8af4d8f58654cc1e75dc2ea5155d6e400740bc74fcb,32,32,1,0,2011-04-11,2026-06-03,
HUMI,COVERAGE_CERTIFIED,True,1,200,https://web.ksei.co.id/services/registered-securities/shares/lc/HUMI?setLocale=en-US,73f3ec1f3029b539099102c9a213b03f3e87d5336cee60e29451fe0af7065f53,6,6,0,0,2024-05-22,2026-07-29,
HYGN,COVERAGE_CERTIFIED,True,1,200,https://web.ksei.co.id/services/registered-securities/shares/lc/HYGN?setLocale=en-US,ab2b60b77df74b0161a128dd276b33c1ae27f1a3f6533b7848da7dce37e5ee42,6,6,0,0,2024-05-13,2026-06-18,
IATA,COVERAGE_CERTIFIED,True,1,200,https://web.ksei.co.id/services/registered-securities/shares/lc/IATA?setLocale=en-US,cc73221c16ddb3cf3ddf506489157f4afc3040e6037e3bc337142cb9ac3f14a5,33,32,5,0,2007-03-07,2026-06-22,
IBOS,COVERAGE_UNRESOLVED,False,3,0,https://web.ksei.co.id/services/registered-securities/shares/lc/IBOS?setLocale=en-US,,0,0,0,0,,,ALL_THREE_ATTEMPTS_FAILED_OR_UNPARSABLE
ICBP,COVERAGE_UNRESOLVED,False,3,0,https://web.ksei.co.id/services/registered-securities/shares/lc/ICBP?setLocale=en-US,,0,0,0,0,,,ALL_THREE_ATTEMPTS_FAILED_OR_UNPARSABLE
ICON,COVERAGE_CERTIFIED,True,2,200,https://web.ksei.co.id/services/registered-securities/shares/lc/ICON?setLocale=en-US,35cd6a37db4b110223de8a2a1e02df6d321531b0c0a07fc4e23f543ab335a371,33,31,2,0,2006-06-12,2026-07-31,
IDEA,COVERAGE_CERTIFIED,True,1,200,https://web.ksei.co.id/services/registered-securities/shares/lc/IDEA?setLocale=en-US,c62839031261b9e5d0c2e9581cc0baa4a209984b5736c5ffe8cd9571149a26b5,11,11,0,0,2022-07-05,2026-07-09,
IKAI,COVERAGE_CERTIFIED,True,1,200,https://web.ksei.co.id/services/registered-securities/shares/lc/IKAI?setLocale=en-US,b1a7ecd3191f1a4e61dd4b33b6c6231b5ce225f8e302a023fd350025a05c445c,44,42,3,0,2002-06-12,2026-06-30,
IKAN,COVERAGE_CERTIFIED,True,1,200,https://web.ksei.co.id/services/registered-securities/shares/lc/IKAN?setLocale=en-US,c43d824e998dded10c549de9b5ef789f6b26166e56eb5d114da126350776f53d,8,8,0,0,2020-07-30,2026-06-11,
IKPM,COVERAGE_CERTIFIED,True,1,200,https://web.ksei.co.id/services/registered-securities/shares/lc/IKPM?setLocale=en-US,e10015f4a4702e5e321cb0205450079ec947a5537fdb4bc2a18106bb74dd3737,5,5,0,0,2024-05-02,2026-05-05,
IMAS,COVERAGE_CERTIFIED,True,1,200,https://web.ksei.co.id/services/registered-securities/shares/lc/IMAS?setLocale=en-US,b83c38c4166396b174ce0f1bde0744b7d2810ae70d8f0a241ef045655585c6db,49,46,2,0,2002-06-07,2026-07-31,
IMJS,COVERAGE_CERTIFIED,True,2,200,https://web.ksei.co.id/services/registered-securities/shares/lc/IMJS?setLocale=en-US,f53981a139dc511af4c4271a74ee573daa1b277bace3c057d52a4a66152e78bd,29,28,3,0,2014-06-11,2026-07-31,
IMPC,COVERAGE_CERTIFIED,True,1,200,https://web.ksei.co.id/services/registered-securities/shares/lc/IMPC?setLocale=en-US,854bd59ea6ae48c454992fd04d6cd4abe5fdbf875f130e6e93605a764ca136f5,24,24,2,0,2015-05-12,2026-06-10,
INCO,COVERAGE_CERTIFIED,True,1,200,https://web.ksei.co.id/services/registered-securities/shares/lc/INCO?setLocale=en-US,c35130e975006b3c4e254641caefad43f9b29cc9409cbbb187ea9892b5b3b816,93,71,3,0,2002-03-14,2026-06-26,
INDF,COVERAGE_CERTIFIED,True,1,200,https://web.ksei.co.id/services/registered-securities/shares/lc/INDF?setLocale=en-US,f622bc65c06dd33630071160c70db2fc8882c41620406ecf87515f80c84451da,57,56,0,0,2001-07-12,2026-07-29,
INDO,COVERAGE_CERTIFIED,True,1,200,https://web.ksei.co.id/services/registered-securities/shares/lc/INDO?setLocale=en-US,fd4927632e1128d3d6932a03fe078fc5f2d326e884ca009100760339f3705631,8,8,0,0,2020-06-24,2026-06-10,
INDS,COVERAGE_CERTIFIED,True,1,200,https://web.ksei.co.id/services/registered-securities/shares/lc/INDS?setLocale=en-US,a69d543544f2f8e78194e9031e2cddee34c21867e36b1dc7a90f080f144d0da5,53,51,5,0,2002-06-05,2026-07-24,
INDX,COVERAGE_CERTIFIED,True,3,200,https://web.ksei.co.id/services/registered-securities/shares/lc/INDX?setLocale=en-US,6435bdf1d239e8e03ab1e65150d13d4f225f3b86371cb717e678510219386bf0,40,40,3,0,2002-01-10,2026-06-30,
INDY,COVERAGE_CERTIFIED,True,1,200,https://web.ksei.co.id/services/registered-securities/shares/lc/INDY?setLocale=en-US,0bef419de5a9c5e062e3797ea8ad5fa7eb5715e0e7ab078b0fb5382a87ce7d98,37,36,0,0,2009-05-12,2026-06-19,
INET,COVERAGE_CERTIFIED,True,3,200,https://web.ksei.co.id/services/registered-securities/shares/lc/INET?setLocale=en-US,674ccfc87fb9820cb58f4249062ec07a000ee56106e4420a3683389074a8544d,9,9,1,0,2024-05-28,2026-06-11,
INKP,COVERAGE_CERTIFIED,True,1,200,https://web.ksei.co.id/services/registered-securities/shares/lc/INKP?setLocale=en-US,f8f4f2efdbffea38d659411ca12f47de1dfa911d3151325a77521e977b251b73,41,40,0,0,2002-04-08,2026-07-24,
INOV,COVERAGE_CERTIFIED,True,1,200,https://web.ksei.co.id/services/registered-securities/shares/lc/INOV?setLocale=en-US,fe74df4f38b0f626c46675b9e6399bd02445733107a94a0a2cd02a76c9782d5c,12,11,0,0,2020-07-27,2026-06-10,
INPC,COVERAGE_CERTIFIED,True,1,200,https://web.ksei.co.id/services/registered-securities/shares/lc/INPC?setLocale=en-US,381b23458bf08c8172801f97c6c2f4342311709fbe14903a126692e8de54b74d,47,43,6,0,2002-05-28,2026-06-17,
INPP,COVERAGE_CERTIFIED,True,1,200,https://web.ksei.co.id/services/registered-securities/shares/lc/INPP?setLocale=en-US,bec22c0621db95f3057485635d2d07a03faa74375a25731adaf02d3e917b3e9b,39,37,1,0,2005-05-03,2026-06-18,
INTP,COVERAGE_CERTIFIED,True,1,200,https://web.ksei.co.id/services/registered-securities/shares/lc/INTP?setLocale=en-US,97f31bc8bcecfec243a6c62ac198cdab9d978985aa12dcdf86237a5d3676a160,57,56,1,0,2001-04-10,2026-06-19,
IOTF,COVERAGE_CERTIFIED,True,2,200,https://web.ksei.co.id/services/registered-securities/shares/lc/IOTF?setLocale=en-US,7d7135a7854f5a3fde955ec1a8fd77d9ed9a2de7b9dbf749cba08a3618886c39,3,3,0,0,2024-05-08,2026-06-02,
IPCC,COVERAGE_CERTIFIED,True,1,200,https://web.ksei.co.id/services/registered-securities/shares/lc/IPCC?setLocale=en-US,737cddd5f7bd0ae597a8e0ee0d0b6eb6fe761c8f91e31c556324cd7bcddc7cbd,34,29,0,0,2019-04-01,2026-09-03,
IPTV,COVERAGE_CERTIFIED,True,1,200,https://web.ksei.co.id/services/registered-securities/shares/lc/IPTV?setLocale=en-US,d05803860a569e6a496e0d10e7df2aa9b37a986ea8abfdcb6ca0446b9089e319,9,9,0,0,2020-07-03,2026-06-23,
IRRA,COVERAGE_CERTIFIED,True,1,200,https://web.ksei.co.id/services/registered-securities/shares/lc/IRRA?setLocale=en-US,63295d4a6d39392096c7dc0e219c0eea6c2766049e0e7d26dc0b4bbcb281c325,11,10,0,0,2020-03-06,2026-06-05,
IRSX,COVERAGE_CERTIFIED,True,1,200,https://web.ksei.co.id/services/registered-securities/shares/lc/IRSX?setLocale=en-US,e7fb95c72e99c7cd04fe00824565b8a8b849cc5941f29e990ce8ce5d43338aea,9,9,1,0,2023-05-23,2026-07-30,
ISAP,COVERAGE_UNRESOLVED,False,3,0,https://web.ksei.co.id/services/registered-securities/shares/lc/ISAP?setLocale=en-US,,0,0,0,0,,,ALL_THREE_ATTEMPTS_FAILED_OR_UNPARSABLE
ISAT,COVERAGE_UNRESOLVED,False,3,0,https://web.ksei.co.id/services/registered-securities/shares/lc/ISAT?setLocale=en-US,,0,0,0,0,,,ALL_THREE_ATTEMPTS_FAILED_OR_UNPARSABLE
ISEA,COVERAGE_CERTIFIED,True,3,200,https://web.ksei.co.id/services/registered-securities/shares/lc/ISEA?setLocale=en-US,24fbba93e8b0f7b8e11dc7fa7aec2dc7e2e33047a71e693b06f15470df8abe77,2,2,0,0,2025-05-09,2026-06-08,
ISSP,COVERAGE_CERTIFIED,True,1,200,https://web.ksei.co.id/services/registered-securities/shares/lc/ISSP?setLocale=en-US,01ad44e6d8962463b1a84853c86f04cc80eb1b63933dbd13223286a00e5c61a6,26,26,0,0,2013-06-07,2026-07-10,
ITIC,COVERAGE_CERTIFIED,True,1,200,https://web.ksei.co.id/services/registered-securities/shares/lc/ITIC?setLocale=en-US,18fa2936a193e42aceed427040730146d1210f5b738b70bcae862f1a540ee77d,11,11,0,0,2019-11-08,2026-06-15,
ITMA,COVERAGE_CERTIFIED,True,1,200,https://web.ksei.co.id/services/registered-securities/shares/lc/ITMA?setLocale=en-US,fcc8606e1d7fa900f40a0a7d5de5820d6141cec6d1800bfb9136863f0d843771,37,37,2,0,2002-06-06,2026-06-30,
ITMG,COVERAGE_CERTIFIED,True,1,200,https://web.ksei.co.id/services/registered-securities/shares/lc/ITMG?setLocale=en-US,d7fb7c52febc5ef47d72d700f21476032bdf12fbe0ae75f587e57a62f0b7f648,60,59,0,0,2008-03-26,2026-05-19,
JARR,COVERAGE_CERTIFIED,True,1,200,https://web.ksei.co.id/services/registered-securities/shares/lc/JARR?setLocale=en-US,dd573aa65e8b64a25d34e2f5e1dfd18113a5c5d465952c7dc9f67edc71f3f80f,11,11,1,0,2022-09-13,2026-08-28,
JAST,COVERAGE_CERTIFIED,True,1,200,https://web.ksei.co.id/services/registered-securities/shares/lc/JAST?setLocale=en-US,cb254b87b12284b96a54cce5fd3f5828d07ec9480877d7cf1f4d4377df28ca65,18,17,1,0,2019-07-25,2026-06-15,
JATI,COVERAGE_CERTIFIED,True,1,200,https://web.ksei.co.id/services/registered-securities/shares/lc/JATI?setLocale=en-US,3540903a27bc814f43ac1210df9f039ae21bdea2661bf4bb27d65b8fbe316743,11,11,0,0,2023-06-27,2026-06-19,
JAYA,COVERAGE_CERTIFIED,True,1,200,https://web.ksei.co.id/services/registered-securities/shares/lc/JAYA?setLocale=en-US,d5140d4989813e74fa5439fe0bbb7b8352e0b4916da83b0ec9d9e57f0923d91a,24,22,1,0,2019-05-29,2026-05-19,
JGLE,COVERAGE_CERTIFIED,True,1,200,https://web.ksei.co.id/services/registered-securities/shares/lc/JGLE?setLocale=en-US,d4c0de2c3c4528bbf28c75dfe15ef2eb77033ae1ded435385698cdba3a76ae63,13,13,0,0,2017-04-28,2026-06-11,
JIHD,COVERAGE_CERTIFIED,True,1,200,https://web.ksei.co.id/services/registered-securities/shares/lc/JIHD?setLocale=en-US,7bfa72d27c261b63833816e34cd75cf645397ba57a89978be60c088f868914bb,32,32,1,0,2002-06-06,2026-06-17,
JKON,COVERAGE_CERTIFIED,True,1,200,https://web.ksei.co.id/services/registered-securities/shares/lc/JKON?setLocale=en-US,328d24f251e6e9a77190a325e0f39e7b848a53bff2cd9f1f3d7a061dd66cc589,42,41,2,0,2008-04-30,2026-07-03,
JMAS,COVERAGE_CERTIFIED,True,1,200,https://web.ksei.co.id/services/registered-securities/shares/lc/JMAS?setLocale=en-US,6f64e1fcc2ef65ee391b3b407ec212aab957909f478bfc3d1cc01758c91bb35f,12,12,0,0,2018-04-20,2026-04-28,
JPFA,COVERAGE_UNRESOLVED,False,3,0,https://web.ksei.co.id/services/registered-securities/shares/lc/JPFA?setLocale=en-US,,0,0,0,0,,,ALL_THREE_ATTEMPTS_FAILED_OR_UNPARSABLE
JRPT,COVERAGE_CERTIFIED,True,1,200,https://web.ksei.co.id/services/registered-securities/shares/lc/JRPT?setLocale=en-US,ac600f57715883ac707be1a4a5a9431630cf4bcadb56b84753aa82dcb6c522cd,54,51,2,0,2002-05-28,2026-07-03,
JSMR,COVERAGE_CERTIFIED,True,2,200,https://web.ksei.co.id/services/registered-securities/shares/lc/JSMR?setLocale=en-US,47dc1f5b23ae4f24d88fb591ad340d3cd8e4c676c7ec49b16ac8cd505af16868,50,49,2,0,2007-12-19,2026-06-19,
JSPT,COVERAGE_CERTIFIED,True,1,200,https://web.ksei.co.id/services/registered-securities/shares/lc/JSPT?setLocale=en-US,8227c94b779740feb47e65d3c5d59edd3d65bf2561ee0fafbcbad14bfc430715,47,45,1,0,2002-03-25,2026-07-10,
JTPE,COVERAGE_CERTIFIED,True,1,200,https://web.ksei.co.id/services/registered-securities/shares/lc/JTPE?setLocale=en-US,331a1eee7f49fd41568bc04986057bc31953379ad73bc4dcafcc85537d886729,57,54,2,0,2002-06-06,2026-06-26,
KAEF,COVERAGE_CERTIFIED,True,1,200,https://web.ksei.co.id/services/registered-securities/shares/lc/KAEF?setLocale=en-US,1f257c2fe73203141d75e476fc5fef42aca1d53b78bbc653aeddcdb94a766ed4,64,61,1,0,2002-05-21,2026-06-03,
KAQI,COVERAGE_CERTIFIED,True,1,200,https://web.ksei.co.id/services/registered-securities/shares/lc/KAQI?setLocale=en-US,330721162bc000cac4f969865b316e8285d31cafdca00f934b496674527bfdcb,3,3,0,0,2025-05-27,2026-05-20,
KARW,COVERAGE_CERTIFIED,True,1,200,https://web.ksei.co.id/services/registered-securities/shares/lc/KARW?setLocale=en-US,29d8397f2393b42fba16e4da08712241c352123565ff3adf2ba81fcb8f0c7709,40,38,1,0,2002-06-04,2026-06-25,
KAYU,COVERAGE_CERTIFIED,True,1,200,https://web.ksei.co.id/services/registered-securities/shares/lc/KAYU?setLocale=en-US,bd046d7465e36daee38c73cb702a58be31ba6ccc0df199061dd0b2dd7f6f1f30,9,9,0,0,2019-10-15,2026-08-28,
KBLV,COVERAGE_CERTIFIED,True,1,200,https://web.ksei.co.id/services/registered-securities/shares/lc/KBLV?setLocale=en-US,4e004a32e9a73b590ea7582e5f3ff01bcb4436838b547d1f664dd7c15025bcee,42,37,2,0,2003-05-02,2026-05-29,
KDTN,COVERAGE_CERTIFIED,True,1,200,https://web.ksei.co.id/services/registered-securities/shares/lc/KDTN?setLocale=en-US,993f2e41b46a06e2ccba545398aa6a9e43d5d5abceb39550838896f32cc5a8bd,8,8,0,0,2023-03-21,2026-06-22,
KEEN,COVERAGE_CERTIFIED,True,1,200,https://web.ksei.co.id/services/registered-securities/shares/lc/KEEN?setLocale=en-US,bfbc644619bef0b4bc55df7455c68be6076a7feeac0c455cc54171936e587f10,17,15,0,0,2020-07-06,2026-07-03,
KEJU,COVERAGE_UNRESOLVED,False,3,0,https://web.ksei.co.id/services/registered-securities/shares/lc/KEJU?setLocale=en-US,,0,0,0,0,,,ALL_THREE_ATTEMPTS_FAILED_OR_UNPARSABLE
KETR,COVERAGE_CERTIFIED,True,1,200,https://web.ksei.co.id/services/registered-securities/shares/lc/KETR?setLocale=en-US,c06dc64335b04eb744604cc3d8fbecb87e7d586b57658e107dae0538fc9e6e45,7,7,2,0,2023-05-23,2026-08-14,
KIJA,COVERAGE_CERTIFIED,True,1,200,https://web.ksei.co.id/services/registered-securities/shares/lc/KIJA?setLocale=en-US,4192bac776645a6f4395a53a20a2cf2ff86ab1ed60353a463d417f8c21c30e94,51,44,1,6,2002-09-04,2026-07-09,
KIOS,COVERAGE_CERTIFIED,True,1,200,https://web.ksei.co.id/services/registered-securities/shares/lc/KIOS?setLocale=en-US,97d19431da416f08e61e2363d9320916cc40c895aeb664686913fe3e45ac8789,17,16,1,0,2018-02-07,2026-06-10,
KJEN,COVERAGE_CERTIFIED,True,1,200,https://web.ksei.co.id/services/registered-securities/shares/lc/KJEN?setLocale=en-US,c07c0be5b10b1ea9040f0c6c66afee488d93cdf4a50484dd331bce8eef52f8a4,8,8,0,0,2020-09-01,2026-06-30,
KKGI,COVERAGE_CERTIFIED,True,1,200,https://web.ksei.co.id/services/registered-securities/shares/lc/KKGI?setLocale=en-US,c674ef6469147656a057c09a617e5d95c9ea8e6761e4c75c4638f4d26ab55e78,64,58,3,2,2002-06-07,2026-07-20,
KLAS,COVERAGE_CERTIFIED,True,1,200,https://web.ksei.co.id/services/registered-securities/shares/lc/KLAS?setLocale=en-US,edd09cd7a73e7f0f8260e2d05160fbb8c24485ddf31b9b845c57155d3d958513,8,8,2,0,2024-05-30,2026-05-12,
KLBF,COVERAGE_CERTIFIED,True,1,200,https://web.ksei.co.id/services/registered-securities/shares/lc/KLBF?setLocale=en-US,7bf4eecdeb6b70fbf23f925689d140890aeef6bf793217be1a7d055d558a8599,59,58,2,0,2002-06-12,2026-06-24,
KLIN,COVERAGE_CERTIFIED,True,1,200,https://web.ksei.co.id/services/registered-securities/shares/lc/KLIN?setLocale=en-US,389d41b5cbdede62575be5b69eaa3aba892a243f1a11337192057a6d47815503,6,6,1,0,2023-05-30,2026-06-03,
KOCI,COVERAGE_CERTIFIED,True,1,200,https://web.ksei.co.id/services/registered-securities/shares/lc/KOCI?setLocale=en-US,0998085a8811d30ef1fec1e785b7bf8d43f050aa0e1124e7d6ceee88f2380f5d,6,6,0,0,2024-05-20,2026-07-02,
KOKA,COVERAGE_CERTIFIED,True,1,200,https://web.ksei.co.id/services/registered-securities/shares/lc/KOKA?setLocale=en-US,28624d85d1830c40826cfd74625ce3a72e85ce1a5466bcbfb9b89db487781720,8,8,0,0,2024-01-02,2026-06-12,
KOTA,COVERAGE_CERTIFIED,True,1,200,https://web.ksei.co.id/services/registered-securities/shares/lc/KOTA?setLocale=en-US,adf6d1528f4969e8764500e2ef4c33dbb4b04ce88b0b38334c1f921f093dff91,8,8,0,0,2020-08-06,2026-06-26,
KPIG,COVERAGE_CERTIFIED,True,3,200,https://web.ksei.co.id/services/registered-securities/shares/lc/KPIG?setLocale=en-US,48e144a4440fb14600aff1fddc458bb33ef8c8797ddca6ccb4f4ef69230aa97d,48,45,5,0,2002-06-12,2026-06-26,
KRAS,COVERAGE_UNRESOLVED,False,3,0,https://web.ksei.co.id/services/registered-securities/shares/lc/KRAS?setLocale=en-US,,0,0,0,0,,,ALL_THREE_ATTEMPTS_FAILED_OR_UNPARSABLE
KRYA,COVERAGE_CERTIFIED,True,3,200,https://web.ksei.co.id/services/registered-securities/shares/lc/KRYA?setLocale=en-US,5559fcc4080db27f68408038727355861185a1f66987fa8d06587291d31ba913,11,11,1,0,2022-10-18,2026-07-09,
KSIX,COVERAGE_CERTIFIED,True,1,200,https://web.ksei.co.id/services/registered-securities/shares/lc/KSIX?setLocale=en-US,784b0a056372437997e79048c1d1e62525f1b872ee5c6c3c1c59313b06b6bf82,2,2,0,0,2025-04-14,2026-06-10,
KUAS,COVERAGE_CERTIFIED,True,1,200,https://web.ksei.co.id/services/registered-securities/shares/lc/KUAS?setLocale=en-US,e9525146057a1f03e5160d089ec3dde294a1edc31cc47d1baeb67eed35f190db,12,12,0,0,2022-04-25,2026-06-10,
LABA,COVERAGE_CERTIFIED,True,1,200,https://web.ksei.co.id/services/registered-securities/shares/lc/LABA?setLocale=en-US,83d5f20d056f60fb5129e0f6f5391ce965c82816f73fae835c309d3057bd523e,13,13,1,0,2021-08-04,2026-07-30,
LABS,COVERAGE_CERTIFIED,True,1,200,https://web.ksei.co.id/services/registered-securities/shares/lc/LABS?setLocale=en-US,cc3f270423fc7a45d38ae4c57004afe4e17856cd8ceeb5b1c8ce88ef4d39f10c,5,5,0,0,2025-05-21,2026-06-25,
LAJU,COVERAGE_CERTIFIED,True,1,200,https://web.ksei.co.id/services/registered-securities/shares/lc/LAJU?setLocale=en-US,cc360df0b575fec8d59a6fd234f82cfd6b7edde35a156d9f471d6cf54f6dcf15,10,10,0,0,2023-05-29,2026-07-09,
LAND,COVERAGE_CERTIFIED,True,1,200,https://web.ksei.co.id/services/registered-securities/shares/lc/LAND?setLocale=en-US,103102df278a8b12f931ea8457a51207168c13831cfae3cf434bb6f4753f2fad,11,11,0,0,2019-05-28,2026-06-15,
LAPD,COVERAGE_CERTIFIED,True,1,200,https://web.ksei.co.id/services/registered-securities/shares/lc/LAPD?setLocale=en-US,20d8d9114797a0592bdb3379e3f88bcffa64e574e58b08b04bd43fc15a5fb7c2,40,39,3,0,2001-11-01,2026-06-22,
LCKM,COVERAGE_CERTIFIED,True,1,200,https://web.ksei.co.id/services/registered-securities/shares/lc/LCKM?setLocale=en-US,a949321595a1da82200813da2f3b7260451646da8eda722dc7ba4e7011a9acd8,16,13,0,0,2018-05-15,2026-06-30,
LEAD,COVERAGE_CERTIFIED,True,1,200,https://web.ksei.co.id/services/registered-securities/shares/lc/LEAD?setLocale=en-US,82baf71f73906cad549ab34412eb952c1f9c0657051430f97279f9aa4e4b7845,20,20,2,0,2014-03-28,2026-06-30,
LIVE,COVERAGE_CERTIFIED,True,1,200,https://web.ksei.co.id/services/registered-securities/shares/lc/LIVE?setLocale=en-US,18115ef5815314c20e2e864bdd8cf2e68e851aef3f6b4c6105cc9bf5bc7e1ab9,3,3,0,0,2024-05-31,2026-06-17,
LMAX,COVERAGE_CERTIFIED,True,1,200,https://web.ksei.co.id/services/registered-securities/shares/lc/LMAX?setLocale=en-US,2f7bf34566441cf41769a2573c77c696a7520fd934b46bb07cd92652d9890c70,3,3,0,0,2024-05-31,2026-06-18,
LOPI,COVERAGE_CERTIFIED,True,3,200,https://web.ksei.co.id/services/registered-securities/shares/lc/LOPI?setLocale=en-US,8333ff7673277be0f421c2415a031acbaa5db1e5cdd8246fc21d1fbeaca6e122,6,6,0,0,2024-03-05,2026-06-02,
LPCK,COVERAGE_CERTIFIED,True,1,200,https://web.ksei.co.id/services/registered-securities/shares/lc/LPCK?setLocale=en-US,7664fe0470f231ae2133d76c95feae7f7c8910e49a1d19e31b70f3ffba7437fb,41,39,2,0,2002-04-19,2026-05-08,
LPKR,COVERAGE_CERTIFIED,True,1,200,https://web.ksei.co.id/services/registered-securities/shares/lc/LPKR?setLocale=en-US,164a13b95d592e62b1829a717db645ae676acf2b47c817dc2d363a50dbf0cb4b,57,55,5,0,2002-04-11,2026-05-08,
LPPF,COVERAGE_CERTIFIED,True,1,200,https://web.ksei.co.id/services/registered-securities/shares/lc/LPPF?setLocale=en-US,545f163ef32ba9d54aa9cdbc74e3c0b0337fe1204213e1207cf9e8f099775c2a,55,51,3,0,2001-07-06,2026-05-04,
LPPS,COVERAGE_CERTIFIED,True,1,200,https://web.ksei.co.id/services/registered-securities/shares/lc/LPPS?setLocale=en-US,ce32ec448dbe0611bd8e8a92ff2edd744f8003c9e346409e87e56fb6b42ee682,32,32,2,0,2002-04-15,2026-05-26,
LSIP,COVERAGE_CERTIFIED,True,1,200,https://web.ksei.co.id/services/registered-securities/shares/lc/LSIP?setLocale=en-US,34b9be12fab12b7bb7f252d70c38c0bcf2106b71f187c2013db948aa57d3f379,51,49,1,0,2002-06-10,2026-07-24,
LUCK,COVERAGE_CERTIFIED,True,1,200,https://web.ksei.co.id/services/registered-securities/shares/lc/LUCK?setLocale=en-US,208315df41e05de8cacd1770ce97f964bf469bcc6d4bcb013c547902d904573b,9,8,0,0,2019-04-29,2026-05-22,
LUCY,COVERAGE_CERTIFIED,True,2,200,https://web.ksei.co.id/services/registered-securities/shares/lc/LUCY?setLocale=en-US,de308864fbaa805150190d10496938f60e74ed7444239aafabdc68cf32c84055,15,15,2,0,2022-06-07,2026-06-22,
MAHA,COVERAGE_CERTIFIED,True,1,200,https://web.ksei.co.id/services/registered-securities/shares/lc/MAHA?setLocale=en-US,c095b7831475d095323359e304fb396e03bbd25d86c14ab16b51197160a06866,7,7,0,0,2024-04-05,2026-06-24,
MAIN,COVERAGE_CERTIFIED,True,1,200,https://web.ksei.co.id/services/registered-securities/shares/lc/MAIN?setLocale=en-US,173f0e659f54d9f229044ff6cda12ce9f85964accb2f99912ebd8edef453b472,44,44,2,0,2006-06-12,2026-06-26,
MANG,COVERAGE_CERTIFIED,True,1,200,https://web.ksei.co.id/services/registered-securities/shares/lc/MANG?setLocale=en-US,fa41843ce72ba8d3264057e91a66bd25fc82835b144843ebb3abc5064d5c1434,5,5,0,0,2024-04-18,2026-06-17,
MAPA,COVERAGE_UNRESOLVED,False,3,0,https://web.ksei.co.id/services/registered-securities/shares/lc/MAPA?setLocale=en-US,,0,0,0,0,,,ALL_THREE_ATTEMPTS_FAILED_OR_UNPARSABLE
MAPI,COVERAGE_UNRESOLVED,False,3,0,https://web.ksei.co.id/services/registered-securities/shares/lc/MAPI?setLocale=en-US,,0,0,0,0,,,ALL_THREE_ATTEMPTS_FAILED_OR_UNPARSABLE
MARI,COVERAGE_CERTIFIED,True,3,200,https://web.ksei.co.id/services/registered-securities/shares/lc/MARI?setLocale=en-US,f8280ac50322214fcd517dc82c59be0f5566fcc9ab115341d2777a2741a4fa4a,18,18,1,0,2016-04-01,2026-06-24,
MARK,COVERAGE_CERTIFIED,True,1,200,https://web.ksei.co.id/services/registered-securities/shares/lc/MARK?setLocale=en-US,a97947e7fbe325c6098ce28c262cc222d6978bdfd98a38c8bb79361b4d426608,25,24,1,0,2018-04-05,2026-06-10,
MAXI,COVERAGE_CERTIFIED,True,2,200,https://web.ksei.co.id/services/registered-securities/shares/lc/MAXI?setLocale=en-US,ed23531e2fcf6aadbf568853ae3a9e88e08f5b1e61e35ec6ad198b438348956b,4,4,0,0,2023-08-18,2026-06-04,
MAYA,COVERAGE_CERTIFIED,True,1,200,https://web.ksei.co.id/services/registered-securities/shares/lc/MAYA?setLocale=en-US,040c5a1afec056c78cce1d6e515ec0ebe3a8e623e22bd8b3b4ad87cddae1f892,81,76,13,0,2001-07-06,2026-06-30,
MBMA,COVERAGE_CERTIFIED,True,1,200,https://web.ksei.co.id/services/registered-securities/shares/lc/MBMA?setLocale=en-US,538942e9be808accc47a9699030e596486750fc1ae8bf9e408d2f256f694bec0,7,7,0,0,2023-05-30,2026-06-11,
MBSS,COVERAGE_CERTIFIED,True,1,200,https://web.ksei.co.id/services/registered-securities/shares/lc/MBSS?setLocale=en-US,ac73c6e0f541805114b7eb7830d3a966b060a6c446996263dd70e14615045fbb,25,25,1,0,2011-05-25,2026-06-23,
MBTO,COVERAGE_CERTIFIED,True,1,200,https://web.ksei.co.id/services/registered-securities/shares/lc/MBTO?setLocale=en-US,9d44425ed1f2c13c38ee306a374b660717fc6b38541d326bf907491dcff97974,21,21,0,0,2011-05-13,2026-06-25,
MDIA,COVERAGE_CERTIFIED,True,1,200,https://web.ksei.co.id/services/registered-securities/shares/lc/MDIA?setLocale=en-US,23a1500af4e6a91e98aaff12ad65aa7080c46adad47235fb1f745ec931df5449,22,22,1,0,2014-06-10,2025-09-03,
MDIY,COVERAGE_CERTIFIED,True,1,200,https://web.ksei.co.id/services/registered-securities/shares/lc/MDIY?setLocale=en-US,4e8414deaa63e84fba13e053b789873ea8fba2f1c3804a4cb2b6f502d0735302,3,3,0,0,2025-05-20,2026-07-10,
MDKA,COVERAGE_CERTIFIED,True,1,200,https://web.ksei.co.id/services/registered-securities/shares/lc/MDKA?setLocale=en-US,99985e62d0672ce9feb4ddb03b8face702bb298b0eb5fbe8f17116d5213c2a3d,22,22,3,0,2015-10-29,2026-07-24,
MDLA,COVERAGE_CERTIFIED,True,2,200,https://web.ksei.co.id/services/registered-securities/shares/lc/MDLA?setLocale=en-US,2365773b44dfa727fe12827ed22535c24dd888c4f2c4f01841b8bc1767f48415,4,4,0,0,2025-06-02,2026-06-17,
MDLN,COVERAGE_CERTIFIED,True,1,200,https://web.ksei.co.id/services/registered-securities/shares/lc/MDLN?setLocale=en-US,98480bffe42bdbcfed0962dbfedd4772170e4e1fc5563995c28921e5bcfd8244,43,43,2,0,2002-06-05,2026-09-04,
MEDC,COVERAGE_CERTIFIED,True,3,200,https://web.ksei.co.id/services/registered-securities/shares/lc/MEDC?setLocale=en-US,1fd7288a970c766177d7ed541217e24fb02ee3f07816ef4611026cdb075bf971,68,57,2,0,2001-07-31,2026-07-03,
MEDS,COVERAGE_CERTIFIED,True,1,200,https://web.ksei.co.id/services/registered-securities/shares/lc/MEDS?setLocale=en-US,10c9cd4ffef967c299a19abfa15a7c6870099ce8d060d10933fdc6f0586c5143,6,6,0,0,2023-02-03,2026-06-22,
MEJA,COVERAGE_CERTIFIED,True,1,200,https://web.ksei.co.id/services/registered-securities/shares/lc/MEJA?setLocale=en-US,6a6f24d1510c0d4178c0e9a2dbc1a4db0aa67e93e0398b3de9ac937f895ec1e6,7,7,3,0,2024-05-28,2026-05-08,
MENN,COVERAGE_CERTIFIED,True,1,200,https://web.ksei.co.id/services/registered-securities/shares/lc/MENN?setLocale=en-US,6565e83f53ca8ba68ae3dd7c36ee1ae31b9d9a0ce70b9a2e04249dcd3c925038,6,6,1,0,2023-06-05,2026-02-13,
MERI,COVERAGE_CERTIFIED,True,1,200,https://web.ksei.co.id/services/registered-securities/shares/lc/MERI?setLocale=en-US,8d4d70dd5b5e3fd96fcd8b6d64f2fb85fe6e9d2d3979ffbf9fe2d9df20f66a82,2,2,0,0,2026-03-17,2026-05-26,
MFIN,COVERAGE_CERTIFIED,True,1,200,https://web.ksei.co.id/services/registered-securities/shares/lc/MFIN?setLocale=en-US,b8438bc153421dc02e37e7f6fe4cbb6c430ee25c8d06a0c7c73ebc11d3f66b66,56,53,7,0,2006-01-12,2025-10-01,
MGLV,COVERAGE_CERTIFIED,True,1,200,https://web.ksei.co.id/services/registered-securities/shares/lc/MGLV?setLocale=en-US,2fa4d6e621732151a9ea002ce91bba1969f1e94d148d337d759d8b9efec750d4,14,14,1,0,2021-09-01,2026-09-03,
MGNA,COVERAGE_CERTIFIED,True,1,200,https://web.ksei.co.id/services/registered-securities/shares/lc/MGNA?setLocale=en-US,60c60480e72d6b4b15e369263478f619879715ac2e64229c8303112d4e6aa31f,19,19,1,0,2015-01-08,2026-06-24,
MGRO,COVERAGE_CERTIFIED,True,1,200,https://web.ksei.co.id/services/registered-securities/shares/lc/MGRO?setLocale=en-US,2cf28b8bbe25e489f45710e36235ff928deca22b3d7dbd699a88eba1dc971fa0,12,11,0,0,2019-04-15,2026-06-30,
MHKI,COVERAGE_CERTIFIED,True,1,200,https://web.ksei.co.id/services/registered-securities/shares/lc/MHKI?setLocale=en-US,f97bfb8f324ab10b3fb10653765fb607d914da202147bdbd457cbbd565c44db3,7,7,0,0,2024-06-05,2026-07-24,
MIDI,COVERAGE_UNRESOLVED,False,3,0,https://web.ksei.co.id/services/registered-securities/shares/lc/MIDI?setLocale=en-US,,0,0,0,0,,,ALL_THREE_ATTEMPTS_FAILED_OR_UNPARSABLE
MIKA,COVERAGE_UNRESOLVED,False,3,0,https://web.ksei.co.id/services/registered-securities/shares/lc/MIKA?setLocale=en-US,,0,0,0,0,,,ALL_THREE_ATTEMPTS_FAILED_OR_UNPARSABLE
MINA,COVERAGE_UNRESOLVED,False,3,0,https://web.ksei.co.id/services/registered-securities/shares/lc/MINA?setLocale=en-US,,0,0,0,0,,,ALL_THREE_ATTEMPTS_FAILED_OR_UNPARSABLE
MINE,COVERAGE_CERTIFIED,True,2,200,https://web.ksei.co.id/services/registered-securities/shares/lc/MINE?setLocale=en-US,d7385867a650cc18f9c3ee970aff6f7952662b8b32a4b450bf2db1ed744204aa,5,5,0,0,2025-05-16,2026-08-31,
MITI,COVERAGE_CERTIFIED,True,1,200,https://web.ksei.co.id/services/registered-securities/shares/lc/MITI?setLocale=en-US,c5f114793a208e71385a89405e359965352a9954e1a99f47c250834216b37444,65,60,6,0,2002-05-30,2026-05-18,
MKAP,COVERAGE_CERTIFIED,True,2,200,https://web.ksei.co.id/services/registered-securities/shares/lc/MKAP?setLocale=en-US,80a8cab04c18fda55881bf2fc63654af832c634314ebbe70db8d021d00c467a2,5,5,0,0,2024-05-06,2026-07-24,
MKPI,COVERAGE_CERTIFIED,True,1,200,https://web.ksei.co.id/services/registered-securities/shares/lc/MKPI?setLocale=en-US,1c5af94c4cc3f14293d770ee7bdf0d7397939c5cdc34d1aaa3f490a83710d4c3,37,35,0,0,2010-04-06,2026-07-15,
MLBI,COVERAGE_CERTIFIED,True,1,200,https://web.ksei.co.id/services/registered-securities/shares/lc/MLBI?setLocale=en-US,07056278c0cb4f33218fb95edd13b34be0c2e322ec2a339106bf651a20f91bab,93,92,1,0,2002-05-17,2026-07-10,
MLIA,COVERAGE_CERTIFIED,True,1,200,https://web.ksei.co.id/services/registered-securities/shares/lc/MLIA?setLocale=en-US,462e541b21c3674b4e5fb20bd7c635d8cf12f4879700776c02fed3af14808bec,31,30,1,0,2002-06-11,2026-05-22,
MLPL,COVERAGE_CERTIFIED,True,2,200,https://web.ksei.co.id/services/registered-securities/shares/lc/MLPL?setLocale=en-US,df411188e9949ac03dc7d1712de74046d605c7c4edf1e4a3e5131a760aabb192,50,47,6,0,2002-06-10,2026-05-13,
MLPT,COVERAGE_CERTIFIED,True,1,200,https://web.ksei.co.id/services/registered-securities/shares/lc/MLPT?setLocale=en-US,dd29cc47bdf04bda4e31a8321122eb3238187f08bbf2d0c5353a749f2d87c8be,37,35,1,0,2014-03-25,2026-07-23,
MMIX,COVERAGE_CERTIFIED,True,1,200,https://web.ksei.co.id/services/registered-securities/shares/lc/MMIX?setLocale=en-US,be0cac54c630b8a4fd8f4a8368e4f0ee22666f179bd781eb579b5f5a1c05b54d,11,11,1,0,2023-03-17,2026-06-26,
MMLP,COVERAGE_CERTIFIED,True,1,200,https://web.ksei.co.id/services/registered-securities/shares/lc/MMLP?setLocale=en-US,e720bf984d22faccb9f00445867ad1a6ec62647b058dd41730b18168dd16c34d,24,22,5,0,2016-12-27,2026-03-31,
MNCN,COVERAGE_CERTIFIED,True,2,200,https://web.ksei.co.id/services/registered-securities/shares/lc/MNCN?setLocale=en-US,d45eac513cc6e58bb433ca771f46e49bcd27882f55b594c5325df091de3a8031,44,39,0,0,2008-03-18,2026-06-25,
MOLI,COVERAGE_CERTIFIED,True,1,200,https://web.ksei.co.id/services/registered-securities/shares/lc/MOLI?setLocale=en-US,c2200fe8b95155d436664e6bcc9389b1530de33c57b7199c2a608164ed565f6a,18,17,1,0,2019-04-25,2026-07-10,
MORA,COVERAGE_CERTIFIED,True,1,200,https://web.ksei.co.id/services/registered-securities/shares/lc/MORA?setLocale=en-US,1f0704a8e60292f043d156709e9b14e341f20d04669f90a6581616ccbd4fba91,8,8,1,0,2023-02-17,2026-06-11,
MPIX,COVERAGE_CERTIFIED,True,1,200,https://web.ksei.co.id/services/registered-securities/shares/lc/MPIX?setLocale=en-US,5da84348603c2c5dcb1c3b838fe57177c3c9c9b6a05d3e95c9b2badb5c336ae1,4,4,0,0,2024-05-13,2026-06-29,
MPMX,COVERAGE_CERTIFIED,True,1,200,https://web.ksei.co.id/services/registered-securities/shares/lc/MPMX?setLocale=en-US,b76bcea0d687d29d489055f5600c73a076240843950eef055fe7fb99f97e33b8,36,34,0,0,2013-09-04,2026-06-25,
MPOW,COVERAGE_CERTIFIED,True,1,200,https://web.ksei.co.id/services/registered-securities/shares/lc/MPOW?setLocale=en-US,3b981b7e2d9e89309f3e8ad60d872329c3d02b8d7dbd4b5f3de13fce8abda1b1,10,10,0,0,2018-04-24,2026-08-19,
MPPA,COVERAGE_CERTIFIED,True,1,200,https://web.ksei.co.id/services/registered-securities/shares/lc/MPPA?setLocale=en-US,467511dc5692d70069e3a1a071221f86e9e640fbd95bb34f808126ac320f13ed,66,62,5,0,2001-06-19,2026-06-30,
MPRO,COVERAGE_CERTIFIED,True,1,200,https://web.ksei.co.id/services/registered-securities/shares/lc/MPRO?setLocale=en-US,17215648058b840b45ece6c77e86f9a96b9c32543e8dcbcd2ab85a5d520ab8b5,14,14,0,0,2019-04-30,2026-06-23,
MPXL,COVERAGE_CERTIFIED,True,1,200,https://web.ksei.co.id/services/registered-securities/shares/lc/MPXL?setLocale=en-US,f6b2a50ef541397b132fb41b976dbbdf1209bf7619ab71b0cc661c5f73da3931,9,9,0,0,2023-06-07,2026-06-26,
MRAT,COVERAGE_CERTIFIED,True,1,200,https://web.ksei.co.id/services/registered-securities/shares/lc/MRAT?setLocale=en-US,b10d3df1f7f166e508bd87c61fb0ec016ee3ca794a2f0363d1ed96a76baf1095,40,40,1,0,2002-05-14,2026-06-25,
MSIN,COVERAGE_CERTIFIED,True,1,200,https://web.ksei.co.id/services/registered-securities/shares/lc/MSIN?setLocale=en-US,8052585b1ca26e04e9b677450dc44401ff41285fd9858548529fb81398666f43,19,19,3,0,2019-05-29,2026-06-26,
MSJA,COVERAGE_UNRESOLVED,False,3,0,https://web.ksei.co.id/services/registered-securities/shares/lc/MSJA?setLocale=en-US,,0,0,0,0,,,ALL_THREE_ATTEMPTS_FAILED_OR_UNPARSABLE
MSKY,COVERAGE_CERTIFIED,True,3,200,https://web.ksei.co.id/services/registered-securities/shares/lc/MSKY?setLocale=en-US,39f59512cf8621313187bdbfb93a81db6f2fb9684009343876e4a37bbb37d7d0,25,21,1,0,2012-09-19,2026-06-23,
MSTI,COVERAGE_CERTIFIED,True,1,200,https://web.ksei.co.id/services/registered-securities/shares/lc/MSTI?setLocale=en-US,d9a3b915e680e832d90df5b1e0e44a0863eba4c57dd90dc960482b0cf1ab106e,7,7,0,0,2024-05-03,2026-06-25,
MTDL,COVERAGE_CERTIFIED,True,1,200,https://web.ksei.co.id/services/registered-securities/shares/lc/MTDL?setLocale=en-US,52034e62c2414cb23410d7db592049509674bdd23aa9f8a7328ac3d2022185e0,58,55,2,6,2001-06-28,2026-07-10,
MTEL,COVERAGE_CERTIFIED,True,1,200,https://web.ksei.co.id/services/registered-securities/shares/lc/MTEL?setLocale=en-US,c04f026ad7eacf3aaa372730b7c2e1b211bed993fbbea269a7e8de4c52632f9f,15,15,1,0,2022-03-30,2026-07-31,
MTFN,COVERAGE_CERTIFIED,True,1,200,https://web.ksei.co.id/services/registered-securities/shares/lc/MTFN?setLocale=en-US,bd27c9fd166579a465fff4925e8c320125271ccbb833bd848fd657c6f97de8fc,51,50,3,0,2002-06-11,2025-12-29,
MTMH,COVERAGE_CERTIFIED,True,3,200,https://web.ksei.co.id/services/registered-securities/shares/lc/MTMH?setLocale=en-US,fe40f33735d52ba8f76b11afa1078277e3fdb1cdd3e225a70081c74c83ea459f,8,8,0,0,2022-07-01,2026-07-15,
MUTU,COVERAGE_CERTIFIED,True,1,200,https://web.ksei.co.id/services/registered-securities/shares/lc/MUTU?setLocale=en-US,f890485fa05f0363be8a834aeb7fb4b0f87fc1dc97276c9961241587312c6704,9,9,0,0,2024-06-03,2026-08-24,
MYOR,COVERAGE_CERTIFIED,True,1,200,https://web.ksei.co.id/services/registered-securities/shares/lc/MYOR?setLocale=en-US,105b68995badb0dcc6bcbe68c49fb19588a3120ab322485cd8f6f43fdcf6f5c9,54,53,2,0,2002-06-13,2026-07-07,
NAIK,COVERAGE_CERTIFIED,True,1,200,https://web.ksei.co.id/services/registered-securities/shares/lc/NAIK?setLocale=en-US,ce4837cde0878150634ede5e8e9dba7d04462e760604e2f458d40a4d2d502d61,5,5,0,0,2025-03-21,2026-05-22,
NANO,COVERAGE_CERTIFIED,True,1,200,https://web.ksei.co.id/services/registered-securities/shares/lc/NANO?setLocale=en-US,5625d6772f76e4a636058f488208255cb83708db240e0f8e1ca2d70055bfb5f4,6,6,0,0,2022-06-06,2026-06-17,
NASI,COVERAGE_UNRESOLVED,False,3,0,https://web.ksei.co.id/services/registered-securities/shares/lc/NASI?setLocale=en-US,,0,0,0,0,,,ALL_THREE_ATTEMPTS_FAILED_OR_UNPARSABLE
NATO,COVERAGE_CERTIFIED,True,2,200,https://web.ksei.co.id/services/registered-securities/shares/lc/NATO?setLocale=en-US,acb84a4062c1967e09a8d26f7f00e59cb7e28a4358b53dfd835d37bdff75cefc,10,10,1,0,2019-05-27,2026-06-25,
NAYZ,COVERAGE_CERTIFIED,True,1,200,https://web.ksei.co.id/services/registered-securities/shares/lc/NAYZ?setLocale=en-US,ca10e95cebe0f0189a42f59b1ea054a05381aebc344e1db65705b1d0f1d8179e,10,10,1,0,2023-04-27,2026-06-05,
NCKL,COVERAGE_CERTIFIED,True,1,200,https://web.ksei.co.id/services/registered-securities/shares/lc/NCKL?setLocale=en-US,0753416ccfe49634afd491d624c738800c29f76e2b428130e3686099818d9311,10,10,0,0,2023-06-05,2026-07-31,
NELY,COVERAGE_CERTIFIED,True,1,200,https://web.ksei.co.id/services/registered-securities/shares/lc/NELY?setLocale=en-US,fa4312b2aaab84e86bcab4abbfecb6217bdc56d90005ce5c9137f40dc7f307a9,35,34,0,0,2013-05-30,2026-08-12,
NEST,COVERAGE_CERTIFIED,True,1,200,https://web.ksei.co.id/services/registered-securities/shares/lc/NEST?setLocale=en-US,a8872e52e4a93eef83cc0769b6c7c4dbda00e06c86b8dba140ce9177bc88c7f9,2,2,0,0,2025-05-22,2026-06-24,
NETV,COVERAGE_CERTIFIED,True,1,200,https://web.ksei.co.id/services/registered-securities/shares/lc/NETV?setLocale=en-US,a0f421ec767f92044b403446de37fa2595479c06e71282e2fc52b1752d9bf4ad,12,12,3,0,2022-06-15,2026-05-05,
NICE,COVERAGE_CERTIFIED,True,1,200,https://web.ksei.co.id/services/registered-securities/shares/lc/NICE?setLocale=en-US,09bd800207bbe5746526ebe805fa185d9cb1603f3134ed17800a4fe50a84ffa3,7,7,0,0,2024-05-28,2026-08-26,
NICL,COVERAGE_CERTIFIED,True,1,200,https://web.ksei.co.id/services/registered-securities/shares/lc/NICL?setLocale=en-US,692026a681f8c74880089ae182a56e054e5058ae9d5ec7897efc79c9c7554cde,17,17,0,0,2021-08-20,2026-05-26,
NIKL,COVERAGE_CERTIFIED,True,1,200,https://web.ksei.co.id/services/registered-securities/shares/lc/NIKL?setLocale=en-US,af7a59c1f9c46483b5a03b92687c3a1987a32bdd933be16dd312532c2d3940b8,26,25,0,0,2010-03-08,2026-05-08,
NINE,COVERAGE_CERTIFIED,True,1,200,https://web.ksei.co.id/services/registered-securities/shares/lc/NINE?setLocale=en-US,17ab2420612340f972047103226e13e9b5a5ac0497d255289c47f9413f573e73,10,10,1,0,2023-05-16,2026-07-14,
NISP,COVERAGE_CERTIFIED,True,1,200,https://web.ksei.co.id/services/registered-securities/shares/lc/NISP?setLocale=en-US,98a745f05739c9a2c8a79735a18da65b9147dec7d86146cefa8aff130c1bec9b,58,57,8,1,2001-10-03,2026-05-04,
NOBU,COVERAGE_CERTIFIED,True,1,200,https://web.ksei.co.id/services/registered-securities/shares/lc/NOBU?setLocale=en-US,3c5c1e3631d4f202b1ae2ffb8eac463d71d702d9c2da81edfff85b4657bd5e7d,25,25,3,0,2013-06-12,2026-06-12,
NPGF,COVERAGE_CERTIFIED,True,1,200,https://web.ksei.co.id/services/registered-securities/shares/lc/NPGF?setLocale=en-US,e60ac3550f80418fee5515dad341b30a08d64ddf69e7f7e91065c9054505465a,10,9,0,0,2021-09-09,2026-07-30,
NRCA,COVERAGE_CERTIFIED,True,1,200,https://web.ksei.co.id/services/registered-securities/shares/lc/NRCA?setLocale=en-US,b229b4ad108022a808f6b3386e555f56eca8f85f0d0e9d4be64e5d18cc379c1a,30,27,0,0,2014-04-08,2026-06-23,
NSSS,COVERAGE_CERTIFIED,True,1,200,https://web.ksei.co.id/services/registered-securities/shares/lc/NSSS?setLocale=en-US,0088ea97ba408308512186c869f4159043bf6ff4d9ee50db1f5014d7f2a49a21,9,9,0,0,2023-05-31,2026-07-10,
NTBK,COVERAGE_CERTIFIED,True,1,200,https://web.ksei.co.id/services/registered-securities/shares/lc/NTBK?setLocale=en-US,413445bc2707552a09a350a47cad1894513c0f4122865f72d769ec8c6f951188,11,11,0,0,2022-07-06,2026-06-08,
NZIA,COVERAGE_CERTIFIED,True,1,200,https://web.ksei.co.id/services/registered-securities/shares/lc/NZIA?setLocale=en-US,6214c4a56a85d7f7653ccef2e56bc27c8d71f5794cb788b4919e5781f8b7a03b,12,10,0,0,2019-11-13,2026-05-22,
OASA,COVERAGE_CERTIFIED,True,1,200,https://web.ksei.co.id/services/registered-securities/shares/lc/OASA?setLocale=en-US,8a65bf7f2838102af98f79dccb28e553df2cca049a869029c63bbc9d02b536fd,17,17,2,0,2017-05-09,2026-07-22,
OBAT,COVERAGE_CERTIFIED,True,1,200,https://web.ksei.co.id/services/registered-securities/shares/lc/OBAT?setLocale=en-US,0fc57380f88850e25cfb75abf8a86c58633357955fda86e634ab6f6a37bf7ae3,5,5,0,0,2025-03-18,2026-08-11,
OILS,COVERAGE_CERTIFIED,True,1,200,https://web.ksei.co.id/services/registered-securities/shares/lc/OILS?setLocale=en-US,48ce42bb9b37cb9eb8ed17d8b658e5c10d12f3b9d9f890fba1f2caa6f1676054,11,11,0,0,2022-05-17,2026-07-29,
OKAS,COVERAGE_CERTIFIED,True,1,200,https://web.ksei.co.id/services/registered-securities/shares/lc/OKAS?setLocale=en-US,7f1a669a7c0419580305942e980d774532e6c8f43563fb0552072961c9579445,55,52,3,0,2006-05-10,2026-06-18,
OLIV,COVERAGE_UNRESOLVED,False,3,0,https://web.ksei.co.id/services/registered-securities/shares/lc/OLIV?setLocale=en-US,,0,0,0,0,,,ALL_THREE_ATTEMPTS_FAILED_OR_UNPARSABLE
OMED,COVERAGE_CERTIFIED,True,1,200,https://web.ksei.co.id/services/registered-securities/shares/lc/OMED?setLocale=en-US,62baaf8d89b7ea645972a30be564c6d484faaa72406d062d587ba8792ebe7f92,9,9,0,0,2023-05-02,2026-07-09,
OPMS,COVERAGE_CERTIFIED,True,1,200,https://web.ksei.co.id/services/registered-securities/shares/lc/OPMS?setLocale=en-US,266d58030744fa3587d5d8662773307192635a0ef029634445b0ee5a10b16477,9,9,0,0,2020-07-16,2026-06-18,
PACK,COVERAGE_CERTIFIED,True,1,200,https://web.ksei.co.id/services/registered-securities/shares/lc/PACK?setLocale=en-US,3e8d6e927e9caf39e2cbf46764fb69030a12534dc0dc34b5c08445dd54fc0e69,10,10,2,0,2023-06-06,2026-06-30,
PADA,COVERAGE_CERTIFIED,True,1,200,https://web.ksei.co.id/services/registered-securities/shares/lc/PADA?setLocale=en-US,55e411632168a9644558d14813ca5da751b95b1abeae80916b552d5ddd03e344,7,7,1,0,2023-05-15,2026-07-21,
PADI,COVERAGE_CERTIFIED,True,1,200,https://web.ksei.co.id/services/registered-securities/shares/lc/PADI?setLocale=en-US,da84c78bcbbd89287f27dee28baf0da07b58099429aeea9fd7af02ea6d72abf8,36,36,5,0,2012-05-04,2026-08-07,
PAMG,COVERAGE_CERTIFIED,True,1,200,https://web.ksei.co.id/services/registered-securities/shares/lc/PAMG?setLocale=en-US,06565ead96729752513008569cbf9808f0e3028f039279a6eb086f0ee207119a,10,10,0,0,2020-07-27,2026-04-24,
PANI,COVERAGE_CERTIFIED,True,1,200,https://web.ksei.co.id/services/registered-securities/shares/lc/PANI?setLocale=en-US,53cf363a0afddfadc509e9dfa158572904b2a76fcdfb530ac244409eaa2bca91,19,19,4,0,2019-05-29,2026-07-08,
PANR,COVERAGE_CERTIFIED,True,1,200,https://web.ksei.co.id/services/registered-securities/shares/lc/PANR?setLocale=en-US,5bae9d57e727300bb844f9a13662301985613b539a72deb10205880e32a83e02,46,45,2,0,2001-11-26,2026-06-11,
PART,COVERAGE_CERTIFIED,True,1,200,https://web.ksei.co.id/services/registered-securities/shares/lc/PART?setLocale=en-US,6167e7bf7d994351740163c566ad47aae1a75e3d21417798d71377cce351bff8,6,6,0,0,2025-06-04,2026-07-24,
PBRX,COVERAGE_CERTIFIED,True,1,200,https://web.ksei.co.id/services/registered-securities/shares/lc/PBRX?setLocale=en-US,a87011dbe4a6294fc3d2265dec79545e704d8108022d67fa01f21a6c740a13cc,58,55,6,0,2001-07-06,2026-06-05,
PBSA,COVERAGE_CERTIFIED,True,1,200,https://web.ksei.co.id/services/registered-securities/shares/lc/PBSA?setLocale=en-US,f9c67a92c82097c06f5266fbd400255987485a38b90652c294aee247be13e78d,26,21,1,0,2017-05-18,2026-07-31,
PCAR,COVERAGE_CERTIFIED,True,1,200,https://web.ksei.co.id/services/registered-securities/shares/lc/PCAR?setLocale=en-US,9e001de1e1ea45b927d7b0bec25068e57cde5eadf2626883597a371d58c82ba5,12,12,0,0,2018-04-16,2026-06-23,
PDPP,COVERAGE_CERTIFIED,True,2,200,https://web.ksei.co.id/services/registered-securities/shares/lc/PDPP?setLocale=en-US,071143ce3c29741d913f0b969317533a94146a8dff844da62b964787f8f2a890,11,11,2,0,2023-05-15,2026-07-24,
PEGE,COVERAGE_CERTIFIED,True,1,200,https://web.ksei.co.id/services/registered-securities/shares/lc/PEGE?setLocale=en-US,72829bf1f87dd786f9bb9d37d65005a585b80c7664967caabd5669105a527864,42,41,3,0,2005-11-15,2026-07-09,
PEVE,COVERAGE_CERTIFIED,True,1,200,https://web.ksei.co.id/services/registered-securities/shares/lc/PEVE?setLocale=en-US,c572495c3a9f3d84a2f8c16307c2824b05f241033716ff631f671a9d2615d2d2,6,6,0,0,2023-05-22,2026-06-02,
PGAS,COVERAGE_CERTIFIED,True,1,200,https://web.ksei.co.id/services/registered-securities/shares/lc/PGAS?setLocale=en-US,744ae93e934d1cc0289be93316fcaf202a064cc512023392a0087b90be806375,66,63,1,0,2004-05-11,2026-06-24,
PGEO,COVERAGE_CERTIFIED,True,1,200,https://web.ksei.co.id/services/registered-securities/shares/lc/PGEO?setLocale=en-US,7db6d186ab3bd480125beaf66d6d72ebbbfe35e012ab7df426d160e44ea259c3,13,13,0,0,2023-05-11,2026-05-22,
PGJO,COVERAGE_CERTIFIED,True,1,200,https://web.ksei.co.id/services/registered-securities/shares/lc/PGJO?setLocale=en-US,a4f45e57088603081bdc93d3d8fbcc4d92b7b8063a485088055c05d9d568fc04,16,16,2,0,2020-05-08,2026-06-18,
PGUN,COVERAGE_CERTIFIED,True,1,200,https://web.ksei.co.id/services/registered-securities/shares/lc/PGUN?setLocale=en-US,ca2d372b04f430a845c08f4038b18807ce31952a48c4d7172baa61e8d02b1232,13,13,1,0,2021-08-06,2026-08-28,
PICO,COVERAGE_CERTIFIED,True,1,200,https://web.ksei.co.id/services/registered-securities/shares/lc/PICO?setLocale=en-US,455944ccd603242fdf3acd75658ba3bd36f217092f1e2fe92a2fe3581b2038ef,35,34,0,0,2003-05-01,2026-06-12,
PIPA,COVERAGE_CERTIFIED,True,1,200,https://web.ksei.co.id/services/registered-securities/shares/lc/PIPA?setLocale=en-US,e3cc491bd279cf235d21469369c86e7b7ca2aa6ab8ccbe411eecdb5ce354100d,7,7,1,0,2023-06-07,2026-06-25,
PJHB,COVERAGE_CERTIFIED,True,1,200,https://web.ksei.co.id/services/registered-securities/shares/lc/PJHB?setLocale=en-US,6bf7c1e5c26d54a98bb5e9d6743988889d92cd41af4f8a3aeb93dbd136099a25,1,1,0,0,2026-05-21,2026-06-15,
PKPK,COVERAGE_CERTIFIED,True,1,200,https://web.ksei.co.id/services/registered-securities/shares/lc/PKPK?setLocale=en-US,efaa8717564f09a5f13576ff4982ba8d033e8df44a6f04be2a2d92e86c62ba01,43,38,2,0,2007-12-28,2026-06-03,
PMMP,COVERAGE_UNRESOLVED,False,3,0,https://web.ksei.co.id/services/registered-securities/shares/lc/PMMP?setLocale=en-US,,0,0,0,0,,,ALL_THREE_ATTEMPTS_FAILED_OR_UNPARSABLE
PMUI,COVERAGE_UNRESOLVED,False,3,0,https://web.ksei.co.id/services/registered-securities/shares/lc/PMUI?setLocale=en-US,,0,0,0,0,,,ALL_THREE_ATTEMPTS_FAILED_OR_UNPARSABLE
PNBN,COVERAGE_CERTIFIED,True,3,200,https://web.ksei.co.id/services/registered-securities/shares/lc/PNBN?setLocale=en-US,2cc701bc9766a40ba967eb2ba32a98b5073d0ed94df3a440563472ca4ee6bd29,42,40,2,0,2001-07-23,2026-07-17,
PNBS,COVERAGE_CERTIFIED,True,1,200,https://web.ksei.co.id/services/registered-securities/shares/lc/PNBS?setLocale=en-US,1d381dd0bd24101f1ef06ce5ca80fc8c2bfa24510d4356edee7c231bbc08c185,21,21,2,0,2014-06-02,2026-06-10,
PNIN,COVERAGE_CERTIFIED,True,1,200,https://web.ksei.co.id/services/registered-securities/shares/lc/PNIN?setLocale=en-US,94ba5eb14332cc1a23503c8ac172efbfa9fc933941607e12d247b3925ba4a3b6,35,35,2,0,2002-06-12,2026-06-30,
PNLF,COVERAGE_CERTIFIED,True,1,200,https://web.ksei.co.id/services/registered-securities/shares/lc/PNLF?setLocale=en-US,3d732ef8a7d4ef5b0cdafedfc597f8811ab1326cc6f46ed85028062f5507b07b,36,36,3,0,2002-06-12,2026-06-30,
POLA,COVERAGE_CERTIFIED,True,1,200,https://web.ksei.co.id/services/registered-securities/shares/lc/POLA?setLocale=en-US,6037aa6b1225e2fe1506f4ff7aa87fd602efc45d33a5e353af68771356318eb8,11,11,0,0,2019-05-22,2026-06-30,
POWR,COVERAGE_CERTIFIED,True,1,200,https://web.ksei.co.id/services/registered-securities/shares/lc/POWR?setLocale=en-US,f55ba39c7a2311bb6dc566570a586c88aae5d0ca6640851c4e56041d7c9953aa,38,35,0,0,2016-08-03,2026-06-05,
PPGL,COVERAGE_CERTIFIED,True,1,200,https://web.ksei.co.id/services/registered-securities/shares/lc/PPGL?setLocale=en-US,e3b1a75dbd7b00f8a5a324fbec2ad301d5b73767712c630bfb5f37ad2249697b,22,22,0,0,2020-12-08,2026-06-17,
PPRE,COVERAGE_CERTIFIED,True,1,200,https://web.ksei.co.id/services/registered-securities/shares/lc/PPRE?setLocale=en-US,9569a1f829e6434823a173d9b2d4100e9884e473cae026d095962fa2bad5f125,21,19,0,0,2018-03-13,2026-06-24,
PPRI,COVERAGE_CERTIFIED,True,1,200,https://web.ksei.co.id/services/registered-securities/shares/lc/PPRI?setLocale=en-US,52d89a2d1bed2b729fa081ff2002b9c4d032d80e2e7b516931f783aecc9cb477,5,5,0,0,2024-05-27,2026-06-18,
PPRO,COVERAGE_CERTIFIED,True,1,200,https://web.ksei.co.id/services/registered-securities/shares/lc/PPRO?setLocale=en-US,f50f4191cb17ca3f00b0d24ff72be5a9f955fb7fd3fe7b8625be59fda0922f03,27,24,2,0,2015-07-06,2026-06-04,
PRDA,COVERAGE_CERTIFIED,True,1,200,https://web.ksei.co.id/services/registered-securities/shares/lc/PRDA?setLocale=en-US,dce942ebd47b3cd9c8d34edd8096215acf631257ebd07d1347171725ce5d1e77,22,21,0,0,2017-04-13,2026-05-22,
PRIM,COVERAGE_UNRESOLVED,False,3,0,https://web.ksei.co.id/services/registered-securities/shares/lc/PRIM?setLocale=en-US,,0,0,0,0,,,ALL_THREE_ATTEMPTS_FAILED_OR_UNPARSABLE
PSAB,COVERAGE_UNRESOLVED,False,3,0,https://web.ksei.co.id/services/registered-securities/shares/lc/PSAB?setLocale=en-US,,0,0,0,0,,,ALL_THREE_ATTEMPTS_FAILED_OR_UNPARSABLE
PSAT,COVERAGE_CERTIFIED,True,3,200,https://web.ksei.co.id/services/registered-securities/shares/lc/PSAT?setLocale=en-US,e6115f6f6070514ba8f313f713ff546b71fe35227972a9e0d06baa1d05dadf4e,1,1,0,0,2026-05-25,2026-06-17,
PSDN,COVERAGE_CERTIFIED,True,1,200,https://web.ksei.co.id/services/registered-securities/shares/lc/PSDN?setLocale=en-US,b5df5be640af8927c76f77f69d2b7a326099b462eb05abc7d2aa455012e6aa02,33,33,0,0,2002-06-03,2026-06-19,
PSKT,COVERAGE_CERTIFIED,True,1,200,https://web.ksei.co.id/services/registered-securities/shares/lc/PSKT?setLocale=en-US,e6e9ad07cfaeec8ca8424c15601820755373528a6844d7a8e9156171d052b536,34,33,3,0,2002-06-12,2026-06-19,
PTBA,COVERAGE_CERTIFIED,True,1,200,https://web.ksei.co.id/services/registered-securities/shares/lc/PTBA?setLocale=en-US,54622737da2e4510855c9a16de8705bf917bbc04964d2b68db06e9f93d1ddca8,65,64,2,0,2003-04-11,2026-07-10,
PTMP,COVERAGE_CERTIFIED,True,1,200,https://web.ksei.co.id/services/registered-securities/shares/lc/PTMP?setLocale=en-US,a61d81b80e25d7b52327f1b0d980cfbd6e4e2add29fea66ce520236a4af905e6,8,8,0,0,2023-05-30,2026-06-19,
PTMR,COVERAGE_CERTIFIED,True,1,200,https://web.ksei.co.id/services/registered-securities/shares/lc/PTMR?setLocale=en-US,293c2b3d213694d9f504afdb5872c32eab91d6a09f08cd4fb7ee7c548cdffffe,5,5,0,0,2025-05-26,2026-06-19,
PTPP,COVERAGE_CERTIFIED,True,1,200,https://web.ksei.co.id/services/registered-securities/shares/lc/PTPP?setLocale=en-US,1a1b69ed5255f6c1e73ddc9b76109a2482186106ea97f22c90a25d62846a88b8,38,34,1,0,2010-05-31,2026-09-15,
PTPS,COVERAGE_CERTIFIED,True,1,200,https://web.ksei.co.id/services/registered-securities/shares/lc/PTPS?setLocale=en-US,51bba97e621cc27754db6120454a8e148575e6b5e4440f04cb785d0a74c1e649,13,13,0,0,2023-12-07,2026-06-11,
PTRO,COVERAGE_CERTIFIED,True,1,200,https://web.ksei.co.id/services/registered-securities/shares/lc/PTRO?setLocale=en-US,72929a13e841818c71f692989a71189d1e0d39ccfa581b6b30beaa8c16b10123,63,62,4,0,2002-05-27,2026-04-09,
PURI,COVERAGE_CERTIFIED,True,1,200,https://web.ksei.co.id/services/registered-securities/shares/lc/PURI?setLocale=en-US,4b8a5ff066213901a763fbe660a0606652e3fbae8bda31e0756b922b1fe84841,8,8,0,0,2021-05-31,2026-06-15,
PWON,COVERAGE_CERTIFIED,True,1,200,https://web.ksei.co.id/services/registered-securities/shares/lc/PWON?setLocale=en-US,d90d4791216ed4d54c64224d1faa8969ae9b0bc44bf15782f6ca43985bc0be4a,53,53,4,0,2002-06-05,2026-07-15,
PYFA,COVERAGE_CERTIFIED,True,1,200,https://web.ksei.co.id/services/registered-securities/shares/lc/PYFA?setLocale=en-US,079a4c33886eea54b6dd654e83afa4188b66f096f0ac791e556d4bb67e080d05,40,40,2,1,2002-06-06,2026-06-11,
PZZA,COVERAGE_CERTIFIED,True,1,200,https://web.ksei.co.id/services/registered-securities/shares/lc/PZZA?setLocale=en-US,0d45300994f0b8db40f7f616f796b0bd8d05d210ab690c3d22cb0594d5c8256f,18,16,0,0,2019-04-01,2026-06-03,
RAAM,COVERAGE_CERTIFIED,True,1,200,https://web.ksei.co.id/services/registered-securities/shares/lc/RAAM?setLocale=en-US,3bd19bd2511e264dd6a47266d5b3db5a0494dc22366b2a9d1ba90bfa15d1234a,7,7,0,0,2023-06-07,2026-05-05,
RAJA,COVERAGE_CERTIFIED,True,1,200,https://web.ksei.co.id/services/registered-securities/shares/lc/RAJA?setLocale=en-US,e84041964a58e6add832912276cfe114941489997ca0a2f5b315bfeeb0c57f4e,61,56,4,0,2003-06-18,2026-07-24,
RALS,COVERAGE_CERTIFIED,True,1,200,https://web.ksei.co.id/services/registered-securities/shares/lc/RALS?setLocale=en-US,a1fdb567e6b83a43db630f07f86b233ab2d6da891e324499bcb2bc401ceea933,55,54,1,0,2001-07-06,2026-06-12,
RATU,COVERAGE_CERTIFIED,True,1,200,https://web.ksei.co.id/services/registered-securities/shares/lc/RATU?setLocale=en-US,9e5e22ca5ba06b07112fc7a28caa6f6455291605e751ff8dcf0c724d4303f932,5,5,0,0,2025-03-27,2026-09-08,
RBMS,COVERAGE_CERTIFIED,True,1,200,https://web.ksei.co.id/services/registered-securities/shares/lc/RBMS?setLocale=en-US,abf611e7be701b5d17be78f4e718896c48006715c3b57459a46557c091645861,35,33,2,0,2002-05-21,2026-05-22,
RCCC,COVERAGE_CERTIFIED,True,1,200,https://web.ksei.co.id/services/registered-securities/shares/lc/RCCC?setLocale=en-US,638cd82640ad6a3b1885a77f3203c342faf8ea8e68dd150a1f3cabff5c86015f,6,6,1,0,2023-05-04,2026-06-15,
REAL,COVERAGE_CERTIFIED,True,1,200,https://web.ksei.co.id/services/registered-securities/shares/lc/REAL?setLocale=en-US,7d81bac0ff95ce97a7a5ff22f85f846f59872b0838a61ae502c2978cec12ce6e,10,10,0,0,2020-07-15,2026-07-21,
RELF,COVERAGE_CERTIFIED,True,1,200,https://web.ksei.co.id/services/registered-securities/shares/lc/RELF?setLocale=en-US,15a5c733b12b32b6633655cadc1658b13c42f15e33f44a9b1156e805f3bef465,7,7,0,0,2023-11-30,2026-06-05,
RGAS,COVERAGE_CERTIFIED,True,1,200,https://web.ksei.co.id/services/registered-securities/shares/lc/RGAS?setLocale=en-US,fd339f251ba34429dc5a1e46752e15cd9ffcba8a006fc98ce7c2c9b805458fc5,4,4,0,0,2024-05-08,2026-06-19,
RICY,COVERAGE_CERTIFIED,True,1,200,https://web.ksei.co.id/services/registered-securities/shares/lc/RICY?setLocale=en-US,d8473ab5ad6f9b83b5bf0d8c04a9056d71e0d78968529d90e7ff484040406267,35,35,1,0,2002-06-13,2026-09-02,
RISE,COVERAGE_CERTIFIED,True,1,200,https://web.ksei.co.id/services/registered-securities/shares/lc/RISE?setLocale=en-US,4de6ebb6c324c726fef08ab9ef8061e34e64523ca41809a6eb4fc214eb3f2118,15,15,1,0,2019-03-08,2026-06-04,
RLCO,COVERAGE_CERTIFIED,True,1,200,https://web.ksei.co.id/services/registered-securities/shares/lc/RLCO?setLocale=en-US,d0d2777fc6510f96adf8ea53747d152defab58dc93af715193a2126cf941883e,1,1,0,0,2026-05-12,2026-06-08,
RMKE,COVERAGE_CERTIFIED,True,2,200,https://web.ksei.co.id/services/registered-securities/shares/lc/RMKE?setLocale=en-US,364e662ba733ac001a2363cce4380921d27f322e727d8ac91bc431ab1a97f847,15,15,1,0,2022-06-27,2026-07-21,
RMKO,COVERAGE_CERTIFIED,True,1,200,https://web.ksei.co.id/services/registered-securities/shares/lc/RMKO?setLocale=en-US,17b01e79482ef3b049a3e6817d0cb69093dc0fa12d1be2e6f1dcfc7c484655bf,5,5,1,0,2024-06-05,2026-07-13,
RODA,COVERAGE_CERTIFIED,True,1,200,https://web.ksei.co.id/services/registered-securities/shares/lc/RODA?setLocale=en-US,809804b0dedd5e61afafcaec5734622855215092dd77891482b7991b7ae0b258,40,39,1,0,2002-05-21,2026-06-12,
RONY,COVERAGE_CERTIFIED,True,1,200,https://web.ksei.co.id/services/registered-securities/shares/lc/RONY?setLocale=en-US,2e94d582ed8d8d0d3e1036fcc1c36cf0c37e542907012a99c7a1d69a79238012,9,9,1,0,2021-09-01,2026-06-30,
ROTI,COVERAGE_CERTIFIED,True,1,200,https://web.ksei.co.id/services/registered-securities/shares/lc/ROTI?setLocale=en-US,63ef9132cb4b965839f2ffbe2dfeeafda09f59afa5dc44c7b77a9c63356470a8,43,41,2,0,2011-03-07,2026-04-24,
RSCH,COVERAGE_CERTIFIED,True,1,200,https://web.ksei.co.id/services/registered-securities/shares/lc/RSCH?setLocale=en-US,d77335f4c0c8f9c0f7769f4af27e6804db4f0a39c6163490d3103d0ec7ae1973,3,3,0,0,2024-05-07,2026-06-15,
SAME,COVERAGE_CERTIFIED,True,1,200,https://web.ksei.co.id/services/registered-securities/shares/lc/SAME?setLocale=en-US,d0a661689a375cb37c1e4e3b6503c746856e11551d8e5cef11d68ab6b7e930d2,27,27,4,0,2013-04-11,2026-06-09,
SAPX,COVERAGE_CERTIFIED,True,1,200,https://web.ksei.co.id/services/registered-securities/shares/lc/SAPX?setLocale=en-US,d03abac95121e768baee216a25531d7f46cc5d04f828cae0afa21fd3f1cf9493,15,15,0,0,2019-01-24,2026-06-10,
SATU,COVERAGE_CERTIFIED,True,1,200,https://web.ksei.co.id/services/registered-securities/shares/lc/SATU?setLocale=en-US,c0a4cd027eb4b2df5ee43d9b0e37008cc9cc61b593c24cf94344613884391726,10,10,0,0,2019-04-10,2026-06-25,
SBMA,COVERAGE_CERTIFIED,True,3,200,https://web.ksei.co.id/services/registered-securities/shares/lc/SBMA?setLocale=en-US,ff52938fd4f6d0faf997d554e232ec602edafd79a9edfaad6960adcc875140e6,12,12,0,0,2022-04-28,2026-07-08,
SCMA,COVERAGE_CERTIFIED,True,1,200,https://web.ksei.co.id/services/registered-securities/shares/lc/SCMA?setLocale=en-US,435b29a354b661a4b7b70544cbdf89b5864022f16107bc6ad559f8322d96cc70,68,67,2,0,2002-08-21,2026-06-18,
SDMU,COVERAGE_UNRESOLVED,False,3,0,https://web.ksei.co.id/services/registered-securities/shares/lc/SDMU?setLocale=en-US,,0,0,0,0,,,ALL_THREE_ATTEMPTS_FAILED_OR_UNPARSABLE
SEMA,COVERAGE_CERTIFIED,True,3,200,https://web.ksei.co.id/services/registered-securities/shares/lc/SEMA?setLocale=en-US,208956cd851402fc00617e4f42e7815775fd9bcda35c6ca2734f5dda69c2ee29,7,7,0,0,2022-06-06,2026-06-05,
SFAN,COVERAGE_CERTIFIED,True,1,200,https://web.ksei.co.id/services/registered-securities/shares/lc/SFAN?setLocale=en-US,d2bbf51152ada3c9b949f5a897e1af91bc2577ab9cb66be46668016097002153,10,10,0,0,2020-05-08,2026-06-26,
SGER,COVERAGE_CERTIFIED,True,1,200,https://web.ksei.co.id/services/registered-securities/shares/lc/SGER?setLocale=en-US,0cbfb1b9d30783e1271e9bc5299c6f5d7931370649e42ecad6d7054edb628682,20,20,4,0,2021-07-08,2026-05-25,
SGRO,COVERAGE_CERTIFIED,True,1,200,https://web.ksei.co.id/services/registered-securities/shares/lc/SGRO?setLocale=en-US,9ab8f915047d2590af8d971c45af98f201a3ef59d3157b09059c68051d58093a,43,43,1,0,2008-02-27,2026-07-28,
SIDO,COVERAGE_CERTIFIED,True,1,200,https://web.ksei.co.id/services/registered-securities/shares/lc/SIDO?setLocale=en-US,57530946073b20b92a974fa914a67e4f771d218b021641eaa9b6eab6206e85ec,43,41,1,0,2014-04-08,2026-05-07,
SILO,COVERAGE_CERTIFIED,True,1,200,https://web.ksei.co.id/services/registered-securities/shares/lc/SILO?setLocale=en-US,493ace3a84decf85857a15184d2b1797525837d61be03914799bd896bc9c7a9d,29,29,5,0,2014-04-07,2026-05-12,
SIMP,COVERAGE_CERTIFIED,True,1,200,https://web.ksei.co.id/services/registered-securities/shares/lc/SIMP?setLocale=en-US,d746f8c97beba01795a057e8e270ded92bce2c934928db4f493a915fda371527,29,28,0,0,2012-04-24,2026-07-28,
SINI,COVERAGE_CERTIFIED,True,1,200,https://web.ksei.co.id/services/registered-securities/shares/lc/SINI?setLocale=en-US,d04c73916bcbfba706ccbbd50e6f3739f021df67318741850ff1f695ec7f9faf,9,9,2,0,2020-07-15,2026-07-13,
SKRN,COVERAGE_UNRESOLVED,False,3,0,https://web.ksei.co.id/services/registered-securities/shares/lc/SKRN?setLocale=en-US,,0,0,0,0,,,ALL_THREE_ATTEMPTS_FAILED_OR_UNPARSABLE
SLIS,COVERAGE_UNRESOLVED,False,3,0,https://web.ksei.co.id/services/registered-securities/shares/lc/SLIS?setLocale=en-US,,0,0,0,0,,,ALL_THREE_ATTEMPTS_FAILED_OR_UNPARSABLE
SMAR,COVERAGE_UNRESOLVED,False,3,0,https://web.ksei.co.id/services/registered-securities/shares/lc/SMAR?setLocale=en-US,,0,0,0,0,,,ALL_THREE_ATTEMPTS_FAILED_OR_UNPARSABLE
SMBR,COVERAGE_CERTIFIED,True,3,200,https://web.ksei.co.id/services/registered-securities/shares/lc/SMBR?setLocale=en-US,39a9fcc3d3725a54b2b5bd9014ccabc575d1e47e241242a710ba83f8eb875713,32,31,0,0,2014-03-06,2026-06-17,
SMCB,COVERAGE_CERTIFIED,True,1,200,https://web.ksei.co.id/services/registered-securities/shares/lc/SMCB?setLocale=en-US,27b01ae32c92f14b2c5927e11ff3cbb592f496c1771b54e58ad9e83182bcd167,60,55,1,0,2002-03-27,2026-06-18,
SMDR,COVERAGE_CERTIFIED,True,1,200,https://web.ksei.co.id/services/registered-securities/shares/lc/SMDR?setLocale=en-US,1fa3bbf0dc9ec01147b0ee763a117c31043d481972158c669edf34816e41dbd3,57,56,2,0,2002-05-27,2026-08-28,
SMGA,COVERAGE_CERTIFIED,True,1,200,https://web.ksei.co.id/services/registered-securities/shares/lc/SMGA?setLocale=en-US,fb0637735612e0ea730a4d1a17e342e3140be6c8a104feb2726a668a8e7a17e7,4,4,0,0,2024-05-17,2026-06-04,
SMGR,COVERAGE_CERTIFIED,True,1,200,https://web.ksei.co.id/services/registered-securities/shares/lc/SMGR?setLocale=en-US,d95a7f77d2fc8ac89d0507854070311b959ff37f6fd9ef64ed8dbb89dd2e8f5b,77,75,2,0,2002-02-11,2026-07-15,
SMIL,COVERAGE_CERTIFIED,True,1,200,https://web.ksei.co.id/services/registered-securities/shares/lc/SMIL?setLocale=en-US,dde8ec70b6025a91f7c988dfa6f8664180f2168abe87cc6c29f4a54360deefc0,7,7,0,0,2023-08-14,2026-06-25,
SMKM,COVERAGE_CERTIFIED,True,1,200,https://web.ksei.co.id/services/registered-securities/shares/lc/SMKM?setLocale=en-US,ea1f7732f5a09a0354ed4615dd68e758ffc048d41d334448e3296f66a920c31d,8,8,1,0,2022-06-28,2026-06-24,
SMLE,COVERAGE_CERTIFIED,True,1,200,https://web.ksei.co.id/services/registered-securities/shares/lc/SMLE?setLocale=en-US,2d456530f9fac2d1d8642761399e13c45d186f0d476cb1b0f7c3258bf40279a7,5,5,0,0,2024-05-30,2026-06-19,
SMMT,COVERAGE_CERTIFIED,True,1,200,https://web.ksei.co.id/services/registered-securities/shares/lc/SMMT?setLocale=en-US,01e9afc2650ed5961f37fdf92e046bcaa75f02c1c86fbf034650f40896302073,40,38,4,0,2002-05-22,2026-06-26,
SMRA,COVERAGE_CERTIFIED,True,1,200,https://web.ksei.co.id/services/registered-securities/shares/lc/SMRA?setLocale=en-US,506299f560489b6c03641e26bbf17aaedc248ddbe98ada35091bf995b2e0ad83,61,59,6,0,2002-06-04,2026-07-10,
SMSM,COVERAGE_CERTIFIED,True,1,200,https://web.ksei.co.id/services/registered-securities/shares/lc/SMSM?setLocale=en-US,b1f9821123338d22ed2860abcc3689f6c54037c9118c3b0224a8151f5f49255c,105,102,3,0,2001-06-12,2026-08-27,
SNLK,COVERAGE_UNRESOLVED,False,3,0,https://web.ksei.co.id/services/registered-securities/shares/lc/SNLK?setLocale=en-US,,0,0,0,0,,,ALL_THREE_ATTEMPTS_FAILED_OR_UNPARSABLE
SOCI,COVERAGE_UNRESOLVED,False,3,0,https://web.ksei.co.id/services/registered-securities/shares/lc/SOCI?setLocale=en-US,,0,0,0,0,,,ALL_THREE_ATTEMPTS_FAILED_OR_UNPARSABLE
SOFA,COVERAGE_UNRESOLVED,False,3,0,https://web.ksei.co.id/services/registered-securities/shares/lc/SOFA?setLocale=en-US,,0,0,0,0,,,ALL_THREE_ATTEMPTS_FAILED_OR_UNPARSABLE
SOLA,COVERAGE_CERTIFIED,True,3,200,https://web.ksei.co.id/services/registered-securities/shares/lc/SOLA?setLocale=en-US,5e627c34063a078b2e998abe279903a6e02ab0ba469d16b0b1606fa9b3b63843,4,4,0,0,2024-06-05,2026-06-15,
SOTS,COVERAGE_CERTIFIED,True,1,200,https://web.ksei.co.id/services/registered-securities/shares/lc/SOTS?setLocale=en-US,ef03f4d805d8edd82ed4215f5d5b6fe39fb0000e38879d210caf77b5d7c5279c,14,13,0,0,2019-03-29,2026-06-30,
SPRE,COVERAGE_CERTIFIED,True,1,200,https://web.ksei.co.id/services/registered-securities/shares/lc/SPRE?setLocale=en-US,dc7d7be9e857b34b5df3bea3cc1ab3d1cf44e1b495fa9446ed9b119a2c6028e4,2,2,0,0,2025-05-08,2026-06-26,
SPTO,COVERAGE_CERTIFIED,True,1,200,https://web.ksei.co.id/services/registered-securities/shares/lc/SPTO?setLocale=en-US,801950c3af16fb351bd1b4f3d7245434f17824819cc8fd81093b3cc480765d7b,28,27,0,0,2018-11-16,2026-06-24,
SQMI,COVERAGE_CERTIFIED,True,1,200,https://web.ksei.co.id/services/registered-securities/shares/lc/SQMI?setLocale=en-US,0e827553b674ba436b5b1af4a9afc9ff6d982c37f8da6e30d902c5ee1f764575,34,32,1,0,2005-06-03,2026-09-04,
SRAJ,COVERAGE_CERTIFIED,True,1,200,https://web.ksei.co.id/services/registered-securities/shares/lc/SRAJ?setLocale=en-US,655098a382d46275d29b12d60088c7f9a72bb7c19147295593a42382a094502c,37,37,2,0,2011-06-08,2026-06-11,
SRSN,COVERAGE_CERTIFIED,True,1,200,https://web.ksei.co.id/services/registered-securities/shares/lc/SRSN?setLocale=en-US,d312ac4df6d1992fa8293fe34f302fc2edbb2ce8bcc3f489cbcabe89690db23c,41,38,2,0,2001-08-06,2026-06-19,
SRTG,COVERAGE_CERTIFIED,True,1,200,https://web.ksei.co.id/services/registered-securities/shares/lc/SRTG?setLocale=en-US,f4914d4554463e5bcf60f8ed8511a3ad79200a37f8579edd92615bf0b7565653,31,28,1,0,2014-01-03,2026-08-21,
SSIA,COVERAGE_CERTIFIED,True,1,200,https://web.ksei.co.id/services/registered-securities/shares/lc/SSIA?setLocale=en-US,65821ce76cfba68019df66053afdbe7453421a5aac2c20655ff732aeafd8f18e,47,43,2,0,2002-06-12,2026-07-23,
SSMS,COVERAGE_CERTIFIED,True,1,200,https://web.ksei.co.id/services/registered-securities/shares/lc/SSMS?setLocale=en-US,64c880521e9bc4c1d27301c468512c02c90a30e1daa932680e2d931ab4e93226,40,38,0,0,2014-04-10,2026-06-04,
SSTM,COVERAGE_CERTIFIED,True,1,200,https://web.ksei.co.id/services/registered-securities/shares/lc/SSTM?setLocale=en-US,b9de799b0a464cc32a7513b83a5b3764ddabc305e371b50defaec48b34475ee6,32,32,0,0,2002-06-07,2026-06-30,
STAA,COVERAGE_UNRESOLVED,False,3,0,https://web.ksei.co.id/services/registered-securities/shares/lc/STAA?setLocale=en-US,,0,0,0,0,,,ALL_THREE_ATTEMPTS_FAILED_OR_UNPARSABLE
STRK,COVERAGE_UNRESOLVED,False,3,0,https://web.ksei.co.id/services/registered-securities/shares/lc/STRK?setLocale=en-US,,0,0,0,0,,,ALL_THREE_ATTEMPTS_FAILED_OR_UNPARSABLE
SUNI,COVERAGE_CERTIFIED,True,2,200,https://web.ksei.co.id/services/registered-securities/shares/lc/SUNI?setLocale=en-US,8ab7ab659689854600be793ae2e19cbbbdf3f7a34bd4adbb4722b9d0b1498dbb,8,8,0,0,2023-05-31,2026-07-24,
SUPA,COVERAGE_CERTIFIED,True,1,200,https://web.ksei.co.id/services/registered-securities/shares/lc/SUPA?setLocale=en-US,9c97017c10936d7edf8bcc83dc437212dfa8e786000aa43fce3a43bce83cecad,1,1,0,0,2026-04-01,2026-04-27,
SURI,COVERAGE_CERTIFIED,True,1,200,https://web.ksei.co.id/services/registered-securities/shares/lc/SURI?setLocale=en-US,4856801c9d8c7825ec1ab9082d683ff958f1d98e9d0a9dc594e1f53a0e0666a4,3,3,0,0,2024-04-22,2026-06-22,
SWID,COVERAGE_CERTIFIED,True,1,200,https://web.ksei.co.id/services/registered-securities/shares/lc/SWID?setLocale=en-US,91e9428178d1c7c6177c9a6b08a09c3c9c6d01ee723b8fa1161cf514a3600d21,8,8,0,0,2023-05-08,2026-07-22,
TAPG,COVERAGE_CERTIFIED,True,1,200,https://web.ksei.co.id/services/registered-securities/shares/lc/TAPG?setLocale=en-US,9cd51511ddef348a711c1a1ad67dd33118a3487e4ba82aa35eb7beae3877b66c,16,16,0,0,2021-06-02,2026-06-19,
TAXI,COVERAGE_CERTIFIED,True,1,200,https://web.ksei.co.id/services/registered-securities/shares/lc/TAXI?setLocale=en-US,6a904817ea453f3b792221dd6e38dae188e563f956b814ac80c461afa9307c88,30,29,0,0,2013-04-11,2026-06-30,
TAYS,COVERAGE_CERTIFIED,True,1,200,https://web.ksei.co.id/services/registered-securities/shares/lc/TAYS?setLocale=en-US,522f789b2ff952cc03c3880fab9f266ba667fa72477987dd83857ce40ce0f19d,7,7,0,0,2022-06-06,2026-04-01,
TBIG,COVERAGE_CERTIFIED,True,1,200,https://web.ksei.co.id/services/registered-securities/shares/lc/TBIG?setLocale=en-US,6ef3452ce188e6f67dda3b38e061a08816be5bd3755087cace2691578fec9602,49,48,5,0,2011-04-25,2026-08-24,
TBLA,COVERAGE_CERTIFIED,True,1,200,https://web.ksei.co.id/services/registered-securities/shares/lc/TBLA?setLocale=en-US,d71e3a67dd79b56d75b5065a507773fa657348c45c20f7926004ba578e2d7b94,76,73,4,0,2001-10-29,2026-07-22,
TCPI,COVERAGE_UNRESOLVED,False,3,0,https://web.ksei.co.id/services/registered-securities/shares/lc/TCPI?setLocale=en-US,,0,0,0,0,,,ALL_THREE_ATTEMPTS_FAILED_OR_UNPARSABLE
TEBE,COVERAGE_UNRESOLVED,False,3,0,https://web.ksei.co.id/services/registered-securities/shares/lc/TEBE?setLocale=en-US,,0,0,0,0,,,ALL_THREE_ATTEMPTS_FAILED_OR_UNPARSABLE
TGUK,COVERAGE_CERTIFIED,True,3,200,https://web.ksei.co.id/services/registered-securities/shares/lc/TGUK?setLocale=en-US,2232ec72a64f30e360c70f7774931be42cf684ca83e1cc5cb4a2654f1bc7b3f0,9,9,0,0,2023-11-15,2026-06-17,
TINS,COVERAGE_CERTIFIED,True,1,200,https://web.ksei.co.id/services/registered-securities/shares/lc/TINS?setLocale=en-US,405c781adff69368b55c1b2dbc6de8b47fe32ae245660aa8426b3a19274e7e11,59,59,2,0,2001-06-11,2026-07-10,
TKIM,COVERAGE_CERTIFIED,True,1,200,https://web.ksei.co.id/services/registered-securities/shares/lc/TKIM?setLocale=en-US,afeb5714768146c1115e677ef4e4db30c6be58c5da160704fd3824163e18ad41,49,48,1,0,2002-04-08,2026-07-24,
TLDN,COVERAGE_CERTIFIED,True,1,200,https://web.ksei.co.id/services/registered-securities/shares/lc/TLDN?setLocale=en-US,033d7ad26632bf261fbb6c36dee33c28bae71f6dd7374405636c30a3d51077d9,13,13,0,0,2022-04-28,2026-05-19,
TLKM,COVERAGE_CERTIFIED,True,1,200,https://web.ksei.co.id/services/registered-securities/shares/lc/TLKM?setLocale=en-US,ead6dcfb42509ef3c42c58844f36ac36d896267b7bdebe6eef987ef00bfda543,72,71,3,0,2001-06-01,2026-07-10,
TMAS,COVERAGE_CERTIFIED,True,1,200,https://web.ksei.co.id/services/registered-securities/shares/lc/TMAS?setLocale=en-US,df9c34fa493bb3987b4af22fc977cb4c9d852a3712c1c80654aceaa47bed8104,50,47,4,1,2004-06-01,2026-07-03,
TMPO,COVERAGE_CERTIFIED,True,1,200,https://web.ksei.co.id/services/registered-securities/shares/lc/TMPO?setLocale=en-US,fef7d72b4723dee0834a1cad5b76d5e5a9bb351c1fdd459aa8215ac0b78effb7,33,32,1,0,2002-05-24,2026-05-12,
TNCA,COVERAGE_CERTIFIED,True,1,200,https://web.ksei.co.id/services/registered-securities/shares/lc/TNCA?setLocale=en-US,4d0356ba2baec497ddbd7d276fc021ce4c106cb12bdee85960ae7c889f4c8e0e,11,10,0,0,2019-05-24,2026-05-20,
TOBA,COVERAGE_CERTIFIED,True,1,200,https://web.ksei.co.id/services/registered-securities/shares/lc/TOBA?setLocale=en-US,b98d4f920d3c5a41789769187aebe3f4cf8d21110e3119447b46ac78b15a6801,29,29,1,0,2013-06-12,2026-05-20,
TOOL,COVERAGE_CERTIFIED,True,1,200,https://web.ksei.co.id/services/registered-securities/shares/lc/TOOL?setLocale=en-US,5050c4614bc8e76e0cb9bfd3131c24ed7586ec35d015e61f4381ea394c8d05ac,5,5,0,0,2023-05-05,2026-06-15,
TOSK,COVERAGE_UNRESOLVED,False,3,0,https://web.ksei.co.id/services/registered-securities/shares/lc/TOSK?setLocale=en-US,,0,0,0,0,,,ALL_THREE_ATTEMPTS_FAILED_OR_UNPARSABLE
TOTL,COVERAGE_CERTIFIED,True,3,200,https://web.ksei.co.id/services/registered-securities/shares/lc/TOTL?setLocale=en-US,2f265895e8cc09adcb37dae4ad3b52d564c80d39b9ad5de842ee2cc51912f040,47,44,2,0,2007-04-16,2026-06-05,
TOWR,COVERAGE_CERTIFIED,True,1,200,https://web.ksei.co.id/services/registered-securities/shares/lc/TOWR?setLocale=en-US,9ce1cf450d71fb189adfcf4f65bb18bf0a9e5e348924e7b4a147347352f87882,50,45,4,0,2010-05-25,2026-06-19,
TPIA,COVERAGE_CERTIFIED,True,1,200,https://web.ksei.co.id/services/registered-securities/shares/lc/TPIA?setLocale=en-US,78e6f8b9f47ca8d9fbdbf076d443ff834b23c6f923cc158ab8e95098ecb0241b,76,76,6,0,2002-09-11,2026-06-17,
TPMA,COVERAGE_CERTIFIED,True,1,200,https://web.ksei.co.id/services/registered-securities/shares/lc/TPMA?setLocale=en-US,c8543142992ef3f238ee6457a70b344594e3d84bfb013d1f4cc15de8ad7b161a,30,29,2,0,2013-05-31,2026-06-18,
TRIM,COVERAGE_CERTIFIED,True,1,200,https://web.ksei.co.id/services/registered-securities/shares/lc/TRIM?setLocale=en-US,7f29a51d4c40f5bef3384e80be78732df48b46141debd599152b077f67a40a19,51,50,2,0,2001-07-18,2026-07-24,
TRIN,COVERAGE_CERTIFIED,True,1,200,https://web.ksei.co.id/services/registered-securities/shares/lc/TRIN?setLocale=en-US,f034fb2eb4a1ec3c759cc4e402f9a7f961b4ee28eb95bf1841a5e1bbe3de9ce4,16,16,1,0,2020-07-27,2026-06-10,
TRJA,COVERAGE_CERTIFIED,True,1,200,https://web.ksei.co.id/services/registered-securities/shares/lc/TRJA?setLocale=en-US,c7ed71ae7f1c0a09177a2497a640bf8bce3eb4b23564790172d40f6a0ab12099,15,14,1,0,2020-10-26,2026-05-20,
TRON,COVERAGE_CERTIFIED,True,1,200,https://web.ksei.co.id/services/registered-securities/shares/lc/TRON?setLocale=en-US,bb4087845ddcc6ad06621c025ee9c9310a50b3b7daaafc7e2c5c21611b6fc231,8,8,0,0,2023-05-29,2026-06-26,
TRUE,COVERAGE_CERTIFIED,True,1,200,https://web.ksei.co.id/services/registered-securities/shares/lc/TRUE?setLocale=en-US,0216c1f40878a26d0e7d6fe8fd8a8bc20a35c75910c2849ccf63aadf9a70e750,9,9,0,0,2021-07-22,2026-06-11,
TRUK,COVERAGE_CERTIFIED,True,1,200,https://web.ksei.co.id/services/registered-securities/shares/lc/TRUK?setLocale=en-US,751f785c77fd6c61a77770ede7111789a75f971542abc74d0e99e5e03f15dbfc,11,11,0,0,2019-05-28,2025-06-25,
TRUS,COVERAGE_CERTIFIED,True,1,200,https://web.ksei.co.id/services/registered-securities/shares/lc/TRUS?setLocale=en-US,d7605a2254d2980e6573883f4b1156b128afbcc937442192ef0acf0c99ab8d19,35,35,1,0,2003-04-07,2026-07-30,
TSPC,COVERAGE_CERTIFIED,True,1,200,https://web.ksei.co.id/services/registered-securities/shares/lc/TSPC?setLocale=en-US,2d9b86b21bb457c9c9bd2c6eb5139f05154f55c858701327e446dacdee09d32d,64,63,1,0,2002-06-21,2026-07-09,
TUGU,COVERAGE_CERTIFIED,True,1,200,https://web.ksei.co.id/services/registered-securities/shares/lc/TUGU?setLocale=en-US,cd304c41bdd94e381966252f09133ec9d16e35de8767a3d85bf7d979c1568e5a,23,21,1,0,2018-11-09,2026-06-03,
UANG,COVERAGE_CERTIFIED,True,1,200,https://web.ksei.co.id/services/registered-securities/shares/lc/UANG?setLocale=en-US,eb6192fade3947ad11967650b11dc3a725f1caa0a91db90c13ef67833b861974,17,17,1,0,2020-08-04,2026-06-29,
UCID,COVERAGE_CERTIFIED,True,3,200,https://web.ksei.co.id/services/registered-securities/shares/lc/UCID?setLocale=en-US,d6617d7885f72783a68e6e6d22be3ccc83c4846c52e89492db50f8488b4e146c,17,15,0,0,2020-03-17,2026-07-02,
UDNG,COVERAGE_CERTIFIED,True,2,200,https://web.ksei.co.id/services/registered-securities/shares/lc/UDNG?setLocale=en-US,e1edfdb38068a40aa56fbc97bcd910caf212efba7bd10191f14c249ff30822b1,4,4,0,0,2024-05-21,2026-06-17,
ULTJ,COVERAGE_CERTIFIED,True,1,200,https://web.ksei.co.id/services/registered-securities/shares/lc/ULTJ?setLocale=en-US,788ac1104e2c0287f32d24e11fb5b0ef6176796a32404838cc0df5372832b217,44,43,2,0,2002-06-10,2026-05-22,
UNIQ,COVERAGE_CERTIFIED,True,1,200,https://web.ksei.co.id/services/registered-securities/shares/lc/UNIQ?setLocale=en-US,adcb11eda82b1121b326ab6f9b326243ef6397e371ff22a40428ccdc92a75a5a,9,9,0,0,2021-07-09,2026-06-30,
UNSP,COVERAGE_CERTIFIED,True,1,200,https://web.ksei.co.id/services/registered-securities/shares/lc/UNSP?setLocale=en-US,faa58ab3ec8577e60645620ce6ac1794ee33405c965a7231aadc3b951ea98576,64,62,5,0,2001-11-27,2026-06-30,
UNTD,COVERAGE_CERTIFIED,True,1,200,https://web.ksei.co.id/services/registered-securities/shares/lc/UNTD?setLocale=en-US,d58245922921fa7f1e104c32bc90a57870847809870782366c41df3c34256c94,5,5,0,0,2024-05-27,2026-04-07,
UNTR,COVERAGE_CERTIFIED,True,1,200,https://web.ksei.co.id/services/registered-securities/shares/lc/UNTR?setLocale=en-US,c44b82c9453cc7fd2c0c5d92375708695b4edc1952ee3365e8bf8d760e58fed8,74,72,3,0,2002-05-13,2026-05-18,
UNVR,COVERAGE_CERTIFIED,True,1,200,https://web.ksei.co.id/services/registered-securities/shares/lc/UNVR?setLocale=en-US,57387c9649a2e763cfeae703fdd041daacc93f4e8c0a38793922e3879050fbfd,107,102,1,0,2001-07-13,2026-06-30,
UVCR,COVERAGE_CERTIFIED,True,1,200,https://web.ksei.co.id/services/registered-securities/shares/lc/UVCR?setLocale=en-US,0ef7fddd3308ffcdb49fb776c1934116151ee45b0e8c8d083e9f4b2f4e6adf1d,11,11,0,0,2022-06-22,2026-06-24,
VAST,COVERAGE_CERTIFIED,True,1,200,https://web.ksei.co.id/services/registered-securities/shares/lc/VAST?setLocale=en-US,4482e95e0c4f4aafa2efe747e962db385f137b4ef998ffd518bebfccc8c26bb6,4,4,0,0,2023-05-17,2026-06-02,
VERN,COVERAGE_CERTIFIED,True,1,200,https://web.ksei.co.id/services/registered-securities/shares/lc/VERN?setLocale=en-US,864d272aedd8ff426fa5866002b2f95fe14421a35cdd64f087ef4a2ce821db4d,2,2,0,0,2025-06-02,2026-06-25,
VICI,COVERAGE_CERTIFIED,True,2,200,https://web.ksei.co.id/services/registered-securities/shares/lc/VICI?setLocale=en-US,5eefbe8e18d8c079073d7e8b3ad15f3c7962e7d5c69d4370374036b39d5b134b,18,18,0,0,2021-04-20,2026-06-23,
VISI,COVERAGE_UNRESOLVED,False,3,0,https://web.ksei.co.id/services/registered-securities/shares/lc/VISI?setLocale=en-US,,0,0,0,0,,,ALL_THREE_ATTEMPTS_FAILED_OR_UNPARSABLE
VIVA,COVERAGE_CERTIFIED,True,2,200,https://web.ksei.co.id/services/registered-securities/shares/lc/VIVA?setLocale=en-US,96d3ddfd38f908e8669d015da4e043d9dd6d3aba26b34dbd843c96dcb08c8eea,20,20,0,0,2012-03-01,2025-09-03,
VKTR,COVERAGE_CERTIFIED,True,1,200,https://web.ksei.co.id/services/registered-securities/shares/lc/VKTR?setLocale=en-US,351dc7a5ae435fbaf44ce51da21ca46f3ab2c85cdc1a6a4636aedca9cbe7ec08,5,5,0,0,2023-11-17,2026-05-19,
VTNY,COVERAGE_CERTIFIED,True,1,200,https://web.ksei.co.id/services/registered-securities/shares/lc/VTNY?setLocale=en-US,1f8c0e2b7eeab5087a53ffce0f8f2bfb563f072643dba457d285e932b47754b0,8,8,0,0,2023-05-12,2026-06-17,
WAPO,COVERAGE_CERTIFIED,True,1,200,https://web.ksei.co.id/services/registered-securities/shares/lc/WAPO?setLocale=en-US,a21aae9ef6ca3b70d0cd5cf881857a784d82cfd9867289a5612f7c6d2422a62b,32,32,1,0,2001-12-19,2026-06-29,
WBSA,COVERAGE_CERTIFIED,True,1,200,https://web.ksei.co.id/services/registered-securities/shares/lc/WBSA?setLocale=en-US,4b53ddd3052032a1f0c305216b649911eead25d8897d530c195f24c109b84efd,2,2,0,0,2026-05-12,2026-06-19,
WEGE,COVERAGE_CERTIFIED,True,1,200,https://web.ksei.co.id/services/registered-securities/shares/lc/WEGE?setLocale=en-US,1f6c87b32b2e4d85d158ab42b9e8c0ccf6816fb4ef8991c38fab05b3d4625e9a,25,24,0,0,2018-03-01,2026-05-12,
WEHA,COVERAGE_CERTIFIED,True,1,200,https://web.ksei.co.id/services/registered-securities/shares/lc/WEHA?setLocale=en-US,71e686231602f22af71b03228381fb3ead66f0a97548da72b70650d8b4c82eb8,33,32,2,0,2007-07-02,2026-06-11,
WIDI,COVERAGE_CERTIFIED,True,1,200,https://web.ksei.co.id/services/registered-securities/shares/lc/WIDI?setLocale=en-US,2b16d14049968716f410b571710e27d58d852b0b6b4d420444179961a970f7af,5,5,0,0,2024-05-13,2026-06-09,
WIFI,COVERAGE_CERTIFIED,True,1,200,https://web.ksei.co.id/services/registered-securities/shares/lc/WIFI?setLocale=en-US,7a1786062b26743d0d7e143fb0e6f98f80df2d9fb8e3c1715cec3c6321bb464a,25,25,1,0,2021-05-18,2026-07-31,
WIIM,COVERAGE_CERTIFIED,True,1,200,https://web.ksei.co.id/services/registered-securities/shares/lc/WIIM?setLocale=en-US,02d337219edb17f2284b44595446b90bffac377e07ce96533886a04e8e8c80c8,28,27,0,0,2013-04-30,2026-06-12,
WIKA,COVERAGE_CERTIFIED,True,1,200,https://web.ksei.co.id/services/registered-securities/shares/lc/WIKA?setLocale=en-US,2e783ee1a5ad26964f661309a9a7b16c49150e4bf33d73d080689e5d600cb935,51,48,2,0,2008-04-29,2026-05-11,
WINE,COVERAGE_CERTIFIED,True,2,200,https://web.ksei.co.id/services/registered-securities/shares/lc/WINE?setLocale=en-US,70719254ba0b1218f39d7469a126544750e8d4b90124e0599b00e07f3c5cb0d2,8,8,0,0,2023-05-25,2026-07-17,
WINR,COVERAGE_CERTIFIED,True,1,200,https://web.ksei.co.id/services/registered-securities/shares/lc/WINR?setLocale=en-US,1fbedf3b981b611e18691fe13df885661e3936e9467fdde09c64752a5722146d,6,6,0,0,2022-07-06,2026-06-25,
WINS,COVERAGE_CERTIFIED,True,1,200,https://web.ksei.co.id/services/registered-securities/shares/lc/WINS?setLocale=en-US,d2269bfed3d9f14ba06160641904a75d4753db706a8946793359fbcc5302280f,29,25,0,6,2011-05-20,2026-06-18,
WIRG,COVERAGE_CERTIFIED,True,1,200,https://web.ksei.co.id/services/registered-securities/shares/lc/WIRG?setLocale=en-US,5afbebd40ce010f5f7c2e2b9e01c42d9c6ed793662f5a9f24ca69f90c8473ea9,6,6,0,0,2022-09-07,2026-06-25,
WMPP,COVERAGE_CERTIFIED,True,1,200,https://web.ksei.co.id/services/registered-securities/shares/lc/WMPP?setLocale=en-US,65be83e4daa9b47d8c2d2709d9cb977d6f40e2c9bcaa4cd41f1dc8a07571ab0c,5,5,0,0,2022-05-24,2026-05-21,
WMUU,COVERAGE_CERTIFIED,True,1,200,https://web.ksei.co.id/services/registered-securities/shares/lc/WMUU?setLocale=en-US,fc2b1af1c13593d63f6f18e2078c3fa283fb8d63b4728f4b7b8748245005a1ae,8,8,0,0,2021-05-11,2026-04-13,
WOOD,COVERAGE_CERTIFIED,True,1,200,https://web.ksei.co.id/services/registered-securities/shares/lc/WOOD?setLocale=en-US,891b81eebef94e50efb7c9b1a8e92fea27a6d460865980f3c33de63326a7603c,12,12,0,0,2017-10-03,2026-06-19,
WOWS,COVERAGE_CERTIFIED,True,1,200,https://web.ksei.co.id/services/registered-securities/shares/lc/WOWS?setLocale=en-US,538bcc0086a2e450e00dae89b53c4e73e4035c406fa0ffd356d2721dcf8020e0,9,9,0,0,2020-02-28,2026-06-30,
WSBP,COVERAGE_CERTIFIED,True,1,200,https://web.ksei.co.id/services/registered-securities/shares/lc/WSBP?setLocale=en-US,8122f0eda2b996f8ea597eda0e294695fc01abcabedb3cebc85ae448fd1baf73,28,26,0,0,2017-01-06,2026-05-22,
WTON,COVERAGE_CERTIFIED,True,1,200,https://web.ksei.co.id/services/registered-securities/shares/lc/WTON?setLocale=en-US,a34d7584ca7a55c98e97bd0a0077e2bffb100ed0d3f2ebfc8ec5c639ba5b9cae,33,32,0,0,2015-03-09,2026-07-10,
YELO,COVERAGE_CERTIFIED,True,1,200,https://web.ksei.co.id/services/registered-securities/shares/lc/YELO?setLocale=en-US,268c7422aeaf75da17ec4a45411e8fc8e15b751d3d886707c13b3fffbf800ccf,28,28,2,0,2019-05-28,2026-09-03,
YOII,COVERAGE_CERTIFIED,True,3,200,https://web.ksei.co.id/services/registered-securities/shares/lc/YOII?setLocale=en-US,73277fc913333428989829c7644741250abf20fa3189c05ed82518664ce8ac94,4,4,1,0,2025-03-27,2026-07-07,
YUPI,COVERAGE_CERTIFIED,True,3,200,https://web.ksei.co.id/services/registered-securities/shares/lc/YUPI?setLocale=en-US,1dd65efe20f0ecdc0f6885a0e8212f3639b49ef8b8ad98d79bfb85846b37008c,6,6,0,0,2025-06-02,2026-06-25,
ZATA,COVERAGE_CERTIFIED,True,1,200,https://web.ksei.co.id/services/registered-securities/shares/lc/ZATA?setLocale=en-US,5d9b40f785c95ba3f32e3c4096f51feb1c39cc141a453c4905e4ed3d874e947b,8,8,0,0,2023-05-02,2026-09-02,
