session_index,date,decision_rows,open_t1_rows,h5_close_rows,h10_close_rows,h5_target_rows,h10_target_rows,both_target_rows,ca_h5_rows,ca_h10_rows,ca_both_rows,open_t1_rate,open_t1_gate,h5_target_rate,h5_target_gate,h10_target_rate,h10_target_gate,both_target_rate,both_target_gate,ca_h5_rate,ca_h5_gate,ca_h10_rate,ca_h10_gate,ca_both_rate,ca_both_gate,eligible_h5,eligible_h10,eligible_consensus
0,2021-04-29,0,0,0,0,0,0,0,0,0,0,,False,,False,,False,,False,,False,,False,,False,False,False,False
1,2021-04-30,0,0,0,0,0,0,0,0,0,0,,False,,False,,False,,False,,False,,False,,False,False,False,False
2,2021-05-03,0,0,0,0,0,0,0,0,0,0,,False,,False,,False,,False,,False,,False,,False,False,False,False
3,2021-05-04,0,0,0,0,0,0,0,0,0,0,,False,,False,,False,,False,,False,,False,,False,False,False,False
4,2021-05-05,0,0,0,0,0,0,0,0,0,0,,False,,False,,False,,False,,False,,False,,False,False,False,False
5,2021-05-06,0,0,0,0,0,0,0,0,0,0,,False,,False,,False,,False,,False,,False,,False,False,False,False
6,2021-05-07,0,0,0,0,0,0,0,0,0,0,,False,,False,,False,,False,,False,,False,,False,False,False,False
7,2021-05-10,0,0,0,0,0,0,0,0,0,0,,False,,False,,False,,False,,False,,False,,False,False,False,False
8,2021-05-11,0,0,0,0,0,0,0,0,0,0,,False,,False,,False,,False,,False,,False,,False,False,False,False
9,2021-05-17,0,0,0,0,0,0,0,0,0,0,,False,,False,,False,,False,,False,,False,,False,False,False,False
10,2021-05-18,0,0,0,0,0,0,0,0,0,0,,False,,False,,False,,False,,False,,False,,False,False,False,False
11,2021-05-19,0,0,0,0,0,0,0,0,0,0,,False,,False,,False,,False,,False,,False,,False,False,False,False
12,2021-05-20,0,0,0,0,0,0,0,0,0,0,,False,,False,,False,,False,,False,,False,,False,False,False,False
13,2021-05-21,0,0,0,0,0,0,0,0,0,0,,False,,False,,False,,False,,False,,False,,False,False,False,False
14,2021-05-24,0,0,0,0,0,0,0,0,0,0,,False,,False,,False,,False,,False,,False,,False,False,False,False
15,2021-05-25,0,0,0,0,0,0,0,0,0,0,,False,,False,,False,,False,,False,,False,,False,False,False,False
16,2021-05-27,0,0,0,0,0,0,0,0,0,0,,False,,False,,False,,False,,False,,False,,False,False,False,False
17,2021-05-28,0,0,0,0,0,0,0,0,0,0,,False,,False,,False,,False,,False,,False,,False,False,False,False
18,2021-05-31,0,0,0,0,0,0,0,0,0,0,,False,,False,,False,,False,,False,,False,,False,False,False,False
19,2021-06-02,228,194,228,228,194,194,194,228,228,228,0.8508771929824561,False,0.8508771929824561,False,0.8508771929824561,False,0.8508771929824561,False,1.0,True,1.0,True,1.0,True,False,False,False
20,2021-06-03,230,198,227,230,195,198,195,226,229,226,0.8608695652173913,False,0.8478260869565217,False,0.8608695652173913,False,0.8478260869565217,False,0.9826086956521739,True,0.9956521739130435,True,0.9826086956521739,True,False,False,False
21,2021-06-04,229,198,228,228,197,197,196,227,227,226,0.8646288209606987,False,0.8602620087336245,False,0.8602620087336245,False,0.8558951965065502,False,0.9912663755458515,True,0.9912663755458515,True,0.9868995633187773,True,False,False,False
22,2021-06-07,229,200,228,228,200,199,199,228,227,227,0.8733624454148472,False,0.8733624454148472,False,0.868995633187773,False,0.868995633187773,False,0.9956331877729258,True,0.9912663755458515,True,0.9912663755458515,True,False,False,False
23,2021-06-08,230,199,230,229,199,198,198,230,229,229,0.8652173913043478,False,0.8652173913043478,False,0.8608695652173913,False,0.8608695652173913,False,1.0,True,0.9956521739130435,True,0.9956521739130435,True,False,False,False
24,2021-06-09,231,196,231,229,196,195,195,229,227,227,0.8484848484848485,False,0.8484848484848485,False,0.8441558441558441,False,0.8441558441558441,False,0.9913419913419913,True,0.9826839826839827,True,0.9826839826839827,True,False,False,False
25,2021-06-10,230,202,229,228,202,201,201,229,228,228,0.8782608695652174,False,0.8782608695652174,False,0.8739130434782608,False,0.8739130434782608,False,0.9956521739130435,True,0.991304347826087,True,0.991304347826087,True,False,False,False
26,2021-06-11,231,202,229,230,201,201,201,229,229,229,0.8744588744588745,False,0.8701298701298701,False,0.8701298701298701,False,0.8701298701298701,False,0.9913419913419913,True,0.9913419913419913,True,0.9913419913419913,True,False,False,False
27,2021-06-14,232,204,231,231,203,203,203,231,231,231,0.8793103448275862,False,0.875,False,0.875,False,0.875,False,0.9956896551724138,True,0.9956896551724138,True,0.9956896551724138,True,False,False,False
28,2021-06-15,233,202,231,232,201,201,201,231,232,231,0.8669527896995708,False,0.8626609442060086,False,0.8626609442060086,False,0.8626609442060086,False,0.9914163090128756,True,0.9957081545064378,True,0.9914163090128756,True,False,False,False
29,2021-06-16,235,205,233,234,204,204,204,233,233,233,0.8723404255319149,False,0.8680851063829788,False,0.8680851063829788,False,0.8680851063829788,False,0.9914893617021276,True,0.9914893617021276,True,0.9914893617021276,True,False,False,False
30,2021-06-17,235,208,234,232,208,206,206,234,232,232,0.8851063829787233,False,0.8851063829787233,False,0.8765957446808511,False,0.8765957446808511,False,0.9957446808510638,True,0.9872340425531915,True,0.9872340425531915,True,False,False,False
31,2021-06-18,237,209,237,236,209,208,208,237,236,236,0.8818565400843882,False,0.8818565400843882,False,0.8776371308016878,False,0.8776371308016878,False,1.0,True,0.9957805907172996,True,0.9957805907172996,True,False,False,False
32,2021-06-21,238,203,238,238,203,203,203,238,238,238,0.8529411764705882,False,0.8529411764705882,False,0.8529411764705882,False,0.8529411764705882,False,1.0,True,1.0,True,1.0,True,False,False,False
33,2021-06-22,237,207,237,237,207,207,207,236,236,236,0.8734177215189873,False,0.8734177215189873,False,0.8734177215189873,False,0.8734177215189873,False,0.9957805907172996,True,0.9957805907172996,True,0.9957805907172996,True,False,False,False
34,2021-06-23,235,205,235,235,205,205,205,235,235,235,0.8723404255319149,False,0.8723404255319149,False,0.8723404255319149,False,0.8723404255319149,False,1.0,True,1.0,True,1.0,True,False,False,False
35,2021-06-24,234,204,232,233,202,203,202,232,233,232,0.8717948717948718,False,0.8632478632478633,False,0.8675213675213675,False,0.8632478632478633,False,0.9914529914529915,True,0.9957264957264957,True,0.9914529914529915,True,False,False,False
36,2021-06-25,235,206,234,234,205,205,204,234,234,233,0.8765957446808511,False,0.8723404255319149,False,0.8723404255319149,False,0.8680851063829788,False,0.9957446808510638,True,0.9957446808510638,True,0.9914893617021276,True,False,False,False
37,2021-06-28,235,208,235,234,208,207,207,235,234,234,0.8851063829787233,False,0.8851063829787233,False,0.8808510638297873,False,0.8808510638297873,False,1.0,True,0.9957446808510638,True,0.9957446808510638,True,False,False,False
38,2021-06-29,235,203,235,233,203,201,201,235,233,233,0.8638297872340426,False,0.8638297872340426,False,0.8553191489361702,False,0.8553191489361702,False,1.0,True,0.9914893617021276,True,0.9914893617021276,True,False,False,False
39,2021-06-30,236,205,235,234,205,205,205,234,234,234,0.8686440677966102,False,0.8686440677966102,False,0.8686440677966102,False,0.8686440677966102,False,0.9915254237288136,True,0.9915254237288136,True,0.9915254237288136,True,False,False,False
40,2021-07-01,234,202,234,234,202,202,202,234,234,234,0.8632478632478633,False,0.8632478632478633,False,0.8632478632478633,False,0.8632478632478633,False,1.0,True,1.0,True,1.0,True,False,False,False
41,2021-07-02,235,203,234,234,202,202,202,234,234,234,0.8638297872340426,False,0.8595744680851064,False,0.8595744680851064,False,0.8595744680851064,False,0.9957446808510638,True,0.9957446808510638,True,0.9957446808510638,True,False,False,False
42,2021-07-05,234,201,233,233,200,200,200,233,233,233,0.8589743589743589,False,0.8547008547008547,False,0.8547008547008547,False,0.8547008547008547,False,0.9957264957264957,True,0.9957264957264957,True,0.9957264957264957,True,False,False,False
43,2021-07-06,233,201,232,233,200,201,200,232,233,232,0.8626609442060086,False,0.8583690987124464,False,0.8626609442060086,False,0.8583690987124464,False,0.9957081545064378,True,1.0,True,0.9957081545064378,True,False,False,False
44,2021-07-07,237,203,236,237,202,203,202,235,236,235,0.8565400843881856,False,0.8523206751054853,False,0.8565400843881856,False,0.8523206751054853,False,0.9915611814345991,True,0.9957805907172996,True,0.9915611814345991,True,False,False,False
45,2021-07-08,236,204,235,236,204,204,204,235,235,235,0.864406779661017,False,0.864406779661017,False,0.864406779661017,False,0.864406779661017,False,0.9957627118644068,True,0.9957627118644068,True,0.9957627118644068,True,False,False,False
46,2021-07-09,234,202,234,234,202,202,202,234,234,234,0.8632478632478633,False,0.8632478632478633,False,0.8632478632478633,False,0.8632478632478633,False,1.0,True,1.0,True,1.0,True,False,False,False
47,2021-07-12,235,209,235,235,209,209,209,235,235,235,0.8893617021276595,False,0.8893617021276595,False,0.8893617021276595,False,0.8893617021276595,False,1.0,True,1.0,True,1.0,True,False,False,False
48,2021-07-13,236,205,236,236,205,205,205,236,236,236,0.8686440677966102,False,0.8686440677966102,False,0.8686440677966102,False,0.8686440677966102,False,1.0,True,1.0,True,1.0,True,False,False,False
49,2021-07-14,236,202,236,236,202,202,202,236,236,236,0.8559322033898306,False,0.8559322033898306,False,0.8559322033898306,False,0.8559322033898306,False,1.0,True,1.0,True,1.0,True,False,False,False
50,2021-07-15,235,202,235,235,202,202,202,235,235,235,0.8595744680851064,False,0.8595744680851064,False,0.8595744680851064,False,0.8595744680851064,False,1.0,True,1.0,True,1.0,True,False,False,False
51,2021-07-16,236,205,236,235,205,204,204,236,235,235,0.8686440677966102,False,0.8686440677966102,False,0.864406779661017,False,0.864406779661017,False,1.0,True,0.9957627118644068,True,0.9957627118644068,True,False,False,False
52,2021-07-19,236,203,236,235,203,202,202,236,235,235,0.8601694915254238,False,0.8601694915254238,False,0.8559322033898306,False,0.8559322033898306,False,1.0,True,0.9957627118644068,True,0.9957627118644068,True,False,False,False
53,2021-07-21,240,206,240,239,206,205,205,240,239,239,0.8583333333333333,False,0.8583333333333333,False,0.8541666666666666,False,0.8541666666666666,False,1.0,True,0.9958333333333333,True,0.9958333333333333,True,False,False,False
54,2021-07-22,238,206,238,237,206,205,205,238,237,237,0.865546218487395,False,0.865546218487395,False,0.8613445378151261,False,0.8613445378151261,False,1.0,True,0.9957983193277311,True,0.9957983193277311,True,False,False,False
55,2021-07-23,240,209,240,239,209,208,208,240,239,239,0.8708333333333333,False,0.8708333333333333,False,0.8666666666666667,False,0.8666666666666667,False,1.0,True,0.9958333333333333,True,0.9958333333333333,True,False,False,False
56,2021-07-26,242,207,240,239,205,205,204,240,239,238,0.8553719008264463,False,0.8471074380165289,False,0.8471074380165289,False,0.8429752066115702,False,0.9917355371900827,True,0.987603305785124,True,0.9834710743801653,True,False,False,False
57,2021-07-27,242,209,240,241,207,208,207,240,241,240,0.8636363636363636,False,0.8553719008264463,False,0.859504132231405,False,0.8553719008264463,False,0.9917355371900827,True,0.9958677685950413,True,0.9917355371900827,True,False,False,False
58,2021-07-28,241,210,239,240,208,209,208,239,240,239,0.8713692946058091,False,0.8630705394190872,False,0.8672199170124482,False,0.8630705394190872,False,0.991701244813278,True,0.995850622406639,True,0.991701244813278,True,False,False,False
59,2021-07-29,243,213,241,242,211,212,211,241,242,241,0.8765432098765432,False,0.8683127572016461,False,0.8724279835390947,False,0.8683127572016461,False,0.9917695473251029,True,0.9958847736625515,True,0.9917695473251029,True,False,False,False
60,2021-07-30,244,216,243,243,216,216,216,242,242,242,0.8852459016393442,False,0.8852459016393442,False,0.8852459016393442,False,0.8852459016393442,False,0.9918032786885246,True,0.9918032786885246,True,0.9918032786885246,True,False,False,False
61,2021-08-02,244,212,242,243,211,211,210,242,243,241,0.8688524590163934,False,0.8647540983606558,False,0.8647540983606558,False,0.860655737704918,False,0.9918032786885246,True,0.9959016393442623,True,0.9877049180327869,True,False,False,False
62,2021-08-03,247,216,247,247,216,216,216,247,247,247,0.8744939271255061,False,0.8744939271255061,False,0.8744939271255061,False,0.8744939271255061,False,1.0,True,1.0,True,1.0,True,False,False,False
63,2021-08-04,246,216,246,246,216,216,216,246,246,246,0.8780487804878049,False,0.8780487804878049,False,0.8780487804878049,False,0.8780487804878049,False,1.0,True,1.0,True,1.0,True,False,False,False
64,2021-08-05,248,220,248,248,220,220,220,248,248,248,0.8870967741935484,False,0.8870967741935484,False,0.8870967741935484,False,0.8870967741935484,False,1.0,True,1.0,True,1.0,True,False,False,False
65,2021-08-06,249,218,249,248,218,218,218,247,246,246,0.8755020080321285,False,0.8755020080321285,False,0.8755020080321285,False,0.8755020080321285,False,0.9919678714859438,True,0.9879518072289156,True,0.9879518072289156,True,False,False,False
66,2021-08-09,247,221,246,245,220,219,219,246,245,245,0.8947368421052632,False,0.8906882591093117,False,0.8866396761133604,False,0.8866396761133604,False,0.9959514170040485,True,0.9919028340080972,True,0.9919028340080972,True,False,False,False
67,2021-08-10,250,220,250,249,220,219,219,250,249,249,0.88,False,0.88,False,0.876,False,0.876,False,1.0,True,0.996,True,0.996,True,False,False,False
68,2021-08-12,249,217,249,248,217,216,216,249,248,248,0.8714859437751004,False,0.8714859437751004,False,0.8674698795180723,False,0.8674698795180723,False,1.0,True,0.9959839357429718,True,0.9959839357429718,True,False,False,False
69,2021-08-13,248,219,248,245,219,216,216,248,245,245,0.8830645161290323,False,0.8830645161290323,False,0.8709677419354839,False,0.8709677419354839,False,1.0,True,0.9879032258064516,True,0.9879032258064516,True,False,False,False
70,2021-08-16,248,217,247,246,217,216,216,246,246,245,0.875,False,0.875,False,0.8709677419354839,False,0.8709677419354839,False,0.9919354838709677,True,0.9919354838709677,True,0.9879032258064516,True,False,False,False
71,2021-08-18,248,218,247,247,218,217,217,247,247,246,0.8790322580645161,False,0.8790322580645161,False,0.875,False,0.875,False,0.9959677419354839,True,0.9959677419354839,True,0.9919354838709677,True,False,False,False
72,2021-08-19,251,219,250,250,218,218,217,250,250,249,0.8725099601593626,False,0.8685258964143426,False,0.8685258964143426,False,0.8645418326693227,False,0.9960159362549801,True,0.9960159362549801,True,0.9920318725099602,True,False,False,False
73,2021-08-20,251,218,250,250,217,217,216,250,250,249,0.8685258964143426,False,0.8645418326693227,False,0.8645418326693227,False,0.8605577689243028,False,0.9960159362549801,True,0.9960159362549801,True,0.9920318725099602,True,False,False,False
74,2021-08-23,250,222,247,249,219,221,219,246,248,246,0.888,False,0.876,False,0.884,False,0.876,False,0.984,True,0.992,True,0.984,True,False,False,False
75,2021-08-24,250,217,248,249,216,216,216,247,247,247,0.868,False,0.864,False,0.864,False,0.864,False,0.988,True,0.988,True,0.988,True,False,False,False
76,2021-08-25,249,220,248,248,219,219,219,248,248,248,0.8835341365461847,False,0.8795180722891566,False,0.8795180722891566,False,0.8795180722891566,False,0.9959839357429718,True,0.9959839357429718,True,0.9959839357429718,True,False,False,False
77,2021-08-26,253,225,252,252,224,224,224,252,252,252,0.8893280632411067,False,0.8853754940711462,False,0.8853754940711462,False,0.8853754940711462,False,0.9960474308300395,True,0.9960474308300395,True,0.9960474308300395,True,False,False,False
78,2021-08-27,251,217,250,250,217,217,217,249,249,249,0.8645418326693227,False,0.8645418326693227,False,0.8645418326693227,False,0.8645418326693227,False,0.9920318725099602,True,0.9920318725099602,True,0.9920318725099602,True,False,False,False
79,2021-08-30,250,219,250,250,219,219,219,250,250,250,0.876,False,0.876,False,0.876,False,0.876,False,1.0,True,1.0,True,1.0,True,False,False,False
80,2021-08-31,251,221,251,251,221,221,221,251,251,251,0.8804780876494024,False,0.8804780876494024,False,0.8804780876494024,False,0.8804780876494024,False,1.0,True,1.0,True,1.0,True,False,False,False
81,2021-09-01,250,219,250,249,219,218,218,250,249,249,0.876,False,0.876,False,0.872,False,0.872,False,1.0,True,0.996,True,0.996,True,False,False,False
82,2021-09-02,252,222,252,252,222,222,222,252,252,252,0.8809523809523809,False,0.8809523809523809,False,0.8809523809523809,False,0.8809523809523809,False,1.0,True,1.0,True,1.0,True,False,False,False
83,2021-09-03,251,219,251,251,219,219,219,251,251,251,0.8725099601593626,False,0.8725099601593626,False,0.8725099601593626,False,0.8725099601593626,False,1.0,True,1.0,True,1.0,True,False,False,False
84,2021-09-06,253,221,253,253,221,221,221,253,253,253,0.8735177865612648,False,0.8735177865612648,False,0.8735177865612648,False,0.8735177865612648,False,1.0,True,1.0,True,1.0,True,False,False,False
85,2021-09-07,254,222,254,253,222,221,221,254,253,253,0.8740157480314961,False,0.8740157480314961,False,0.8700787401574803,False,0.8700787401574803,False,1.0,True,0.9960629921259843,True,0.9960629921259843,True,False,False,False
86,2021-09-08,255,226,254,255,225,226,225,254,255,254,0.8862745098039215,False,0.8823529411764706,False,0.8862745098039215,False,0.8823529411764706,False,0.996078431372549,True,1.0,True,0.996078431372549,True,False,False,False
87,2021-09-09,253,220,253,253,220,220,220,253,253,253,0.8695652173913043,False,0.8695652173913043,False,0.8695652173913043,False,0.8695652173913043,False,1.0,True,1.0,True,1.0,True,False,False,False
88,2021-09-10,252,217,252,252,217,217,217,252,252,252,0.8611111111111112,False,0.8611111111111112,False,0.8611111111111112,False,0.8611111111111112,False,1.0,True,1.0,True,1.0,True,False,False,False
89,2021-09-13,254,223,254,252,223,221,221,254,252,252,0.8779527559055118,False,0.8779527559055118,False,0.8700787401574803,False,0.8700787401574803,False,1.0,True,0.9921259842519685,True,0.9921259842519685,True,False,False,False
90,2021-09-14,255,222,254,253,221,220,220,253,252,252,0.8705882352941177,False,0.8666666666666667,False,0.8627450980392157,False,0.8627450980392157,False,0.9921568627450981,True,0.9882352941176471,True,0.9882352941176471,True,False,False,False
91,2021-09-15,255,222,255,252,222,220,220,255,252,252,0.8705882352941177,False,0.8705882352941177,False,0.8627450980392157,False,0.8627450980392157,False,1.0,True,0.9882352941176471,True,0.9882352941176471,True,False,False,False
92,2021-09-16,256,221,256,253,221,219,219,256,253,253,0.86328125,False,0.86328125,False,0.85546875,False,0.85546875,False,1.0,True,0.98828125,True,0.98828125,True,False,False,False
93,2021-09-17,254,222,254,251,222,220,220,254,251,251,0.8740157480314961,False,0.8740157480314961,False,0.8661417322834646,False,0.8661417322834646,False,1.0,True,0.9881889763779528,True,0.9881889763779528,True,False,False,False
94,2021-09-20,255,221,253,252,220,220,220,253,252,252,0.8666666666666667,False,0.8627450980392157,False,0.8627450980392157,False,0.8627450980392157,False,0.9921568627450981,True,0.9882352941176471,True,0.9882352941176471,True,False,False,False
95,2021-09-21,256,223,255,254,222,222,222,255,254,254,0.87109375,False,0.8671875,False,0.8671875,False,0.8671875,False,0.99609375,True,0.9921875,True,0.9921875,True,False,False,False
96,2021-09-22,256,223,253,254,221,222,221,253,254,253,0.87109375,False,0.86328125,False,0.8671875,False,0.86328125,False,0.98828125,True,0.9921875,True,0.98828125,True,False,False,False
97,2021-09-23,257,226,254,256,224,225,224,254,256,254,0.8793774319066148,False,0.8715953307392996,False,0.8754863813229572,False,0.8715953307392996,False,0.9883268482490273,True,0.9961089494163424,True,0.9883268482490273,True,False,False,False
98,2021-09-24,257,224,254,256,224,224,224,254,255,254,0.8715953307392996,False,0.8715953307392996,False,0.8715953307392996,False,0.8715953307392996,False,0.9883268482490273,True,0.9922178988326849,True,0.9883268482490273,True,False,False,False
99,2021-09-27,257,231,256,257,231,231,231,256,257,256,0.8988326848249028,False,0.8988326848249028,False,0.8988326848249028,False,0.8988326848249028,False,0.9961089494163424,True,1.0,True,0.9961089494163424,True,False,False,False
100,2021-09-28,258,226,257,258,226,226,226,257,257,257,0.875968992248062,False,0.875968992248062,False,0.875968992248062,False,0.875968992248062,False,0.9961240310077519,True,0.9961240310077519,True,0.9961240310077519,True,False,False,False
101,2021-09-29,259,229,259,259,229,229,229,259,259,259,0.8841698841698842,False,0.8841698841698842,False,0.8841698841698842,False,0.8841698841698842,False,1.0,True,1.0,True,1.0,True,False,False,False
102,2021-09-30,260,230,260,260,230,230,230,260,260,260,0.8846153846153846,False,0.8846153846153846,False,0.8846153846153846,False,0.8846153846153846,False,1.0,True,1.0,True,1.0,True,False,False,False
103,2021-10-01,263,231,263,263,231,231,231,263,263,263,0.8783269961977186,False,0.8783269961977186,False,0.8783269961977186,False,0.8783269961977186,False,1.0,True,1.0,True,1.0,True,False,False,False
104,2021-10-04,267,238,267,267,238,238,238,267,267,267,0.8913857677902621,False,0.8913857677902621,False,0.8913857677902621,False,0.8913857677902621,False,1.0,True,1.0,True,1.0,True,False,False,False
105,2021-10-05,273,241,273,273,241,241,241,273,273,273,0.8827838827838828,False,0.8827838827838828,False,0.8827838827838828,False,0.8827838827838828,False,1.0,True,1.0,True,1.0,True,False,False,False
106,2021-10-06,275,243,275,275,243,243,243,275,275,275,0.8836363636363637,False,0.8836363636363637,False,0.8836363636363637,False,0.8836363636363637,False,1.0,True,1.0,True,1.0,True,False,False,False
107,2021-10-07,274,239,274,274,239,239,239,274,274,274,0.8722627737226277,False,0.8722627737226277,False,0.8722627737226277,False,0.8722627737226277,False,1.0,True,1.0,True,1.0,True,False,False,False
108,2021-10-08,272,242,272,272,242,242,242,272,272,272,0.8897058823529411,False,0.8897058823529411,False,0.8897058823529411,False,0.8897058823529411,False,1.0,True,1.0,True,1.0,True,False,False,False
109,2021-10-11,275,244,275,275,244,244,244,275,275,275,0.8872727272727273,False,0.8872727272727273,False,0.8872727272727273,False,0.8872727272727273,False,1.0,True,1.0,True,1.0,True,False,False,False
110,2021-10-12,278,247,278,278,247,247,247,278,278,278,0.8884892086330936,False,0.8884892086330936,False,0.8884892086330936,False,0.8884892086330936,False,1.0,True,1.0,True,1.0,True,False,False,False
111,2021-10-13,278,242,278,278,242,242,242,278,278,278,0.8705035971223022,False,0.8705035971223022,False,0.8705035971223022,False,0.8705035971223022,False,1.0,True,1.0,True,1.0,True,False,False,False
112,2021-10-14,280,247,280,280,247,247,247,280,280,280,0.8821428571428571,False,0.8821428571428571,False,0.8821428571428571,False,0.8821428571428571,False,1.0,True,1.0,True,1.0,True,False,False,False
113,2021-10-15,281,249,281,281,249,249,249,281,281,281,0.8861209964412812,False,0.8861209964412812,False,0.8861209964412812,False,0.8861209964412812,False,1.0,True,1.0,True,1.0,True,False,False,False
114,2021-10-18,282,250,282,282,250,250,250,282,282,282,0.8865248226950354,False,0.8865248226950354,False,0.8865248226950354,False,0.8865248226950354,False,1.0,True,1.0,True,1.0,True,False,False,False
115,2021-10-19,286,252,286,286,252,252,252,286,286,286,0.8811188811188811,False,0.8811188811188811,False,0.8811188811188811,False,0.8811188811188811,False,1.0,True,1.0,True,1.0,True,False,False,False
116,2021-10-21,288,255,288,288,255,255,255,288,288,288,0.8854166666666666,False,0.8854166666666666,False,0.8854166666666666,False,0.8854166666666666,False,1.0,True,1.0,True,1.0,True,False,False,False
117,2021-10-22,286,253,286,286,253,253,253,286,286,286,0.8846153846153846,False,0.8846153846153846,False,0.8846153846153846,False,0.8846153846153846,False,1.0,True,1.0,True,1.0,True,False,False,False
118,2021-10-25,288,256,288,288,256,256,256,288,288,288,0.8888888888888888,False,0.8888888888888888,False,0.8888888888888888,False,0.8888888888888888,False,1.0,True,1.0,True,1.0,True,False,False,False
119,2021-10-26,288,257,288,288,257,257,257,288,288,288,0.8923611111111112,False,0.8923611111111112,False,0.8923611111111112,False,0.8923611111111112,False,1.0,True,1.0,True,1.0,True,False,False,False
120,2021-10-27,287,257,287,287,257,257,257,287,287,287,0.8954703832752613,False,0.8954703832752613,False,0.8954703832752613,False,0.8954703832752613,False,1.0,True,1.0,True,1.0,True,False,False,False
121,2021-10-28,288,254,288,288,254,254,254,288,288,288,0.8819444444444444,False,0.8819444444444444,False,0.8819444444444444,False,0.8819444444444444,False,1.0,True,1.0,True,1.0,True,False,False,False
122,2021-10-29,290,257,290,290,257,257,257,290,290,290,0.8862068965517241,False,0.8862068965517241,False,0.8862068965517241,False,0.8862068965517241,False,1.0,True,1.0,True,1.0,True,False,False,False
123,2021-11-01,292,260,292,292,260,260,260,292,292,292,0.8904109589041096,False,0.8904109589041096,False,0.8904109589041096,False,0.8904109589041096,False,1.0,True,1.0,True,1.0,True,False,False,False
124,2021-11-02,292,259,292,292,259,259,259,292,292,292,0.886986301369863,False,0.886986301369863,False,0.886986301369863,False,0.886986301369863,False,1.0,True,1.0,True,1.0,True,False,False,False
125,2021-11-03,291,258,291,291,258,258,258,291,291,291,0.8865979381443299,False,0.8865979381443299,False,0.8865979381443299,False,0.8865979381443299,False,1.0,True,1.0,True,1.0,True,False,False,False
126,2021-11-04,291,257,291,291,257,257,257,291,291,291,0.8831615120274914,False,0.8831615120274914,False,0.8831615120274914,False,0.8831615120274914,False,1.0,True,1.0,True,1.0,True,False,False,False
127,2021-11-05,291,257,291,291,257,257,257,291,291,291,0.8831615120274914,False,0.8831615120274914,False,0.8831615120274914,False,0.8831615120274914,False,1.0,True,1.0,True,1.0,True,False,False,False
128,2021-11-08,291,259,291,291,259,259,259,291,291,291,0.8900343642611683,False,0.8900343642611683,False,0.8900343642611683,False,0.8900343642611683,False,1.0,True,1.0,True,1.0,True,False,False,False
129,2021-11-09,294,261,294,294,261,261,261,294,294,294,0.8877551020408163,False,0.8877551020408163,False,0.8877551020408163,False,0.8877551020408163,False,1.0,True,1.0,True,1.0,True,False,False,False
130,2021-11-10,296,265,296,296,265,265,265,296,296,296,0.8952702702702703,False,0.8952702702702703,False,0.8952702702702703,False,0.8952702702702703,False,1.0,True,1.0,True,1.0,True,False,False,False
131,2021-11-11,296,264,296,296,264,264,264,296,296,296,0.8918918918918919,False,0.8918918918918919,False,0.8918918918918919,False,0.8918918918918919,False,1.0,True,1.0,True,1.0,True,False,False,False
132,2021-11-12,295,264,295,295,264,264,264,295,295,295,0.8949152542372881,False,0.8949152542372881,False,0.8949152542372881,False,0.8949152542372881,False,1.0,True,1.0,True,1.0,True,False,False,False
133,2021-11-15,294,262,294,294,262,262,262,294,294,294,0.891156462585034,False,0.891156462585034,False,0.891156462585034,False,0.891156462585034,False,1.0,True,1.0,True,1.0,True,False,False,False
134,2021-11-16,294,263,294,294,263,263,263,294,294,294,0.8945578231292517,False,0.8945578231292517,False,0.8945578231292517,False,0.8945578231292517,False,1.0,True,1.0,True,1.0,True,False,False,False
135,2021-11-17,294,265,294,294,265,265,265,294,294,294,0.9013605442176871,True,0.9013605442176871,True,0.9013605442176871,True,0.9013605442176871,True,1.0,True,1.0,True,1.0,True,True,True,True
136,2021-11-18,293,263,293,293,263,263,263,293,293,293,0.8976109215017065,False,0.8976109215017065,False,0.8976109215017065,False,0.8976109215017065,False,1.0,True,1.0,True,1.0,True,False,False,False
137,2021-11-19,295,265,295,295,265,265,265,295,295,295,0.8983050847457628,False,0.8983050847457628,False,0.8983050847457628,False,0.8983050847457628,False,1.0,True,1.0,True,1.0,True,False,False,False
138,2021-11-22,294,265,294,294,265,265,265,294,294,294,0.9013605442176871,True,0.9013605442176871,True,0.9013605442176871,True,0.9013605442176871,True,1.0,True,1.0,True,1.0,True,True,True,True
139,2021-11-23,296,265,296,296,265,265,265,296,296,296,0.8952702702702703,False,0.8952702702702703,False,0.8952702702702703,False,0.8952702702702703,False,1.0,True,1.0,True,1.0,True,False,False,False
140,2021-11-24,297,267,297,296,267,266,266,297,296,296,0.898989898989899,False,0.898989898989899,False,0.8956228956228957,False,0.8956228956228957,False,1.0,True,0.9966329966329966,True,0.9966329966329966,True,False,False,False
141,2021-11-25,296,267,296,296,267,267,267,296,296,296,0.902027027027027,True,0.902027027027027,True,0.902027027027027,True,0.902027027027027,True,1.0,True,1.0,True,1.0,True,True,True,True
142,2021-11-26,298,270,298,298,270,270,270,298,298,298,0.9060402684563759,True,0.9060402684563759,True,0.9060402684563759,True,0.9060402684563759,True,1.0,True,1.0,True,1.0,True,True,True,True
143,2021-11-29,301,274,301,301,274,274,274,301,301,301,0.9102990033222591,True,0.9102990033222591,True,0.9102990033222591,True,0.9102990033222591,True,1.0,True,1.0,True,1.0,True,True,True,True
144,2021-11-30,302,273,302,302,273,273,273,302,302,302,0.9039735099337748,True,0.9039735099337748,True,0.9039735099337748,True,0.9039735099337748,True,1.0,True,1.0,True,1.0,True,True,True,True
145,2021-12-01,307,279,306,306,278,278,278,306,306,306,0.9087947882736156,True,0.9055374592833876,True,0.9055374592833876,True,0.9055374592833876,True,0.996742671009772,True,0.996742671009772,True,0.996742671009772,True,True,True,True
146,2021-12-02,307,275,307,306,275,274,274,307,306,306,0.8957654723127035,False,0.8957654723127035,False,0.8925081433224755,False,0.8925081433224755,False,1.0,True,0.996742671009772,True,0.996742671009772,True,False,False,False
147,2021-12-03,307,277,307,306,277,276,276,307,306,306,0.9022801302931596,True,0.9022801302931596,True,0.8990228013029316,False,0.8990228013029316,False,1.0,True,0.996742671009772,True,0.996742671009772,True,True,False,False
148,2021-12-06,307,274,307,306,274,273,273,307,306,306,0.8925081433224755,False,0.8925081433224755,False,0.8892508143322475,False,0.8892508143322475,False,1.0,True,0.996742671009772,True,0.996742671009772,True,False,False,False
149,2021-12-07,306,276,306,304,276,275,275,305,304,304,0.9019607843137255,True,0.9019607843137255,True,0.8986928104575164,False,0.8986928104575164,False,0.9967320261437909,True,0.9934640522875817,True,0.9934640522875817,True,True,False,False
150,2021-12-08,305,272,305,305,272,272,272,305,305,305,0.8918032786885246,False,0.8918032786885246,False,0.8918032786885246,False,0.8918032786885246,False,1.0,True,1.0,True,1.0,True,False,False,False
151,2021-12-09,307,277,306,305,276,275,275,306,305,305,0.9022801302931596,True,0.8990228013029316,False,0.8957654723127035,False,0.8957654723127035,False,0.996742671009772,True,0.993485342019544,True,0.993485342019544,True,False,False,False
152,2021-12-10,304,273,303,304,272,273,272,303,304,303,0.8980263157894737,False,0.8947368421052632,False,0.8980263157894737,False,0.8947368421052632,False,0.9967105263157895,True,1.0,True,0.9967105263157895,True,False,False,False
153,2021-12-13,304,277,303,303,276,277,276,303,303,302,0.9111842105263158,True,0.9078947368421053,True,0.9111842105263158,True,0.9078947368421053,True,0.9967105263157895,True,0.9967105263157895,True,0.993421052631579,True,True,True,True
154,2021-12-14,303,272,301,303,271,272,271,301,302,301,0.8976897689768977,False,0.8943894389438944,False,0.8976897689768977,False,0.8943894389438944,False,0.9933993399339934,True,0.9966996699669967,True,0.9933993399339934,True,False,False,False
155,2021-12-15,300,275,300,300,275,275,275,300,300,300,0.9166666666666666,True,0.9166666666666666,True,0.9166666666666666,True,0.9166666666666666,True,1.0,True,1.0,True,1.0,True,True,True,True
156,2021-12-16,297,268,296,296,267,268,267,296,296,295,0.9023569023569024,True,0.898989898989899,False,0.9023569023569024,True,0.898989898989899,False,0.9966329966329966,True,0.9966329966329966,True,0.9932659932659933,True,False,True,False
157,2021-12-17,295,267,295,294,267,267,267,295,294,294,0.9050847457627119,True,0.9050847457627119,True,0.9050847457627119,True,0.9050847457627119,True,1.0,True,0.9966101694915255,True,0.9966101694915255,True,True,True,True
158,2021-12-20,296,264,295,295,264,264,264,294,294,294,0.8918918918918919,False,0.8918918918918919,False,0.8918918918918919,False,0.8918918918918919,False,0.9932432432432432,True,0.9932432432432432,True,0.9932432432432432,True,False,False,False
159,2021-12-21,295,267,295,295,267,267,267,295,295,295,0.9050847457627119,True,0.9050847457627119,True,0.9050847457627119,True,0.9050847457627119,True,1.0,True,1.0,True,1.0,True,True,True,True
160,2021-12-22,296,270,296,296,270,270,270,295,295,295,0.9121621621621622,True,0.9121621621621622,True,0.9121621621621622,True,0.9121621621621622,True,0.9966216216216216,True,0.9966216216216216,True,0.9966216216216216,True,True,True,True
161,2021-12-23,294,265,293,294,265,265,265,293,294,293,0.9013605442176871,True,0.9013605442176871,True,0.9013605442176871,True,0.9013605442176871,True,0.9965986394557823,True,1.0,True,0.9965986394557823,True,True,True,True
162,2021-12-24,294,268,293,294,268,268,268,293,293,293,0.9115646258503401,True,0.9115646258503401,True,0.9115646258503401,True,0.9115646258503401,True,0.9965986394557823,True,0.9965986394557823,True,0.9965986394557823,True,True,True,True
163,2021-12-27,293,269,293,293,269,269,269,293,293,293,0.9180887372013652,True,0.9180887372013652,True,0.9180887372013652,True,0.9180887372013652,True,1.0,True,1.0,True,1.0,True,True,True,True
164,2021-12-28,294,268,294,294,268,268,268,294,294,294,0.9115646258503401,True,0.9115646258503401,True,0.9115646258503401,True,0.9115646258503401,True,1.0,True,1.0,True,1.0,True,True,True,True
165,2021-12-29,293,268,293,293,268,268,268,292,292,292,0.9146757679180887,True,0.9146757679180887,True,0.9146757679180887,True,0.9146757679180887,True,0.9965870307167235,True,0.9965870307167235,True,0.9965870307167235,True,True,True,True
166,2021-12-30,293,267,293,293,267,267,267,293,293,293,0.9112627986348123,True,0.9112627986348123,True,0.9112627986348123,True,0.9112627986348123,True,1.0,True,1.0,True,1.0,True,True,True,True
167,2022-01-03,298,272,298,298,272,272,272,298,298,298,0.912751677852349,True,0.912751677852349,True,0.912751677852349,True,0.912751677852349,True,1.0,True,1.0,True,1.0,True,True,True,True
168,2022-01-04,299,273,299,299,273,273,273,299,299,299,0.9130434782608695,True,0.9130434782608695,True,0.9130434782608695,True,0.9130434782608695,True,1.0,True,1.0,True,1.0,True,True,True,True
169,2022-01-05,302,274,302,302,274,274,274,302,302,302,0.9072847682119205,True,0.9072847682119205,True,0.9072847682119205,True,0.9072847682119205,True,1.0,True,1.0,True,1.0,True,True,True,True
170,2022-01-06,304,277,304,304,277,277,277,304,304,304,0.9111842105263158,True,0.9111842105263158,True,0.9111842105263158,True,0.9111842105263158,True,1.0,True,1.0,True,1.0,True,True,True,True
171,2022-01-07,302,276,302,302,276,276,276,302,302,302,0.9139072847682119,True,0.9139072847682119,True,0.9139072847682119,True,0.9139072847682119,True,1.0,True,1.0,True,1.0,True,True,True,True
172,2022-01-10,301,280,301,301,280,280,280,301,301,301,0.9302325581395349,True,0.9302325581395349,True,0.9302325581395349,True,0.9302325581395349,True,1.0,True,1.0,True,1.0,True,True,True,True
173,2022-01-11,301,276,301,301,276,276,276,301,301,301,0.9169435215946844,True,0.9169435215946844,True,0.9169435215946844,True,0.9169435215946844,True,1.0,True,1.0,True,1.0,True,True,True,True
174,2022-01-12,300,276,300,300,276,276,276,300,300,300,0.92,True,0.92,True,0.92,True,0.92,True,1.0,True,1.0,True,1.0,True,True,True,True
175,2022-01-13,303,280,303,303,280,280,280,303,303,303,0.9240924092409241,True,0.9240924092409241,True,0.9240924092409241,True,0.9240924092409241,True,1.0,True,1.0,True,1.0,True,True,True,True
176,2022-01-14,302,278,302,302,278,278,278,302,302,302,0.9205298013245033,True,0.9205298013245033,True,0.9205298013245033,True,0.9205298013245033,True,1.0,True,1.0,True,1.0,True,True,True,True
177,2022-01-17,305,280,305,304,280,279,279,305,304,304,0.9180327868852459,True,0.9180327868852459,True,0.9147540983606557,True,0.9147540983606557,True,1.0,True,0.9967213114754099,True,0.9967213114754099,True,True,True,True
178,2022-01-18,306,280,306,305,280,279,279,306,305,305,0.9150326797385621,True,0.9150326797385621,True,0.9117647058823529,True,0.9117647058823529,True,1.0,True,0.9967320261437909,True,0.9967320261437909,True,True,True,True
179,2022-01-19,305,277,305,304,277,276,276,305,304,304,0.9081967213114754,True,0.9081967213114754,True,0.9049180327868852,True,0.9049180327868852,True,1.0,True,0.9967213114754099,True,0.9967213114754099,True,True,True,True
180,2022-01-20,302,276,302,301,276,275,275,302,301,301,0.9139072847682119,True,0.9139072847682119,True,0.9105960264900662,True,0.9105960264900662,True,1.0,True,0.9966887417218543,True,0.9966887417218543,True,True,True,True
181,2022-01-21,303,281,303,302,281,280,280,303,302,302,0.9273927392739274,True,0.9273927392739274,True,0.9240924092409241,True,0.9240924092409241,True,1.0,True,0.9966996699669967,True,0.9966996699669967,True,True,True,True
182,2022-01-24,300,278,299,299,277,277,277,299,299,299,0.9266666666666666,True,0.9233333333333333,True,0.9233333333333333,True,0.9233333333333333,True,0.9966666666666667,True,0.9966666666666667,True,0.9966666666666667,True,True,True,True
183,2022-01-25,302,277,301,300,276,275,275,301,300,300,0.9172185430463576,True,0.9139072847682119,True,0.9105960264900662,True,0.9105960264900662,True,0.9966887417218543,True,0.9933774834437086,True,0.9933774834437086,True,True,True,True
184,2022-01-26,301,276,300,299,275,274,274,300,299,299,0.9169435215946844,True,0.9136212624584718,True,0.9102990033222591,True,0.9102990033222591,True,0.9966777408637874,True,0.9933554817275747,True,0.9933554817275747,True,True,True,True
185,2022-01-27,303,277,302,302,276,276,276,302,302,302,0.9141914191419142,True,0.9108910891089109,True,0.9108910891089109,True,0.9108910891089109,True,0.9966996699669967,True,0.9966996699669967,True,0.9966996699669967,True,True,True,True
186,2022-01-28,305,278,304,304,278,278,278,304,304,304,0.9114754098360656,True,0.9114754098360656,True,0.9114754098360656,True,0.9114754098360656,True,0.9967213114754099,True,0.9967213114754099,True,0.9967213114754099,True,True,True,True
187,2022-01-31,304,279,304,303,279,278,278,304,303,303,0.9177631578947368,True,0.9177631578947368,True,0.9144736842105263,True,0.9144736842105263,True,1.0,True,0.9967105263157895,True,0.9967105263157895,True,True,True,True
188,2022-02-02,302,279,301,301,278,278,277,301,301,300,0.9238410596026491,True,0.9205298013245033,True,0.9205298013245033,True,0.9172185430463576,True,0.9966887417218543,True,0.9966887417218543,True,0.9933774834437086,True,True,True,True
189,2022-02-03,301,277,299,300,275,276,275,299,300,299,0.920265780730897,True,0.9136212624584718,True,0.9169435215946844,True,0.9136212624584718,True,0.9933554817275747,True,0.9966777408637874,True,0.9933554817275747,True,True,True,True
190,2022-02-04,300,274,299,298,273,272,272,299,298,298,0.9133333333333333,True,0.91,True,0.9066666666666666,True,0.9066666666666666,True,0.9966666666666667,True,0.9933333333333333,True,0.9933333333333333,True,True,True,True
191,2022-02-07,301,273,300,299,272,271,271,300,299,299,0.9069767441860465,True,0.9036544850498339,True,0.9003322259136213,True,0.9003322259136213,True,0.9966777408637874,True,0.9933554817275747,True,0.9933554817275747,True,True,True,True
192,2022-02-08,303,276,302,300,275,273,272,301,299,298,0.9108910891089109,True,0.9075907590759076,True,0.900990099009901,True,0.8976897689768977,False,0.9933993399339934,True,0.9867986798679867,True,0.9834983498349835,True,True,True,False
193,2022-02-09,303,277,302,302,277,277,277,301,301,301,0.9141914191419142,True,0.9141914191419142,True,0.9141914191419142,True,0.9141914191419142,True,0.9933993399339934,True,0.9933993399339934,True,0.9933993399339934,True,True,True,True
194,2022-02-10,300,275,300,300,275,275,275,300,300,300,0.9166666666666666,True,0.9166666666666666,True,0.9166666666666666,True,0.9166666666666666,True,1.0,True,1.0,True,1.0,True,True,True,True
195,2022-02-11,301,280,300,301,279,280,279,300,301,300,0.9302325581395349,True,0.9269102990033222,True,0.9302325581395349,True,0.9269102990033222,True,0.9966777408637874,True,1.0,True,0.9966777408637874,True,True,True,True
196,2022-02-14,300,275,299,300,274,275,274,299,300,299,0.9166666666666666,True,0.9133333333333333,True,0.9166666666666666,True,0.9133333333333333,True,0.9966666666666667,True,1.0,True,0.9966666666666667,True,True,True,True
197,2022-02-15,300,273,297,300,270,273,270,297,300,297,0.91,True,0.9,True,0.91,True,0.9,True,0.99,True,1.0,True,0.99,True,True,True,True
198,2022-02-16,298,274,297,298,273,274,273,297,298,297,0.9194630872483222,True,0.9161073825503355,True,0.9194630872483222,True,0.9161073825503355,True,0.9966442953020134,True,1.0,True,0.9966442953020134,True,True,True,True
199,2022-02-17,298,271,298,298,271,271,271,297,297,297,0.9093959731543624,True,0.9093959731543624,True,0.9093959731543624,True,0.9093959731543624,True,0.9966442953020134,True,0.9966442953020134,True,0.9966442953020134,True,True,True,True
200,2022-02-18,296,273,296,296,273,273,273,296,296,296,0.9222972972972973,True,0.9222972972972973,True,0.9222972972972973,True,0.9222972972972973,True,1.0,True,1.0,True,1.0,True,True,True,True
201,2022-02-21,296,273,296,296,273,273,273,294,294,294,0.9222972972972973,True,0.9222972972972973,True,0.9222972972972973,True,0.9222972972972973,True,0.9932432432432432,True,0.9932432432432432,True,0.9932432432432432,True,True,True,True
202,2022-02-22,296,272,296,296,272,272,272,296,296,296,0.918918918918919,True,0.918918918918919,True,0.918918918918919,True,0.918918918918919,True,1.0,True,1.0,True,1.0,True,True,True,True
203,2022-02-23,300,282,300,299,282,281,281,300,299,299,0.94,True,0.94,True,0.9366666666666666,True,0.9366666666666666,True,1.0,True,0.9966666666666667,True,0.9966666666666667,True,True,True,True
204,2022-02-24,301,277,301,301,277,277,277,301,301,301,0.920265780730897,True,0.920265780730897,True,0.920265780730897,True,0.920265780730897,True,1.0,True,1.0,True,1.0,True,True,True,True
205,2022-02-25,302,277,302,302,277,277,277,302,302,302,0.9172185430463576,True,0.9172185430463576,True,0.9172185430463576,True,0.9172185430463576,True,1.0,True,1.0,True,1.0,True,True,True,True
206,2022-03-01,302,279,302,302,279,279,279,302,302,302,0.9238410596026491,True,0.9238410596026491,True,0.9238410596026491,True,0.9238410596026491,True,1.0,True,1.0,True,1.0,True,True,True,True
207,2022-03-02,301,278,301,301,278,278,278,301,301,301,0.9235880398671097,True,0.9235880398671097,True,0.9235880398671097,True,0.9235880398671097,True,1.0,True,1.0,True,1.0,True,True,True,True
208,2022-03-04,300,277,299,300,276,277,276,299,300,299,0.9233333333333333,True,0.92,True,0.9233333333333333,True,0.92,True,0.9966666666666667,True,1.0,True,0.9966666666666667,True,True,True,True
209,2022-03-07,301,275,301,301,275,275,275,301,301,301,0.9136212624584718,True,0.9136212624584718,True,0.9136212624584718,True,0.9136212624584718,True,1.0,True,1.0,True,1.0,True,True,True,True
210,2022-03-08,298,273,298,297,273,272,272,298,297,297,0.9161073825503355,True,0.9161073825503355,True,0.912751677852349,True,0.912751677852349,True,1.0,True,0.9966442953020134,True,0.9966442953020134,True,True,True,True
211,2022-03-09,299,273,299,298,273,272,272,299,298,298,0.9130434782608695,True,0.9130434782608695,True,0.9096989966555183,True,0.9096989966555183,True,1.0,True,0.9966555183946488,True,0.9966555183946488,True,True,True,True
212,2022-03-10,299,273,299,298,273,273,273,298,298,298,0.9130434782608695,True,0.9130434782608695,True,0.9130434782608695,True,0.9130434782608695,True,0.9966555183946488,True,0.9966555183946488,True,0.9966555183946488,True,True,True,True
213,2022-03-11,299,275,299,299,275,275,275,299,299,299,0.919732441471572,True,0.919732441471572,True,0.919732441471572,True,0.919732441471572,True,1.0,True,1.0,True,1.0,True,True,True,True
214,2022-03-14,298,275,298,297,275,274,274,298,297,297,0.9228187919463087,True,0.9228187919463087,True,0.9194630872483222,True,0.9194630872483222,True,1.0,True,0.9966442953020134,True,0.9966442953020134,True,True,True,True
215,2022-03-15,297,270,296,296,269,269,268,296,296,295,0.9090909090909091,True,0.9057239057239057,True,0.9057239057239057,True,0.9023569023569024,True,0.9966329966329966,True,0.9966329966329966,True,0.9932659932659933,True,True,True,True
216,2022-03-16,297,273,296,296,272,272,272,296,296,296,0.9191919191919192,True,0.9158249158249159,True,0.9158249158249159,True,0.9158249158249159,True,0.9966329966329966,True,0.9966329966329966,True,0.9966329966329966,True,True,True,True
217,2022-03-17,298,273,297,297,272,272,272,297,297,297,0.9161073825503355,True,0.912751677852349,True,0.912751677852349,True,0.912751677852349,True,0.9966442953020134,True,0.9966442953020134,True,0.9966442953020134,True,True,True,True
218,2022-03-18,297,271,296,296,270,270,270,296,296,296,0.9124579124579124,True,0.9090909090909091,True,0.9090909090909091,True,0.9090909090909091,True,0.9966329966329966,True,0.9966329966329966,True,0.9966329966329966,True,True,True,True
219,2022-03-21,298,270,297,297,269,269,269,296,296,296,0.9060402684563759,True,0.9026845637583892,True,0.9026845637583892,True,0.9026845637583892,True,0.9932885906040269,True,0.9932885906040269,True,0.9932885906040269,True,True,True,True
220,2022-03-22,295,268,294,294,268,268,268,294,294,294,0.9084745762711864,True,0.9084745762711864,True,0.9084745762711864,True,0.9084745762711864,True,0.9966101694915255,True,0.9966101694915255,True,0.9966101694915255,True,True,True,True
221,2022-03-23,293,268,293,293,268,268,268,293,293,293,0.9146757679180887,True,0.9146757679180887,True,0.9146757679180887,True,0.9146757679180887,True,1.0,True,1.0,True,1.0,True,True,True,True
222,2022-03-24,296,271,296,296,271,271,271,296,296,296,0.9155405405405406,True,0.9155405405405406,True,0.9155405405405406,True,0.9155405405405406,True,1.0,True,1.0,True,1.0,True,True,True,True
223,2022-03-25,298,271,298,298,271,271,271,298,298,298,0.9093959731543624,True,0.9093959731543624,True,0.9093959731543624,True,0.9093959731543624,True,1.0,True,1.0,True,1.0,True,True,True,True
224,2022-03-28,297,269,297,297,269,269,269,297,297,297,0.9057239057239057,True,0.9057239057239057,True,0.9057239057239057,True,0.9057239057239057,True,1.0,True,1.0,True,1.0,True,True,True,True
225,2022-03-29,295,270,295,295,270,270,270,295,295,295,0.9152542372881356,True,0.9152542372881356,True,0.9152542372881356,True,0.9152542372881356,True,1.0,True,1.0,True,1.0,True,True,True,True
226,2022-03-30,292,264,292,292,264,264,264,292,292,292,0.9041095890410958,True,0.9041095890410958,True,0.9041095890410958,True,0.9041095890410958,True,1.0,True,1.0,True,1.0,True,True,True,True
227,2022-03-31,293,266,293,293,266,266,266,293,293,293,0.9078498293515358,True,0.9078498293515358,True,0.9078498293515358,True,0.9078498293515358,True,1.0,True,1.0,True,1.0,True,True,True,True
228,2022-04-01,293,268,293,293,268,268,268,293,293,293,0.9146757679180887,True,0.9146757679180887,True,0.9146757679180887,True,0.9146757679180887,True,1.0,True,1.0,True,1.0,True,True,True,True
229,2022-04-04,291,263,291,291,263,263,263,291,291,291,0.9037800687285223,True,0.9037800687285223,True,0.9037800687285223,True,0.9037800687285223,True,1.0,True,1.0,True,1.0,True,True,True,True
230,2022-04-05,291,265,291,291,265,265,265,291,291,291,0.9106529209621993,True,0.9106529209621993,True,0.9106529209621993,True,0.9106529209621993,True,1.0,True,1.0,True,1.0,True,True,True,True
231,2022-04-06,289,263,289,289,263,263,263,289,289,289,0.9100346020761245,True,0.9100346020761245,True,0.9100346020761245,True,0.9100346020761245,True,1.0,True,1.0,True,1.0,True,True,True,True
232,2022-04-07,285,257,285,285,257,257,257,285,285,285,0.9017543859649123,True,0.9017543859649123,True,0.9017543859649123,True,0.9017543859649123,True,1.0,True,1.0,True,1.0,True,True,True,True
233,2022-04-08,283,259,283,283,259,259,259,283,283,283,0.9151943462897526,True,0.9151943462897526,True,0.9151943462897526,True,0.9151943462897526,True,1.0,True,1.0,True,1.0,True,True,True,True
234,2022-04-11,283,256,283,283,256,256,256,283,283,283,0.9045936395759717,True,0.9045936395759717,True,0.9045936395759717,True,0.9045936395759717,True,1.0,True,1.0,True,1.0,True,True,True,True
235,2022-04-12,285,258,285,285,258,258,258,285,285,285,0.9052631578947369,True,0.9052631578947369,True,0.9052631578947369,True,0.9052631578947369,True,1.0,True,1.0,True,1.0,True,True,True,True
236,2022-04-13,284,259,284,284,259,259,259,284,284,284,0.9119718309859155,True,0.9119718309859155,True,0.9119718309859155,True,0.9119718309859155,True,1.0,True,1.0,True,1.0,True,True,True,True
237,2022-04-14,287,261,287,287,261,261,261,287,287,287,0.9094076655052264,True,0.9094076655052264,True,0.9094076655052264,True,0.9094076655052264,True,1.0,True,1.0,True,1.0,True,True,True,True
238,2022-04-18,287,264,287,287,264,264,264,287,287,287,0.9198606271777003,True,0.9198606271777003,True,0.9198606271777003,True,0.9198606271777003,True,1.0,True,1.0,True,1.0,True,True,True,True
239,2022-04-19,289,262,289,289,262,262,262,289,289,289,0.9065743944636678,True,0.9065743944636678,True,0.9065743944636678,True,0.9065743944636678,True,1.0,True,1.0,True,1.0,True,True,True,True
240,2022-04-20,288,265,288,288,265,265,265,288,288,288,0.9201388888888888,True,0.9201388888888888,True,0.9201388888888888,True,0.9201388888888888,True,1.0,True,1.0,True,1.0,True,True,True,True
241,2022-04-21,289,261,289,289,261,261,261,289,289,289,0.903114186851211,True,0.903114186851211,True,0.903114186851211,True,0.903114186851211,True,1.0,True,1.0,True,1.0,True,True,True,True
242,2022-04-22,291,267,291,291,267,267,267,291,291,291,0.9175257731958762,True,0.9175257731958762,True,0.9175257731958762,True,0.9175257731958762,True,1.0,True,1.0,True,1.0,True,True,True,True
243,2022-04-25,292,267,292,292,267,267,267,292,292,292,0.9143835616438356,True,0.9143835616438356,True,0.9143835616438356,True,0.9143835616438356,True,1.0,True,1.0,True,1.0,True,True,True,True
244,2022-04-26,292,267,292,291,267,266,266,292,291,291,0.9143835616438356,True,0.9143835616438356,True,0.910958904109589,True,0.910958904109589,True,1.0,True,0.9965753424657534,True,0.9965753424657534,True,True,True,True
245,2022-04-27,292,265,291,291,264,264,264,291,291,291,0.9075342465753424,True,0.9041095890410958,True,0.9041095890410958,True,0.9041095890410958,True,0.9965753424657534,True,0.9965753424657534,True,0.9965753424657534,True,True,True,True
246,2022-04-28,293,270,293,292,270,269,269,293,292,292,0.9215017064846417,True,0.9215017064846417,True,0.9180887372013652,True,0.9180887372013652,True,1.0,True,0.9965870307167235,True,0.9965870307167235,True,True,True,True
247,2022-05-09,293,270,293,292,270,269,269,293,292,292,0.9215017064846417,True,0.9215017064846417,True,0.9180887372013652,True,0.9180887372013652,True,1.0,True,0.9965870307167235,True,0.9965870307167235,True,True,True,True
248,2022-05-10,293,265,293,292,265,264,264,293,292,292,0.9044368600682594,True,0.9044368600682594,True,0.9010238907849829,True,0.9010238907849829,True,1.0,True,0.9965870307167235,True,0.9965870307167235,True,True,True,True
249,2022-05-11,292,268,291,291,268,268,268,291,291,291,0.9178082191780822,True,0.9178082191780822,True,0.9178082191780822,True,0.9178082191780822,True,0.9965753424657534,True,0.9965753424657534,True,0.9965753424657534,True,True,True,True
250,2022-05-12,292,266,292,292,266,266,266,292,292,292,0.910958904109589,True,0.910958904109589,True,0.910958904109589,True,0.910958904109589,True,1.0,True,1.0,True,1.0,True,True,True,True
251,2022-05-13,293,265,292,292,264,264,264,292,292,292,0.9044368600682594,True,0.9010238907849829,True,0.9010238907849829,True,0.9010238907849829,True,0.9965870307167235,True,0.9965870307167235,True,0.9965870307167235,True,True,True,True
252,2022-05-17,295,269,294,294,268,268,268,294,294,294,0.911864406779661,True,0.9084745762711864,True,0.9084745762711864,True,0.9084745762711864,True,0.9966101694915255,True,0.9966101694915255,True,0.9966101694915255,True,True,True,True
253,2022-05-18,291,265,290,291,265,265,265,290,290,290,0.9106529209621993,True,0.9106529209621993,True,0.9106529209621993,True,0.9106529209621993,True,0.9965635738831615,True,0.9965635738831615,True,0.9965635738831615,True,True,True,True
254,2022-05-19,292,266,292,292,266,266,266,292,292,292,0.910958904109589,True,0.910958904109589,True,0.910958904109589,True,0.910958904109589,True,1.0,True,1.0,True,1.0,True,True,True,True
255,2022-05-20,292,268,291,292,267,268,267,291,292,291,0.9178082191780822,True,0.9143835616438356,True,0.9178082191780822,True,0.9143835616438356,True,0.9965753424657534,True,1.0,True,0.9965753424657534,True,True,True,True
256,2022-05-23,293,267,293,293,267,267,267,293,293,293,0.9112627986348123,True,0.9112627986348123,True,0.9112627986348123,True,0.9112627986348123,True,1.0,True,1.0,True,1.0,True,True,True,True
257,2022-05-24,290,264,290,290,264,264,264,290,290,290,0.9103448275862069,True,0.9103448275862069,True,0.9103448275862069,True,0.9103448275862069,True,1.0,True,1.0,True,1.0,True,True,True,True
258,2022-05-25,290,266,290,290,266,266,266,290,290,290,0.9172413793103448,True,0.9172413793103448,True,0.9172413793103448,True,0.9172413793103448,True,1.0,True,1.0,True,1.0,True,True,True,True
259,2022-05-27,293,266,293,293,266,266,266,292,292,292,0.9078498293515358,True,0.9078498293515358,True,0.9078498293515358,True,0.9078498293515358,True,0.9965870307167235,True,0.9965870307167235,True,0.9965870307167235,True,True,True,True
260,2022-05-30,292,267,292,292,267,267,267,292,292,292,0.9143835616438356,True,0.9143835616438356,True,0.9143835616438356,True,0.9143835616438356,True,1.0,True,1.0,True,1.0,True,True,True,True
261,2022-05-31,295,271,295,295,271,271,271,295,295,295,0.9186440677966101,True,0.9186440677966101,True,0.9186440677966101,True,0.9186440677966101,True,1.0,True,1.0,True,1.0,True,True,True,True
262,2022-06-02,297,271,297,297,271,271,271,297,297,297,0.9124579124579124,True,0.9124579124579124,True,0.9124579124579124,True,0.9124579124579124,True,1.0,True,1.0,True,1.0,True,True,True,True
263,2022-06-03,299,272,299,299,272,272,272,299,299,299,0.9096989966555183,True,0.9096989966555183,True,0.9096989966555183,True,0.9096989966555183,True,1.0,True,1.0,True,1.0,True,True,True,True
264,2022-06-06,299,275,299,298,275,274,274,299,298,298,0.919732441471572,True,0.919732441471572,True,0.9163879598662207,True,0.9163879598662207,True,1.0,True,0.9966555183946488,True,0.9966555183946488,True,True,True,True
265,2022-06-07,298,275,298,298,275,275,275,298,298,298,0.9228187919463087,True,0.9228187919463087,True,0.9228187919463087,True,0.9228187919463087,True,1.0,True,1.0,True,1.0,True,True,True,True
266,2022-06-08,297,277,297,297,277,277,277,297,297,297,0.9326599326599326,True,0.9326599326599326,True,0.9326599326599326,True,0.9326599326599326,True,1.0,True,1.0,True,1.0,True,True,True,True
267,2022-06-09,296,273,296,296,273,273,273,296,296,296,0.9222972972972973,True,0.9222972972972973,True,0.9222972972972973,True,0.9222972972972973,True,1.0,True,1.0,True,1.0,True,True,True,True
268,2022-06-10,297,278,297,297,278,278,278,297,297,297,0.936026936026936,True,0.936026936026936,True,0.936026936026936,True,0.936026936026936,True,1.0,True,1.0,True,1.0,True,True,True,True
269,2022-06-13,295,272,294,295,271,272,271,294,295,294,0.9220338983050848,True,0.9186440677966101,True,0.9220338983050848,True,0.9186440677966101,True,0.9966101694915255,True,1.0,True,0.9966101694915255,True,True,True,True
270,2022-06-14,295,276,295,295,276,276,276,295,295,295,0.9355932203389831,True,0.9355932203389831,True,0.9355932203389831,True,0.9355932203389831,True,1.0,True,1.0,True,1.0,True,True,True,True
271,2022-06-15,296,271,296,296,271,271,271,296,296,296,0.9155405405405406,True,0.9155405405405406,True,0.9155405405405406,True,0.9155405405405406,True,1.0,True,1.0,True,1.0,True,True,True,True
272,2022-06-16,296,276,296,296,276,276,276,296,296,296,0.9324324324324325,True,0.9324324324324325,True,0.9324324324324325,True,0.9324324324324325,True,1.0,True,1.0,True,1.0,True,True,True,True
273,2022-06-17,296,275,296,295,275,274,274,295,294,294,0.9290540540540541,True,0.9290540540540541,True,0.9256756756756757,True,0.9256756756756757,True,0.9966216216216216,True,0.9932432432432432,True,0.9932432432432432,True,True,True,True
274,2022-06-20,295,270,295,294,270,269,269,295,294,294,0.9152542372881356,True,0.9152542372881356,True,0.911864406779661,True,0.911864406779661,True,1.0,True,0.9966101694915255,True,0.9966101694915255,True,True,True,True
275,2022-06-21,296,274,296,295,274,273,273,296,295,295,0.9256756756756757,True,0.9256756756756757,True,0.9222972972972973,True,0.9222972972972973,True,1.0,True,0.9966216216216216,True,0.9966216216216216,True,True,True,True
276,2022-06-22,296,272,296,295,272,271,271,296,295,295,0.918918918918919,True,0.918918918918919,True,0.9155405405405406,True,0.9155405405405406,True,1.0,True,0.9966216216216216,True,0.9966216216216216,True,True,True,True
277,2022-06-23,296,271,296,295,271,270,270,296,295,295,0.9155405405405406,True,0.9155405405405406,True,0.9121621621621622,True,0.9121621621621622,True,1.0,True,0.9966216216216216,True,0.9966216216216216,True,True,True,True
278,2022-06-24,296,271,295,295,270,270,270,295,295,295,0.9155405405405406,True,0.9121621621621622,True,0.9121621621621622,True,0.9121621621621622,True,0.9966216216216216,True,0.9966216216216216,True,0.9966216216216216,True,True,True,True
279,2022-06-27,297,275,296,296,274,274,274,296,296,296,0.9259259259259259,True,0.9225589225589226,True,0.9225589225589226,True,0.9225589225589226,True,0.9966329966329966,True,0.9966329966329966,True,0.9966329966329966,True,True,True,True
280,2022-06-28,296,275,295,295,274,274,274,295,295,295,0.9290540540540541,True,0.9256756756756757,True,0.9256756756756757,True,0.9256756756756757,True,0.9966216216216216,True,0.9966216216216216,True,0.9966216216216216,True,True,True,True
281,2022-06-29,296,274,295,295,273,273,273,295,295,295,0.9256756756756757,True,0.9222972972972973,True,0.9222972972972973,True,0.9222972972972973,True,0.9966216216216216,True,0.9966216216216216,True,0.9966216216216216,True,True,True,True
282,2022-06-30,295,273,294,294,273,273,273,294,294,294,0.9254237288135593,True,0.9254237288135593,True,0.9254237288135593,True,0.9254237288135593,True,0.9966101694915255,True,0.9966101694915255,True,0.9966101694915255,True,True,True,True
283,2022-07-01,294,277,294,294,277,277,277,294,294,294,0.9421768707482994,True,0.9421768707482994,True,0.9421768707482994,True,0.9421768707482994,True,1.0,True,1.0,True,1.0,True,True,True,True
284,2022-07-04,291,268,291,291,268,268,268,291,291,291,0.9209621993127147,True,0.9209621993127147,True,0.9209621993127147,True,0.9209621993127147,True,1.0,True,1.0,True,1.0,True,True,True,True
285,2022-07-05,289,268,289,289,268,268,268,289,289,289,0.9273356401384083,True,0.9273356401384083,True,0.9273356401384083,True,0.9273356401384083,True,1.0,True,1.0,True,1.0,True,True,True,True
286,2022-07-06,286,260,286,286,260,260,260,286,286,286,0.9090909090909091,True,0.9090909090909091,True,0.9090909090909091,True,0.9090909090909091,True,1.0,True,1.0,True,1.0,True,True,True,True
287,2022-07-07,285,261,285,285,261,261,261,285,285,285,0.9157894736842105,True,0.9157894736842105,True,0.9157894736842105,True,0.9157894736842105,True,1.0,True,1.0,True,1.0,True,True,True,True
288,2022-07-08,285,261,285,284,261,261,261,285,284,284,0.9157894736842105,True,0.9157894736842105,True,0.9157894736842105,True,0.9157894736842105,True,1.0,True,0.9964912280701754,True,0.9964912280701754,True,True,True,True
289,2022-07-11,285,262,285,285,262,262,262,285,285,285,0.9192982456140351,True,0.9192982456140351,True,0.9192982456140351,True,0.9192982456140351,True,1.0,True,1.0,True,1.0,True,True,True,True
290,2022-07-12,284,263,284,284,263,263,263,284,284,284,0.926056338028169,True,0.926056338028169,True,0.926056338028169,True,0.926056338028169,True,1.0,True,1.0,True,1.0,True,True,True,True
291,2022-07-13,284,266,284,284,266,266,266,284,284,284,0.9366197183098591,True,0.9366197183098591,True,0.9366197183098591,True,0.9366197183098591,True,1.0,True,1.0,True,1.0,True,True,True,True
292,2022-07-14,285,262,285,285,262,262,262,285,285,285,0.9192982456140351,True,0.9192982456140351,True,0.9192982456140351,True,0.9192982456140351,True,1.0,True,1.0,True,1.0,True,True,True,True
293,2022-07-15,283,263,282,283,262,263,262,282,283,282,0.9293286219081273,True,0.9257950530035336,True,0.9293286219081273,True,0.9257950530035336,True,0.9964664310954063,True,1.0,True,0.9964664310954063,True,True,True,True
294,2022-07-18,282,261,282,281,261,260,260,282,281,281,0.925531914893617,True,0.925531914893617,True,0.9219858156028369,True,0.9219858156028369,True,1.0,True,0.9964539007092199,True,0.9964539007092199,True,True,True,True
295,2022-07-19,282,262,282,281,262,261,261,282,281,281,0.9290780141843972,True,0.9290780141843972,True,0.925531914893617,True,0.925531914893617,True,1.0,True,0.9964539007092199,True,0.9964539007092199,True,True,True,True
296,2022-07-20,282,265,282,281,265,264,264,282,281,281,0.9397163120567376,True,0.9397163120567376,True,0.9361702127659575,True,0.9361702127659575,True,1.0,True,0.9964539007092199,True,0.9964539007092199,True,True,True,True
297,2022-07-21,282,262,282,281,262,261,261,281,280,280,0.9290780141843972,True,0.9290780141843972,True,0.925531914893617,True,0.925531914893617,True,0.9964539007092199,True,0.9929078014184397,True,0.9929078014184397,True,True,True,True
298,2022-07-22,279,261,279,277,261,259,259,279,277,277,0.9354838709677419,True,0.9354838709677419,True,0.9283154121863799,True,0.9283154121863799,True,1.0,True,0.992831541218638,True,0.992831541218638,True,True,True,True
299,2022-07-25,279,261,278,278,260,260,260,278,278,278,0.9354838709677419,True,0.931899641577061,True,0.931899641577061,True,0.931899641577061,True,0.996415770609319,True,0.996415770609319,True,0.996415770609319,True,True,True,True
300,2022-07-26,278,256,277,277,255,255,255,277,277,277,0.920863309352518,True,0.9172661870503597,True,0.9172661870503597,True,0.9172661870503597,True,0.9964028776978417,True,0.9964028776978417,True,0.9964028776978417,True,True,True,True
301,2022-07-27,278,259,277,277,258,258,258,277,277,277,0.9316546762589928,True,0.9280575539568345,True,0.9280575539568345,True,0.9280575539568345,True,0.9964028776978417,True,0.9964028776978417,True,0.9964028776978417,True,True,True,True
302,2022-07-28,277,257,276,276,256,256,256,276,276,276,0.927797833935018,True,0.924187725631769,True,0.924187725631769,True,0.924187725631769,True,0.9963898916967509,True,0.9963898916967509,True,0.9963898916967509,True,True,True,True
303,2022-07-29,280,261,278,279,260,261,260,278,279,278,0.9321428571428572,True,0.9285714285714286,True,0.9321428571428572,True,0.9285714285714286,True,0.9928571428571429,True,0.9964285714285714,True,0.9928571428571429,True,True,True,True
304,2022-08-01,279,260,279,279,260,260,260,279,279,279,0.931899641577061,True,0.931899641577061,True,0.931899641577061,True,0.931899641577061,True,1.0,True,1.0,True,1.0,True,True,True,True
305,2022-08-02,279,259,279,279,259,259,259,279,279,279,0.9283154121863799,True,0.9283154121863799,True,0.9283154121863799,True,0.9283154121863799,True,1.0,True,1.0,True,1.0,True,True,True,True
306,2022-08-03,277,258,277,277,258,258,258,277,277,277,0.9314079422382672,True,0.9314079422382672,True,0.9314079422382672,True,0.9314079422382672,True,1.0,True,1.0,True,1.0,True,True,True,True
307,2022-08-04,279,259,279,279,259,259,259,278,278,278,0.9283154121863799,True,0.9283154121863799,True,0.9283154121863799,True,0.9283154121863799,True,0.996415770609319,True,0.996415770609319,True,0.996415770609319,True,True,True,True
308,2022-08-05,274,257,274,274,257,257,257,274,274,274,0.9379562043795621,True,0.9379562043795621,True,0.9379562043795621,True,0.9379562043795621,True,1.0,True,1.0,True,1.0,True,True,True,True
309,2022-08-08,274,257,274,274,257,257,257,274,274,274,0.9379562043795621,True,0.9379562043795621,True,0.9379562043795621,True,0.9379562043795621,True,1.0,True,1.0,True,1.0,True,True,True,True
310,2022-08-09,270,255,270,270,255,255,255,270,270,270,0.9444444444444444,True,0.9444444444444444,True,0.9444444444444444,True,0.9444444444444444,True,1.0,True,1.0,True,1.0,True,True,True,True
311,2022-08-10,268,252,268,268,252,252,252,268,268,268,0.9402985074626866,True,0.9402985074626866,True,0.9402985074626866,True,0.9402985074626866,True,1.0,True,1.0,True,1.0,True,True,True,True
312,2022-08-11,266,250,266,266,250,250,250,266,266,266,0.9398496240601504,True,0.9398496240601504,True,0.9398496240601504,True,0.9398496240601504,True,1.0,True,1.0,True,1.0,True,True,True,True
313,2022-08-12,266,252,266,266,252,252,252,266,266,266,0.9473684210526315,True,0.9473684210526315,True,0.9473684210526315,True,0.9473684210526315,True,1.0,True,1.0,True,1.0,True,True,True,True
314,2022-08-15,270,257,270,270,257,257,257,270,270,270,0.9518518518518518,True,0.9518518518518518,True,0.9518518518518518,True,0.9518518518518518,True,1.0,True,1.0,True,1.0,True,True,True,True
315,2022-08-16,271,256,271,271,256,256,256,271,271,271,0.9446494464944649,True,0.9446494464944649,True,0.9446494464944649,True,0.9446494464944649,True,1.0,True,1.0,True,1.0,True,True,True,True
316,2022-08-18,271,256,271,271,256,256,256,271,271,271,0.9446494464944649,True,0.9446494464944649,True,0.9446494464944649,True,0.9446494464944649,True,1.0,True,1.0,True,1.0,True,True,True,True
317,2022-08-19,271,257,271,271,257,257,257,271,271,271,0.948339483394834,True,0.948339483394834,True,0.948339483394834,True,0.948339483394834,True,1.0,True,1.0,True,1.0,True,True,True,True
318,2022-08-22,271,258,271,271,258,258,258,271,271,271,0.9520295202952029,True,0.9520295202952029,True,0.9520295202952029,True,0.9520295202952029,True,1.0,True,1.0,True,1.0,True,True,True,True
319,2022-08-23,271,258,271,271,258,258,258,271,271,271,0.9520295202952029,True,0.9520295202952029,True,0.9520295202952029,True,0.9520295202952029,True,1.0,True,1.0,True,1.0,True,True,True,True
320,2022-08-24,269,256,269,269,256,256,256,269,269,269,0.9516728624535316,True,0.9516728624535316,True,0.9516728624535316,True,0.9516728624535316,True,1.0,True,1.0,True,1.0,True,True,True,True
321,2022-08-25,268,255,268,268,255,255,255,268,268,268,0.9514925373134329,True,0.9514925373134329,True,0.9514925373134329,True,0.9514925373134329,True,1.0,True,1.0,True,1.0,True,True,True,True
322,2022-08-26,267,256,267,267,256,256,256,267,267,267,0.9588014981273408,True,0.9588014981273408,True,0.9588014981273408,True,0.9588014981273408,True,1.0,True,1.0,True,1.0,True,True,True,True
323,2022-08-29,267,252,267,267,252,252,252,267,267,267,0.9438202247191011,True,0.9438202247191011,True,0.9438202247191011,True,0.9438202247191011,True,1.0,True,1.0,True,1.0,True,True,True,True
324,2022-08-30,269,256,269,269,256,256,256,269,269,269,0.9516728624535316,True,0.9516728624535316,True,0.9516728624535316,True,0.9516728624535316,True,1.0,True,1.0,True,1.0,True,True,True,True
325,2022-08-31,271,256,271,271,256,256,256,271,271,271,0.9446494464944649,True,0.9446494464944649,True,0.9446494464944649,True,0.9446494464944649,True,1.0,True,1.0,True,1.0,True,True,True,True
326,2022-09-01,272,258,272,272,258,258,258,272,272,272,0.9485294117647058,True,0.9485294117647058,True,0.9485294117647058,True,0.9485294117647058,True,1.0,True,1.0,True,1.0,True,True,True,True
327,2022-09-02,271,257,271,271,257,257,257,271,271,271,0.948339483394834,True,0.948339483394834,True,0.948339483394834,True,0.948339483394834,True,1.0,True,1.0,True,1.0,True,True,True,True
328,2022-09-05,273,258,273,273,258,258,258,273,273,273,0.945054945054945,True,0.945054945054945,True,0.945054945054945,True,0.945054945054945,True,1.0,True,1.0,True,1.0,True,True,True,True
329,2022-09-06,276,263,276,276,263,263,263,276,276,276,0.9528985507246377,True,0.9528985507246377,True,0.9528985507246377,True,0.9528985507246377,True,1.0,True,1.0,True,1.0,True,True,True,True
330,2022-09-07,278,263,278,278,263,263,263,278,278,278,0.9460431654676259,True,0.9460431654676259,True,0.9460431654676259,True,0.9460431654676259,True,1.0,True,1.0,True,1.0,True,True,True,True
331,2022-09-08,278,263,278,278,263,263,263,278,278,278,0.9460431654676259,True,0.9460431654676259,True,0.9460431654676259,True,0.9460431654676259,True,1.0,True,1.0,True,1.0,True,True,True,True
332,2022-09-09,277,263,277,276,263,262,262,277,276,276,0.9494584837545126,True,0.9494584837545126,True,0.9458483754512635,True,0.9458483754512635,True,1.0,True,0.9963898916967509,True,0.9963898916967509,True,True,True,True
333,2022-09-12,279,265,279,279,265,265,265,279,279,279,0.9498207885304659,True,0.9498207885304659,True,0.9498207885304659,True,0.9498207885304659,True,1.0,True,1.0,True,1.0,True,True,True,True
334,2022-09-13,278,262,278,277,262,261,261,278,277,277,0.9424460431654677,True,0.9424460431654677,True,0.9388489208633094,True,0.9388489208633094,True,1.0,True,0.9964028776978417,True,0.9964028776978417,True,True,True,True
335,2022-09-14,280,265,280,280,265,265,265,280,280,280,0.9464285714285714,True,0.9464285714285714,True,0.9464285714285714,True,0.9464285714285714,True,1.0,True,1.0,True,1.0,True,True,True,True
336,2022-09-15,280,267,280,280,267,267,267,280,280,280,0.9535714285714286,True,0.9535714285714286,True,0.9535714285714286,True,0.9535714285714286,True,1.0,True,1.0,True,1.0,True,True,True,True
337,2022-09-16,281,268,280,281,267,268,267,280,281,280,0.9537366548042705,True,0.9501779359430605,True,0.9537366548042705,True,0.9501779359430605,True,0.99644128113879,True,1.0,True,0.99644128113879,True,True,True,True
338,2022-09-19,281,267,281,281,267,267,267,281,281,281,0.9501779359430605,True,0.9501779359430605,True,0.9501779359430605,True,0.9501779359430605,True,1.0,True,1.0,True,1.0,True,True,True,True
339,2022-09-20,281,266,280,281,265,266,265,280,281,280,0.9466192170818505,True,0.9430604982206405,True,0.9466192170818505,True,0.9430604982206405,True,0.99644128113879,True,1.0,True,0.99644128113879,True,True,True,True
340,2022-09-21,281,264,281,281,264,264,264,281,281,281,0.9395017793594306,True,0.9395017793594306,True,0.9395017793594306,True,0.9395017793594306,True,1.0,True,1.0,True,1.0,True,True,True,True
341,2022-09-22,281,263,281,281,263,263,263,280,280,280,0.9359430604982206,True,0.9359430604982206,True,0.9359430604982206,True,0.9359430604982206,True,0.99644128113879,True,0.99644128113879,True,0.99644128113879,True,True,True,True
342,2022-09-23,280,267,280,280,267,267,267,280,280,280,0.9535714285714286,True,0.9535714285714286,True,0.9535714285714286,True,0.9535714285714286,True,1.0,True,1.0,True,1.0,True,True,True,True
343,2022-09-26,280,263,280,280,263,263,263,279,279,279,0.9392857142857143,True,0.9392857142857143,True,0.9392857142857143,True,0.9392857142857143,True,0.9964285714285714,True,0.9964285714285714,True,0.9964285714285714,True,True,True,True
344,2022-09-27,281,265,281,281,265,265,265,281,281,281,0.9430604982206405,True,0.9430604982206405,True,0.9430604982206405,True,0.9430604982206405,True,1.0,True,1.0,True,1.0,True,True,True,True
345,2022-09-28,279,263,279,279,263,263,263,279,279,279,0.942652329749104,True,0.942652329749104,True,0.942652329749104,True,0.942652329749104,True,1.0,True,1.0,True,1.0,True,True,True,True
346,2022-09-29,283,268,283,283,268,268,268,283,283,283,0.9469964664310954,True,0.9469964664310954,True,0.9469964664310954,True,0.9469964664310954,True,1.0,True,1.0,True,1.0,True,True,True,True
347,2022-09-30,289,274,289,289,274,274,274,289,289,289,0.9480968858131488,True,0.9480968858131488,True,0.9480968858131488,True,0.9480968858131488,True,1.0,True,1.0,True,1.0,True,True,True,True
348,2022-10-03,289,273,289,289,273,273,273,289,289,289,0.9446366782006921,True,0.9446366782006921,True,0.9446366782006921,True,0.9446366782006921,True,1.0,True,1.0,True,1.0,True,True,True,True
349,2022-10-04,292,276,292,292,276,276,276,292,292,292,0.9452054794520548,True,0.9452054794520548,True,0.9452054794520548,True,0.9452054794520548,True,1.0,True,1.0,True,1.0,True,True,True,True
350,2022-10-05,293,278,293,293,278,278,278,293,293,293,0.9488054607508533,True,0.9488054607508533,True,0.9488054607508533,True,0.9488054607508533,True,1.0,True,1.0,True,1.0,True,True,True,True
351,2022-10-06,294,278,294,294,278,278,278,294,294,294,0.9455782312925171,True,0.9455782312925171,True,0.9455782312925171,True,0.9455782312925171,True,1.0,True,1.0,True,1.0,True,True,True,True
352,2022-10-07,293,281,293,293,281,281,281,293,293,293,0.9590443686006825,True,0.9590443686006825,True,0.9590443686006825,True,0.9590443686006825,True,1.0,True,1.0,True,1.0,True,True,True,True
353,2022-10-10,295,280,295,295,280,280,280,295,295,295,0.9491525423728814,True,0.9491525423728814,True,0.9491525423728814,True,0.9491525423728814,True,1.0,True,1.0,True,1.0,True,True,True,True
354,2022-10-11,297,283,297,297,283,283,283,297,297,297,0.9528619528619529,True,0.9528619528619529,True,0.9528619528619529,True,0.9528619528619529,True,1.0,True,1.0,True,1.0,True,True,True,True
355,2022-10-12,296,279,296,296,279,279,279,296,296,296,0.9425675675675675,True,0.9425675675675675,True,0.9425675675675675,True,0.9425675675675675,True,1.0,True,1.0,True,1.0,True,True,True,True
356,2022-10-13,295,280,295,295,280,280,280,295,295,295,0.9491525423728814,True,0.9491525423728814,True,0.9491525423728814,True,0.9491525423728814,True,1.0,True,1.0,True,1.0,True,True,True,True
357,2022-10-14,299,284,299,299,284,284,284,299,299,299,0.9498327759197325,True,0.9498327759197325,True,0.9498327759197325,True,0.9498327759197325,True,1.0,True,1.0,True,1.0,True,True,True,True
358,2022-10-17,297,281,297,297,281,281,281,297,297,297,0.9461279461279462,True,0.9461279461279462,True,0.9461279461279462,True,0.9461279461279462,True,1.0,True,1.0,True,1.0,True,True,True,True
359,2022-10-18,298,281,298,298,281,281,281,297,297,297,0.9429530201342282,True,0.9429530201342282,True,0.9429530201342282,True,0.9429530201342282,True,0.9966442953020134,True,0.9966442953020134,True,0.9966442953020134,True,True,True,True
360,2022-10-19,299,281,299,299,281,281,281,299,299,299,0.939799331103679,True,0.939799331103679,True,0.939799331103679,True,0.939799331103679,True,1.0,True,1.0,True,1.0,True,True,True,True
361,2022-10-20,301,282,301,300,282,281,281,301,300,300,0.9368770764119602,True,0.9368770764119602,True,0.9335548172757475,True,0.9335548172757475,True,1.0,True,0.9966777408637874,True,0.9966777408637874,True,True,True,True
362,2022-10-21,298,279,298,297,279,278,278,298,297,297,0.9362416107382551,True,0.9362416107382551,True,0.9328859060402684,True,0.9328859060402684,True,1.0,True,0.9966442953020134,True,0.9966442953020134,True,True,True,True
363,2022-10-24,297,281,297,296,281,280,280,297,296,296,0.9461279461279462,True,0.9461279461279462,True,0.9427609427609428,True,0.9427609427609428,True,1.0,True,0.9966329966329966,True,0.9966329966329966,True,True,True,True
364,2022-10-25,297,281,297,296,281,280,280,297,296,296,0.9461279461279462,True,0.9461279461279462,True,0.9427609427609428,True,0.9427609427609428,True,1.0,True,0.9966329966329966,True,0.9966329966329966,True,True,True,True
365,2022-10-26,296,280,295,296,279,280,279,295,296,295,0.9459459459459459,True,0.9425675675675675,True,0.9459459459459459,True,0.9425675675675675,True,0.9966216216216216,True,1.0,True,0.9966216216216216,True,True,True,True
366,2022-10-27,295,281,294,295,280,281,280,294,295,294,0.9525423728813559,True,0.9491525423728814,True,0.9525423728813559,True,0.9491525423728814,True,0.9966101694915255,True,1.0,True,0.9966101694915255,True,True,True,True
367,2022-10-28,294,276,293,294,275,276,275,293,294,293,0.9387755102040817,True,0.935374149659864,True,0.9387755102040817,True,0.935374149659864,True,0.9965986394557823,True,1.0,True,0.9965986394557823,True,True,True,True
368,2022-10-31,293,279,292,293,278,279,278,292,293,292,0.9522184300341296,True,0.9488054607508533,True,0.9522184300341296,True,0.9488054607508533,True,0.9965870307167235,True,1.0,True,0.9965870307167235,True,True,True,True
369,2022-11-01,292,276,291,292,276,276,276,291,291,291,0.9452054794520548,True,0.9452054794520548,True,0.9452054794520548,True,0.9452054794520548,True,0.9965753424657534,True,0.9965753424657534,True,0.9965753424657534,True,True,True,True
370,2022-11-02,292,275,292,292,275,275,275,292,292,292,0.9417808219178082,True,0.9417808219178082,True,0.9417808219178082,True,0.9417808219178082,True,1.0,True,1.0,True,1.0,True,True,True,True
371,2022-11-03,295,280,295,295,280,280,280,295,295,295,0.9491525423728814,True,0.9491525423728814,True,0.9491525423728814,True,0.9491525423728814,True,1.0,True,1.0,True,1.0,True,True,True,True
372,2022-11-04,294,278,294,294,278,278,278,294,294,294,0.9455782312925171,True,0.9455782312925171,True,0.9455782312925171,True,0.9455782312925171,True,1.0,True,1.0,True,1.0,True,True,True,True
373,2022-11-07,293,278,293,293,278,278,278,293,293,293,0.9488054607508533,True,0.9488054607508533,True,0.9488054607508533,True,0.9488054607508533,True,1.0,True,1.0,True,1.0,True,True,True,True
374,2022-11-08,293,277,293,292,277,276,276,293,292,292,0.9453924914675768,True,0.9453924914675768,True,0.9419795221843004,True,0.9419795221843004,True,1.0,True,0.9965870307167235,True,0.9965870307167235,True,True,True,True
375,2022-11-09,293,273,293,293,273,273,273,293,293,293,0.931740614334471,True,0.931740614334471,True,0.931740614334471,True,0.931740614334471,True,1.0,True,1.0,True,1.0,True,True,True,True
376,2022-11-10,292,272,292,292,272,272,272,292,292,292,0.9315068493150684,True,0.9315068493150684,True,0.9315068493150684,True,0.9315068493150684,True,1.0,True,1.0,True,1.0,True,True,True,True
377,2022-11-11,292,272,292,292,272,272,272,292,292,292,0.9315068493150684,True,0.9315068493150684,True,0.9315068493150684,True,0.9315068493150684,True,1.0,True,1.0,True,1.0,True,True,True,True
378,2022-11-14,293,273,293,293,273,273,273,293,293,293,0.931740614334471,True,0.931740614334471,True,0.931740614334471,True,0.931740614334471,True,1.0,True,1.0,True,1.0,True,True,True,True
379,2022-11-15,293,273,292,293,272,273,272,292,293,292,0.931740614334471,True,0.9283276450511946,True,0.931740614334471,True,0.9283276450511946,True,0.9965870307167235,True,1.0,True,0.9965870307167235,True,True,True,True
380,2022-11-16,290,270,290,290,270,270,270,290,290,290,0.9310344827586207,True,0.9310344827586207,True,0.9310344827586207,True,0.9310344827586207,True,1.0,True,1.0,True,1.0,True,True,True,True
381,2022-11-17,289,269,289,289,269,269,269,289,289,289,0.9307958477508651,True,0.9307958477508651,True,0.9307958477508651,True,0.9307958477508651,True,1.0,True,1.0,True,1.0,True,True,True,True
382,2022-11-18,289,270,289,289,270,270,270,289,289,289,0.9342560553633218,True,0.9342560553633218,True,0.9342560553633218,True,0.9342560553633218,True,1.0,True,1.0,True,1.0,True,True,True,True
383,2022-11-21,288,268,288,288,268,268,268,287,287,287,0.9305555555555556,True,0.9305555555555556,True,0.9305555555555556,True,0.9305555555555556,True,0.9965277777777778,True,0.9965277777777778,True,0.9965277777777778,True,True,True,True
384,2022-11-22,288,269,288,288,269,269,269,288,288,288,0.9340277777777778,True,0.9340277777777778,True,0.9340277777777778,True,0.9340277777777778,True,1.0,True,1.0,True,1.0,True,True,True,True
385,2022-11-23,288,269,288,288,269,269,269,288,288,288,0.9340277777777778,True,0.9340277777777778,True,0.9340277777777778,True,0.9340277777777778,True,1.0,True,1.0,True,1.0,True,True,True,True
386,2022-11-24,286,267,286,286,267,267,267,286,286,286,0.9335664335664335,True,0.9335664335664335,True,0.9335664335664335,True,0.9335664335664335,True,1.0,True,1.0,True,1.0,True,True,True,True
387,2022-11-25,284,265,284,284,265,265,265,284,284,284,0.9330985915492958,True,0.9330985915492958,True,0.9330985915492958,True,0.9330985915492958,True,1.0,True,1.0,True,1.0,True,True,True,True
388,2022-11-28,286,266,286,286,266,266,266,286,286,286,0.9300699300699301,True,0.9300699300699301,True,0.9300699300699301,True,0.9300699300699301,True,1.0,True,1.0,True,1.0,True,True,True,True
389,2022-11-29,283,264,283,283,264,264,264,283,283,283,0.9328621908127208,True,0.9328621908127208,True,0.9328621908127208,True,0.9328621908127208,True,1.0,True,1.0,True,1.0,True,True,True,True
390,2022-11-30,283,264,283,283,264,264,264,283,283,283,0.9328621908127208,True,0.9328621908127208,True,0.9328621908127208,True,0.9328621908127208,True,1.0,True,1.0,True,1.0,True,True,True,True
391,2022-12-01,281,264,281,281,264,264,264,281,281,281,0.9395017793594306,True,0.9395017793594306,True,0.9395017793594306,True,0.9395017793594306,True,1.0,True,1.0,True,1.0,True,True,True,True
392,2022-12-02,279,263,279,279,263,263,263,279,279,279,0.942652329749104,True,0.942652329749104,True,0.942652329749104,True,0.942652329749104,True,1.0,True,1.0,True,1.0,True,True,True,True
393,2022-12-05,285,269,285,285,269,269,269,285,285,285,0.9438596491228071,True,0.9438596491228071,True,0.9438596491228071,True,0.9438596491228071,True,1.0,True,1.0,True,1.0,True,True,True,True
394,2022-12-06,286,269,286,286,269,269,269,286,286,286,0.9405594405594405,True,0.9405594405594405,True,0.9405594405594405,True,0.9405594405594405,True,1.0,True,1.0,True,1.0,True,True,True,True
395,2022-12-07,288,271,288,288,271,271,271,288,288,288,0.9409722222222222,True,0.9409722222222222,True,0.9409722222222222,True,0.9409722222222222,True,1.0,True,1.0,True,1.0,True,True,True,True
396,2022-12-08,287,270,287,286,270,269,269,287,286,286,0.9407665505226481,True,0.9407665505226481,True,0.9372822299651568,True,0.9372822299651568,True,1.0,True,0.9965156794425087,True,0.9965156794425087,True,True,True,True
397,2022-12-09,287,269,287,287,269,269,269,287,287,287,0.9372822299651568,True,0.9372822299651568,True,0.9372822299651568,True,0.9372822299651568,True,1.0,True,1.0,True,1.0,True,True,True,True
398,2022-12-12,285,267,285,285,267,267,267,285,285,285,0.9368421052631579,True,0.9368421052631579,True,0.9368421052631579,True,0.9368421052631579,True,1.0,True,1.0,True,1.0,True,True,True,True
399,2022-12-13,286,268,286,286,268,268,268,286,286,286,0.9370629370629371,True,0.9370629370629371,True,0.9370629370629371,True,0.9370629370629371,True,1.0,True,1.0,True,1.0,True,True,True,True
400,2022-12-14,284,267,284,284,267,267,267,284,284,284,0.9401408450704225,True,0.9401408450704225,True,0.9401408450704225,True,0.9401408450704225,True,1.0,True,1.0,True,1.0,True,True,True,True
401,2022-12-15,283,267,282,283,266,267,266,282,283,282,0.9434628975265018,True,0.9399293286219081,True,0.9434628975265018,True,0.9399293286219081,True,0.9964664310954063,True,1.0,True,0.9964664310954063,True,True,True,True
402,2022-12-16,283,267,283,283,267,267,267,283,283,283,0.9434628975265018,True,0.9434628975265018,True,0.9434628975265018,True,0.9434628975265018,True,1.0,True,1.0,True,1.0,True,True,True,True
403,2022-12-19,281,265,281,281,265,265,265,281,281,281,0.9430604982206405,True,0.9430604982206405,True,0.9430604982206405,True,0.9430604982206405,True,1.0,True,1.0,True,1.0,True,True,True,True
404,2022-12-20,280,264,280,280,264,264,264,280,280,280,0.9428571428571428,True,0.9428571428571428,True,0.9428571428571428,True,0.9428571428571428,True,1.0,True,1.0,True,1.0,True,True,True,True
405,2022-12-21,278,260,278,278,260,260,260,277,277,277,0.935251798561151,True,0.935251798561151,True,0.935251798561151,True,0.935251798561151,True,0.9964028776978417,True,0.9964028776978417,True,0.9964028776978417,True,True,True,True
406,2022-12-22,274,257,274,274,257,257,257,274,274,274,0.9379562043795621,True,0.9379562043795621,True,0.9379562043795621,True,0.9379562043795621,True,1.0,True,1.0,True,1.0,True,True,True,True
407,2022-12-23,276,259,276,276,259,259,259,276,276,276,0.9384057971014492,True,0.9384057971014492,True,0.9384057971014492,True,0.9384057971014492,True,1.0,True,1.0,True,1.0,True,True,True,True
408,2022-12-26,273,257,273,273,257,257,257,273,273,273,0.9413919413919414,True,0.9413919413919414,True,0.9413919413919414,True,0.9413919413919414,True,1.0,True,1.0,True,1.0,True,True,True,True
409,2022-12-27,274,258,274,274,258,258,258,274,274,274,0.9416058394160584,True,0.9416058394160584,True,0.9416058394160584,True,0.9416058394160584,True,1.0,True,1.0,True,1.0,True,True,True,True
410,2022-12-28,272,256,272,272,256,256,256,272,272,272,0.9411764705882353,True,0.9411764705882353,True,0.9411764705882353,True,0.9411764705882353,True,1.0,True,1.0,True,1.0,True,True,True,True
411,2022-12-29,271,255,271,271,255,255,255,271,271,271,0.940959409594096,True,0.940959409594096,True,0.940959409594096,True,0.940959409594096,True,1.0,True,1.0,True,1.0,True,True,True,True
412,2022-12-30,271,255,271,270,255,254,254,271,270,270,0.940959409594096,True,0.940959409594096,True,0.9372693726937269,True,0.9372693726937269,True,1.0,True,0.996309963099631,True,0.996309963099631,True,True,True,True
413,2023-01-02,272,256,272,272,256,256,256,272,272,272,0.9411764705882353,True,0.9411764705882353,True,0.9411764705882353,True,0.9411764705882353,True,1.0,True,1.0,True,1.0,True,True,True,True
414,2023-01-03,272,256,272,272,256,256,256,272,272,272,0.9411764705882353,True,0.9411764705882353,True,0.9411764705882353,True,0.9411764705882353,True,1.0,True,1.0,True,1.0,True,True,True,True
415,2023-01-04,273,258,273,273,258,258,258,273,273,273,0.945054945054945,True,0.945054945054945,True,0.945054945054945,True,0.945054945054945,True,1.0,True,1.0,True,1.0,True,True,True,True
416,2023-01-05,273,258,273,271,258,256,256,273,271,271,0.945054945054945,True,0.945054945054945,True,0.9377289377289377,True,0.9377289377289377,True,1.0,True,0.9926739926739927,True,0.9926739926739927,True,True,True,True
417,2023-01-06,274,260,273,273,259,259,258,273,273,272,0.948905109489051,True,0.9452554744525548,True,0.9452554744525548,True,0.9416058394160584,True,0.9963503649635036,True,0.9963503649635036,True,0.9927007299270073,True,True,True,True
418,2023-01-09,273,260,273,272,260,259,259,273,272,272,0.9523809523809523,True,0.9523809523809523,True,0.9487179487179487,True,0.9487179487179487,True,1.0,True,0.9963369963369964,True,0.9963369963369964,True,True,True,True
419,2023-01-10,271,258,271,270,258,257,257,271,270,270,0.9520295202952029,True,0.9520295202952029,True,0.948339483394834,True,0.948339483394834,True,1.0,True,0.996309963099631,True,0.996309963099631,True,True,True,True
420,2023-01-11,268,255,268,266,255,253,253,268,266,266,0.9514925373134329,True,0.9514925373134329,True,0.9440298507462687,True,0.9440298507462687,True,1.0,True,0.9925373134328358,True,0.9925373134328358,True,True,True,True
421,2023-01-12,267,253,265,266,251,252,251,264,265,264,0.947565543071161,True,0.9400749063670412,True,0.9438202247191011,True,0.9400749063670412,True,0.9887640449438202,True,0.9925093632958801,True,0.9887640449438202,True,True,True,True
422,2023-01-13,264,252,263,263,251,251,251,263,263,263,0.9545454545454546,True,0.9507575757575758,True,0.9507575757575758,True,0.9507575757575758,True,0.9962121212121212,True,0.9962121212121212,True,0.9962121212121212,True,True,True,True
423,2023-01-16,265,253,264,262,252,250,250,264,262,262,0.9547169811320755,True,0.9509433962264151,True,0.9433962264150944,True,0.9433962264150944,True,0.9962264150943396,True,0.9886792452830189,True,0.9886792452830189,True,True,True,True
424,2023-01-17,265,253,264,264,252,252,252,264,264,264,0.9547169811320755,True,0.9509433962264151,True,0.9509433962264151,True,0.9509433962264151,True,0.9962264150943396,True,0.9962264150943396,True,0.9962264150943396,True,True,True,True
425,2023-01-18,264,250,262,263,249,250,249,261,262,261,0.946969696969697,True,0.9431818181818182,True,0.946969696969697,True,0.9431818181818182,True,0.9886363636363636,True,0.9924242424242424,True,0.9886363636363636,True,True,True,True
426,2023-01-19,261,249,261,261,249,249,249,261,261,261,0.9540229885057471,True,0.9540229885057471,True,0.9540229885057471,True,0.9540229885057471,True,1.0,True,1.0,True,1.0,True,True,True,True
427,2023-01-20,259,247,259,259,247,247,247,259,259,259,0.9536679536679536,True,0.9536679536679536,True,0.9536679536679536,True,0.9536679536679536,True,1.0,True,1.0,True,1.0,True,True,True,True
428,2023-01-24,257,245,255,257,243,245,243,255,257,255,0.953307392996109,True,0.9455252918287937,True,0.953307392996109,True,0.9455252918287937,True,0.9922178988326849,True,1.0,True,0.9922178988326849,True,True,True,True
429,2023-01-25,256,243,256,256,243,243,243,255,255,255,0.94921875,True,0.94921875,True,0.94921875,True,0.94921875,True,0.99609375,True,0.99609375,True,0.99609375,True,True,True,True
430,2023-01-26,253,241,253,253,241,241,241,253,253,253,0.9525691699604744,True,0.9525691699604744,True,0.9525691699604744,True,0.9525691699604744,True,1.0,True,1.0,True,1.0,True,True,True,True
431,2023-01-27,253,241,253,253,241,241,241,253,253,253,0.9525691699604744,True,0.9525691699604744,True,0.9525691699604744,True,0.9525691699604744,True,1.0,True,1.0,True,1.0,True,True,True,True
432,2023-01-30,252,238,252,252,238,238,238,250,250,250,0.9444444444444444,True,0.9444444444444444,True,0.9444444444444444,True,0.9444444444444444,True,0.9920634920634921,True,0.9920634920634921,True,0.9920634920634921,True,True,True,True
433,2023-01-31,251,239,251,251,239,239,239,251,251,251,0.952191235059761,True,0.952191235059761,True,0.952191235059761,True,0.952191235059761,True,1.0,True,1.0,True,1.0,True,True,True,True
434,2023-02-01,252,238,252,252,238,238,238,252,252,252,0.9444444444444444,True,0.9444444444444444,True,0.9444444444444444,True,0.9444444444444444,True,1.0,True,1.0,True,1.0,True,True,True,True
435,2023-02-02,252,240,252,251,240,239,239,252,251,251,0.9523809523809523,True,0.9523809523809523,True,0.9484126984126984,True,0.9484126984126984,True,1.0,True,0.996031746031746,True,0.996031746031746,True,True,True,True
436,2023-02-03,251,240,251,250,240,239,239,251,250,250,0.9561752988047809,True,0.9561752988047809,True,0.952191235059761,True,0.952191235059761,True,1.0,True,0.9960159362549801,True,0.9960159362549801,True,True,True,True
437,2023-02-06,252,241,252,251,241,240,240,252,251,251,0.9563492063492064,True,0.9563492063492064,True,0.9523809523809523,True,0.9523809523809523,True,1.0,True,0.996031746031746,True,0.996031746031746,True,True,True,True
438,2023-02-07,253,242,253,252,242,241,241,253,252,252,0.9565217391304348,True,0.9565217391304348,True,0.9525691699604744,True,0.9525691699604744,True,1.0,True,0.9960474308300395,True,0.9960474308300395,True,True,True,True
439,2023-02-08,255,244,255,254,244,243,243,255,254,254,0.9568627450980393,True,0.9568627450980393,True,0.9529411764705882,True,0.9529411764705882,True,1.0,True,0.996078431372549,True,0.996078431372549,True,True,True,True
440,2023-02-09,255,244,254,254,243,243,243,254,254,254,0.9568627450980393,True,0.9529411764705882,True,0.9529411764705882,True,0.9529411764705882,True,0.996078431372549,True,0.996078431372549,True,0.996078431372549,True,True,True,True
441,2023-02-10,253,242,252,252,241,241,241,252,252,252,0.9565217391304348,True,0.9525691699604744,True,0.9525691699604744,True,0.9525691699604744,True,0.9960474308300395,True,0.9960474308300395,True,0.9960474308300395,True,True,True,True
442,2023-02-13,253,242,252,251,241,240,240,252,251,251,0.9565217391304348,True,0.9525691699604744,True,0.9486166007905138,True,0.9486166007905138,True,0.9960474308300395,True,0.9920948616600791,True,0.9920948616600791,True,True,True,True
443,2023-02-14,250,239,249,249,238,238,238,249,249,249,0.956,True,0.952,True,0.952,True,0.952,True,0.996,True,0.996,True,0.996,True,True,True,True
444,2023-02-15,250,239,249,247,239,237,237,249,247,247,0.956,True,0.956,True,0.948,True,0.948,True,0.996,True,0.988,True,0.988,True,True,True,True
445,2023-02-16,247,237,247,245,237,235,235,247,245,245,0.9595141700404858,True,0.9595141700404858,True,0.951417004048583,True,0.951417004048583,True,1.0,True,0.9919028340080972,True,0.9919028340080972,True,True,True,True
446,2023-02-17,247,238,247,245,238,236,236,247,245,245,0.9635627530364372,True,0.9635627530364372,True,0.9554655870445344,True,0.9554655870445344,True,1.0,True,0.9919028340080972,True,0.9919028340080972,True,True,True,True
447,2023-02-20,246,237,245,244,236,235,234,245,244,243,0.9634146341463414,True,0.959349593495935,True,0.9552845528455285,True,0.9512195121951219,True,0.9959349593495935,True,0.991869918699187,True,0.9878048780487805,True,True,True,True
448,2023-02-21,245,236,245,243,236,234,234,245,243,243,0.963265306122449,True,0.963265306122449,True,0.9551020408163265,True,0.9551020408163265,True,1.0,True,0.9918367346938776,True,0.9918367346938776,True,True,True,True
449,2023-02-22,245,236,243,243,234,234,233,243,243,242,0.963265306122449,True,0.9551020408163265,True,0.9551020408163265,True,0.9510204081632653,True,0.9918367346938776,True,0.9918367346938776,True,0.9877551020408163,True,True,True,True
450,2023-02-23,243,234,241,241,232,232,232,241,241,241,0.9629629629629629,True,0.9547325102880658,True,0.9547325102880658,True,0.9547325102880658,True,0.9917695473251029,True,0.9917695473251029,True,0.9917695473251029,True,True,True,True
451,2023-02-24,244,234,242,241,232,231,231,241,240,240,0.9590163934426229,True,0.9508196721311475,True,0.9467213114754098,True,0.9467213114754098,True,0.9877049180327869,True,0.9836065573770492,True,0.9836065573770492,True,True,True,True
452,2023-02-27,243,234,241,241,232,232,232,241,241,241,0.9629629629629629,True,0.9547325102880658,True,0.9547325102880658,True,0.9547325102880658,True,0.9917695473251029,True,0.9917695473251029,True,0.9917695473251029,True,True,True,True
453,2023-02-28,245,234,243,243,233,233,233,242,242,242,0.9551020408163265,True,0.9510204081632653,True,0.9510204081632653,True,0.9510204081632653,True,0.9877551020408163,True,0.9877551020408163,True,0.9877551020408163,True,True,True,True
454,2023-03-01,241,231,240,240,231,231,231,240,240,240,0.9585062240663901,True,0.9585062240663901,True,0.9585062240663901,True,0.9585062240663901,True,0.995850622406639,True,0.995850622406639,True,0.995850622406639,True,True,True,True
455,2023-03-02,240,231,240,240,231,231,231,240,240,240,0.9625,True,0.9625,True,0.9625,True,0.9625,True,1.0,True,1.0,True,1.0,True,True,True,True
456,2023-03-03,242,232,241,242,231,232,231,241,242,241,0.9586776859504132,True,0.9545454545454546,True,0.9586776859504132,True,0.9545454545454546,True,0.9958677685950413,True,1.0,True,0.9958677685950413,True,True,True,True
457,2023-03-06,240,230,240,240,230,230,230,240,240,240,0.9583333333333334,True,0.9583333333333334,True,0.9583333333333334,True,0.9583333333333334,True,1.0,True,1.0,True,1.0,True,True,True,True
458,2023-03-07,245,235,245,245,235,235,235,245,245,245,0.9591836734693877,True,0.9591836734693877,True,0.9591836734693877,True,0.9591836734693877,True,1.0,True,1.0,True,1.0,True,True,True,True
459,2023-03-08,245,235,245,245,235,235,235,245,245,245,0.9591836734693877,True,0.9591836734693877,True,0.9591836734693877,True,0.9591836734693877,True,1.0,True,1.0,True,1.0,True,True,True,True
460,2023-03-09,246,235,245,246,234,235,234,244,245,244,0.9552845528455285,True,0.9512195121951219,True,0.9552845528455285,True,0.9512195121951219,True,0.991869918699187,True,0.9959349593495935,True,0.991869918699187,True,True,True,True
461,2023-03-10,246,236,246,246,236,236,236,246,246,246,0.959349593495935,True,0.959349593495935,True,0.959349593495935,True,0.959349593495935,True,1.0,True,1.0,True,1.0,True,True,True,True
462,2023-03-13,245,231,245,244,231,230,230,245,244,244,0.9428571428571428,True,0.9428571428571428,True,0.9387755102040817,True,0.9387755102040817,True,1.0,True,0.9959183673469387,True,0.9959183673469387,True,True,True,True
463,2023-03-14,245,232,245,244,232,231,231,245,244,244,0.9469387755102041,True,0.9469387755102041,True,0.9428571428571428,True,0.9428571428571428,True,1.0,True,0.9959183673469387,True,0.9959183673469387,True,True,True,True
464,2023-03-15,244,234,244,243,234,234,234,243,243,243,0.9590163934426229,True,0.9590163934426229,True,0.9590163934426229,True,0.9590163934426229,True,0.9959016393442623,True,0.9959016393442623,True,0.9959016393442623,True,True,True,True
465,2023-03-16,243,234,243,243,234,234,234,243,243,243,0.9629629629629629,True,0.9629629629629629,True,0.9629629629629629,True,0.9629629629629629,True,1.0,True,1.0,True,1.0,True,True,True,True
466,2023-03-17,245,236,245,244,236,235,235,245,244,244,0.963265306122449,True,0.963265306122449,True,0.9591836734693877,True,0.9591836734693877,True,1.0,True,0.9959183673469387,True,0.9959183673469387,True,True,True,True
467,2023-03-20,246,237,245,245,236,236,236,245,245,245,0.9634146341463414,True,0.959349593495935,True,0.959349593495935,True,0.959349593495935,True,0.9959349593495935,True,0.9959349593495935,True,0.9959349593495935,True,True,True,True
468,2023-03-21,248,239,247,248,238,239,238,247,248,247,0.9637096774193549,True,0.9596774193548387,True,0.9637096774193549,True,0.9596774193548387,True,0.9959677419354839,True,1.0,True,0.9959677419354839,True,True,True,True
469,2023-03-24,248,239,247,248,238,239,238,247,248,247,0.9637096774193549,True,0.9596774193548387,True,0.9637096774193549,True,0.9596774193548387,True,0.9959677419354839,True,1.0,True,0.9959677419354839,True,True,True,True
470,2023-03-27,251,242,250,251,241,242,241,250,251,250,0.9641434262948207,True,0.9601593625498008,True,0.9641434262948207,True,0.9601593625498008,True,0.9960159362549801,True,1.0,True,0.9960159362549801,True,True,True,True
471,2023-03-28,249,238,248,249,238,238,238,248,248,248,0.9558232931726908,True,0.9558232931726908,True,0.9558232931726908,True,0.9558232931726908,True,0.9959839357429718,True,0.9959839357429718,True,0.9959839357429718,True,True,True,True
472,2023-03-29,247,237,247,247,237,237,237,247,247,247,0.9595141700404858,True,0.9595141700404858,True,0.9595141700404858,True,0.9595141700404858,True,1.0,True,1.0,True,1.0,True,True,True,True
473,2023-03-30,250,240,250,250,240,240,240,250,250,250,0.96,True,0.96,True,0.96,True,0.96,True,1.0,True,1.0,True,1.0,True,True,True,True
474,2023-03-31,248,238,248,248,238,238,238,248,248,248,0.9596774193548387,True,0.9596774193548387,True,0.9596774193548387,True,0.9596774193548387,True,1.0,True,1.0,True,1.0,True,True,True,True
475,2023-04-03,251,241,251,251,241,241,241,251,251,251,0.9601593625498008,True,0.9601593625498008,True,0.9601593625498008,True,0.9601593625498008,True,1.0,True,1.0,True,1.0,True,True,True,True
476,2023-04-04,250,240,250,250,240,240,240,250,250,250,0.96,True,0.96,True,0.96,True,0.96,True,1.0,True,1.0,True,1.0,True,True,True,True
477,2023-04-05,251,243,251,251,243,243,243,251,251,251,0.9681274900398407,True,0.9681274900398407,True,0.9681274900398407,True,0.9681274900398407,True,1.0,True,1.0,True,1.0,True,True,True,True
478,2023-04-06,255,245,255,255,245,245,245,255,255,255,0.9607843137254902,True,0.9607843137254902,True,0.9607843137254902,True,0.9607843137254902,True,1.0,True,1.0,True,1.0,True,True,True,True
479,2023-04-10,255,245,255,254,245,244,244,255,254,254,0.9607843137254902,True,0.9607843137254902,True,0.9568627450980393,True,0.9568627450980393,True,1.0,True,0.996078431372549,True,0.996078431372549,True,True,True,True
480,2023-04-11,255,245,255,254,245,244,244,255,254,254,0.9607843137254902,True,0.9607843137254902,True,0.9568627450980393,True,0.9568627450980393,True,1.0,True,0.996078431372549,True,0.996078431372549,True,True,True,True
481,2023-04-12,254,244,254,253,244,243,243,254,253,253,0.9606299212598425,True,0.9606299212598425,True,0.9566929133858267,True,0.9566929133858267,True,1.0,True,0.9960629921259843,True,0.9960629921259843,True,True,True,True
482,2023-04-13,254,244,254,253,244,243,243,254,253,253,0.9606299212598425,True,0.9606299212598425,True,0.9566929133858267,True,0.9566929133858267,True,1.0,True,0.9960629921259843,True,0.9960629921259843,True,True,True,True
483,2023-04-14,254,244,254,252,244,242,242,254,252,252,0.9606299212598425,True,0.9606299212598425,True,0.952755905511811,True,0.952755905511811,True,1.0,True,0.9921259842519685,True,0.9921259842519685,True,True,True,True
484,2023-04-17,254,244,253,252,243,242,242,253,252,252,0.9606299212598425,True,0.9566929133858267,True,0.952755905511811,True,0.952755905511811,True,0.9960629921259843,True,0.9921259842519685,True,0.9921259842519685,True,True,True,True
485,2023-04-18,254,244,253,252,243,242,242,253,252,252,0.9606299212598425,True,0.9566929133858267,True,0.952755905511811,True,0.952755905511811,True,0.9960629921259843,True,0.9921259842519685,True,0.9921259842519685,True,True,True,True
486,2023-04-26,254,244,253,252,243,242,242,253,252,252,0.9606299212598425,True,0.9566929133858267,True,0.952755905511811,True,0.952755905511811,True,0.9960629921259843,True,0.9921259842519685,True,0.9921259842519685,True,True,True,True
487,2023-04-27,254,244,253,252,243,242,242,253,252,252,0.9606299212598425,True,0.9566929133858267,True,0.952755905511811,True,0.952755905511811,True,0.9960629921259843,True,0.9921259842519685,True,0.9921259842519685,True,True,True,True
488,2023-04-28,254,243,252,252,242,242,242,252,252,252,0.9566929133858267,True,0.952755905511811,True,0.952755905511811,True,0.952755905511811,True,0.9921259842519685,True,0.9921259842519685,True,0.9921259842519685,True,True,True,True
489,2023-05-02,253,243,252,252,242,242,242,252,252,252,0.9604743083003953,True,0.9565217391304348,True,0.9565217391304348,True,0.9565217391304348,True,0.9960474308300395,True,0.9960474308300395,True,0.9960474308300395,True,True,True,True
490,2023-05-03,253,243,252,252,242,242,242,252,252,252,0.9604743083003953,True,0.9565217391304348,True,0.9565217391304348,True,0.9565217391304348,True,0.9960474308300395,True,0.9960474308300395,True,0.9960474308300395,True,True,True,True
491,2023-05-04,253,243,252,252,242,242,242,252,252,252,0.9604743083003953,True,0.9565217391304348,True,0.9565217391304348,True,0.9565217391304348,True,0.9960474308300395,True,0.9960474308300395,True,0.9960474308300395,True,True,True,True
492,2023-05-05,255,244,254,254,244,244,244,254,254,254,0.9568627450980393,True,0.9568627450980393,True,0.9568627450980393,True,0.9568627450980393,True,0.996078431372549,True,0.996078431372549,True,0.996078431372549,True,True,True,True
493,2023-05-08,253,243,253,253,243,243,243,253,253,253,0.9604743083003953,True,0.9604743083003953,True,0.9604743083003953,True,0.9604743083003953,True,1.0,True,1.0,True,1.0,True,True,True,True
494,2023-05-09,253,243,253,253,243,243,243,253,253,253,0.9604743083003953,True,0.9604743083003953,True,0.9604743083003953,True,0.9604743083003953,True,1.0,True,1.0,True,1.0,True,True,True,True
495,2023-05-10,254,244,254,254,244,244,244,254,254,254,0.9606299212598425,True,0.9606299212598425,True,0.9606299212598425,True,0.9606299212598425,True,1.0,True,1.0,True,1.0,True,True,True,True
496,2023-05-11,253,243,253,253,243,243,243,253,253,253,0.9604743083003953,True,0.9604743083003953,True,0.9604743083003953,True,0.9604743083003953,True,1.0,True,1.0,True,1.0,True,True,True,True
497,2023-05-12,253,243,253,253,243,243,243,253,253,253,0.9604743083003953,True,0.9604743083003953,True,0.9604743083003953,True,0.9604743083003953,True,1.0,True,1.0,True,1.0,True,True,True,True
498,2023-05-15,254,245,254,254,245,245,245,254,254,254,0.9645669291338582,True,0.9645669291338582,True,0.9645669291338582,True,0.9645669291338582,True,1.0,True,1.0,True,1.0,True,True,True,True
499,2023-05-16,254,245,254,254,245,245,245,254,254,254,0.9645669291338582,True,0.9645669291338582,True,0.9645669291338582,True,0.9645669291338582,True,1.0,True,1.0,True,1.0,True,True,True,True
500,2023-05-17,256,247,256,256,247,247,247,256,256,256,0.96484375,True,0.96484375,True,0.96484375,True,0.96484375,True,1.0,True,1.0,True,1.0,True,True,True,True
501,2023-05-19,254,245,254,254,245,245,245,254,254,254,0.9645669291338582,True,0.9645669291338582,True,0.9645669291338582,True,0.9645669291338582,True,1.0,True,1.0,True,1.0,True,True,True,True
502,2023-05-22,254,245,254,254,245,245,245,254,254,254,0.9645669291338582,True,0.9645669291338582,True,0.9645669291338582,True,0.9645669291338582,True,1.0,True,1.0,True,1.0,True,True,True,True
503,2023-05-23,255,246,255,255,246,246,246,255,255,255,0.9647058823529412,True,0.9647058823529412,True,0.9647058823529412,True,0.9647058823529412,True,1.0,True,1.0,True,1.0,True,True,True,True
504,2023-05-24,259,250,259,259,250,250,250,259,259,259,0.9652509652509652,True,0.9652509652509652,True,0.9652509652509652,True,0.9652509652509652,True,1.0,True,1.0,True,1.0,True,True,True,True
505,2023-05-25,260,251,260,260,251,251,251,260,260,260,0.9653846153846154,True,0.9653846153846154,True,0.9653846153846154,True,0.9653846153846154,True,1.0,True,1.0,True,1.0,True,True,True,True
506,2023-05-26,257,248,257,256,248,247,247,257,256,256,0.9649805447470817,True,0.9649805447470817,True,0.9610894941634242,True,0.9610894941634242,True,1.0,True,0.9961089494163424,True,0.9961089494163424,True,True,True,True
507,2023-05-29,257,248,257,257,248,248,248,257,257,257,0.9649805447470817,True,0.9649805447470817,True,0.9649805447470817,True,0.9649805447470817,True,1.0,True,1.0,True,1.0,True,True,True,True
508,2023-05-30,257,248,257,257,248,248,248,257,257,257,0.9649805447470817,True,0.9649805447470817,True,0.9649805447470817,True,0.9649805447470817,True,1.0,True,1.0,True,1.0,True,True,True,True
509,2023-05-31,256,247,256,256,247,247,247,256,256,256,0.96484375,True,0.96484375,True,0.96484375,True,0.96484375,True,1.0,True,1.0,True,1.0,True,True,True,True
510,2023-06-05,257,248,257,257,248,248,248,257,257,257,0.9649805447470817,True,0.9649805447470817,True,0.9649805447470817,True,0.9649805447470817,True,1.0,True,1.0,True,1.0,True,True,True,True
511,2023-06-06,258,249,257,258,248,249,248,257,258,257,0.9651162790697675,True,0.9612403100775194,True,0.9651162790697675,True,0.9612403100775194,True,0.9961240310077519,True,1.0,True,0.9961240310077519,True,True,True,True
512,2023-06-07,260,251,260,259,251,250,250,260,259,259,0.9653846153846154,True,0.9653846153846154,True,0.9615384615384616,True,0.9615384615384616,True,1.0,True,0.9961538461538462,True,0.9961538461538462,True,True,True,True
513,2023-06-08,261,252,261,260,252,251,251,261,260,260,0.9655172413793104,True,0.9655172413793104,True,0.9616858237547893,True,0.9616858237547893,True,1.0,True,0.9961685823754789,True,0.9961685823754789,True,True,True,True
514,2023-06-09,261,252,261,260,252,251,251,261,260,260,0.9655172413793104,True,0.9655172413793104,True,0.9616858237547893,True,0.9616858237547893,True,1.0,True,0.9961685823754789,True,0.9961685823754789,True,True,True,True
515,2023-06-12,258,248,258,257,248,248,248,257,257,257,0.9612403100775194,True,0.9612403100775194,True,0.9612403100775194,True,0.9612403100775194,True,0.9961240310077519,True,0.9961240310077519,True,0.9961240310077519,True,True,True,True
516,2023-06-13,259,250,259,259,250,250,250,259,259,259,0.9652509652509652,True,0.9652509652509652,True,0.9652509652509652,True,0.9652509652509652,True,1.0,True,1.0,True,1.0,True,True,True,True
517,2023-06-14,259,250,258,257,249,248,248,258,257,257,0.9652509652509652,True,0.9613899613899614,True,0.9575289575289575,True,0.9575289575289575,True,0.9961389961389961,True,0.9922779922779923,True,0.9922779922779923,True,True,True,True
518,2023-06-15,259,250,258,258,249,249,249,258,258,258,0.9652509652509652,True,0.9613899613899614,True,0.9613899613899614,True,0.9613899613899614,True,0.9961389961389961,True,0.9961389961389961,True,0.9961389961389961,True,True,True,True
519,2023-06-16,259,251,258,257,250,249,249,258,257,257,0.9691119691119691,True,0.9652509652509652,True,0.9613899613899614,True,0.9613899613899614,True,0.9961389961389961,True,0.9922779922779923,True,0.9922779922779923,True,True,True,True
520,2023-06-19,261,253,260,260,252,252,252,260,260,260,0.9693486590038314,True,0.9655172413793104,True,0.9655172413793104,True,0.9655172413793104,True,0.9961685823754789,True,0.9961685823754789,True,0.9961685823754789,True,True,True,True
521,2023-06-20,260,250,259,258,250,249,249,259,258,258,0.9615384615384616,True,0.9615384615384616,True,0.9576923076923077,True,0.9576923076923077,True,0.9961538461538462,True,0.9923076923076923,True,0.9923076923076923,True,True,True,True
522,2023-06-21,259,251,258,258,250,250,249,258,258,257,0.9691119691119691,True,0.9652509652509652,True,0.9652509652509652,True,0.9613899613899614,True,0.9961389961389961,True,0.9961389961389961,True,0.9922779922779923,True,True,True,True
523,2023-06-22,261,253,261,260,253,252,252,261,260,260,0.9693486590038314,True,0.9693486590038314,True,0.9655172413793104,True,0.9655172413793104,True,1.0,True,0.9961685823754789,True,0.9961685823754789,True,True,True,True
524,2023-06-23,261,253,260,260,252,252,252,260,260,260,0.9693486590038314,True,0.9655172413793104,True,0.9655172413793104,True,0.9655172413793104,True,0.9961685823754789,True,0.9961685823754789,True,0.9961685823754789,True,True,True,True
525,2023-06-26,258,250,258,256,250,248,248,258,256,256,0.9689922480620154,True,0.9689922480620154,True,0.9612403100775194,True,0.9612403100775194,True,1.0,True,0.9922480620155039,True,0.9922480620155039,True,True,True,True
526,2023-06-27,258,249,257,257,248,248,248,256,256,256,0.9651162790697675,True,0.9612403100775194,True,0.9612403100775194,True,0.9612403100775194,True,0.9922480620155039,True,0.9922480620155039,True,0.9922480620155039,True,True,True,True
527,2023-07-03,257,249,256,256,248,248,248,256,256,256,0.9688715953307393,True,0.9649805447470817,True,0.9649805447470817,True,0.9649805447470817,True,0.9961089494163424,True,0.9961089494163424,True,0.9961089494163424,True,True,True,True
528,2023-07-04,257,248,256,256,248,248,248,256,256,256,0.9649805447470817,True,0.9649805447470817,True,0.9649805447470817,True,0.9649805447470817,True,0.9961089494163424,True,0.9961089494163424,True,0.9961089494163424,True,True,True,True
529,2023-07-05,258,251,258,258,251,251,251,258,258,258,0.9728682170542635,True,0.9728682170542635,True,0.9728682170542635,True,0.9728682170542635,True,1.0,True,1.0,True,1.0,True,True,True,True
530,2023-07-06,262,254,260,261,253,254,253,260,261,260,0.9694656488549618,True,0.9656488549618321,True,0.9694656488549618,True,0.9656488549618321,True,0.9923664122137404,True,0.9961832061068703,True,0.9923664122137404,True,True,True,True
531,2023-07-07,261,254,261,260,254,253,253,261,260,260,0.9731800766283525,True,0.9731800766283525,True,0.9693486590038314,True,0.9693486590038314,True,1.0,True,0.9961685823754789,True,0.9961685823754789,True,True,True,True
532,2023-07-10,261,255,261,261,255,255,255,261,261,261,0.9770114942528736,True,0.9770114942528736,True,0.9770114942528736,True,0.9770114942528736,True,1.0,True,1.0,True,1.0,True,True,True,True
533,2023-07-11,263,257,263,263,257,257,257,263,263,263,0.9771863117870723,True,0.9771863117870723,True,0.9771863117870723,True,0.9771863117870723,True,1.0,True,1.0,True,1.0,True,True,True,True
534,2023-07-12,264,255,264,263,255,255,255,262,262,262,0.9659090909090909,True,0.9659090909090909,True,0.9659090909090909,True,0.9659090909090909,True,0.9924242424242424,True,0.9924242424242424,True,0.9924242424242424,True,True,True,True
535,2023-07-13,262,255,262,262,255,255,255,262,262,262,0.9732824427480916,True,0.9732824427480916,True,0.9732824427480916,True,0.9732824427480916,True,1.0,True,1.0,True,1.0,True,True,True,True
536,2023-07-14,264,257,263,263,256,256,255,263,263,262,0.9734848484848485,True,0.9696969696969697,True,0.9696969696969697,True,0.9659090909090909,True,0.9962121212121212,True,0.9962121212121212,True,0.9924242424242424,True,True,True,True
537,2023-07-17,265,258,265,262,258,255,255,265,262,262,0.9735849056603774,True,0.9735849056603774,True,0.9622641509433962,True,0.9622641509433962,True,1.0,True,0.9886792452830189,True,0.9886792452830189,True,True,True,True
538,2023-07-18,266,259,266,263,259,256,256,266,263,263,0.9736842105263158,True,0.9736842105263158,True,0.9624060150375939,True,0.9624060150375939,True,1.0,True,0.9887218045112782,True,0.9887218045112782,True,True,True,True
539,2023-07-20,267,260,266,264,259,257,257,266,264,264,0.9737827715355806,True,0.9700374531835206,True,0.9625468164794008,True,0.9625468164794008,True,0.9962546816479401,True,0.9887640449438202,True,0.9887640449438202,True,True,True,True
540,2023-07-21,265,257,264,262,256,254,254,263,261,261,0.969811320754717,True,0.9660377358490566,True,0.9584905660377359,True,0.9584905660377359,True,0.9924528301886792,True,0.9849056603773585,True,0.9849056603773585,True,True,True,True
541,2023-07-24,264,256,263,261,255,253,253,263,261,261,0.9696969696969697,True,0.9659090909090909,True,0.9583333333333334,True,0.9583333333333334,True,0.9962121212121212,True,0.9886363636363636,True,0.9886363636363636,True,True,True,True
542,2023-07-25,268,260,265,265,257,257,257,265,265,265,0.9701492537313433,True,0.9589552238805971,True,0.9589552238805971,True,0.9589552238805971,True,0.9888059701492538,True,0.9888059701492538,True,0.9888059701492538,True,True,True,True
543,2023-07-26,269,260,266,267,258,259,258,266,267,266,0.966542750929368,True,0.9591078066914498,True,0.9628252788104089,True,0.9591078066914498,True,0.9888475836431226,True,0.9925650557620818,True,0.9888475836431226,True,True,True,True
544,2023-07-27,265,257,263,264,255,256,255,263,264,263,0.969811320754717,True,0.9622641509433962,True,0.9660377358490566,True,0.9622641509433962,True,0.9924528301886792,True,0.9962264150943396,True,0.9924528301886792,True,True,True,True
545,2023-07-28,263,255,261,262,253,254,253,261,262,261,0.9695817490494296,True,0.9619771863117871,True,0.9657794676806084,True,0.9619771863117871,True,0.9923954372623575,True,0.9961977186311787,True,0.9923954372623575,True,True,True,True
546,2023-07-31,263,253,261,262,253,253,253,261,261,261,0.9619771863117871,True,0.9619771863117871,True,0.9619771863117871,True,0.9619771863117871,True,0.9923954372623575,True,0.9923954372623575,True,0.9923954372623575,True,True,True,True
547,2023-08-01,260,252,260,259,252,251,251,260,259,259,0.9692307692307692,True,0.9692307692307692,True,0.9653846153846154,True,0.9653846153846154,True,1.0,True,0.9961538461538462,True,0.9961538461538462,True,True,True,True
548,2023-08-02,259,251,259,259,251,251,251,259,259,259,0.9691119691119691,True,0.9691119691119691,True,0.9691119691119691,True,0.9691119691119691,True,1.0,True,1.0,True,1.0,True,True,True,True
549,2023-08-03,258,250,258,257,250,249,249,258,257,257,0.9689922480620154,True,0.9689922480620154,True,0.9651162790697675,True,0.9651162790697675,True,1.0,True,0.9961240310077519,True,0.9961240310077519,True,True,True,True
550,2023-08-04,261,253,261,260,253,252,252,261,260,260,0.9693486590038314,True,0.9693486590038314,True,0.9655172413793104,True,0.9655172413793104,True,1.0,True,0.9961685823754789,True,0.9961685823754789,True,True,True,True
551,2023-08-07,265,257,265,264,257,256,256,265,264,264,0.969811320754717,True,0.969811320754717,True,0.9660377358490566,True,0.9660377358490566,True,1.0,True,0.9962264150943396,True,0.9962264150943396,True,True,True,True
552,2023-08-08,264,256,263,263,255,255,255,263,263,263,0.9696969696969697,True,0.9659090909090909,True,0.9659090909090909,True,0.9659090909090909,True,0.9962121212121212,True,0.9962121212121212,True,0.9962121212121212,True,True,True,True
553,2023-08-09,266,257,266,266,257,257,257,266,266,266,0.9661654135338346,True,0.9661654135338346,True,0.9661654135338346,True,0.9661654135338346,True,1.0,True,1.0,True,1.0,True,True,True,True
554,2023-08-10,266,257,265,266,256,257,256,265,266,265,0.9661654135338346,True,0.9624060150375939,True,0.9661654135338346,True,0.9624060150375939,True,0.9962406015037594,True,1.0,True,0.9962406015037594,True,True,True,True
555,2023-08-11,267,258,266,267,257,258,257,266,267,266,0.9662921348314607,True,0.9625468164794008,True,0.9662921348314607,True,0.9625468164794008,True,0.9962546816479401,True,1.0,True,0.9962546816479401,True,True,True,True
556,2023-08-14,266,256,265,266,256,256,256,265,265,265,0.9624060150375939,True,0.9624060150375939,True,0.9624060150375939,True,0.9624060150375939,True,0.9962406015037594,True,0.9962406015037594,True,0.9962406015037594,True,True,True,True
557,2023-08-15,266,257,266,266,257,257,257,266,266,266,0.9661654135338346,True,0.9661654135338346,True,0.9661654135338346,True,0.9661654135338346,True,1.0,True,1.0,True,1.0,True,True,True,True
558,2023-08-16,268,258,268,268,258,258,258,267,267,267,0.9626865671641791,True,0.9626865671641791,True,0.9626865671641791,True,0.9626865671641791,True,0.996268656716418,True,0.996268656716418,True,0.996268656716418,True,True,True,True
559,2023-08-18,269,260,269,269,260,260,260,269,269,269,0.966542750929368,True,0.966542750929368,True,0.966542750929368,True,0.966542750929368,True,1.0,True,1.0,True,1.0,True,True,True,True
560,2023-08-21,268,259,268,268,259,259,259,268,268,268,0.9664179104477612,True,0.9664179104477612,True,0.9664179104477612,True,0.9664179104477612,True,1.0,True,1.0,True,1.0,True,True,True,True
561,2023-08-22,270,261,270,270,261,261,261,270,270,270,0.9666666666666667,True,0.9666666666666667,True,0.9666666666666667,True,0.9666666666666667,True,1.0,True,1.0,True,1.0,True,True,True,True
562,2023-08-23,272,263,272,272,263,263,263,272,272,272,0.9669117647058824,True,0.9669117647058824,True,0.9669117647058824,True,0.9669117647058824,True,1.0,True,1.0,True,1.0,True,True,True,True
563,2023-08-24,272,263,272,272,263,263,263,272,272,272,0.9669117647058824,True,0.9669117647058824,True,0.9669117647058824,True,0.9669117647058824,True,1.0,True,1.0,True,1.0,True,True,True,True
564,2023-08-25,275,266,275,275,266,266,266,275,275,275,0.9672727272727273,True,0.9672727272727273,True,0.9672727272727273,True,0.9672727272727273,True,1.0,True,1.0,True,1.0,True,True,True,True
565,2023-08-28,274,265,274,274,265,265,265,274,274,274,0.9671532846715328,True,0.9671532846715328,True,0.9671532846715328,True,0.9671532846715328,True,1.0,True,1.0,True,1.0,True,True,True,True
566,2023-08-29,274,265,274,274,265,265,265,274,274,274,0.9671532846715328,True,0.9671532846715328,True,0.9671532846715328,True,0.9671532846715328,True,1.0,True,1.0,True,1.0,True,True,True,True
567,2023-08-30,274,264,274,274,264,264,264,274,274,274,0.9635036496350365,True,0.9635036496350365,True,0.9635036496350365,True,0.9635036496350365,True,1.0,True,1.0,True,1.0,True,True,True,True
568,2023-08-31,272,262,272,272,262,262,262,272,272,272,0.9632352941176471,True,0.9632352941176471,True,0.9632352941176471,True,0.9632352941176471,True,1.0,True,1.0,True,1.0,True,True,True,True
569,2023-09-01,273,263,273,273,263,263,263,273,273,273,0.9633699633699634,True,0.9633699633699634,True,0.9633699633699634,True,0.9633699633699634,True,1.0,True,1.0,True,1.0,True,True,True,True
570,2023-09-04,275,264,275,275,264,264,264,275,275,275,0.96,True,0.96,True,0.96,True,0.96,True,1.0,True,1.0,True,1.0,True,True,True,True
571,2023-09-05,280,268,280,280,268,268,268,280,280,280,0.9571428571428572,True,0.9571428571428572,True,0.9571428571428572,True,0.9571428571428572,True,1.0,True,1.0,True,1.0,True,True,True,True
572,2023-09-06,283,271,283,283,271,271,271,283,283,283,0.9575971731448764,True,0.9575971731448764,True,0.9575971731448764,True,0.9575971731448764,True,1.0,True,1.0,True,1.0,True,True,True,True
573,2023-09-07,282,270,282,282,270,270,270,282,282,282,0.9574468085106383,True,0.9574468085106383,True,0.9574468085106383,True,0.9574468085106383,True,1.0,True,1.0,True,1.0,True,True,True,True
574,2023-09-08,282,270,282,281,270,270,270,282,281,281,0.9574468085106383,True,0.9574468085106383,True,0.9574468085106383,True,0.9574468085106383,True,1.0,True,0.9964539007092199,True,0.9964539007092199,True,True,True,True
575,2023-09-11,281,269,281,281,269,269,269,281,281,281,0.9572953736654805,True,0.9572953736654805,True,0.9572953736654805,True,0.9572953736654805,True,1.0,True,1.0,True,1.0,True,True,True,True
576,2023-09-12,281,269,281,281,269,269,269,281,281,281,0.9572953736654805,True,0.9572953736654805,True,0.9572953736654805,True,0.9572953736654805,True,1.0,True,1.0,True,1.0,True,True,True,True
577,2023-09-13,282,270,282,282,270,270,270,282,282,282,0.9574468085106383,True,0.9574468085106383,True,0.9574468085106383,True,0.9574468085106383,True,1.0,True,1.0,True,1.0,True,True,True,True
578,2023-09-14,285,273,285,285,273,273,273,285,285,285,0.9578947368421052,True,0.9578947368421052,True,0.9578947368421052,True,0.9578947368421052,True,1.0,True,1.0,True,1.0,True,True,True,True
579,2023-09-15,284,272,283,282,272,270,270,283,282,281,0.9577464788732394,True,0.9577464788732394,True,0.9507042253521126,True,0.9507042253521126,True,0.9964788732394366,True,0.9929577464788732,True,0.9894366197183099,True,True,True,True
580,2023-09-18,282,270,282,279,270,267,267,282,279,279,0.9574468085106383,True,0.9574468085106383,True,0.9468085106382979,True,0.9468085106382979,True,1.0,True,0.9893617021276596,True,0.9893617021276596,True,True,True,True
581,2023-09-19,282,270,282,280,270,268,268,282,280,280,0.9574468085106383,True,0.9574468085106383,True,0.950354609929078,True,0.950354609929078,True,1.0,True,0.9929078014184397,True,0.9929078014184397,True,True,True,True
582,2023-09-20,280,268,280,278,268,266,266,280,278,278,0.9571428571428572,True,0.9571428571428572,True,0.95,True,0.95,True,1.0,True,0.9928571428571429,True,0.9928571428571429,True,True,True,True
583,2023-09-21,281,269,281,279,269,267,267,280,278,278,0.9572953736654805,True,0.9572953736654805,True,0.9501779359430605,True,0.9501779359430605,True,0.99644128113879,True,0.9893238434163701,True,0.9893238434163701,True,True,True,True
584,2023-09-22,283,270,281,280,268,267,267,281,280,280,0.9540636042402827,True,0.9469964664310954,True,0.9434628975265018,True,0.9434628975265018,True,0.9929328621908127,True,0.9893992932862191,True,0.9893992932862191,True,True,True,True
585,2023-09-25,283,272,280,280,269,269,269,280,280,280,0.9611307420494699,True,0.950530035335689,True,0.950530035335689,True,0.950530035335689,True,0.9893992932862191,True,0.9893992932862191,True,0.9893992932862191,True,True,True,True
586,2023-09-26,282,271,280,279,269,268,268,280,279,279,0.9609929078014184,True,0.9539007092198581,True,0.950354609929078,True,0.950354609929078,True,0.9929078014184397,True,0.9893617021276596,True,0.9893617021276596,True,True,True,True
587,2023-09-27,281,269,279,278,267,266,266,279,278,278,0.9572953736654805,True,0.9501779359430605,True,0.9466192170818505,True,0.9466192170818505,True,0.9928825622775801,True,0.9893238434163701,True,0.9893238434163701,True,True,True,True
588,2023-09-29,281,268,279,278,268,267,267,279,278,278,0.9537366548042705,True,0.9537366548042705,True,0.9501779359430605,True,0.9501779359430605,True,0.9928825622775801,True,0.9893238434163701,True,0.9893238434163701,True,True,True,True
589,2023-10-02,276,264,275,274,263,263,263,274,274,274,0.9565217391304348,True,0.9528985507246377,True,0.9528985507246377,True,0.9528985507246377,True,0.9927536231884058,True,0.9927536231884058,True,0.9927536231884058,True,True,True,True
590,2023-10-03,275,264,275,274,264,263,263,275,274,274,0.96,True,0.96,True,0.9563636363636364,True,0.9563636363636364,True,1.0,True,0.9963636363636363,True,0.9963636363636363,True,True,True,True
591,2023-10-04,275,264,274,273,263,262,262,274,273,273,0.96,True,0.9563636363636364,True,0.9527272727272728,True,0.9527272727272728,True,0.9963636363636363,True,0.9927272727272727,True,0.9927272727272727,True,True,True,True
592,2023-10-05,277,265,276,275,264,263,263,276,275,275,0.9566787003610109,True,0.9530685920577617,True,0.9494584837545126,True,0.9494584837545126,True,0.9963898916967509,True,0.9927797833935018,True,0.9927797833935018,True,True,True,True
593,2023-10-06,277,264,276,276,263,264,263,275,276,275,0.9530685920577617,True,0.9494584837545126,True,0.9530685920577617,True,0.9494584837545126,True,0.9927797833935018,True,0.9963898916967509,True,0.9927797833935018,True,True,True,True
594,2023-10-09,276,263,275,276,263,263,263,275,275,275,0.9528985507246377,True,0.9528985507246377,True,0.9528985507246377,True,0.9528985507246377,True,0.9963768115942029,True,0.9963768115942029,True,0.9963768115942029,True,True,True,True
595,2023-10-10,276,264,275,274,263,262,262,275,274,274,0.9565217391304348,True,0.9528985507246377,True,0.9492753623188406,True,0.9492753623188406,True,0.9963768115942029,True,0.9927536231884058,True,0.9927536231884058,True,True,True,True
596,2023-10-11,277,265,276,276,264,264,264,276,276,276,0.9566787003610109,True,0.9530685920577617,True,0.9530685920577617,True,0.9530685920577617,True,0.9963898916967509,True,0.9963898916967509,True,0.9963898916967509,True,True,True,True
597,2023-10-12,277,265,276,276,264,264,264,276,276,276,0.9566787003610109,True,0.9530685920577617,True,0.9530685920577617,True,0.9530685920577617,True,0.9963898916967509,True,0.9963898916967509,True,0.9963898916967509,True,True,True,True
598,2023-10-13,276,263,275,276,263,263,263,275,275,275,0.9528985507246377,True,0.9528985507246377,True,0.9528985507246377,True,0.9528985507246377,True,0.9963768115942029,True,0.9963768115942029,True,0.9963768115942029,True,True,True,True
599,2023-10-16,276,264,276,276,264,264,264,276,276,276,0.9565217391304348,True,0.9565217391304348,True,0.9565217391304348,True,0.9565217391304348,True,1.0,True,1.0,True,1.0,True,True,True,True
600,2023-10-17,275,263,274,275,262,263,262,274,275,274,0.9563636363636364,True,0.9527272727272728,True,0.9563636363636364,True,0.9527272727272728,True,0.9963636363636363,True,1.0,True,0.9963636363636363,True,True,True,True
601,2023-10-18,274,262,274,273,262,261,261,274,273,273,0.9562043795620438,True,0.9562043795620438,True,0.9525547445255474,True,0.9525547445255474,True,1.0,True,0.9963503649635036,True,0.9963503649635036,True,True,True,True
602,2023-10-19,273,262,273,272,262,261,261,273,272,272,0.9597069597069597,True,0.9597069597069597,True,0.9560439560439561,True,0.9560439560439561,True,1.0,True,0.9963369963369964,True,0.9963369963369964,True,True,True,True
603,2023-10-20,273,262,273,272,262,261,261,273,272,272,0.9597069597069597,True,0.9597069597069597,True,0.9560439560439561,True,0.9560439560439561,True,1.0,True,0.9963369963369964,True,0.9963369963369964,True,True,True,True
604,2023-10-23,271,259,271,270,259,258,258,270,269,269,0.955719557195572,True,0.955719557195572,True,0.9520295202952029,True,0.9520295202952029,True,0.996309963099631,True,0.992619926199262,True,0.992619926199262,True,True,True,True
605,2023-10-24,271,260,271,269,260,258,258,271,269,269,0.959409594095941,True,0.959409594095941,True,0.9520295202952029,True,0.9520295202952029,True,1.0,True,0.992619926199262,True,0.992619926199262,True,True,True,True
606,2023-10-25,272,261,271,270,260,259,259,271,270,270,0.9595588235294118,True,0.9558823529411765,True,0.9522058823529411,True,0.9522058823529411,True,0.9963235294117647,True,0.9926470588235294,True,0.9926470588235294,True,True,True,True
607,2023-10-26,273,262,272,271,261,260,260,272,271,271,0.9597069597069597,True,0.9560439560439561,True,0.9523809523809523,True,0.9523809523809523,True,0.9963369963369964,True,0.9926739926739927,True,0.9926739926739927,True,True,True,True
608,2023-10-27,278,267,277,275,266,264,264,277,275,275,0.960431654676259,True,0.9568345323741008,True,0.9496402877697842,True,0.9496402877697842,True,0.9964028776978417,True,0.9892086330935251,True,0.9892086330935251,True,True,True,True
609,2023-10-30,278,267,277,275,266,264,264,277,275,275,0.960431654676259,True,0.9568345323741008,True,0.9496402877697842,True,0.9496402877697842,True,0.9964028776978417,True,0.9892086330935251,True,0.9892086330935251,True,True,True,True
610,2023-10-31,277,265,275,274,264,263,263,275,274,274,0.9566787003610109,True,0.9530685920577617,True,0.9494584837545126,True,0.9494584837545126,True,0.9927797833935018,True,0.9891696750902527,True,0.9891696750902527,True,True,True,True
611,2023-11-01,280,269,278,279,267,268,267,278,279,278,0.9607142857142857,True,0.9535714285714286,True,0.9571428571428572,True,0.9535714285714286,True,0.9928571428571429,True,0.9964285714285714,True,0.9928571428571429,True,True,True,True
612,2023-11-02,285,274,284,284,273,273,273,284,284,284,0.9614035087719298,True,0.9578947368421052,True,0.9578947368421052,True,0.9578947368421052,True,0.9964912280701754,True,0.9964912280701754,True,0.9964912280701754,True,True,True,True
613,2023-11-03,289,278,286,288,275,277,275,286,288,286,0.9619377162629758,True,0.9515570934256056,True,0.9584775086505191,True,0.9515570934256056,True,0.9896193771626297,True,0.9965397923875432,True,0.9896193771626297,True,True,True,True
614,2023-11-06,289,277,287,288,276,276,276,287,287,287,0.9584775086505191,True,0.9550173010380623,True,0.9550173010380623,True,0.9550173010380623,True,0.9930795847750865,True,0.9930795847750865,True,0.9930795847750865,True,True,True,True
615,2023-11-07,289,275,288,288,275,275,275,287,287,287,0.9515570934256056,True,0.9515570934256056,True,0.9515570934256056,True,0.9515570934256056,True,0.9930795847750865,True,0.9930795847750865,True,0.9930795847750865,True,True,True,True
616,2023-11-08,290,279,290,289,279,278,278,290,289,289,0.9620689655172414,True,0.9620689655172414,True,0.9586206896551724,True,0.9586206896551724,True,1.0,True,0.996551724137931,True,0.996551724137931,True,True,True,True
617,2023-11-09,290,277,290,290,277,277,277,288,288,288,0.9551724137931035,True,0.9551724137931035,True,0.9551724137931035,True,0.9551724137931035,True,0.993103448275862,True,0.993103448275862,True,0.993103448275862,True,True,True,True
618,2023-11-10,289,278,289,289,278,278,278,289,289,289,0.9619377162629758,True,0.9619377162629758,True,0.9619377162629758,True,0.9619377162629758,True,1.0,True,1.0,True,1.0,True,True,True,True
619,2023-11-13,288,277,288,288,277,277,277,288,288,288,0.9618055555555556,True,0.9618055555555556,True,0.9618055555555556,True,0.9618055555555556,True,1.0,True,1.0,True,1.0,True,True,True,True
620,2023-11-14,289,278,289,289,278,278,278,289,289,289,0.9619377162629758,True,0.9619377162629758,True,0.9619377162629758,True,0.9619377162629758,True,1.0,True,1.0,True,1.0,True,True,True,True
621,2023-11-15,289,278,288,289,277,278,277,288,289,288,0.9619377162629758,True,0.9584775086505191,True,0.9619377162629758,True,0.9584775086505191,True,0.9965397923875432,True,1.0,True,0.9965397923875432,True,True,True,True
622,2023-11-16,287,276,287,287,276,276,276,287,287,287,0.9616724738675958,True,0.9616724738675958,True,0.9616724738675958,True,0.9616724738675958,True,1.0,True,1.0,True,1.0,True,True,True,True
623,2023-11-17,284,273,284,281,273,270,270,284,281,281,0.9612676056338029,True,0.9612676056338029,True,0.9507042253521126,True,0.9507042253521126,True,1.0,True,0.9894366197183099,True,0.9894366197183099,True,True,True,True
624,2023-11-20,282,271,282,279,271,268,268,282,279,279,0.9609929078014184,True,0.9609929078014184,True,0.950354609929078,True,0.950354609929078,True,1.0,True,0.9893617021276596,True,0.9893617021276596,True,True,True,True
625,2023-11-21,282,271,282,279,271,268,268,281,278,278,0.9609929078014184,True,0.9609929078014184,True,0.950354609929078,True,0.950354609929078,True,0.9964539007092199,True,0.9858156028368794,True,0.9858156028368794,True,True,True,True
626,2023-11-22,281,271,281,278,271,268,268,281,278,278,0.9644128113879004,True,0.9644128113879004,True,0.9537366548042705,True,0.9537366548042705,True,1.0,True,0.9893238434163701,True,0.9893238434163701,True,True,True,True
627,2023-11-23,280,270,280,277,270,267,267,280,277,277,0.9642857142857143,True,0.9642857142857143,True,0.9535714285714286,True,0.9535714285714286,True,1.0,True,0.9892857142857143,True,0.9892857142857143,True,True,True,True
628,2023-11-24,279,269,276,276,266,266,266,276,276,276,0.96415770609319,True,0.953405017921147,True,0.953405017921147,True,0.953405017921147,True,0.989247311827957,True,0.989247311827957,True,0.989247311827957,True,True,True,True
629,2023-11-27,280,270,277,276,267,266,266,277,276,276,0.9642857142857143,True,0.9535714285714286,True,0.95,True,0.95,True,0.9892857142857143,True,0.9857142857142858,True,0.9857142857142858,True,True,True,True
630,2023-11-28,280,270,277,277,267,267,267,277,277,277,0.9642857142857143,True,0.9535714285714286,True,0.9535714285714286,True,0.9535714285714286,True,0.9892857142857143,True,0.9892857142857143,True,0.9892857142857143,True,True,True,True
631,2023-11-29,280,270,277,277,267,267,267,277,277,277,0.9642857142857143,True,0.9535714285714286,True,0.9535714285714286,True,0.9535714285714286,True,0.9892857142857143,True,0.9892857142857143,True,0.9892857142857143,True,True,True,True
632,2023-11-30,279,266,276,276,266,266,266,276,276,276,0.953405017921147,True,0.953405017921147,True,0.953405017921147,True,0.953405017921147,True,0.989247311827957,True,0.989247311827957,True,0.989247311827957,True,True,True,True
633,2023-12-01,277,267,277,277,267,267,267,277,277,277,0.9638989169675091,True,0.9638989169675091,True,0.9638989169675091,True,0.9638989169675091,True,1.0,True,1.0,True,1.0,True,True,True,True
634,2023-12-04,277,267,276,276,266,266,265,276,276,275,0.9638989169675091,True,0.9602888086642599,True,0.9602888086642599,True,0.9566787003610109,True,0.9963898916967509,True,0.9963898916967509,True,0.9927797833935018,True,True,True,True
635,2023-12-05,280,270,280,278,270,268,268,280,278,278,0.9642857142857143,True,0.9642857142857143,True,0.9571428571428572,True,0.9571428571428572,True,1.0,True,0.9928571428571429,True,0.9928571428571429,True,True,True,True
636,2023-12-06,280,270,280,278,270,268,268,280,278,278,0.9642857142857143,True,0.9642857142857143,True,0.9571428571428572,True,0.9571428571428572,True,1.0,True,0.9928571428571429,True,0.9928571428571429,True,True,True,True
637,2023-12-07,279,269,279,277,269,267,267,279,277,277,0.96415770609319,True,0.96415770609319,True,0.956989247311828,True,0.956989247311828,True,1.0,True,0.992831541218638,True,0.992831541218638,True,True,True,True
638,2023-12-08,278,267,278,275,267,264,264,277,274,274,0.960431654676259,True,0.960431654676259,True,0.9496402877697842,True,0.9496402877697842,True,0.9964028776978417,True,0.9856115107913669,True,0.9856115107913669,True,True,True,True
639,2023-12-11,276,267,275,274,266,265,265,275,274,274,0.967391304347826,True,0.9637681159420289,True,0.9601449275362319,True,0.9601449275362319,True,0.9963768115942029,True,0.9927536231884058,True,0.9927536231884058,True,True,True,True
640,2023-12-12,276,267,274,274,265,265,265,274,274,274,0.967391304347826,True,0.9601449275362319,True,0.9601449275362319,True,0.9601449275362319,True,0.9927536231884058,True,0.9927536231884058,True,0.9927536231884058,True,True,True,True
641,2023-12-13,277,268,275,275,266,266,266,275,275,275,0.9675090252707581,True,0.9602888086642599,True,0.9602888086642599,True,0.9602888086642599,True,0.9927797833935018,True,0.9927797833935018,True,0.9927797833935018,True,True,True,True
642,2023-12-14,277,268,275,275,266,266,266,275,275,275,0.9675090252707581,True,0.9602888086642599,True,0.9602888086642599,True,0.9602888086642599,True,0.9927797833935018,True,0.9927797833935018,True,0.9927797833935018,True,True,True,True
643,2023-12-15,275,265,272,272,263,263,262,272,272,271,0.9636363636363636,True,0.9563636363636364,True,0.9563636363636364,True,0.9527272727272728,True,0.9890909090909091,True,0.9890909090909091,True,0.9854545454545455,True,True,True,True
644,2023-12-18,272,262,271,271,262,262,262,271,271,271,0.9632352941176471,True,0.9632352941176471,True,0.9632352941176471,True,0.9632352941176471,True,0.9963235294117647,True,0.9963235294117647,True,0.9963235294117647,True,True,True,True
645,2023-12-19,270,261,270,269,261,260,260,270,269,269,0.9666666666666667,True,0.9666666666666667,True,0.9629629629629629,True,0.9629629629629629,True,1.0,True,0.9962962962962963,True,0.9962962962962963,True,True,True,True
646,2023-12-20,269,260,269,268,260,259,259,269,268,268,0.966542750929368,True,0.966542750929368,True,0.9628252788104089,True,0.9628252788104089,True,1.0,True,0.9962825278810409,True,0.9962825278810409,True,True,True,True
647,2023-12-21,267,257,267,266,257,256,256,266,265,265,0.9625468164794008,True,0.9625468164794008,True,0.9588014981273408,True,0.9588014981273408,True,0.9962546816479401,True,0.9925093632958801,True,0.9925093632958801,True,True,True,True
648,2023-12-22,266,257,265,265,256,256,256,265,265,265,0.9661654135338346,True,0.9624060150375939,True,0.9624060150375939,True,0.9624060150375939,True,0.9962406015037594,True,0.9962406015037594,True,0.9962406015037594,True,True,True,True
649,2023-12-27,266,257,266,265,257,256,256,266,265,265,0.9661654135338346,True,0.9661654135338346,True,0.9624060150375939,True,0.9624060150375939,True,1.0,True,0.9962406015037594,True,0.9962406015037594,True,True,True,True
650,2023-12-28,263,255,262,262,254,254,254,262,262,262,0.9695817490494296,True,0.9657794676806084,True,0.9657794676806084,True,0.9657794676806084,True,0.9961977186311787,True,0.9961977186311787,True,0.9961977186311787,True,True,True,True
651,2023-12-29,264,256,263,263,255,255,255,263,263,263,0.9696969696969697,True,0.9659090909090909,True,0.9659090909090909,True,0.9659090909090909,True,0.9962121212121212,True,0.9962121212121212,True,0.9962121212121212,True,True,True,True
652,2024-01-02,266,258,265,265,258,258,258,265,265,265,0.9699248120300752,True,0.9699248120300752,True,0.9699248120300752,True,0.9699248120300752,True,0.9962406015037594,True,0.9962406015037594,True,0.9962406015037594,True,True,True,True
653,2024-01-03,264,257,264,264,257,257,257,264,264,264,0.9734848484848485,True,0.9734848484848485,True,0.9734848484848485,True,0.9734848484848485,True,1.0,True,1.0,True,1.0,True,True,True,True
654,2024-01-04,263,255,262,262,255,255,255,262,262,262,0.9695817490494296,True,0.9695817490494296,True,0.9695817490494296,True,0.9695817490494296,True,0.9961977186311787,True,0.9961977186311787,True,0.9961977186311787,True,True,True,True
655,2024-01-05,261,254,261,261,254,254,254,261,261,261,0.9731800766283525,True,0.9731800766283525,True,0.9731800766283525,True,0.9731800766283525,True,1.0,True,1.0,True,1.0,True,True,True,True
656,2024-01-08,263,256,263,263,256,256,256,263,263,263,0.973384030418251,True,0.973384030418251,True,0.973384030418251,True,0.973384030418251,True,1.0,True,1.0,True,1.0,True,True,True,True
657,2024-01-09,261,254,261,261,254,254,254,261,261,261,0.9731800766283525,True,0.9731800766283525,True,0.9731800766283525,True,0.9731800766283525,True,1.0,True,1.0,True,1.0,True,True,True,True
658,2024-01-10,259,252,259,259,252,252,252,259,259,259,0.972972972972973,True,0.972972972972973,True,0.972972972972973,True,0.972972972972973,True,1.0,True,1.0,True,1.0,True,True,True,True
659,2024-01-11,254,247,254,254,247,247,247,254,254,254,0.9724409448818898,True,0.9724409448818898,True,0.9724409448818898,True,0.9724409448818898,True,1.0,True,1.0,True,1.0,True,True,True,True
660,2024-01-12,252,241,252,252,241,241,241,252,252,252,0.9563492063492064,True,0.9563492063492064,True,0.9563492063492064,True,0.9563492063492064,True,1.0,True,1.0,True,1.0,True,True,True,True
661,2024-01-15,251,244,251,251,244,244,244,251,251,251,0.9721115537848606,True,0.9721115537848606,True,0.9721115537848606,True,0.9721115537848606,True,1.0,True,1.0,True,1.0,True,True,True,True
662,2024-01-16,252,245,252,252,245,245,245,252,252,252,0.9722222222222222,True,0.9722222222222222,True,0.9722222222222222,True,0.9722222222222222,True,1.0,True,1.0,True,1.0,True,True,True,True
663,2024-01-17,252,245,252,252,245,245,245,252,252,252,0.9722222222222222,True,0.9722222222222222,True,0.9722222222222222,True,0.9722222222222222,True,1.0,True,1.0,True,1.0,True,True,True,True
664,2024-01-18,252,246,252,251,246,245,245,252,251,251,0.9761904761904762,True,0.9761904761904762,True,0.9722222222222222,True,0.9722222222222222,True,1.0,True,0.996031746031746,True,0.996031746031746,True,True,True,True
665,2024-01-19,250,244,250,249,244,243,243,250,249,249,0.976,True,0.976,True,0.972,True,0.972,True,1.0,True,0.996,True,0.996,True,True,True,True
666,2024-01-22,248,242,248,247,242,241,241,248,247,247,0.9758064516129032,True,0.9758064516129032,True,0.9717741935483871,True,0.9717741935483871,True,1.0,True,0.9959677419354839,True,0.9959677419354839,True,True,True,True
667,2024-01-23,248,242,248,246,242,240,240,248,246,246,0.9758064516129032,True,0.9758064516129032,True,0.967741935483871,True,0.967741935483871,True,1.0,True,0.9919354838709677,True,0.9919354838709677,True,True,True,True
668,2024-01-24,247,241,247,246,241,240,240,247,246,246,0.9757085020242915,True,0.9757085020242915,True,0.97165991902834,True,0.97165991902834,True,1.0,True,0.9959514170040485,True,0.9959514170040485,True,True,True,True
669,2024-01-25,247,241,246,244,240,238,238,246,244,244,0.9757085020242915,True,0.97165991902834,True,0.9635627530364372,True,0.9635627530364372,True,0.9959514170040485,True,0.9878542510121457,True,0.9878542510121457,True,True,True,True
670,2024-01-26,247,241,246,246,240,240,240,246,246,246,0.9757085020242915,True,0.97165991902834,True,0.97165991902834,True,0.97165991902834,True,0.9959514170040485,True,0.9959514170040485,True,0.9959514170040485,True,True,True,True
671,2024-01-29,244,238,243,243,237,237,237,243,243,243,0.9754098360655737,True,0.9713114754098361,True,0.9713114754098361,True,0.9713114754098361,True,0.9959016393442623,True,0.9959016393442623,True,0.9959016393442623,True,True,True,True
672,2024-01-30,244,238,242,242,236,236,235,242,242,241,0.9754098360655737,True,0.9672131147540983,True,0.9672131147540983,True,0.9631147540983607,True,0.9918032786885246,True,0.9918032786885246,True,0.9877049180327869,True,True,True,True
673,2024-01-31,243,236,242,241,236,235,235,242,241,241,0.9711934156378601,True,0.9711934156378601,True,0.9670781893004116,True,0.9670781893004116,True,0.9958847736625515,True,0.9917695473251029,True,0.9917695473251029,True,True,True,True
674,2024-02-01,242,236,239,241,233,235,233,239,241,239,0.9752066115702479,True,0.9628099173553719,True,0.9710743801652892,True,0.9628099173553719,True,0.987603305785124,True,0.9958677685950413,True,0.987603305785124,True,True,True,True
675,2024-02-02,244,238,244,243,238,237,237,244,243,243,0.9754098360655737,True,0.9754098360655737,True,0.9713114754098361,True,0.9713114754098361,True,1.0,True,0.9959016393442623,True,0.9959016393442623,True,True,True,True
676,2024-02-05,242,235,241,241,234,234,233,240,240,239,0.9710743801652892,True,0.9669421487603306,True,0.9669421487603306,True,0.9628099173553719,True,0.9917355371900827,True,0.9917355371900827,True,0.987603305785124,True,True,True,True
677,2024-02-06,243,237,241,241,235,235,234,241,241,240,0.9753086419753086,True,0.9670781893004116,True,0.9670781893004116,True,0.9629629629629629,True,0.9917695473251029,True,0.9917695473251029,True,0.9876543209876543,True,True,True,True
678,2024-02-07,247,238,245,245,237,237,236,243,243,242,0.9635627530364372,True,0.9595141700404858,True,0.9595141700404858,True,0.9554655870445344,True,0.9838056680161943,True,0.9838056680161943,True,0.979757085020243,True,True,True,True
679,2024-02-12,243,237,243,242,237,236,236,243,242,242,0.9753086419753086,True,0.9753086419753086,True,0.9711934156378601,True,0.9711934156378601,True,1.0,True,0.9958847736625515,True,0.9958847736625515,True,True,True,True
680,2024-02-13,245,238,244,242,237,236,236,243,242,242,0.9714285714285714,True,0.9673469387755103,True,0.963265306122449,True,0.963265306122449,True,0.9918367346938776,True,0.9877551020408163,True,0.9877551020408163,True,True,True,True
681,2024-02-15,245,237,244,243,237,236,236,243,242,242,0.9673469387755103,True,0.9673469387755103,True,0.963265306122449,True,0.963265306122449,True,0.9918367346938776,True,0.9877551020408163,True,0.9877551020408163,True,True,True,True
682,2024-02-16,244,236,243,237,235,229,229,242,236,236,0.9672131147540983,True,0.9631147540983607,True,0.9385245901639344,True,0.9385245901639344,True,0.9918032786885246,True,0.9672131147540983,True,0.9672131147540983,True,True,True,True
683,2024-02-19,245,238,244,239,237,232,231,244,239,238,0.9714285714285714,True,0.9673469387755103,True,0.9469387755102041,True,0.9428571428571428,True,0.9959183673469387,True,0.9755102040816327,True,0.9714285714285714,True,True,True,True
684,2024-02-20,245,237,243,239,235,231,230,243,239,238,0.9673469387755103,True,0.9591836734693877,True,0.9428571428571428,True,0.9387755102040817,True,0.9918367346938776,True,0.9755102040816327,True,0.9714285714285714,True,True,True,True
685,2024-02-21,246,239,244,241,237,234,232,244,241,239,0.9715447154471545,True,0.9634146341463414,True,0.9512195121951219,True,0.943089430894309,True,0.991869918699187,True,0.9796747967479674,True,0.9715447154471545,True,True,True,True
686,2024-02-22,244,237,242,239,236,232,231,242,238,237,0.9713114754098361,True,0.9672131147540983,True,0.9508196721311475,True,0.9467213114754098,True,0.9918032786885246,True,0.9754098360655737,True,0.9713114754098361,True,True,True,True
687,2024-02-23,240,233,234,235,227,228,227,234,235,234,0.9708333333333333,True,0.9458333333333333,True,0.95,True,0.9458333333333333,True,0.975,True,0.9791666666666666,True,0.975,True,True,True,True
688,2024-02-26,237,230,231,232,225,225,225,231,231,231,0.9704641350210971,True,0.9493670886075949,True,0.9493670886075949,True,0.9493670886075949,True,0.9746835443037974,True,0.9746835443037974,True,0.9746835443037974,True,True,True,True
689,2024-02-27,237,231,231,232,225,226,225,231,232,231,0.9746835443037974,True,0.9493670886075949,True,0.9535864978902954,True,0.9493670886075949,True,0.9746835443037974,True,0.9789029535864979,True,0.9746835443037974,True,True,True,True
690,2024-02-28,237,231,231,232,225,226,225,231,232,231,0.9746835443037974,True,0.9493670886075949,True,0.9535864978902954,True,0.9493670886075949,True,0.9746835443037974,True,0.9789029535864979,True,0.9746835443037974,True,True,True,True
691,2024-02-29,238,227,232,233,226,227,226,232,233,232,0.9537815126050421,True,0.9495798319327731,True,0.9537815126050421,True,0.9495798319327731,True,0.9747899159663865,True,0.9789915966386554,True,0.9747899159663865,True,True,True,True
692,2024-03-01,233,227,232,233,226,227,226,232,233,232,0.9742489270386266,True,0.9699570815450643,True,0.9742489270386266,True,0.9699570815450643,True,0.9957081545064378,True,1.0,True,0.9957081545064378,True,True,True,True
693,2024-03-04,236,228,236,236,228,228,228,235,235,235,0.9661016949152542,True,0.9661016949152542,True,0.9661016949152542,True,0.9661016949152542,True,0.9957627118644068,True,0.9957627118644068,True,0.9957627118644068,True,True,True,True
694,2024-03-05,237,230,237,236,230,229,229,237,236,236,0.9704641350210971,True,0.9704641350210971,True,0.9662447257383966,True,0.9662447257383966,True,1.0,True,0.9957805907172996,True,0.9957805907172996,True,True,True,True
695,2024-03-06,237,231,237,236,231,230,230,237,236,236,0.9746835443037974,True,0.9746835443037974,True,0.9704641350210971,True,0.9704641350210971,True,1.0,True,0.9957805907172996,True,0.9957805907172996,True,True,True,True
696,2024-03-07,238,232,238,236,232,230,230,238,236,236,0.9747899159663865,True,0.9747899159663865,True,0.9663865546218487,True,0.9663865546218487,True,1.0,True,0.9915966386554622,True,0.9915966386554622,True,True,True,True
697,2024-03-08,239,233,239,238,233,232,232,239,238,238,0.9748953974895398,True,0.9748953974895398,True,0.9707112970711297,True,0.9707112970711297,True,1.0,True,0.99581589958159,True,0.99581589958159,True,True,True,True
698,2024-03-13,242,235,241,240,234,233,233,241,240,240,0.9710743801652892,True,0.9669421487603306,True,0.9628099173553719,True,0.9628099173553719,True,0.9958677685950413,True,0.9917355371900827,True,0.9917355371900827,True,True,True,True
699,2024-03-14,244,237,243,242,236,235,235,243,242,242,0.9713114754098361,True,0.9672131147540983,True,0.9631147540983607,True,0.9631147540983607,True,0.9959016393442623,True,0.9918032786885246,True,0.9918032786885246,True,True,True,True
700,2024-03-15,241,234,240,240,233,233,233,240,240,240,0.970954356846473,True,0.966804979253112,True,0.966804979253112,True,0.966804979253112,True,0.995850622406639,True,0.995850622406639,True,0.995850622406639,True,True,True,True
701,2024-03-18,244,237,242,243,235,236,235,242,243,242,0.9713114754098361,True,0.9631147540983607,True,0.9672131147540983,True,0.9631147540983607,True,0.9918032786885246,True,0.9959016393442623,True,0.9918032786885246,True,True,True,True
702,2024-03-19,244,236,243,243,236,236,236,243,243,243,0.9672131147540983,True,0.9672131147540983,True,0.9672131147540983,True,0.9672131147540983,True,0.9959016393442623,True,0.9959016393442623,True,0.9959016393442623,True,True,True,True
703,2024-03-20,243,236,242,242,235,235,235,242,242,242,0.9711934156378601,True,0.9670781893004116,True,0.9670781893004116,True,0.9670781893004116,True,0.9958847736625515,True,0.9958847736625515,True,0.9958847736625515,True,True,True,True
704,2024-03-21,243,236,242,243,235,236,235,242,243,242,0.9711934156378601,True,0.9670781893004116,True,0.9711934156378601,True,0.9670781893004116,True,0.9958847736625515,True,1.0,True,0.9958847736625515,True,True,True,True
705,2024-03-22,243,231,243,243,231,231,231,242,242,242,0.9506172839506173,True,0.9506172839506173,True,0.9506172839506173,True,0.9506172839506173,True,0.9958847736625515,True,0.9958847736625515,True,0.9958847736625515,True,True,True,True
706,2024-03-25,244,233,244,244,233,233,233,244,244,244,0.9549180327868853,True,0.9549180327868853,True,0.9549180327868853,True,0.9549180327868853,True,1.0,True,1.0,True,1.0,True,True,True,True
707,2024-03-26,245,237,245,243,237,236,236,244,243,243,0.9673469387755103,True,0.9673469387755103,True,0.963265306122449,True,0.963265306122449,True,0.9959183673469387,True,0.9918367346938776,True,0.9918367346938776,True,True,True,True
708,2024-03-27,246,239,246,246,239,239,239,246,246,246,0.9715447154471545,True,0.9715447154471545,True,0.9715447154471545,True,0.9715447154471545,True,1.0,True,1.0,True,1.0,True,True,True,True
709,2024-03-28,245,238,245,245,238,238,238,245,245,245,0.9714285714285714,True,0.9714285714285714,True,0.9714285714285714,True,0.9714285714285714,True,1.0,True,1.0,True,1.0,True,True,True,True
710,2024-04-01,251,244,251,250,244,243,243,251,250,250,0.9721115537848606,True,0.9721115537848606,True,0.9681274900398407,True,0.9681274900398407,True,1.0,True,0.9960159362549801,True,0.9960159362549801,True,True,True,True
711,2024-04-02,251,244,251,251,244,244,244,251,251,251,0.9721115537848606,True,0.9721115537848606,True,0.9721115537848606,True,0.9721115537848606,True,1.0,True,1.0,True,1.0,True,True,True,True
712,2024-04-03,252,245,252,252,245,245,245,252,252,252,0.9722222222222222,True,0.9722222222222222,True,0.9722222222222222,True,0.9722222222222222,True,1.0,True,1.0,True,1.0,True,True,True,True
713,2024-04-04,251,244,251,251,244,244,244,251,251,251,0.9721115537848606,True,0.9721115537848606,True,0.9721115537848606,True,0.9721115537848606,True,1.0,True,1.0,True,1.0,True,True,True,True
714,2024-04-05,251,244,251,250,244,243,243,251,250,250,0.9721115537848606,True,0.9721115537848606,True,0.9681274900398407,True,0.9681274900398407,True,1.0,True,0.9960159362549801,True,0.9960159362549801,True,True,True,True
715,2024-04-16,251,244,250,251,243,244,243,250,251,250,0.9721115537848606,True,0.9681274900398407,True,0.9721115537848606,True,0.9681274900398407,True,0.9960159362549801,True,1.0,True,0.9960159362549801,True,True,True,True
716,2024-04-17,250,243,250,249,243,242,242,250,249,249,0.972,True,0.972,True,0.968,True,0.968,True,1.0,True,0.996,True,0.996,True,True,True,True
717,2024-04-18,248,241,248,246,241,239,239,248,246,246,0.9717741935483871,True,0.9717741935483871,True,0.9637096774193549,True,0.9637096774193549,True,1.0,True,0.9919354838709677,True,0.9919354838709677,True,True,True,True
718,2024-04-19,247,240,247,246,240,239,239,247,246,246,0.97165991902834,True,0.97165991902834,True,0.9676113360323887,True,0.9676113360323887,True,1.0,True,0.9959514170040485,True,0.9959514170040485,True,True,True,True
719,2024-04-22,247,240,247,245,240,238,238,247,245,245,0.97165991902834,True,0.97165991902834,True,0.9635627530364372,True,0.9635627530364372,True,1.0,True,0.9919028340080972,True,0.9919028340080972,True,True,True,True
720,2024-04-23,246,239,246,244,239,237,237,246,244,244,0.9715447154471545,True,0.9715447154471545,True,0.9634146341463414,True,0.9634146341463414,True,1.0,True,0.991869918699187,True,0.991869918699187,True,True,True,True
721,2024-04-24,246,239,244,244,237,237,237,244,244,244,0.9715447154471545,True,0.9634146341463414,True,0.9634146341463414,True,0.9634146341463414,True,0.991869918699187,True,0.991869918699187,True,0.991869918699187,True,True,True,True
722,2024-04-25,247,240,243,245,236,238,236,243,245,243,0.97165991902834,True,0.9554655870445344,True,0.9635627530364372,True,0.9554655870445344,True,0.9838056680161943,True,0.9919028340080972,True,0.9838056680161943,True,True,True,True
723,2024-04-26,247,240,244,244,237,237,236,244,244,243,0.97165991902834,True,0.9595141700404858,True,0.9595141700404858,True,0.9554655870445344,True,0.9878542510121457,True,0.9878542510121457,True,0.9838056680161943,True,True,True,True
724,2024-04-29,247,240,244,245,237,238,237,244,245,244,0.97165991902834,True,0.9595141700404858,True,0.9635627530364372,True,0.9595141700404858,True,0.9878542510121457,True,0.9919028340080972,True,0.9878542510121457,True,True,True,True
725,2024-04-30,246,237,243,244,237,237,237,243,243,243,0.9634146341463414,True,0.9634146341463414,True,0.9634146341463414,True,0.9634146341463414,True,0.9878048780487805,True,0.9878048780487805,True,0.9878048780487805,True,True,True,True
726,2024-05-02,243,236,243,243,236,236,236,242,242,242,0.9711934156378601,True,0.9711934156378601,True,0.9711934156378601,True,0.9711934156378601,True,0.9958847736625515,True,0.9958847736625515,True,0.9958847736625515,True,True,True,True
727,2024-05-03,241,235,241,241,235,235,235,241,241,241,0.975103734439834,True,0.975103734439834,True,0.975103734439834,True,0.975103734439834,True,1.0,True,1.0,True,1.0,True,True,True,True
728,2024-05-06,241,235,240,241,234,235,234,240,241,240,0.975103734439834,True,0.970954356846473,True,0.975103734439834,True,0.970954356846473,True,0.995850622406639,True,1.0,True,0.995850622406639,True,True,True,True
729,2024-05-07,243,237,243,242,237,236,236,243,242,242,0.9753086419753086,True,0.9753086419753086,True,0.9711934156378601,True,0.9711934156378601,True,1.0,True,0.9958847736625515,True,0.9958847736625515,True,True,True,True
730,2024-05-08,243,237,243,242,237,236,236,243,242,242,0.9753086419753086,True,0.9753086419753086,True,0.9711934156378601,True,0.9711934156378601,True,1.0,True,0.9958847736625515,True,0.9958847736625515,True,True,True,True
731,2024-05-13,244,238,244,244,238,238,238,244,244,244,0.9754098360655737,True,0.9754098360655737,True,0.9754098360655737,True,0.9754098360655737,True,1.0,True,1.0,True,1.0,True,True,True,True
732,2024-05-14,244,237,244,243,237,236,236,243,242,242,0.9713114754098361,True,0.9713114754098361,True,0.9672131147540983,True,0.9672131147540983,True,0.9959016393442623,True,0.9918032786885246,True,0.9918032786885246,True,True,True,True
733,2024-05-15,243,236,243,243,236,236,236,243,243,243,0.9711934156378601,True,0.9711934156378601,True,0.9711934156378601,True,0.9711934156378601,True,1.0,True,1.0,True,1.0,True,True,True,True
734,2024-05-16,247,240,246,245,239,238,237,246,245,244,0.97165991902834,True,0.9676113360323887,True,0.9635627530364372,True,0.9595141700404858,True,0.9959514170040485,True,0.9919028340080972,True,0.9878542510121457,True,True,True,True
735,2024-05-17,247,240,246,245,239,238,237,246,245,244,0.97165991902834,True,0.9676113360323887,True,0.9635627530364372,True,0.9595141700404858,True,0.9959514170040485,True,0.9919028340080972,True,0.9878542510121457,True,True,True,True
736,2024-05-20,246,239,246,244,239,237,237,246,244,244,0.9715447154471545,True,0.9715447154471545,True,0.9634146341463414,True,0.9634146341463414,True,1.0,True,0.991869918699187,True,0.991869918699187,True,True,True,True
737,2024-05-21,244,237,243,242,236,235,235,243,242,242,0.9713114754098361,True,0.9672131147540983,True,0.9631147540983607,True,0.9631147540983607,True,0.9959016393442623,True,0.9918032786885246,True,0.9918032786885246,True,True,True,True
738,2024-05-22,244,236,244,242,236,234,234,243,241,241,0.9672131147540983,True,0.9672131147540983,True,0.9590163934426229,True,0.9590163934426229,True,0.9959016393442623,True,0.9877049180327869,True,0.9877049180327869,True,True,True,True
739,2024-05-27,244,238,242,241,236,235,235,242,241,241,0.9754098360655737,True,0.9672131147540983,True,0.9631147540983607,True,0.9631147540983607,True,0.9918032786885246,True,0.9877049180327869,True,0.9877049180327869,True,True,True,True
740,2024-05-28,243,237,241,241,235,235,235,241,241,241,0.9753086419753086,True,0.9670781893004116,True,0.9670781893004116,True,0.9670781893004116,True,0.9917695473251029,True,0.9917695473251029,True,0.9917695473251029,True,True,True,True
741,2024-05-29,244,237,242,242,236,236,236,242,242,242,0.9713114754098361,True,0.9672131147540983,True,0.9672131147540983,True,0.9672131147540983,True,0.9918032786885246,True,0.9918032786885246,True,0.9918032786885246,True,True,True,True
742,2024-05-30,243,237,242,242,236,236,236,242,242,242,0.9753086419753086,True,0.9711934156378601,True,0.9711934156378601,True,0.9711934156378601,True,0.9958847736625515,True,0.9958847736625515,True,0.9958847736625515,True,True,True,True
743,2024-05-31,243,235,241,241,235,235,235,241,241,241,0.9670781893004116,True,0.9670781893004116,True,0.9670781893004116,True,0.9670781893004116,True,0.9917695473251029,True,0.9917695473251029,True,0.9917695473251029,True,True,True,True
744,2024-06-03,244,238,243,244,237,238,237,243,244,243,0.9754098360655737,True,0.9713114754098361,True,0.9754098360655737,True,0.9713114754098361,True,0.9959016393442623,True,1.0,True,0.9959016393442623,True,True,True,True
745,2024-06-04,241,234,241,241,234,234,234,241,241,241,0.970954356846473,True,0.970954356846473,True,0.970954356846473,True,0.970954356846473,True,1.0,True,1.0,True,1.0,True,True,True,True
746,2024-06-05,239,233,239,239,233,233,233,239,239,239,0.9748953974895398,True,0.9748953974895398,True,0.9748953974895398,True,0.9748953974895398,True,1.0,True,1.0,True,1.0,True,True,True,True
747,2024-06-06,239,233,239,239,233,233,233,239,239,239,0.9748953974895398,True,0.9748953974895398,True,0.9748953974895398,True,0.9748953974895398,True,1.0,True,1.0,True,1.0,True,True,True,True
748,2024-06-07,238,231,238,238,231,231,231,237,237,237,0.9705882352941176,True,0.9705882352941176,True,0.9705882352941176,True,0.9705882352941176,True,0.9957983193277311,True,0.9957983193277311,True,0.9957983193277311,True,True,True,True
749,2024-06-10,239,233,239,239,233,233,233,239,239,239,0.9748953974895398,True,0.9748953974895398,True,0.9748953974895398,True,0.9748953974895398,True,1.0,True,1.0,True,1.0,True,True,True,True
750,2024-06-11,239,232,239,239,232,232,232,239,239,239,0.9707112970711297,True,0.9707112970711297,True,0.9707112970711297,True,0.9707112970711297,True,1.0,True,1.0,True,1.0,True,True,True,True
751,2024-06-12,238,230,238,238,230,230,230,238,238,238,0.9663865546218487,True,0.9663865546218487,True,0.9663865546218487,True,0.9663865546218487,True,1.0,True,1.0,True,1.0,True,True,True,True
752,2024-06-13,238,230,238,238,230,230,230,238,238,238,0.9663865546218487,True,0.9663865546218487,True,0.9663865546218487,True,0.9663865546218487,True,1.0,True,1.0,True,1.0,True,True,True,True
753,2024-06-14,239,231,239,239,231,231,231,239,239,239,0.9665271966527197,True,0.9665271966527197,True,0.9665271966527197,True,0.9665271966527197,True,1.0,True,1.0,True,1.0,True,True,True,True
754,2024-06-19,237,229,237,237,229,229,229,237,237,237,0.9662447257383966,True,0.9662447257383966,True,0.9662447257383966,True,0.9662447257383966,True,1.0,True,1.0,True,1.0,True,True,True,True
755,2024-06-20,237,230,237,237,230,230,230,237,237,237,0.9704641350210971,True,0.9704641350210971,True,0.9704641350210971,True,0.9704641350210971,True,1.0,True,1.0,True,1.0,True,True,True,True
756,2024-06-21,238,231,238,238,231,231,231,238,238,238,0.9705882352941176,True,0.9705882352941176,True,0.9705882352941176,True,0.9705882352941176,True,1.0,True,1.0,True,1.0,True,True,True,True
757,2024-06-24,238,231,238,238,231,231,231,238,238,238,0.9705882352941176,True,0.9705882352941176,True,0.9705882352941176,True,0.9705882352941176,True,1.0,True,1.0,True,1.0,True,True,True,True
758,2024-06-25,238,230,238,238,230,230,230,238,238,238,0.9663865546218487,True,0.9663865546218487,True,0.9663865546218487,True,0.9663865546218487,True,1.0,True,1.0,True,1.0,True,True,True,True
759,2024-06-26,237,231,237,237,231,231,231,237,237,237,0.9746835443037974,True,0.9746835443037974,True,0.9746835443037974,True,0.9746835443037974,True,1.0,True,1.0,True,1.0,True,True,True,True
760,2024-06-27,239,233,239,239,233,233,233,239,239,239,0.9748953974895398,True,0.9748953974895398,True,0.9748953974895398,True,0.9748953974895398,True,1.0,True,1.0,True,1.0,True,True,True,True
761,2024-06-28,240,234,240,240,234,234,234,240,240,240,0.975,True,0.975,True,0.975,True,0.975,True,1.0,True,1.0,True,1.0,True,True,True,True
762,2024-07-01,240,234,240,240,234,234,234,240,240,240,0.975,True,0.975,True,0.975,True,0.975,True,1.0,True,1.0,True,1.0,True,True,True,True
763,2024-07-02,242,236,242,242,236,236,236,242,242,242,0.9752066115702479,True,0.9752066115702479,True,0.9752066115702479,True,0.9752066115702479,True,1.0,True,1.0,True,1.0,True,True,True,True
764,2024-07-03,242,236,242,242,236,236,236,242,242,242,0.9752066115702479,True,0.9752066115702479,True,0.9752066115702479,True,0.9752066115702479,True,1.0,True,1.0,True,1.0,True,True,True,True
765,2024-07-04,242,235,242,242,235,235,235,242,242,242,0.9710743801652892,True,0.9710743801652892,True,0.9710743801652892,True,0.9710743801652892,True,1.0,True,1.0,True,1.0,True,True,True,True
766,2024-07-05,243,236,243,243,236,236,236,243,243,243,0.9711934156378601,True,0.9711934156378601,True,0.9711934156378601,True,0.9711934156378601,True,1.0,True,1.0,True,1.0,True,True,True,True
767,2024-07-08,243,236,243,243,236,236,236,243,243,243,0.9711934156378601,True,0.9711934156378601,True,0.9711934156378601,True,0.9711934156378601,True,1.0,True,1.0,True,1.0,True,True,True,True
768,2024-07-09,243,236,242,243,236,236,236,242,243,242,0.9711934156378601,True,0.9711934156378601,True,0.9711934156378601,True,0.9711934156378601,True,0.9958847736625515,True,1.0,True,0.9958847736625515,True,True,True,True
769,2024-07-10,243,236,242,243,236,236,236,242,243,242,0.9711934156378601,True,0.9711934156378601,True,0.9711934156378601,True,0.9711934156378601,True,0.9958847736625515,True,1.0,True,0.9958847736625515,True,True,True,True
770,2024-07-11,242,235,242,242,235,235,235,242,242,242,0.9710743801652892,True,0.9710743801652892,True,0.9710743801652892,True,0.9710743801652892,True,1.0,True,1.0,True,1.0,True,True,True,True
771,2024-07-12,242,235,242,242,235,235,235,242,242,242,0.9710743801652892,True,0.9710743801652892,True,0.9710743801652892,True,0.9710743801652892,True,1.0,True,1.0,True,1.0,True,True,True,True
772,2024-07-15,242,235,242,242,235,235,235,241,241,241,0.9710743801652892,True,0.9710743801652892,True,0.9710743801652892,True,0.9710743801652892,True,0.9958677685950413,True,0.9958677685950413,True,0.9958677685950413,True,True,True,True
773,2024-07-16,242,236,242,242,236,236,236,242,242,242,0.9752066115702479,True,0.9752066115702479,True,0.9752066115702479,True,0.9752066115702479,True,1.0,True,1.0,True,1.0,True,True,True,True
774,2024-07-17,240,234,240,240,234,234,234,240,240,240,0.975,True,0.975,True,0.975,True,0.975,True,1.0,True,1.0,True,1.0,True,True,True,True
775,2024-07-18,241,235,241,239,235,233,233,241,239,239,0.975103734439834,True,0.975103734439834,True,0.966804979253112,True,0.966804979253112,True,1.0,True,0.991701244813278,True,0.991701244813278,True,True,True,True
776,2024-07-19,241,235,241,239,235,233,233,241,239,239,0.975103734439834,True,0.975103734439834,True,0.966804979253112,True,0.966804979253112,True,1.0,True,0.991701244813278,True,0.991701244813278,True,True,True,True
777,2024-07-22,237,231,237,235,231,229,229,237,235,235,0.9746835443037974,True,0.9746835443037974,True,0.9662447257383966,True,0.9662447257383966,True,1.0,True,0.9915611814345991,True,0.9915611814345991,True,True,True,True
778,2024-07-23,237,231,237,235,231,229,229,237,235,235,0.9746835443037974,True,0.9746835443037974,True,0.9662447257383966,True,0.9662447257383966,True,1.0,True,0.9915611814345991,True,0.9915611814345991,True,True,True,True
779,2024-07-24,237,231,237,235,231,229,229,237,235,235,0.9746835443037974,True,0.9746835443037974,True,0.9662447257383966,True,0.9662447257383966,True,1.0,True,0.9915611814345991,True,0.9915611814345991,True,True,True,True
780,2024-07-25,238,232,236,236,230,230,230,236,236,236,0.9747899159663865,True,0.9663865546218487,True,0.9663865546218487,True,0.9663865546218487,True,0.9915966386554622,True,0.9915966386554622,True,0.9915966386554622,True,True,True,True
781,2024-07-26,239,232,237,237,230,230,230,237,237,237,0.9707112970711297,True,0.9623430962343096,True,0.9623430962343096,True,0.9623430962343096,True,0.9916317991631799,True,0.9916317991631799,True,0.9916317991631799,True,True,True,True
782,2024-07-29,240,233,238,238,231,231,231,238,238,238,0.9708333333333333,True,0.9625,True,0.9625,True,0.9625,True,0.9916666666666667,True,0.9916666666666667,True,0.9916666666666667,True,True,True,True
783,2024-07-30,240,233,238,238,231,231,231,238,238,238,0.9708333333333333,True,0.9625,True,0.9625,True,0.9625,True,0.9916666666666667,True,0.9916666666666667,True,0.9916666666666667,True,True,True,True
784,2024-07-31,243,234,241,241,234,234,234,241,241,241,0.9629629629629629,True,0.9629629629629629,True,0.9629629629629629,True,0.9629629629629629,True,0.9917695473251029,True,0.9917695473251029,True,0.9917695473251029,True,True,True,True
785,2024-08-01,240,233,240,240,233,233,233,240,240,240,0.9708333333333333,True,0.9708333333333333,True,0.9708333333333333,True,0.9708333333333333,True,1.0,True,1.0,True,1.0,True,True,True,True
786,2024-08-02,240,233,240,240,233,233,233,240,240,240,0.9708333333333333,True,0.9708333333333333,True,0.9708333333333333,True,0.9708333333333333,True,1.0,True,1.0,True,1.0,True,True,True,True
787,2024-08-05,242,235,242,242,235,235,235,242,242,242,0.9710743801652892,True,0.9710743801652892,True,0.9710743801652892,True,0.9710743801652892,True,1.0,True,1.0,True,1.0,True,True,True,True
788,2024-08-06,242,235,242,241,235,234,234,242,241,241,0.9710743801652892,True,0.9710743801652892,True,0.9669421487603306,True,0.9669421487603306,True,1.0,True,0.9958677685950413,True,0.9958677685950413,True,True,True,True
789,2024-08-07,242,235,242,240,235,233,233,242,240,240,0.9710743801652892,True,0.9710743801652892,True,0.9628099173553719,True,0.9628099173553719,True,1.0,True,0.9917355371900827,True,0.9917355371900827,True,True,True,True
790,2024-08-08,243,236,243,242,236,235,235,243,242,242,0.9711934156378601,True,0.9711934156378601,True,0.9670781893004116,True,0.9670781893004116,True,1.0,True,0.9958847736625515,True,0.9958847736625515,True,True,True,True
791,2024-08-09,243,236,243,242,236,235,235,243,242,242,0.9711934156378601,True,0.9711934156378601,True,0.9670781893004116,True,0.9670781893004116,True,1.0,True,0.9958847736625515,True,0.9958847736625515,True,True,True,True
792,2024-08-12,245,238,245,244,238,237,237,245,244,244,0.9714285714285714,True,0.9714285714285714,True,0.9673469387755103,True,0.9673469387755103,True,1.0,True,0.9959183673469387,True,0.9959183673469387,True,True,True,True
793,2024-08-13,245,238,244,243,237,236,235,244,243,242,0.9714285714285714,True,0.9673469387755103,True,0.963265306122449,True,0.9591836734693877,True,0.9959183673469387,True,0.9918367346938776,True,0.9877551020408163,True,True,True,True
794,2024-08-14,244,237,242,242,235,236,235,242,242,241,0.9713114754098361,True,0.9631147540983607,True,0.9672131147540983,True,0.9631147540983607,True,0.9918032786885246,True,0.9918032786885246,True,0.9877049180327869,True,True,True,True
795,2024-08-15,246,239,245,245,238,238,237,245,245,244,0.9715447154471545,True,0.967479674796748,True,0.967479674796748,True,0.9634146341463414,True,0.9959349593495935,True,0.9959349593495935,True,0.991869918699187,True,True,True,True
796,2024-08-16,247,240,246,246,239,239,239,246,246,246,0.97165991902834,True,0.9676113360323887,True,0.9676113360323887,True,0.9676113360323887,True,0.9959514170040485,True,0.9959514170040485,True,0.9959514170040485,True,True,True,True
797,2024-08-19,247,239,246,244,238,236,235,245,243,242,0.9676113360323887,True,0.9635627530364372,True,0.9554655870445344,True,0.951417004048583,True,0.9919028340080972,True,0.9838056680161943,True,0.979757085020243,True,True,True,True
798,2024-08-20,246,238,244,243,237,235,234,244,242,241,0.967479674796748,True,0.9634146341463414,True,0.9552845528455285,True,0.9512195121951219,True,0.991869918699187,True,0.983739837398374,True,0.9796747967479674,True,True,True,True
799,2024-08-21,245,238,244,242,238,235,235,244,242,241,0.9714285714285714,True,0.9714285714285714,True,0.9591836734693877,True,0.9591836734693877,True,0.9959183673469387,True,0.9877551020408163,True,0.9836734693877551,True,True,True,True
800,2024-08-22,245,237,244,242,237,234,234,244,241,241,0.9673469387755103,True,0.9673469387755103,True,0.9551020408163265,True,0.9551020408163265,True,0.9959183673469387,True,0.9836734693877551,True,0.9836734693877551,True,True,True,True
801,2024-08-23,243,236,243,239,236,232,232,243,239,239,0.9711934156378601,True,0.9711934156378601,True,0.9547325102880658,True,0.9547325102880658,True,1.0,True,0.9835390946502057,True,0.9835390946502057,True,True,True,True
802,2024-08-26,244,236,241,240,233,232,232,240,239,239,0.9672131147540983,True,0.9549180327868853,True,0.9508196721311475,True,0.9508196721311475,True,0.9836065573770492,True,0.9795081967213115,True,0.9795081967213115,True,True,True,True
803,2024-08-27,243,236,240,239,233,232,232,239,238,238,0.9711934156378601,True,0.9588477366255144,True,0.9547325102880658,True,0.9547325102880658,True,0.9835390946502057,True,0.9794238683127572,True,0.9794238683127572,True,True,True,True
804,2024-08-28,243,237,240,239,234,233,233,240,239,239,0.9753086419753086,True,0.9629629629629629,True,0.9588477366255144,True,0.9588477366255144,True,0.9876543209876543,True,0.9835390946502057,True,0.9835390946502057,True,True,True,True
805,2024-08-29,244,237,241,240,234,233,233,241,240,240,0.9713114754098361,True,0.9590163934426229,True,0.9549180327868853,True,0.9549180327868853,True,0.9877049180327869,True,0.9836065573770492,True,0.9836065573770492,True,True,True,True
806,2024-08-30,243,233,239,239,232,232,232,239,239,239,0.9588477366255144,True,0.9547325102880658,True,0.9547325102880658,True,0.9547325102880658,True,0.9835390946502057,True,0.9835390946502057,True,0.9835390946502057,True,True,True,True
807,2024-09-02,246,239,245,246,238,239,238,245,246,245,0.9715447154471545,True,0.967479674796748,True,0.9715447154471545,True,0.967479674796748,True,0.9959349593495935,True,1.0,True,0.9959349593495935,True,True,True,True
808,2024-09-03,248,241,247,248,240,241,240,247,248,247,0.9717741935483871,True,0.967741935483871,True,0.9717741935483871,True,0.967741935483871,True,0.9959677419354839,True,1.0,True,0.9959677419354839,True,True,True,True
809,2024-09-04,249,242,248,249,241,242,241,248,249,248,0.9718875502008032,True,0.9678714859437751,True,0.9718875502008032,True,0.9678714859437751,True,0.9959839357429718,True,1.0,True,0.9959839357429718,True,True,True,True
810,2024-09-05,248,240,247,248,240,240,240,247,247,247,0.967741935483871,True,0.967741935483871,True,0.967741935483871,True,0.967741935483871,True,0.9959677419354839,True,0.9959677419354839,True,0.9959677419354839,True,True,True,True
811,2024-09-06,243,236,243,243,236,236,236,243,243,243,0.9711934156378601,True,0.9711934156378601,True,0.9711934156378601,True,0.9711934156378601,True,1.0,True,1.0,True,1.0,True,True,True,True
812,2024-09-09,244,237,244,244,237,237,237,244,244,244,0.9713114754098361,True,0.9713114754098361,True,0.9713114754098361,True,0.9713114754098361,True,1.0,True,1.0,True,1.0,True,True,True,True
813,2024-09-10,245,238,245,245,238,238,238,245,245,245,0.9714285714285714,True,0.9714285714285714,True,0.9714285714285714,True,0.9714285714285714,True,1.0,True,1.0,True,1.0,True,True,True,True
814,2024-09-11,246,239,246,246,239,239,239,246,246,246,0.9715447154471545,True,0.9715447154471545,True,0.9715447154471545,True,0.9715447154471545,True,1.0,True,1.0,True,1.0,True,True,True,True
815,2024-09-12,247,239,247,247,239,239,239,247,247,247,0.9676113360323887,True,0.9676113360323887,True,0.9676113360323887,True,0.9676113360323887,True,1.0,True,1.0,True,1.0,True,True,True,True
816,2024-09-13,247,239,247,247,239,239,239,247,247,247,0.9676113360323887,True,0.9676113360323887,True,0.9676113360323887,True,0.9676113360323887,True,1.0,True,1.0,True,1.0,True,True,True,True
817,2024-09-17,249,241,249,245,241,238,238,249,245,245,0.9678714859437751,True,0.9678714859437751,True,0.9558232931726908,True,0.9558232931726908,True,1.0,True,0.9839357429718876,True,0.9839357429718876,True,True,True,True
818,2024-09-18,246,239,246,244,239,237,237,246,244,244,0.9715447154471545,True,0.9715447154471545,True,0.9634146341463414,True,0.9634146341463414,True,1.0,True,0.991869918699187,True,0.991869918699187,True,True,True,True
819,2024-09-19,247,240,247,245,240,238,238,247,245,245,0.97165991902834,True,0.97165991902834,True,0.9635627530364372,True,0.9635627530364372,True,1.0,True,0.9919028340080972,True,0.9919028340080972,True,True,True,True
820,2024-09-20,247,240,247,244,240,237,237,247,244,244,0.97165991902834,True,0.97165991902834,True,0.9595141700404858,True,0.9595141700404858,True,1.0,True,0.9878542510121457,True,0.9878542510121457,True,True,True,True
821,2024-09-23,247,240,247,244,240,237,237,247,244,244,0.97165991902834,True,0.97165991902834,True,0.9595141700404858,True,0.9595141700404858,True,1.0,True,0.9878542510121457,True,0.9878542510121457,True,True,True,True
822,2024-09-24,248,241,245,245,238,238,238,245,245,245,0.9717741935483871,True,0.9596774193548387,True,0.9596774193548387,True,0.9596774193548387,True,0.9879032258064516,True,0.9879032258064516,True,0.9879032258064516,True,True,True,True
823,2024-09-25,247,240,245,244,238,237,237,245,244,244,0.97165991902834,True,0.9635627530364372,True,0.9595141700404858,True,0.9595141700404858,True,0.9919028340080972,True,0.9878542510121457,True,0.9878542510121457,True,True,True,True
824,2024-09-26,249,242,247,246,240,239,239,247,246,246,0.9718875502008032,True,0.963855421686747,True,0.9598393574297188,True,0.9598393574297188,True,0.9919678714859438,True,0.9879518072289156,True,0.9879518072289156,True,True,True,True
825,2024-09-27,248,241,245,245,238,238,238,245,245,245,0.9717741935483871,True,0.9596774193548387,True,0.9596774193548387,True,0.9596774193548387,True,0.9879032258064516,True,0.9879032258064516,True,0.9879032258064516,True,True,True,True
826,2024-09-30,249,239,246,246,239,239,239,246,246,246,0.9598393574297188,True,0.9598393574297188,True,0.9598393574297188,True,0.9598393574297188,True,0.9879518072289156,True,0.9879518072289156,True,0.9879518072289156,True,True,True,True
827,2024-10-01,249,242,249,249,242,242,242,249,249,249,0.9718875502008032,True,0.9718875502008032,True,0.9718875502008032,True,0.9718875502008032,True,1.0,True,1.0,True,1.0,True,True,True,True
828,2024-10-02,249,242,248,248,241,241,241,248,248,248,0.9718875502008032,True,0.9678714859437751,True,0.9678714859437751,True,0.9678714859437751,True,0.9959839357429718,True,0.9959839357429718,True,0.9959839357429718,True,True,True,True
829,2024-10-03,248,240,247,247,240,240,240,247,247,247,0.967741935483871,True,0.967741935483871,True,0.967741935483871,True,0.967741935483871,True,0.9959677419354839,True,0.9959677419354839,True,0.9959677419354839,True,True,True,True
830,2024-10-04,250,244,250,250,244,244,244,250,250,250,0.976,True,0.976,True,0.976,True,0.976,True,1.0,True,1.0,True,1.0,True,True,True,True
831,2024-10-07,249,243,249,249,243,243,243,249,249,249,0.9759036144578314,True,0.9759036144578314,True,0.9759036144578314,True,0.9759036144578314,True,1.0,True,1.0,True,1.0,True,True,True,True
832,2024-10-08,247,241,247,247,241,241,241,247,247,247,0.9757085020242915,True,0.9757085020242915,True,0.9757085020242915,True,0.9757085020242915,True,1.0,True,1.0,True,1.0,True,True,True,True
833,2024-10-09,248,242,248,248,242,242,242,248,248,248,0.9758064516129032,True,0.9758064516129032,True,0.9758064516129032,True,0.9758064516129032,True,1.0,True,1.0,True,1.0,True,True,True,True
834,2024-10-10,250,244,250,249,244,243,243,250,249,249,0.976,True,0.976,True,0.972,True,0.972,True,1.0,True,0.996,True,0.996,True,True,True,True
835,2024-10-11,250,244,250,249,244,243,243,250,249,249,0.976,True,0.976,True,0.972,True,0.972,True,1.0,True,0.996,True,0.996,True,True,True,True
836,2024-10-14,250,244,249,249,243,243,242,249,249,248,0.976,True,0.972,True,0.972,True,0.968,True,0.996,True,0.996,True,0.992,True,True,True,True
837,2024-10-15,250,244,249,250,243,244,243,249,250,249,0.976,True,0.972,True,0.976,True,0.972,True,0.996,True,1.0,True,0.996,True,True,True,True
838,2024-10-16,250,243,249,249,242,242,241,249,249,248,0.972,True,0.968,True,0.968,True,0.964,True,0.996,True,0.996,True,0.992,True,True,True,True
839,2024-10-17,250,243,249,250,242,243,242,249,250,249,0.972,True,0.968,True,0.972,True,0.968,True,0.996,True,1.0,True,0.996,True,True,True,True
840,2024-10-18,252,244,250,251,243,243,243,250,250,250,0.9682539682539683,True,0.9642857142857143,True,0.9642857142857143,True,0.9642857142857143,True,0.9920634920634921,True,0.9920634920634921,True,0.9920634920634921,True,True,True,True
841,2024-10-21,251,244,249,250,242,243,242,249,250,249,0.9721115537848606,True,0.9641434262948207,True,0.9681274900398407,True,0.9641434262948207,True,0.9920318725099602,True,0.9960159362549801,True,0.9920318725099602,True,True,True,True
842,2024-10-22,251,244,250,250,243,243,243,250,250,250,0.9721115537848606,True,0.9681274900398407,True,0.9681274900398407,True,0.9681274900398407,True,0.9960159362549801,True,0.9960159362549801,True,0.9960159362549801,True,True,True,True
843,2024-10-23,253,245,251,252,244,245,244,251,252,251,0.9683794466403162,True,0.9644268774703557,True,0.9683794466403162,True,0.9644268774703557,True,0.9920948616600791,True,0.9960474308300395,True,0.9920948616600791,True,True,True,True
844,2024-10-24,252,245,252,252,245,245,245,252,252,252,0.9722222222222222,True,0.9722222222222222,True,0.9722222222222222,True,0.9722222222222222,True,1.0,True,1.0,True,1.0,True,True,True,True
845,2024-10-25,252,244,252,252,244,244,244,251,251,251,0.9682539682539683,True,0.9682539682539683,True,0.9682539682539683,True,0.9682539682539683,True,0.996031746031746,True,0.996031746031746,True,0.996031746031746,True,True,True,True
846,2024-10-28,253,246,253,253,246,246,246,253,253,253,0.9723320158102767,True,0.9723320158102767,True,0.9723320158102767,True,0.9723320158102767,True,1.0,True,1.0,True,1.0,True,True,True,True
847,2024-10-29,255,247,255,255,247,247,247,254,254,254,0.9686274509803922,True,0.9686274509803922,True,0.9686274509803922,True,0.9686274509803922,True,0.996078431372549,True,0.996078431372549,True,0.996078431372549,True,True,True,True
848,2024-10-30,255,247,255,255,247,247,247,255,255,255,0.9686274509803922,True,0.9686274509803922,True,0.9686274509803922,True,0.9686274509803922,True,1.0,True,1.0,True,1.0,True,True,True,True
849,2024-10-31,257,250,257,257,250,250,250,257,257,257,0.9727626459143969,True,0.9727626459143969,True,0.9727626459143969,True,0.9727626459143969,True,1.0,True,1.0,True,1.0,True,True,True,True
850,2024-11-01,258,251,258,258,251,251,251,258,258,258,0.9728682170542635,True,0.9728682170542635,True,0.9728682170542635,True,0.9728682170542635,True,1.0,True,1.0,True,1.0,True,True,True,True
851,2024-11-04,260,253,260,259,253,252,252,260,259,259,0.9730769230769231,True,0.9730769230769231,True,0.9692307692307692,True,0.9692307692307692,True,1.0,True,0.9961538461538462,True,0.9961538461538462,True,True,True,True
852,2024-11-05,262,255,262,262,255,255,255,262,262,262,0.9732824427480916,True,0.9732824427480916,True,0.9732824427480916,True,0.9732824427480916,True,1.0,True,1.0,True,1.0,True,True,True,True
853,2024-11-06,263,256,263,263,256,256,256,263,263,263,0.973384030418251,True,0.973384030418251,True,0.973384030418251,True,0.973384030418251,True,1.0,True,1.0,True,1.0,True,True,True,True
854,2024-11-07,264,257,264,264,257,257,257,264,264,264,0.9734848484848485,True,0.9734848484848485,True,0.9734848484848485,True,0.9734848484848485,True,1.0,True,1.0,True,1.0,True,True,True,True
855,2024-11-08,265,259,265,264,259,258,258,265,264,264,0.9773584905660377,True,0.9773584905660377,True,0.9735849056603774,True,0.9735849056603774,True,1.0,True,0.9962264150943396,True,0.9962264150943396,True,True,True,True
856,2024-11-11,265,259,264,265,258,259,258,264,265,264,0.9773584905660377,True,0.9735849056603774,True,0.9773584905660377,True,0.9735849056603774,True,0.9962264150943396,True,1.0,True,0.9962264150943396,True,True,True,True
857,2024-11-12,265,259,265,265,259,259,259,265,265,265,0.9773584905660377,True,0.9773584905660377,True,0.9773584905660377,True,0.9773584905660377,True,1.0,True,1.0,True,1.0,True,True,True,True
858,2024-11-13,262,256,262,262,256,256,256,262,262,262,0.9770992366412213,True,0.9770992366412213,True,0.9770992366412213,True,0.9770992366412213,True,1.0,True,1.0,True,1.0,True,True,True,True
859,2024-11-14,261,255,261,261,255,255,255,261,261,261,0.9770114942528736,True,0.9770114942528736,True,0.9770114942528736,True,0.9770114942528736,True,1.0,True,1.0,True,1.0,True,True,True,True
860,2024-11-15,258,251,257,257,250,250,249,256,256,255,0.9728682170542635,True,0.9689922480620154,True,0.9689922480620154,True,0.9651162790697675,True,0.9922480620155039,True,0.9922480620155039,True,0.9883720930232558,True,True,True,True
861,2024-11-18,258,252,258,256,252,250,250,258,256,256,0.9767441860465116,True,0.9767441860465116,True,0.9689922480620154,True,0.9689922480620154,True,1.0,True,0.9922480620155039,True,0.9922480620155039,True,True,True,True
862,2024-11-19,259,253,259,258,253,252,252,259,258,258,0.9768339768339769,True,0.9768339768339769,True,0.972972972972973,True,0.972972972972973,True,1.0,True,0.9961389961389961,True,0.9961389961389961,True,True,True,True
863,2024-11-20,256,250,256,255,250,249,249,256,255,255,0.9765625,True,0.9765625,True,0.97265625,True,0.97265625,True,1.0,True,0.99609375,True,0.99609375,True,True,True,True
864,2024-11-21,257,250,257,255,250,248,248,256,254,254,0.9727626459143969,True,0.9727626459143969,True,0.9649805447470817,True,0.9649805447470817,True,0.9961089494163424,True,0.9883268482490273,True,0.9883268482490273,True,True,True,True
865,2024-11-22,253,247,252,251,246,245,245,252,251,251,0.9762845849802372,True,0.9723320158102767,True,0.9683794466403162,True,0.9683794466403162,True,0.9960474308300395,True,0.9920948616600791,True,0.9920948616600791,True,True,True,True
866,2024-11-25,253,247,251,251,245,245,245,251,251,251,0.9762845849802372,True,0.9683794466403162,True,0.9683794466403162,True,0.9683794466403162,True,0.9920948616600791,True,0.9920948616600791,True,0.9920948616600791,True,True,True,True
867,2024-11-26,253,247,252,251,246,245,245,252,251,251,0.9762845849802372,True,0.9723320158102767,True,0.9683794466403162,True,0.9683794466403162,True,0.9960474308300395,True,0.9920948616600791,True,0.9920948616600791,True,True,True,True
868,2024-11-28,253,247,252,251,246,245,245,252,251,251,0.9762845849802372,True,0.9723320158102767,True,0.9683794466403162,True,0.9683794466403162,True,0.9960474308300395,True,0.9920948616600791,True,0.9920948616600791,True,True,True,True
869,2024-11-29,253,246,251,251,245,245,245,251,251,251,0.9723320158102767,True,0.9683794466403162,True,0.9683794466403162,True,0.9683794466403162,True,0.9920948616600791,True,0.9920948616600791,True,0.9920948616600791,True,True,True,True
870,2024-12-02,252,245,251,251,245,245,245,251,251,251,0.9722222222222222,True,0.9722222222222222,True,0.9722222222222222,True,0.9722222222222222,True,0.996031746031746,True,0.996031746031746,True,0.996031746031746,True,True,True,True
871,2024-12-03,250,244,250,249,244,243,243,250,249,249,0.976,True,0.976,True,0.972,True,0.972,True,1.0,True,0.996,True,0.996,True,True,True,True
872,2024-12-04,253,247,252,252,246,246,246,252,252,252,0.9762845849802372,True,0.9723320158102767,True,0.9723320158102767,True,0.9723320158102767,True,0.9960474308300395,True,0.9960474308300395,True,0.9960474308300395,True,True,True,True
873,2024-12-05,253,246,252,252,246,246,246,252,252,252,0.9723320158102767,True,0.9723320158102767,True,0.9723320158102767,True,0.9723320158102767,True,0.9960474308300395,True,0.9960474308300395,True,0.9960474308300395,True,True,True,True
874,2024-12-06,252,249,252,252,249,249,249,252,252,252,0.9880952380952381,True,0.9880952380952381,True,0.9880952380952381,True,0.9880952380952381,True,1.0,True,1.0,True,1.0,True,True,True,True
875,2024-12-09,251,249,251,249,249,247,247,251,249,249,0.9920318725099602,True,0.9920318725099602,True,0.9840637450199203,True,0.9840637450199203,True,1.0,True,0.9920318725099602,True,0.9920318725099602,True,True,True,True
876,2024-12-10,253,251,252,253,250,251,250,252,253,252,0.9920948616600791,True,0.9881422924901185,True,0.9920948616600791,True,0.9881422924901185,True,0.9960474308300395,True,1.0,True,0.9960474308300395,True,True,True,True
877,2024-12-11,256,254,256,256,254,254,254,256,256,256,0.9921875,True,0.9921875,True,0.9921875,True,0.9921875,True,1.0,True,1.0,True,1.0,True,True,True,True
878,2024-12-12,258,256,258,258,256,256,256,258,258,258,0.9922480620155039,True,0.9922480620155039,True,0.9922480620155039,True,0.9922480620155039,True,1.0,True,1.0,True,1.0,True,True,True,True
879,2024-12-13,257,255,257,257,255,255,255,257,257,257,0.9922178988326849,True,0.9922178988326849,True,0.9922178988326849,True,0.9922178988326849,True,1.0,True,1.0,True,1.0,True,True,True,True
880,2024-12-16,257,254,255,256,252,253,252,254,255,254,0.9883268482490273,True,0.980544747081712,True,0.9844357976653697,True,0.980544747081712,True,0.9883268482490273,True,0.9922178988326849,True,0.9883268482490273,True,True,True,True
881,2024-12-17,255,253,255,255,253,253,253,255,255,255,0.9921568627450981,True,0.9921568627450981,True,0.9921568627450981,True,0.9921568627450981,True,1.0,True,1.0,True,1.0,True,True,True,True
882,2024-12-18,256,252,256,256,252,252,252,256,256,256,0.984375,True,0.984375,True,0.984375,True,0.984375,True,1.0,True,1.0,True,1.0,True,True,True,True
883,2024-12-19,255,253,255,255,253,253,253,255,255,255,0.9921568627450981,True,0.9921568627450981,True,0.9921568627450981,True,0.9921568627450981,True,1.0,True,1.0,True,1.0,True,True,True,True
884,2024-12-20,254,250,254,254,250,250,250,252,252,252,0.984251968503937,True,0.984251968503937,True,0.984251968503937,True,0.984251968503937,True,0.9921259842519685,True,0.9921259842519685,True,0.9921259842519685,True,True,True,True
885,2024-12-23,250,247,250,250,247,247,247,250,250,250,0.988,True,0.988,True,0.988,True,0.988,True,1.0,True,1.0,True,1.0,True,True,True,True
886,2024-12-24,253,251,253,253,251,251,251,253,253,253,0.9920948616600791,True,0.9920948616600791,True,0.9920948616600791,True,0.9920948616600791,True,1.0,True,1.0,True,1.0,True,True,True,True
887,2024-12-27,252,249,252,251,249,248,248,252,251,251,0.9880952380952381,True,0.9880952380952381,True,0.9841269841269841,True,0.9841269841269841,True,1.0,True,0.996031746031746,True,0.996031746031746,True,True,True,True
888,2024-12-30,249,247,249,249,247,247,247,249,249,249,0.9919678714859438,True,0.9919678714859438,True,0.9919678714859438,True,0.9919678714859438,True,1.0,True,1.0,True,1.0,True,True,True,True
889,2025-01-02,251,248,251,251,248,248,248,250,250,250,0.9880478087649402,True,0.9880478087649402,True,0.9880478087649402,True,0.9880478087649402,True,0.9960159362549801,True,0.9960159362549801,True,0.9960159362549801,True,True,True,True
890,2025-01-03,251,249,251,251,249,249,249,251,251,251,0.9920318725099602,True,0.9920318725099602,True,0.9920318725099602,True,0.9920318725099602,True,1.0,True,1.0,True,1.0,True,True,True,True
891,2025-01-06,249,246,249,249,246,246,246,249,249,249,0.9879518072289156,True,0.9879518072289156,True,0.9879518072289156,True,0.9879518072289156,True,1.0,True,1.0,True,1.0,True,True,True,True
892,2025-01-07,251,249,250,251,248,249,248,250,251,250,0.9920318725099602,True,0.9880478087649402,True,0.9920318725099602,True,0.9880478087649402,True,0.9960159362549801,True,1.0,True,0.9960159362549801,True,True,True,True
893,2025-01-08,251,249,251,251,249,249,249,251,251,251,0.9920318725099602,True,0.9920318725099602,True,0.9920318725099602,True,0.9920318725099602,True,1.0,True,1.0,True,1.0,True,True,True,True
894,2025-01-09,247,245,247,246,245,244,244,247,246,246,0.9919028340080972,True,0.9919028340080972,True,0.9878542510121457,True,0.9878542510121457,True,1.0,True,0.9959514170040485,True,0.9959514170040485,True,True,True,True
895,2025-01-10,245,243,245,245,243,243,243,245,245,245,0.9918367346938776,True,0.9918367346938776,True,0.9918367346938776,True,0.9918367346938776,True,1.0,True,1.0,True,1.0,True,True,True,True
896,2025-01-13,243,240,243,243,240,240,240,242,242,242,0.9876543209876543,True,0.9876543209876543,True,0.9876543209876543,True,0.9876543209876543,True,0.9958847736625515,True,0.9958847736625515,True,0.9958847736625515,True,True,True,True
897,2025-01-14,241,239,241,239,239,237,237,241,239,239,0.991701244813278,True,0.991701244813278,True,0.983402489626556,True,0.983402489626556,True,1.0,True,0.991701244813278,True,0.991701244813278,True,True,True,True
898,2025-01-15,241,239,241,241,239,239,239,241,241,241,0.991701244813278,True,0.991701244813278,True,0.991701244813278,True,0.991701244813278,True,1.0,True,1.0,True,1.0,True,True,True,True
899,2025-01-16,241,239,240,239,238,237,236,240,239,238,0.991701244813278,True,0.9875518672199171,True,0.983402489626556,True,0.979253112033195,True,0.995850622406639,True,0.991701244813278,True,0.9875518672199171,True,True,True,True
900,2025-01-17,240,238,240,239,238,237,237,240,239,239,0.9916666666666667,True,0.9916666666666667,True,0.9875,True,0.9875,True,1.0,True,0.9958333333333333,True,0.9958333333333333,True,True,True,True
901,2025-01-20,239,237,239,238,237,236,236,239,238,238,0.9916317991631799,True,0.9916317991631799,True,0.9874476987447699,True,0.9874476987447699,True,1.0,True,0.99581589958159,True,0.99581589958159,True,True,True,True
902,2025-01-21,241,239,239,241,237,239,237,239,241,239,0.991701244813278,True,0.983402489626556,True,0.991701244813278,True,0.983402489626556,True,0.991701244813278,True,1.0,True,0.991701244813278,True,True,True,True
903,2025-01-22,241,238,241,241,238,238,238,240,240,240,0.9875518672199171,True,0.9875518672199171,True,0.9875518672199171,True,0.9875518672199171,True,0.995850622406639,True,0.995850622406639,True,0.995850622406639,True,True,True,True
904,2025-01-23,241,239,239,241,237,239,237,239,241,239,0.991701244813278,True,0.983402489626556,True,0.991701244813278,True,0.983402489626556,True,0.991701244813278,True,1.0,True,0.991701244813278,True,True,True,True
905,2025-01-24,241,239,240,239,238,237,236,240,239,238,0.991701244813278,True,0.9875518672199171,True,0.983402489626556,True,0.979253112033195,True,0.995850622406639,True,0.991701244813278,True,0.9875518672199171,True,True,True,True
906,2025-01-30,241,237,240,241,236,237,236,238,239,238,0.983402489626556,True,0.979253112033195,True,0.983402489626556,True,0.979253112033195,True,0.9875518672199171,True,0.991701244813278,True,0.9875518672199171,True,True,True,True
907,2025-01-31,236,234,236,236,234,234,234,236,236,236,0.9915254237288136,True,0.9915254237288136,True,0.9915254237288136,True,0.9915254237288136,True,1.0,True,1.0,True,1.0,True,True,True,True
908,2025-02-03,237,233,237,235,233,231,231,235,233,233,0.9831223628691983,True,0.9831223628691983,True,0.9746835443037974,True,0.9746835443037974,True,0.9915611814345991,True,0.9831223628691983,True,0.9831223628691983,True,True,True,True
909,2025-02-04,231,229,231,229,229,227,227,231,229,229,0.9913419913419913,True,0.9913419913419913,True,0.9826839826839827,True,0.9826839826839827,True,1.0,True,0.9913419913419913,True,0.9913419913419913,True,True,True,True
910,2025-02-05,230,227,228,228,225,226,224,227,228,226,0.9869565217391304,True,0.9782608695652174,True,0.9826086956521739,True,0.9739130434782609,True,0.9869565217391304,True,0.991304347826087,True,0.9826086956521739,True,True,True,True
911,2025-02-06,232,230,232,231,230,229,229,232,231,231,0.9913793103448276,True,0.9913793103448276,True,0.9870689655172413,True,0.9870689655172413,True,1.0,True,0.9956896551724138,True,0.9956896551724138,True,True,True,True
912,2025-02-07,235,233,235,233,233,231,231,235,233,233,0.9914893617021276,True,0.9914893617021276,True,0.9829787234042553,True,0.9829787234042553,True,1.0,True,0.9914893617021276,True,0.9914893617021276,True,True,True,True
913,2025-02-10,236,234,234,233,232,231,229,234,233,231,0.9915254237288136,True,0.9830508474576272,True,0.9788135593220338,True,0.9703389830508474,True,0.9915254237288136,True,0.9872881355932204,True,0.9788135593220338,True,True,True,True
914,2025-02-11,237,233,235,233,231,230,229,233,232,231,0.9831223628691983,True,0.9746835443037974,True,0.9704641350210971,True,0.9662447257383966,True,0.9831223628691983,True,0.9789029535864979,True,0.9746835443037974,True,True,True,True
915,2025-02-12,236,233,234,234,231,231,230,234,234,233,0.9872881355932204,True,0.9788135593220338,True,0.9788135593220338,True,0.9745762711864406,True,0.9915254237288136,True,0.9915254237288136,True,0.9872881355932204,True,True,True,True
916,2025-02-13,239,237,237,235,235,233,232,237,235,234,0.9916317991631799,True,0.9832635983263598,True,0.9748953974895398,True,0.9707112970711297,True,0.9916317991631799,True,0.9832635983263598,True,0.9790794979079498,True,True,True,True
917,2025-02-14,238,234,236,236,232,232,231,234,234,233,0.9831932773109243,True,0.9747899159663865,True,0.9747899159663865,True,0.9705882352941176,True,0.9831932773109243,True,0.9831932773109243,True,0.9789915966386554,True,True,True,True
918,2025-02-17,233,229,230,230,227,227,225,230,230,228,0.9828326180257511,True,0.9742489270386266,True,0.9742489270386266,True,0.9656652360515021,True,0.9871244635193133,True,0.9871244635193133,True,0.9785407725321889,True,True,True,True
919,2025-02-18,235,232,232,233,230,230,229,232,232,231,0.9872340425531915,True,0.9787234042553191,True,0.9787234042553191,True,0.9744680851063829,True,0.9872340425531915,True,0.9872340425531915,True,0.9829787234042553,True,True,True,True
920,2025-02-19,235,232,233,235,230,232,230,233,235,233,0.9872340425531915,True,0.9787234042553191,True,0.9872340425531915,True,0.9787234042553191,True,0.9914893617021276,True,1.0,True,0.9914893617021276,True,True,True,True
921,2025-02-20,235,233,232,234,230,232,229,232,234,231,0.9914893617021276,True,0.9787234042553191,True,0.9872340425531915,True,0.9744680851063829,True,0.9872340425531915,True,0.9957446808510638,True,0.9829787234042553,True,True,True,True
922,2025-02-21,234,231,233,234,230,231,230,232,233,232,0.9871794871794872,True,0.9829059829059829,True,0.9871794871794872,True,0.9829059829059829,True,0.9914529914529915,True,0.9957264957264957,True,0.9914529914529915,True,True,True,True
923,2025-02-24,234,231,232,234,230,231,230,232,233,232,0.9871794871794872,True,0.9829059829059829,True,0.9871794871794872,True,0.9829059829059829,True,0.9914529914529915,True,0.9957264957264957,True,0.9914529914529915,True,True,True,True
924,2025-02-25,231,229,231,231,229,229,229,231,231,231,0.9913419913419913,True,0.9913419913419913,True,0.9913419913419913,True,0.9913419913419913,True,1.0,True,1.0,True,1.0,True,True,True,True
925,2025-02-26,233,230,233,233,230,230,230,232,232,232,0.9871244635193133,True,0.9871244635193133,True,0.9871244635193133,True,0.9871244635193133,True,0.9957081545064378,True,0.9957081545064378,True,0.9957081545064378,True,True,True,True
926,2025-02-27,231,229,230,231,228,229,228,230,231,230,0.9913419913419913,True,0.987012987012987,True,0.9913419913419913,True,0.987012987012987,True,0.9956709956709957,True,1.0,True,0.9956709956709957,True,True,True,True
927,2025-02-28,232,230,232,232,230,230,230,232,232,232,0.9913793103448276,True,0.9913793103448276,True,0.9913793103448276,True,0.9913793103448276,True,1.0,True,1.0,True,1.0,True,True,True,True
928,2025-03-03,235,233,235,235,233,233,233,235,235,235,0.9914893617021276,True,0.9914893617021276,True,0.9914893617021276,True,0.9914893617021276,True,1.0,True,1.0,True,1.0,True,True,True,True
929,2025-03-04,234,232,234,234,232,232,232,234,234,234,0.9914529914529915,True,0.9914529914529915,True,0.9914529914529915,True,0.9914529914529915,True,1.0,True,1.0,True,1.0,True,True,True,True
930,2025-03-05,237,233,237,237,233,233,233,236,236,236,0.9831223628691983,True,0.9831223628691983,True,0.9831223628691983,True,0.9831223628691983,True,0.9957805907172996,True,0.9957805907172996,True,0.9957805907172996,True,True,True,True
931,2025-03-06,237,235,237,237,235,235,235,237,237,237,0.9915611814345991,True,0.9915611814345991,True,0.9915611814345991,True,0.9915611814345991,True,1.0,True,1.0,True,1.0,True,True,True,True
932,2025-03-07,237,235,237,237,235,235,235,237,237,237,0.9915611814345991,True,0.9915611814345991,True,0.9915611814345991,True,0.9915611814345991,True,1.0,True,1.0,True,1.0,True,True,True,True
933,2025-03-10,235,233,235,235,233,233,233,235,235,235,0.9914893617021276,True,0.9914893617021276,True,0.9914893617021276,True,0.9914893617021276,True,1.0,True,1.0,True,1.0,True,True,True,True
934,2025-03-11,236,234,236,236,234,234,234,236,236,236,0.9915254237288136,True,0.9915254237288136,True,0.9915254237288136,True,0.9915254237288136,True,1.0,True,1.0,True,1.0,True,True,True,True
935,2025-03-12,236,233,236,236,233,233,233,236,236,236,0.9872881355932204,True,0.9872881355932204,True,0.9872881355932204,True,0.9872881355932204,True,1.0,True,1.0,True,1.0,True,True,True,True
936,2025-03-13,236,234,236,236,234,234,234,236,236,236,0.9915254237288136,True,0.9915254237288136,True,0.9915254237288136,True,0.9915254237288136,True,1.0,True,1.0,True,1.0,True,True,True,True
937,2025-03-14,235,233,235,235,233,233,233,235,235,235,0.9914893617021276,True,0.9914893617021276,True,0.9914893617021276,True,0.9914893617021276,True,1.0,True,1.0,True,1.0,True,True,True,True
938,2025-03-17,235,233,235,235,233,233,233,235,235,235,0.9914893617021276,True,0.9914893617021276,True,0.9914893617021276,True,0.9914893617021276,True,1.0,True,1.0,True,1.0,True,True,True,True
939,2025-03-18,235,232,235,235,232,232,232,235,235,235,0.9872340425531915,True,0.9872340425531915,True,0.9872340425531915,True,0.9872340425531915,True,1.0,True,1.0,True,1.0,True,True,True,True
940,2025-03-19,235,233,235,235,233,233,233,235,235,235,0.9914893617021276,True,0.9914893617021276,True,0.9914893617021276,True,0.9914893617021276,True,1.0,True,1.0,True,1.0,True,True,True,True
941,2025-03-20,235,232,235,235,232,232,232,235,235,235,0.9872340425531915,True,0.9872340425531915,True,0.9872340425531915,True,0.9872340425531915,True,1.0,True,1.0,True,1.0,True,True,True,True
942,2025-03-21,234,232,234,233,232,232,232,234,233,233,0.9914529914529915,True,0.9914529914529915,True,0.9914529914529915,True,0.9914529914529915,True,1.0,True,0.9957264957264957,True,0.9957264957264957,True,True,True,True
943,2025-03-24,232,230,232,231,230,230,230,232,231,231,0.9913793103448276,True,0.9913793103448276,True,0.9913793103448276,True,0.9913793103448276,True,1.0,True,0.9956896551724138,True,0.9956896551724138,True,True,True,True
944,2025-03-25,235,233,235,234,233,233,233,235,234,234,0.9914893617021276,True,0.9914893617021276,True,0.9914893617021276,True,0.9914893617021276,True,1.0,True,0.9957446808510638,True,0.9957446808510638,True,True,True,True
945,2025-03-26,233,231,233,231,231,230,230,233,231,231,0.9914163090128756,True,0.9914163090128756,True,0.9871244635193133,True,0.9871244635193133,True,1.0,True,0.9914163090128756,True,0.9914163090128756,True,True,True,True
946,2025-03-27,233,231,233,232,231,231,231,233,232,232,0.9914163090128756,True,0.9914163090128756,True,0.9914163090128756,True,0.9914163090128756,True,1.0,True,0.9957081545064378,True,0.9957081545064378,True,True,True,True
947,2025-04-08,230,228,229,228,228,227,227,229,228,228,0.991304347826087,True,0.991304347826087,True,0.9869565217391304,True,0.9869565217391304,True,0.9956521739130435,True,0.991304347826087,True,0.991304347826087,True,True,True,True
948,2025-04-09,229,227,228,227,227,226,226,228,227,227,0.9912663755458515,True,0.9912663755458515,True,0.9868995633187773,True,0.9868995633187773,True,0.9956331877729258,True,0.9912663755458515,True,0.9912663755458515,True,True,True,True
949,2025-04-10,229,226,228,227,226,225,225,227,226,226,0.9868995633187773,True,0.9868995633187773,True,0.982532751091703,True,0.982532751091703,True,0.9912663755458515,True,0.9868995633187773,True,0.9868995633187773,True,True,True,True
950,2025-04-11,230,228,228,228,227,227,226,228,228,227,0.991304347826087,True,0.9869565217391304,True,0.9869565217391304,True,0.9826086956521739,True,0.991304347826087,True,0.991304347826087,True,0.9869565217391304,True,True,True,True
951,2025-04-14,230,228,229,227,228,226,226,229,227,227,0.991304347826087,True,0.991304347826087,True,0.9826086956521739,True,0.9826086956521739,True,0.9956521739130435,True,0.9869565217391304,True,0.9869565217391304,True,True,True,True
952,2025-04-15,230,229,229,227,228,227,227,229,227,227,0.9956521739130435,True,0.991304347826087,True,0.9869565217391304,True,0.9869565217391304,True,0.9956521739130435,True,0.9869565217391304,True,0.9869565217391304,True,True,True,True
953,2025-04-16,231,231,230,229,230,229,229,230,229,229,1.0,True,0.9956709956709957,True,0.9913419913419913,True,0.9913419913419913,True,0.9956709956709957,True,0.9913419913419913,True,0.9913419913419913,True,True,True,True
954,2025-04-17,229,228,228,227,227,226,226,227,226,226,0.9956331877729258,True,0.9912663755458515,True,0.9868995633187773,True,0.9868995633187773,True,0.9912663755458515,True,0.9868995633187773,True,0.9868995633187773,True,True,True,True
955,2025-04-21,228,227,227,227,226,226,225,227,227,226,0.9956140350877193,True,0.9912280701754386,True,0.9912280701754386,True,0.9868421052631579,True,0.9956140350877193,True,0.9956140350877193,True,0.9912280701754386,True,True,True,True
956,2025-04-22,228,226,226,227,225,225,225,226,226,226,0.9912280701754386,True,0.9868421052631579,True,0.9868421052631579,True,0.9868421052631579,True,0.9912280701754386,True,0.9912280701754386,True,0.9912280701754386,True,True,True,True
957,2025-04-23,226,226,224,225,224,225,224,224,225,224,1.0,True,0.9911504424778761,True,0.995575221238938,True,0.9911504424778761,True,0.9911504424778761,True,0.995575221238938,True,0.9911504424778761,True,True,True,True
958,2025-04-24,226,225,225,225,224,224,224,225,225,225,0.995575221238938,True,0.9911504424778761,True,0.9911504424778761,True,0.9911504424778761,True,0.995575221238938,True,0.995575221238938,True,0.995575221238938,True,True,True,True
959,2025-04-25,227,227,226,225,226,225,225,226,225,225,1.0,True,0.9955947136563876,True,0.9911894273127754,True,0.9911894273127754,True,0.9955947136563876,True,0.9911894273127754,True,0.9911894273127754,True,True,True,True
960,2025-04-28,225,224,224,224,224,223,223,224,223,223,0.9955555555555555,True,0.9955555555555555,True,0.9911111111111112,True,0.9911111111111112,True,0.9955555555555555,True,0.9911111111111112,True,0.9911111111111112,True,True,True,True
961,2025-04-29,224,223,224,223,223,223,223,223,223,223,0.9955357142857143,True,0.9955357142857143,True,0.9955357142857143,True,0.9955357142857143,True,0.9955357142857143,True,0.9955357142857143,True,0.9955357142857143,True,True,True,True
962,2025-04-30,222,222,222,222,222,222,222,222,222,222,1.0,True,1.0,True,1.0,True,1.0,True,1.0,True,1.0,True,1.0,True,True,True,True
963,2025-05-02,226,226,226,224,226,224,224,226,224,224,1.0,True,1.0,True,0.9911504424778761,True,0.9911504424778761,True,1.0,True,0.9911504424778761,True,0.9911504424778761,True,True,True,True
964,2025-05-05,225,225,223,223,223,223,223,223,223,223,1.0,True,0.9911111111111112,True,0.9911111111111112,True,0.9911111111111112,True,0.9911111111111112,True,0.9911111111111112,True,0.9911111111111112,True,True,True,True
965,2025-05-06,226,226,225,224,225,224,224,225,224,224,1.0,True,0.995575221238938,True,0.9911504424778761,True,0.9911504424778761,True,0.995575221238938,True,0.9911504424778761,True,0.9911504424778761,True,True,True,True
966,2025-05-07,225,225,223,223,223,223,223,223,223,223,1.0,True,0.9911111111111112,True,0.9911111111111112,True,0.9911111111111112,True,0.9911111111111112,True,0.9911111111111112,True,0.9911111111111112,True,True,True,True
967,2025-05-08,226,225,224,225,224,225,224,224,225,224,0.995575221238938,True,0.9911504424778761,True,0.995575221238938,True,0.9911504424778761,True,0.9911504424778761,True,0.995575221238938,True,0.9911504424778761,True,True,True,True
968,2025-05-09,224,222,222,223,222,222,222,222,222,222,0.9910714285714286,True,0.9910714285714286,True,0.9910714285714286,True,0.9910714285714286,True,0.9910714285714286,True,0.9910714285714286,True,0.9910714285714286,True,True,True,True
969,2025-05-14,223,223,223,223,223,223,223,223,223,223,1.0,True,1.0,True,1.0,True,1.0,True,1.0,True,1.0,True,1.0,True,True,True,True
970,2025-05-15,227,226,226,227,226,226,226,226,226,226,0.9955947136563876,True,0.9955947136563876,True,0.9955947136563876,True,0.9955947136563876,True,0.9955947136563876,True,0.9955947136563876,True,0.9955947136563876,True,True,True,True
971,2025-05-16,227,227,227,227,227,227,227,227,227,227,1.0,True,1.0,True,1.0,True,1.0,True,1.0,True,1.0,True,1.0,True,True,True,True
972,2025-05-19,228,228,228,228,228,228,228,228,228,228,1.0,True,1.0,True,1.0,True,1.0,True,1.0,True,1.0,True,1.0,True,True,True,True
973,2025-05-20,227,227,227,227,227,227,227,227,227,227,1.0,True,1.0,True,1.0,True,1.0,True,1.0,True,1.0,True,1.0,True,True,True,True
974,2025-05-21,228,228,228,228,228,228,228,228,228,228,1.0,True,1.0,True,1.0,True,1.0,True,1.0,True,1.0,True,1.0,True,True,True,True
975,2025-05-22,229,229,229,229,229,229,229,229,229,229,1.0,True,1.0,True,1.0,True,1.0,True,1.0,True,1.0,True,1.0,True,True,True,True
976,2025-05-23,229,229,229,228,229,228,228,229,228,228,1.0,True,1.0,True,0.9956331877729258,True,0.9956331877729258,True,1.0,True,0.9956331877729258,True,0.9956331877729258,True,True,True,True
977,2025-05-26,230,230,230,230,230,230,230,230,230,230,1.0,True,1.0,True,1.0,True,1.0,True,1.0,True,1.0,True,1.0,True,True,True,True
978,2025-05-27,233,233,233,233,233,233,233,233,233,233,1.0,True,1.0,True,1.0,True,1.0,True,1.0,True,1.0,True,1.0,True,True,True,True
979,2025-05-28,235,235,235,234,235,234,234,235,234,234,1.0,True,1.0,True,0.9957446808510638,True,0.9957446808510638,True,1.0,True,0.9957446808510638,True,0.9957446808510638,True,True,True,True
980,2025-06-02,236,236,236,234,236,234,234,236,234,234,1.0,True,1.0,True,0.9915254237288136,True,0.9915254237288136,True,1.0,True,0.9915254237288136,True,0.9915254237288136,True,True,True,True
981,2025-06-03,235,235,234,234,234,234,234,234,234,234,1.0,True,0.9957446808510638,True,0.9957446808510638,True,0.9957446808510638,True,0.9957446808510638,True,0.9957446808510638,True,0.9957446808510638,True,True,True,True
982,2025-06-04,235,235,235,233,235,233,233,235,233,233,1.0,True,1.0,True,0.9914893617021276,True,0.9914893617021276,True,1.0,True,0.9914893617021276,True,0.9914893617021276,True,True,True,True
983,2025-06-05,237,237,237,235,237,235,235,237,235,235,1.0,True,1.0,True,0.9915611814345991,True,0.9915611814345991,True,1.0,True,0.9915611814345991,True,0.9915611814345991,True,True,True,True
984,2025-06-10,238,238,237,237,237,237,237,237,237,237,1.0,True,0.9957983193277311,True,0.9957983193277311,True,0.9957983193277311,True,0.9957983193277311,True,0.9957983193277311,True,0.9957983193277311,True,True,True,True
985,2025-06-11,238,237,236,237,236,237,236,236,237,236,0.9957983193277311,True,0.9915966386554622,True,0.9957983193277311,True,0.9915966386554622,True,0.9915966386554622,True,0.9957983193277311,True,0.9915966386554622,True,True,True,True
986,2025-06-12,238,238,238,238,238,238,238,238,238,238,1.0,True,1.0,True,1.0,True,1.0,True,1.0,True,1.0,True,1.0,True,True,True,True
987,2025-06-13,241,241,238,240,238,240,237,238,240,237,1.0,True,0.9875518672199171,True,0.995850622406639,True,0.983402489626556,True,0.9875518672199171,True,0.995850622406639,True,0.983402489626556,True,True,True,True
988,2025-06-16,241,240,238,240,238,239,237,238,239,237,0.995850622406639,True,0.9875518672199171,True,0.991701244813278,True,0.983402489626556,True,0.9875518672199171,True,0.991701244813278,True,0.983402489626556,True,True,True,True
989,2025-06-17,240,239,239,239,238,238,237,238,238,237,0.9958333333333333,True,0.9916666666666667,True,0.9916666666666667,True,0.9875,True,0.9916666666666667,True,0.9916666666666667,True,0.9875,True,True,True,True
990,2025-06-18,239,238,238,239,238,238,238,238,238,238,0.99581589958159,True,0.99581589958159,True,0.99581589958159,True,0.99581589958159,True,0.99581589958159,True,0.99581589958159,True,0.99581589958159,True,True,True,True
991,2025-06-19,240,239,240,240,239,239,239,239,239,239,0.9958333333333333,True,0.9958333333333333,True,0.9958333333333333,True,0.9958333333333333,True,0.9958333333333333,True,0.9958333333333333,True,0.9958333333333333,True,True,True,True
992,2025-06-20,239,238,238,237,237,236,235,237,236,235,0.99581589958159,True,0.9916317991631799,True,0.9874476987447699,True,0.9832635983263598,True,0.9916317991631799,True,0.9874476987447699,True,0.9832635983263598,True,True,True,True
993,2025-06-23,239,239,237,237,237,237,236,237,237,236,1.0,True,0.9916317991631799,True,0.9916317991631799,True,0.9874476987447699,True,0.9916317991631799,True,0.9916317991631799,True,0.9874476987447699,True,True,True,True
994,2025-06-24,241,241,240,238,240,238,237,240,238,237,1.0,True,0.995850622406639,True,0.9875518672199171,True,0.983402489626556,True,0.995850622406639,True,0.9875518672199171,True,0.983402489626556,True,True,True,True
995,2025-06-25,243,243,243,241,243,241,241,243,241,241,1.0,True,1.0,True,0.9917695473251029,True,0.9917695473251029,True,1.0,True,0.9917695473251029,True,0.9917695473251029,True,True,True,True
996,2025-06-26,244,243,244,241,243,240,240,243,240,240,0.9959016393442623,True,0.9959016393442623,True,0.9836065573770492,True,0.9836065573770492,True,0.9959016393442623,True,0.9836065573770492,True,0.9836065573770492,True,True,True,True
997,2025-06-30,244,243,242,241,242,241,241,242,241,241,0.9959016393442623,True,0.9918032786885246,True,0.9877049180327869,True,0.9877049180327869,True,0.9918032786885246,True,0.9877049180327869,True,0.9877049180327869,True,True,True,True
998,2025-07-01,242,242,241,240,241,240,240,241,240,240,1.0,True,0.9958677685950413,True,0.9917355371900827,True,0.9917355371900827,True,0.9958677685950413,True,0.9917355371900827,True,0.9917355371900827,True,True,True,True
999,2025-07-02,241,241,238,239,238,239,238,238,239,238,1.0,True,0.9875518672199171,True,0.991701244813278,True,0.9875518672199171,True,0.9875518672199171,True,0.991701244813278,True,0.9875518672199171,True,True,True,True
1000,2025-07-03,242,242,240,240,240,240,239,240,240,239,1.0,True,0.9917355371900827,True,0.9917355371900827,True,0.987603305785124,True,0.9917355371900827,True,0.9917355371900827,True,0.987603305785124,True,True,True,True
1001,2025-07-04,244,242,241,242,241,241,241,241,241,241,0.9918032786885246,True,0.9877049180327869,True,0.9877049180327869,True,0.9877049180327869,True,0.9877049180327869,True,0.9877049180327869,True,0.9877049180327869,True,True,True,True
1002,2025-07-07,242,242,241,241,241,241,241,241,241,241,1.0,True,0.9958677685950413,True,0.9958677685950413,True,0.9958677685950413,True,0.9958677685950413,True,0.9958677685950413,True,0.9958677685950413,True,True,True,True
1003,2025-07-08,242,241,241,240,241,240,240,241,240,240,0.9958677685950413,True,0.9958677685950413,True,0.9917355371900827,True,0.9917355371900827,True,0.9958677685950413,True,0.9917355371900827,True,0.9917355371900827,True,True,True,True
1004,2025-07-09,241,241,241,240,241,240,240,241,240,240,1.0,True,1.0,True,0.995850622406639,True,0.995850622406639,True,1.0,True,0.995850622406639,True,0.995850622406639,True,True,True,True
1005,2025-07-10,242,241,241,239,241,239,239,241,239,239,0.9958677685950413,True,0.9958677685950413,True,0.987603305785124,True,0.987603305785124,True,0.9958677685950413,True,0.987603305785124,True,0.987603305785124,True,True,True,True
1006,2025-07-11,242,242,242,241,242,241,241,242,241,241,1.0,True,1.0,True,0.9958677685950413,True,0.9958677685950413,True,1.0,True,0.9958677685950413,True,0.9958677685950413,True,True,True,True
1007,2025-07-14,242,242,242,242,242,242,242,242,242,242,1.0,True,1.0,True,1.0,True,1.0,True,1.0,True,1.0,True,1.0,True,True,True,True
1008,2025-07-15,244,244,243,244,243,244,243,243,244,243,1.0,True,0.9959016393442623,True,1.0,True,0.9959016393442623,True,0.9959016393442623,True,1.0,True,0.9959016393442623,True,True,True,True
1009,2025-07-16,245,245,244,244,244,244,243,244,244,243,1.0,True,0.9959183673469387,True,0.9959183673469387,True,0.9918367346938776,True,0.9959183673469387,True,0.9959183673469387,True,0.9918367346938776,True,True,True,True
1010,2025-07-17,247,247,245,247,245,247,245,245,247,245,1.0,True,0.9919028340080972,True,1.0,True,0.9919028340080972,True,0.9919028340080972,True,1.0,True,0.9919028340080972,True,True,True,True
1011,2025-07-18,248,248,247,246,247,246,245,247,246,245,1.0,True,0.9959677419354839,True,0.9919354838709677,True,0.9879032258064516,True,0.9959677419354839,True,0.9919354838709677,True,0.9879032258064516,True,True,True,True
1012,2025-07-21,250,249,250,247,249,246,246,249,246,246,0.996,True,0.996,True,0.984,True,0.984,True,0.996,True,0.984,True,0.984,True,True,True,True
1013,2025-07-22,250,250,250,248,250,248,248,250,248,248,1.0,True,1.0,True,0.992,True,0.992,True,1.0,True,0.992,True,0.992,True,True,True,True
1014,2025-07-23,250,249,249,248,248,247,247,248,247,247,0.996,True,0.992,True,0.988,True,0.988,True,0.992,True,0.988,True,0.988,True,True,True,True
1015,2025-07-24,249,249,249,246,249,246,246,249,246,246,1.0,True,1.0,True,0.9879518072289156,True,0.9879518072289156,True,1.0,True,0.9879518072289156,True,0.9879518072289156,True,True,True,True
1016,2025-07-25,251,251,249,248,249,248,248,249,248,248,1.0,True,0.9920318725099602,True,0.9880478087649402,True,0.9880478087649402,True,0.9920318725099602,True,0.9880478087649402,True,0.9880478087649402,True,True,True,True
1017,2025-07-28,252,252,249,248,249,248,248,249,248,248,1.0,True,0.9880952380952381,True,0.9841269841269841,True,0.9841269841269841,True,0.9880952380952381,True,0.9841269841269841,True,0.9841269841269841,True,True,True,True
1018,2025-07-29,255,254,253,251,253,250,250,253,250,250,0.996078431372549,True,0.9921568627450981,True,0.9803921568627451,True,0.9803921568627451,True,0.9921568627450981,True,0.9803921568627451,True,0.9803921568627451,True,True,True,True
1019,2025-07-30,256,256,255,252,255,252,252,255,252,252,1.0,True,0.99609375,True,0.984375,True,0.984375,True,0.99609375,True,0.984375,True,0.984375,True,True,True,True
1020,2025-07-31,256,254,253,252,253,251,251,253,251,251,0.9921875,True,0.98828125,True,0.98046875,True,0.98046875,True,0.98828125,True,0.98046875,True,0.98046875,True,True,True,True
1021,2025-08-01,256,255,255,253,255,253,253,255,253,253,0.99609375,True,0.99609375,True,0.98828125,True,0.98828125,True,0.99609375,True,0.98828125,True,0.98828125,True,True,True,True
1022,2025-08-04,258,258,257,255,257,255,255,257,255,255,1.0,True,0.9961240310077519,True,0.9883720930232558,True,0.9883720930232558,True,0.9961240310077519,True,0.9883720930232558,True,0.9883720930232558,True,True,True,True
1023,2025-08-05,259,259,256,256,256,256,254,256,256,254,1.0,True,0.9884169884169884,True,0.9884169884169884,True,0.9806949806949807,True,0.9884169884169884,True,0.9884169884169884,True,0.9806949806949807,True,True,True,True
1024,2025-08-06,261,260,258,257,258,256,256,258,256,256,0.9961685823754789,True,0.9885057471264368,True,0.9808429118773946,True,0.9808429118773946,True,0.9885057471264368,True,0.9808429118773946,True,0.9808429118773946,True,True,True,True
1025,2025-08-07,262,262,259,258,259,258,258,259,258,258,1.0,True,0.9885496183206107,True,0.9847328244274809,True,0.9847328244274809,True,0.9885496183206107,True,0.9847328244274809,True,0.9847328244274809,True,True,True,True
1026,2025-08-08,267,266,265,263,265,263,263,265,263,263,0.9962546816479401,True,0.9925093632958801,True,0.9850187265917603,True,0.9850187265917603,True,0.9925093632958801,True,0.9850187265917603,True,0.9850187265917603,True,True,True,True
1027,2025-08-11,266,264,264,262,263,260,259,263,260,259,0.9924812030075187,True,0.9887218045112782,True,0.9774436090225563,True,0.9736842105263158,True,0.9887218045112782,True,0.9774436090225563,True,0.9736842105263158,True,True,True,True
1028,2025-08-12,266,265,264,263,264,262,261,264,262,261,0.9962406015037594,True,0.9924812030075187,True,0.9849624060150376,True,0.981203007518797,True,0.9924812030075187,True,0.9849624060150376,True,0.981203007518797,True,True,True,True
1029,2025-08-13,267,266,265,263,265,262,262,265,262,262,0.9962546816479401,True,0.9925093632958801,True,0.9812734082397003,True,0.9812734082397003,True,0.9925093632958801,True,0.9812734082397003,True,0.9812734082397003,True,True,True,True
1030,2025-08-14,266,266,265,260,265,260,259,265,260,259,1.0,True,0.9962406015037594,True,0.9774436090225563,True,0.9736842105263158,True,0.9962406015037594,True,0.9774436090225563,True,0.9736842105263158,True,True,True,True
1031,2025-08-15,268,267,266,264,266,263,263,266,263,263,0.996268656716418,True,0.9925373134328358,True,0.9813432835820896,True,0.9813432835820896,True,0.9925373134328358,True,0.9813432835820896,True,0.9813432835820896,True,True,True,True
1032,2025-08-19,267,267,263,262,263,262,261,263,262,261,1.0,True,0.9850187265917603,True,0.9812734082397003,True,0.9775280898876404,True,0.9850187265917603,True,0.9812734082397003,True,0.9775280898876404,True,True,True,True
1033,2025-08-20,268,267,265,264,265,264,263,265,264,263,0.996268656716418,True,0.9888059701492538,True,0.9850746268656716,True,0.9813432835820896,True,0.9888059701492538,True,0.9850746268656716,True,0.9813432835820896,True,True,True,True
1034,2025-08-21,266,265,263,263,262,262,260,262,262,260,0.9962406015037594,True,0.9849624060150376,True,0.9849624060150376,True,0.9774436090225563,True,0.9849624060150376,True,0.9849624060150376,True,0.9774436090225563,True,True,True,True
1035,2025-08-22,268,267,262,263,262,263,262,262,263,262,0.996268656716418,True,0.9776119402985075,True,0.9813432835820896,True,0.9776119402985075,True,0.9776119402985075,True,0.9813432835820896,True,0.9776119402985075,True,True,True,True
1036,2025-08-25,269,266,266,265,265,264,264,265,264,264,0.9888475836431226,True,0.9851301115241635,True,0.9814126394052045,True,0.9814126394052045,True,0.9851301115241635,True,0.9814126394052045,True,0.9814126394052045,True,True,True,True
1037,2025-08-26,269,268,267,268,267,267,266,267,267,266,0.9962825278810409,True,0.9925650557620818,True,0.9925650557620818,True,0.9888475836431226,True,0.9925650557620818,True,0.9925650557620818,True,0.9888475836431226,True,True,True,True
1038,2025-08-27,273,271,271,269,270,267,267,270,267,267,0.9926739926739927,True,0.989010989010989,True,0.978021978021978,True,0.978021978021978,True,0.989010989010989,True,0.978021978021978,True,0.978021978021978,True,True,True,True
1039,2025-08-28,273,270,271,269,270,268,268,270,268,268,0.989010989010989,True,0.989010989010989,True,0.9816849816849816,True,0.9816849816849816,True,0.989010989010989,True,0.9816849816849816,True,0.9816849816849816,True,True,True,True
1040,2025-08-29,271,271,271,269,271,269,269,271,269,269,1.0,True,1.0,True,0.992619926199262,True,0.992619926199262,True,1.0,True,0.992619926199262,True,0.992619926199262,True,True,True,True
1041,2025-09-01,275,274,274,273,273,273,273,273,273,273,0.9963636363636363,True,0.9927272727272727,True,0.9927272727272727,True,0.9927272727272727,True,0.9927272727272727,True,0.9927272727272727,True,0.9927272727272727,True,True,True,True
1042,2025-09-02,276,276,275,275,275,275,274,275,275,274,1.0,True,0.9963768115942029,True,0.9963768115942029,True,0.9927536231884058,True,0.9963768115942029,True,0.9963768115942029,True,0.9927536231884058,True,True,True,True
1043,2025-09-03,278,278,275,276,275,276,274,275,276,274,1.0,True,0.9892086330935251,True,0.9928057553956835,True,0.9856115107913669,True,0.9892086330935251,True,0.9928057553956835,True,0.9856115107913669,True,True,True,True
1044,2025-09-04,279,278,276,277,276,276,275,276,276,275,0.996415770609319,True,0.989247311827957,True,0.989247311827957,True,0.985663082437276,True,0.989247311827957,True,0.989247311827957,True,0.985663082437276,True,True,True,True
1045,2025-09-08,281,281,278,278,278,278,276,278,278,276,1.0,True,0.9893238434163701,True,0.9893238434163701,True,0.9822064056939501,True,0.9893238434163701,True,0.9893238434163701,True,0.9822064056939501,True,True,True,True
1046,2025-09-09,282,280,280,280,278,278,277,280,280,279,0.9929078014184397,True,0.9858156028368794,True,0.9858156028368794,True,0.9822695035460993,True,0.9929078014184397,True,0.9929078014184397,True,0.9893617021276596,True,True,True,True
1047,2025-09-10,283,280,280,282,278,279,277,279,280,278,0.9893992932862191,True,0.9823321554770318,True,0.9858657243816255,True,0.9787985865724381,True,0.9858657243816255,True,0.9893992932862191,True,0.9823321554770318,True,True,True,True
1048,2025-09-11,287,285,285,285,284,283,282,284,283,282,0.9930313588850174,True,0.9895470383275261,True,0.9860627177700348,True,0.9825783972125436,True,0.9895470383275261,True,0.9860627177700348,True,0.9825783972125436,True,True,True,True
1049,2025-09-12,289,288,288,285,287,284,283,287,284,283,0.9965397923875432,True,0.9930795847750865,True,0.9826989619377162,True,0.9792387543252595,True,0.9930795847750865,True,0.9826989619377162,True,0.9792387543252595,True,True,True,True
1050,2025-09-15,289,289,287,286,287,286,285,287,286,285,1.0,True,0.9930795847750865,True,0.9896193771626297,True,0.986159169550173,True,0.9930795847750865,True,0.9896193771626297,True,0.986159169550173,True,True,True,True
1051,2025-09-16,293,292,292,287,292,286,286,292,286,286,0.9965870307167235,True,0.9965870307167235,True,0.9761092150170648,True,0.9761092150170648,True,0.9965870307167235,True,0.9761092150170648,True,0.9761092150170648,True,True,True,True
1052,2025-09-17,293,293,292,288,292,288,288,292,288,288,1.0,True,0.9965870307167235,True,0.9829351535836177,True,0.9829351535836177,True,0.9965870307167235,True,0.9829351535836177,True,0.9829351535836177,True,True,True,True
1053,2025-09-18,298,297,296,292,295,292,292,296,292,292,0.9966442953020134,True,0.9899328859060402,True,0.9798657718120806,True,0.9798657718120806,True,0.9932885906040269,True,0.9798657718120806,True,0.9798657718120806,True,True,True,True
1054,2025-09-19,298,296,294,293,293,292,291,293,292,291,0.9932885906040269,True,0.9832214765100671,True,0.9798657718120806,True,0.9765100671140939,True,0.9832214765100671,True,0.9798657718120806,True,0.9765100671140939,True,True,True,True
1055,2025-09-22,299,299,296,291,296,291,289,296,291,289,1.0,True,0.9899665551839465,True,0.9732441471571907,True,0.9665551839464883,True,0.9899665551839465,True,0.9732441471571907,True,0.9665551839464883,True,True,True,True
1056,2025-09-23,304,302,297,297,297,295,293,297,295,293,0.993421052631579,True,0.9769736842105263,True,0.9703947368421053,True,0.9638157894736842,True,0.9769736842105263,True,0.9703947368421053,True,0.9638157894736842,True,True,True,True
1057,2025-09-24,306,305,302,299,302,298,297,302,298,297,0.9967320261437909,True,0.9869281045751634,True,0.9738562091503268,True,0.9705882352941176,True,0.9869281045751634,True,0.9738562091503268,True,0.9705882352941176,True,True,True,True
1058,2025-09-25,311,308,306,306,306,304,303,306,304,303,0.9903536977491961,True,0.9839228295819936,True,0.977491961414791,True,0.9742765273311897,True,0.9839228295819936,True,0.977491961414791,True,0.9742765273311897,True,True,True,True
1059,2025-09-26,311,311,309,305,309,305,303,309,305,303,1.0,True,0.9935691318327974,True,0.9807073954983923,True,0.9742765273311897,True,0.9935691318327974,True,0.9807073954983923,True,0.9742765273311897,True,True,True,True
1060,2025-09-29,316,313,308,310,308,308,305,308,308,305,0.990506329113924,True,0.9746835443037974,True,0.9746835443037974,True,0.9651898734177216,True,0.9746835443037974,True,0.9746835443037974,True,0.9651898734177216,True,True,True,True
1061,2025-09-30,316,316,312,313,312,313,310,312,313,310,1.0,True,0.9873417721518988,True,0.990506329113924,True,0.9810126582278481,True,0.9873417721518988,True,0.990506329113924,True,0.9810126582278481,True,True,True,True
1062,2025-10-01,323,322,317,320,317,319,315,317,319,315,0.9969040247678018,True,0.9814241486068112,True,0.9876160990712074,True,0.9752321981424149,True,0.9814241486068112,True,0.9876160990712074,True,0.9752321981424149,True,True,True,True
1063,2025-10-02,330,329,326,327,325,326,324,325,326,324,0.996969696969697,True,0.9848484848484849,True,0.9878787878787879,True,0.9818181818181818,True,0.9848484848484849,True,0.9878787878787879,True,0.9818181818181818,True,True,True,True
1064,2025-10-03,334,329,328,331,327,328,327,327,328,327,0.9850299401197605,True,0.9790419161676647,True,0.9820359281437125,True,0.9790419161676647,True,0.9790419161676647,True,0.9820359281437125,True,0.9790419161676647,True,True,True,True
1065,2025-10-06,332,330,329,332,329,330,329,329,330,329,0.9939759036144579,True,0.9909638554216867,True,0.9939759036144579,True,0.9909638554216867,True,0.9909638554216867,True,0.9939759036144579,True,0.9909638554216867,True,True,True,True
1066,2025-10-07,340,338,337,337,336,336,336,336,336,336,0.9941176470588236,True,0.9882352941176471,True,0.9882352941176471,True,0.9882352941176471,True,0.9882352941176471,True,0.9882352941176471,True,0.9882352941176471,True,True,True,True
1067,2025-10-08,343,341,340,342,340,341,340,340,341,340,0.9941690962099126,True,0.9912536443148688,True,0.9941690962099126,True,0.9912536443148688,True,0.9912536443148688,True,0.9941690962099126,True,0.9912536443148688,True,True,True,True
1068,2025-10-09,348,347,347,348,347,347,347,347,347,347,0.9971264367816092,True,0.9971264367816092,True,0.9971264367816092,True,0.9971264367816092,True,0.9971264367816092,True,0.9971264367816092,True,0.9971264367816092,True,True,True,True
1069,2025-10-10,349,347,348,348,347,347,347,347,347,347,0.994269340974212,True,0.994269340974212,True,0.994269340974212,True,0.994269340974212,True,0.994269340974212,True,0.994269340974212,True,0.994269340974212,True,True,True,True
1070,2025-10-13,356,356,356,356,356,356,356,356,356,356,1.0,True,1.0,True,1.0,True,1.0,True,1.0,True,1.0,True,1.0,True,True,True,True
1071,2025-10-14,361,361,361,361,361,361,361,361,361,361,1.0,True,1.0,True,1.0,True,1.0,True,1.0,True,1.0,True,1.0,True,True,True,True
1072,2025-10-15,361,361,361,360,361,360,360,361,360,360,1.0,True,1.0,True,0.997229916897507,True,0.997229916897507,True,1.0,True,0.997229916897507,True,0.997229916897507,True,True,True,True
1073,2025-10-16,365,365,365,363,365,363,363,365,363,363,1.0,True,1.0,True,0.9945205479452055,True,0.9945205479452055,True,1.0,True,0.9945205479452055,True,0.9945205479452055,True,True,True,True
1074,2025-10-17,367,367,367,365,367,365,365,367,365,365,1.0,True,1.0,True,0.9945504087193461,True,0.9945504087193461,True,1.0,True,0.9945504087193461,True,0.9945504087193461,True,True,True,True
1075,2025-10-20,370,370,370,368,370,368,368,370,368,368,1.0,True,1.0,True,0.9945945945945946,True,0.9945945945945946,True,1.0,True,0.9945945945945946,True,0.9945945945945946,True,True,True,True
1076,2025-10-21,375,375,374,373,374,373,372,374,373,372,1.0,True,0.9973333333333333,True,0.9946666666666667,True,0.992,True,0.9973333333333333,True,0.9946666666666667,True,0.992,True,True,True,True
1077,2025-10-22,376,376,375,374,375,374,374,375,374,374,1.0,True,0.9973404255319149,True,0.9946808510638298,True,0.9946808510638298,True,0.9973404255319149,True,0.9946808510638298,True,0.9946808510638298,True,True,True,True
1078,2025-10-23,376,376,374,374,374,374,374,374,374,374,1.0,True,0.9946808510638298,True,0.9946808510638298,True,0.9946808510638298,True,0.9946808510638298,True,0.9946808510638298,True,0.9946808510638298,True,True,True,True
1079,2025-10-24,379,379,377,377,377,377,377,377,377,377,1.0,True,0.9947229551451188,True,0.9947229551451188,True,0.9947229551451188,True,0.9947229551451188,True,0.9947229551451188,True,0.9947229551451188,True,True,True,True
1080,2025-10-27,381,380,379,379,378,378,378,378,378,378,0.9973753280839895,True,0.9921259842519685,True,0.9921259842519685,True,0.9921259842519685,True,0.9921259842519685,True,0.9921259842519685,True,0.9921259842519685,True,True,True,True
1081,2025-10-28,379,378,377,377,377,377,377,377,377,377,0.9973614775725593,True,0.9947229551451188,True,0.9947229551451188,True,0.9947229551451188,True,0.9947229551451188,True,0.9947229551451188,True,0.9947229551451188,True,True,True,True
1082,2025-10-29,382,381,381,381,381,381,381,381,381,381,0.9973821989528796,True,0.9973821989528796,True,0.9973821989528796,True,0.9973821989528796,True,0.9973821989528796,True,0.9973821989528796,True,0.9973821989528796,True,True,True,True
1083,2025-10-30,388,388,388,388,388,388,388,388,388,388,1.0,True,1.0,True,1.0,True,1.0,True,1.0,True,1.0,True,1.0,True,True,True,True
1084,2025-10-31,388,388,388,388,388,388,388,388,388,388,1.0,True,1.0,True,1.0,True,1.0,True,1.0,True,1.0,True,1.0,True,True,True,True
1085,2025-11-03,391,391,391,391,391,391,391,391,391,391,1.0,True,1.0,True,1.0,True,1.0,True,1.0,True,1.0,True,1.0,True,True,True,True
1086,2025-11-04,394,394,394,394,394,394,394,394,394,394,1.0,True,1.0,True,1.0,True,1.0,True,1.0,True,1.0,True,1.0,True,True,True,True
1087,2025-11-05,394,394,394,394,394,394,394,394,394,394,1.0,True,1.0,True,1.0,True,1.0,True,1.0,True,1.0,True,1.0,True,True,True,True
1088,2025-11-06,390,390,390,390,390,390,390,390,390,390,1.0,True,1.0,True,1.0,True,1.0,True,1.0,True,1.0,True,1.0,True,True,True,True
1089,2025-11-07,391,391,391,390,391,390,390,391,390,390,1.0,True,1.0,True,0.9974424552429667,True,0.9974424552429667,True,1.0,True,0.9974424552429667,True,0.9974424552429667,True,True,True,True
1090,2025-11-10,394,394,394,393,394,393,393,394,393,393,1.0,True,1.0,True,0.9974619289340102,True,0.9974619289340102,True,1.0,True,0.9974619289340102,True,0.9974619289340102,True,True,True,True
1091,2025-11-11,393,393,393,391,393,391,391,393,391,391,1.0,True,1.0,True,0.9949109414758269,True,0.9949109414758269,True,1.0,True,0.9949109414758269,True,0.9949109414758269,True,True,True,True
1092,2025-11-12,393,393,393,388,393,388,388,393,388,388,1.0,True,1.0,True,0.9872773536895675,True,0.9872773536895675,True,1.0,True,0.9872773536895675,True,0.9872773536895675,True,True,True,True
1093,2025-11-13,393,393,393,389,393,389,389,393,389,389,1.0,True,1.0,True,0.989821882951654,True,0.989821882951654,True,1.0,True,0.989821882951654,True,0.989821882951654,True,True,True,True
1094,2025-11-14,393,393,392,388,392,388,388,392,388,388,1.0,True,0.9974554707379135,True,0.9872773536895675,True,0.9872773536895675,True,0.9974554707379135,True,0.9872773536895675,True,0.9872773536895675,True,True,True,True
1095,2025-11-17,393,393,392,388,392,388,388,392,388,388,1.0,True,0.9974554707379135,True,0.9872773536895675,True,0.9872773536895675,True,0.9974554707379135,True,0.9872773536895675,True,0.9872773536895675,True,True,True,True
1096,2025-11-18,390,390,388,383,388,383,381,388,383,381,1.0,True,0.9948717948717949,True,0.982051282051282,True,0.9769230769230769,True,0.9948717948717949,True,0.982051282051282,True,0.9769230769230769,True,True,True,True
1097,2025-11-19,393,393,388,387,388,387,384,388,387,384,1.0,True,0.9872773536895675,True,0.9847328244274809,True,0.9770992366412213,True,0.9872773536895675,True,0.9847328244274809,True,0.9770992366412213,True,True,True,True
1098,2025-11-20,392,391,388,385,388,384,382,388,384,382,0.9974489795918368,True,0.9897959183673469,True,0.9795918367346939,True,0.9744897959183674,True,0.9897959183673469,True,0.9795918367346939,True,0.9744897959183674,True,True,True,True
1099,2025-11-21,389,389,385,377,385,377,375,385,377,375,1.0,True,0.9897172236503856,True,0.9691516709511568,True,0.9640102827763496,True,0.9897172236503856,True,0.9691516709511568,True,0.9640102827763496,True,True,True,True
1100,2025-11-24,392,391,388,382,387,382,381,387,382,381,0.9974489795918368,True,0.9872448979591837,True,0.9744897959183674,True,0.9719387755102041,True,0.9872448979591837,True,0.9744897959183674,True,0.9719387755102041,True,True,True,True
1101,2025-11-25,394,390,387,385,386,384,384,386,384,384,0.9898477157360406,True,0.9796954314720813,True,0.9746192893401016,True,0.9746192893401016,True,0.9796954314720813,True,0.9746192893401016,True,0.9746192893401016,True,True,True,True
1102,2025-11-26,390,388,386,383,385,382,380,385,382,380,0.9948717948717949,True,0.9871794871794872,True,0.9794871794871794,True,0.9743589743589743,True,0.9871794871794872,True,0.9794871794871794,True,0.9743589743589743,True,True,True,True
1103,2025-11-27,389,386,383,378,382,376,374,382,376,374,0.9922879177377892,True,0.9820051413881749,True,0.9665809768637532,True,0.961439588688946,True,0.9820051413881749,True,0.9665809768637532,True,0.961439588688946,True,True,True,True
1104,2025-11-28,389,388,379,380,379,379,375,379,379,375,0.9974293059125964,True,0.974293059125964,True,0.974293059125964,True,0.9640102827763496,True,0.974293059125964,True,0.974293059125964,True,0.9640102827763496,True,True,True,True
1105,2025-12-01,391,388,384,381,384,380,379,384,380,379,0.9923273657289002,True,0.9820971867007673,True,0.9718670076726342,True,0.969309462915601,True,0.9820971867007673,True,0.9718670076726342,True,0.969309462915601,True,True,True,True
1106,2025-12-02,389,387,385,380,383,378,376,383,378,376,0.9948586118251928,True,0.9845758354755784,True,0.9717223650385605,True,0.9665809768637532,True,0.9845758354755784,True,0.9717223650385605,True,0.9665809768637532,True,True,True,True
1107,2025-12-03,393,391,387,385,386,383,381,386,383,381,0.9949109414758269,True,0.9821882951653944,True,0.9745547073791349,True,0.9694656488549618,True,0.9821882951653944,True,0.9745547073791349,True,0.9694656488549618,True,True,True,True
1108,2025-12-04,393,388,385,384,384,381,378,384,381,378,0.9872773536895675,True,0.9770992366412213,True,0.9694656488549618,True,0.9618320610687023,True,0.9770992366412213,True,0.9694656488549618,True,0.9618320610687023,True,True,True,True
1109,2025-12-05,387,385,383,381,383,379,379,383,379,379,0.9948320413436692,True,0.9896640826873385,True,0.979328165374677,True,0.979328165374677,True,0.9896640826873385,True,0.979328165374677,True,0.979328165374677,True,True,True,True
1110,2025-12-08,390,390,385,383,385,383,382,385,383,382,1.0,True,0.9871794871794872,True,0.982051282051282,True,0.9794871794871794,True,0.9871794871794872,True,0.982051282051282,True,0.9794871794871794,True,True,True,True
1111,2025-12-09,390,389,383,384,383,383,382,383,383,382,0.9974358974358974,True,0.982051282051282,True,0.982051282051282,True,0.9794871794871794,True,0.982051282051282,True,0.982051282051282,True,0.9794871794871794,True,True,True,True
1112,2025-12-10,390,386,385,383,384,381,381,384,381,381,0.9897435897435898,True,0.9846153846153847,True,0.9769230769230769,True,0.9769230769230769,True,0.9846153846153847,True,0.9769230769230769,True,0.9769230769230769,True,True,True,True
1113,2025-12-11,391,389,385,387,385,386,384,385,386,384,0.9948849104859335,True,0.9846547314578005,True,0.9872122762148338,True,0.9820971867007673,True,0.9846547314578005,True,0.9872122762148338,True,0.9820971867007673,True,True,True,True
1114,2025-12-12,392,390,387,389,387,388,387,387,388,387,0.9948979591836735,True,0.9872448979591837,True,0.9897959183673469,True,0.9872448979591837,True,0.9872448979591837,True,0.9897959183673469,True,0.9872448979591837,True,True,True,True
1115,2025-12-15,388,386,384,384,384,382,382,384,382,382,0.9948453608247423,True,0.9896907216494846,True,0.9845360824742269,True,0.9845360824742269,True,0.9896907216494846,True,0.9845360824742269,True,0.9845360824742269,True,True,True,True
1116,2025-12-16,386,386,384,378,384,378,378,384,378,378,1.0,True,0.9948186528497409,True,0.9792746113989638,True,0.9792746113989638,True,0.9948186528497409,True,0.9792746113989638,True,0.9792746113989638,True,True,True,True
1117,2025-12-17,387,384,384,382,383,380,380,383,380,380,0.9922480620155039,True,0.9896640826873385,True,0.9819121447028424,True,0.9819121447028424,True,0.9896640826873385,True,0.9819121447028424,True,0.9819121447028424,True,True,True,True
1118,2025-12-18,387,386,386,381,386,381,381,386,381,381,0.9974160206718347,True,0.9974160206718347,True,0.9844961240310077,True,0.9844961240310077,True,0.9974160206718347,True,0.9844961240310077,True,0.9844961240310077,True,True,True,True
1119,2025-12-19,388,388,388,381,388,381,381,388,381,381,1.0,True,1.0,True,0.9819587628865979,True,0.9819587628865979,True,1.0,True,0.9819587628865979,True,0.9819587628865979,True,True,True,True
1120,2025-12-22,389,389,386,382,386,382,381,386,382,381,1.0,True,0.9922879177377892,True,0.9820051413881749,True,0.9794344473007712,True,0.9922879177377892,True,0.9820051413881749,True,0.9794344473007712,True,True,True,True
1121,2025-12-23,391,391,385,382,385,382,380,385,382,380,1.0,True,0.9846547314578005,True,0.9769820971867008,True,0.9718670076726342,True,0.9846547314578005,True,0.9769820971867008,True,0.9718670076726342,True,True,True,True
1122,2025-12-24,390,390,386,378,386,378,376,386,378,376,1.0,True,0.9897435897435898,True,0.9692307692307692,True,0.9641025641025641,True,0.9897435897435898,True,0.9692307692307692,True,0.9641025641025641,True,True,True,True
1123,2025-12-29,390,390,384,378,384,378,376,384,378,376,1.0,True,0.9846153846153847,True,0.9692307692307692,True,0.9641025641025641,True,0.9846153846153847,True,0.9692307692307692,True,0.9641025641025641,True,True,True,True
1124,2025-12-30,391,388,384,379,383,378,377,383,378,377,0.9923273657289002,True,0.979539641943734,True,0.9667519181585678,True,0.9641943734015346,True,0.979539641943734,True,0.9667519181585678,True,0.9641943734015346,True,True,True,True
1125,2026-01-02,388,384,383,378,382,377,377,382,377,377,0.9896907216494846,True,0.9845360824742269,True,0.9716494845360825,True,0.9716494845360825,True,0.9845360824742269,True,0.9716494845360825,True,0.9716494845360825,True,True,True,True
1126,2026-01-05,383,382,378,373,378,373,372,378,373,372,0.9973890339425587,True,0.9869451697127938,True,0.9738903394255874,True,0.9712793733681462,True,0.9869451697127938,True,0.9738903394255874,True,0.9712793733681462,True,True,True,True
1127,2026-01-06,384,381,374,373,374,371,369,374,371,369,0.9921875,True,0.9739583333333334,True,0.9661458333333334,True,0.9609375,True,0.9739583333333334,True,0.9661458333333334,True,0.9609375,True,True,True,True
1128,2026-01-07,384,381,376,378,376,376,373,376,376,373,0.9921875,True,0.9791666666666666,True,0.9791666666666666,True,0.9713541666666666,True,0.9791666666666666,True,0.9791666666666666,True,0.9713541666666666,True,True,True,True
1129,2026-01-08,386,384,379,380,379,378,374,379,378,374,0.9948186528497409,True,0.9818652849740933,True,0.9792746113989638,True,0.9689119170984456,True,0.9818652849740933,True,0.9792746113989638,True,0.9689119170984456,True,True,True,True
1130,2026-01-09,385,383,379,379,379,377,374,379,377,374,0.9948051948051948,True,0.9844155844155844,True,0.9792207792207792,True,0.9714285714285714,True,0.9844155844155844,True,0.9792207792207792,True,0.9714285714285714,True,True,True,True
1131,2026-01-12,386,381,378,380,378,376,375,378,376,375,0.9870466321243523,True,0.9792746113989638,True,0.9740932642487047,True,0.9715025906735751,True,0.9792746113989638,True,0.9740932642487047,True,0.9715025906735751,True,True,True,True
1132,2026-01-13,384,384,378,379,378,379,377,378,379,377,1.0,True,0.984375,True,0.9869791666666666,True,0.9817708333333334,True,0.984375,True,0.9869791666666666,True,0.9817708333333334,True,True,True,True
1133,2026-01-14,385,385,380,379,380,379,378,380,379,378,1.0,True,0.987012987012987,True,0.9844155844155844,True,0.9818181818181818,True,0.987012987012987,True,0.9844155844155844,True,0.9818181818181818,True,True,True,True
1134,2026-01-15,387,387,381,382,381,382,381,381,382,381,1.0,True,0.9844961240310077,True,0.9870801033591732,True,0.9844961240310077,True,0.9844961240310077,True,0.9870801033591732,True,0.9844961240310077,True,True,True,True
1135,2026-01-19,392,388,386,387,385,385,384,385,385,384,0.9897959183673469,True,0.9821428571428571,True,0.9821428571428571,True,0.9795918367346939,True,0.9821428571428571,True,0.9821428571428571,True,0.9795918367346939,True,True,True,True
1136,2026-01-20,394,389,390,392,388,389,388,388,389,388,0.9873096446700508,True,0.9847715736040609,True,0.9873096446700508,True,0.9847715736040609,True,0.9847715736040609,True,0.9873096446700508,True,0.9847715736040609,True,True,True,True
1137,2026-01-21,400,398,399,400,398,398,398,398,398,398,0.995,True,0.995,True,0.995,True,0.995,True,0.995,True,0.995,True,0.995,True,True,True,True
1138,2026-01-22,407,405,405,406,405,405,405,405,405,405,0.995085995085995,True,0.995085995085995,True,0.995085995085995,True,0.995085995085995,True,0.995085995085995,True,0.995085995085995,True,0.995085995085995,True,True,True,True
1139,2026-01-23,412,412,412,412,412,412,412,412,412,412,1.0,True,1.0,True,1.0,True,1.0,True,1.0,True,1.0,True,1.0,True,True,True,True
1140,2026-01-26,410,409,409,409,408,408,408,408,408,408,0.9975609756097561,True,0.9951219512195122,True,0.9951219512195122,True,0.9951219512195122,True,0.9951219512195122,True,0.9951219512195122,True,0.9951219512195122,True,True,True,True
1141,2026-01-27,417,417,417,416,417,416,416,417,416,416,1.0,True,1.0,True,0.9976019184652278,True,0.9976019184652278,True,1.0,True,0.9976019184652278,True,0.9976019184652278,True,True,True,True
1142,2026-01-28,420,420,420,419,420,419,419,420,419,419,1.0,True,1.0,True,0.9976190476190476,True,0.9976190476190476,True,1.0,True,0.9976190476190476,True,0.9976190476190476,True,True,True,True
1143,2026-01-29,424,424,424,423,424,423,423,424,423,423,1.0,True,1.0,True,0.9976415094339622,True,0.9976415094339622,True,1.0,True,0.9976415094339622,True,0.9976415094339622,True,True,True,True
1144,2026-01-30,423,422,423,423,422,422,422,422,422,422,0.9976359338061466,True,0.9976359338061466,True,0.9976359338061466,True,0.9976359338061466,True,0.9976359338061466,True,0.9976359338061466,True,0.9976359338061466,True,True,True,True
1145,2026-02-02,423,423,423,420,423,420,420,423,420,420,1.0,True,1.0,True,0.9929078014184397,True,0.9929078014184397,True,1.0,True,0.9929078014184397,True,0.9929078014184397,True,True,True,True
1146,2026-02-03,425,425,424,424,424,424,423,424,424,423,1.0,True,0.9976470588235294,True,0.9976470588235294,True,0.9952941176470588,True,0.9976470588235294,True,0.9976470588235294,True,0.9952941176470588,True,True,True,True
1147,2026-02-04,423,423,422,423,422,423,422,422,423,422,1.0,True,0.9976359338061466,True,1.0,True,0.9976359338061466,True,0.9976359338061466,True,1.0,True,0.9976359338061466,True,True,True,True
1148,2026-02-05,424,424,423,422,423,422,421,423,422,421,1.0,True,0.9976415094339622,True,0.9952830188679245,True,0.9929245283018868,True,0.9976415094339622,True,0.9952830188679245,True,0.9929245283018868,True,True,True,True
1149,2026-02-06,427,426,427,426,426,425,425,426,425,425,0.9976580796252927,True,0.9976580796252927,True,0.9953161592505855,True,0.9953161592505855,True,0.9976580796252927,True,0.9953161592505855,True,0.9953161592505855,True,True,True,True
1150,2026-02-09,428,428,425,427,425,427,424,425,427,424,1.0,True,0.9929906542056075,True,0.9976635514018691,True,0.9906542056074766,True,0.9929906542056075,True,0.9976635514018691,True,0.9906542056074766,True,True,True,True
1151,2026-02-10,428,428,427,427,427,427,426,427,427,426,1.0,True,0.9976635514018691,True,0.9976635514018691,True,0.9953271028037384,True,0.9976635514018691,True,0.9976635514018691,True,0.9953271028037384,True,True,True,True
1152,2026-02-11,427,427,427,426,427,426,426,427,426,426,1.0,True,1.0,True,0.9976580796252927,True,0.9976580796252927,True,1.0,True,0.9976580796252927,True,0.9976580796252927,True,True,True,True
1153,2026-02-12,426,426,424,425,424,425,424,424,425,424,1.0,True,0.9953051643192489,True,0.9976525821596244,True,0.9953051643192489,True,0.9953051643192489,True,0.9976525821596244,True,0.9953051643192489,True,True,True,True
1154,2026-02-13,429,426,428,428,425,425,425,425,425,425,0.993006993006993,True,0.9906759906759907,True,0.9906759906759907,True,0.9906759906759907,True,0.9906759906759907,True,0.9906759906759907,True,0.9906759906759907,True,True,True,True
1155,2026-02-18,427,427,426,426,426,426,426,426,426,426,1.0,True,0.9976580796252927,True,0.9976580796252927,True,0.9976580796252927,True,0.9976580796252927,True,0.9976580796252927,True,0.9976580796252927,True,True,True,True
1156,2026-02-19,427,427,426,426,426,426,425,426,426,425,1.0,True,0.9976580796252927,True,0.9976580796252927,True,0.9953161592505855,True,0.9976580796252927,True,0.9976580796252927,True,0.9953161592505855,True,True,True,True
1157,2026-02-20,427,425,426,426,425,425,425,425,425,425,0.9953161592505855,True,0.9953161592505855,True,0.9953161592505855,True,0.9953161592505855,True,0.9953161592505855,True,0.9953161592505855,True,0.9953161592505855,True,True,True,True
1158,2026-02-23,425,425,425,425,425,425,425,425,425,425,1.0,True,1.0,True,1.0,True,1.0,True,1.0,True,1.0,True,1.0,True,True,True,True
1159,2026-02-24,431,431,431,430,431,430,430,431,430,430,1.0,True,1.0,True,0.9976798143851509,True,0.9976798143851509,True,1.0,True,0.9976798143851509,True,0.9976798143851509,True,True,True,True
1160,2026-02-25,431,431,431,430,431,430,430,431,430,430,1.0,True,1.0,True,0.9976798143851509,True,0.9976798143851509,True,1.0,True,0.9976798143851509,True,0.9976798143851509,True,True,True,True
1161,2026-02-26,428,428,427,428,427,428,427,427,428,427,1.0,True,0.9976635514018691,True,1.0,True,0.9976635514018691,True,0.9976635514018691,True,1.0,True,0.9976635514018691,True,True,True,True
1162,2026-02-27,428,428,427,428,427,428,427,427,428,427,1.0,True,0.9976635514018691,True,1.0,True,0.9976635514018691,True,0.9976635514018691,True,1.0,True,0.9976635514018691,True,True,True,True
1163,2026-03-02,427,427,426,426,426,426,425,426,426,425,1.0,True,0.9976580796252927,True,0.9976580796252927,True,0.9953161592505855,True,0.9976580796252927,True,0.9976580796252927,True,0.9953161592505855,True,True,True,True
1164,2026-03-03,431,431,430,430,430,430,429,430,430,429,1.0,True,0.9976798143851509,True,0.9976798143851509,True,0.9953596287703016,True,0.9976798143851509,True,0.9976798143851509,True,0.9953596287703016,True,True,True,True
1165,2026-03-04,433,432,432,432,432,431,431,432,431,431,0.9976905311778291,True,0.9976905311778291,True,0.9953810623556582,True,0.9953810623556582,True,0.9976905311778291,True,0.9953810623556582,True,0.9953810623556582,True,True,True,True
1166,2026-03-05,429,429,429,428,429,428,428,429,428,428,1.0,True,1.0,True,0.9976689976689976,True,0.9976689976689976,True,1.0,True,0.9976689976689976,True,0.9976689976689976,True,True,True,True
1167,2026-03-06,426,426,426,425,426,425,425,426,425,425,1.0,True,1.0,True,0.9976525821596244,True,0.9976525821596244,True,1.0,True,0.9976525821596244,True,0.9976525821596244,True,True,True,True
1168,2026-03-09,422,422,421,421,421,421,420,421,421,420,1.0,True,0.9976303317535545,True,0.9976303317535545,True,0.995260663507109,True,0.9976303317535545,True,0.9976303317535545,True,0.995260663507109,True,True,True,True
1169,2026-03-10,416,416,415,414,415,414,413,415,414,413,1.0,True,0.9975961538461539,True,0.9951923076923077,True,0.9927884615384616,True,0.9975961538461539,True,0.9951923076923077,True,0.9927884615384616,True,True,True,True
1170,2026-03-11,414,414,413,412,413,412,412,413,412,412,1.0,True,0.9975845410628019,True,0.9951690821256038,True,0.9951690821256038,True,0.9975845410628019,True,0.9951690821256038,True,0.9951690821256038,True,True,True,True
1171,2026-03-12,416,416,415,415,415,415,415,415,415,415,1.0,True,0.9975961538461539,True,0.9975961538461539,True,0.9975961538461539,True,0.9975961538461539,True,0.9975961538461539,True,0.9975961538461539,True,True,True,True
1172,2026-03-13,414,413,413,413,412,412,411,412,412,411,0.9975845410628019,True,0.9951690821256038,True,0.9951690821256038,True,0.9927536231884058,True,0.9951690821256038,True,0.9951690821256038,True,0.9927536231884058,True,True,True,True
1173,2026-03-16,411,410,410,410,409,409,408,409,409,408,0.9975669099756691,True,0.9951338199513382,True,0.9951338199513382,True,0.9927007299270073,True,0.9951338199513382,True,0.9951338199513382,True,0.9927007299270073,True,True,True,True
1174,2026-03-17,407,406,405,405,405,404,403,405,404,403,0.9975429975429976,True,0.995085995085995,True,0.9926289926289926,True,0.9901719901719902,True,0.995085995085995,True,0.9926289926289926,True,0.9901719901719902,True,True,True,True
1175,2026-03-25,407,407,406,405,406,405,405,406,405,405,1.0,True,0.9975429975429976,True,0.995085995085995,True,0.995085995085995,True,0.9975429975429976,True,0.995085995085995,True,0.995085995085995,True,True,True,True
1176,2026-03-26,402,402,402,400,402,400,400,402,400,400,1.0,True,1.0,True,0.9950248756218906,True,0.9950248756218906,True,1.0,True,0.9950248756218906,True,0.9950248756218906,True,True,True,True
1177,2026-03-27,399,399,398,396,398,396,396,398,396,396,1.0,True,0.9974937343358395,True,0.9924812030075187,True,0.9924812030075187,True,0.9974937343358395,True,0.9924812030075187,True,0.9924812030075187,True,True,True,True
1178,2026-03-30,396,395,394,394,393,393,393,393,393,393,0.9974747474747475,True,0.9924242424242424,True,0.9924242424242424,True,0.9924242424242424,True,0.9924242424242424,True,0.9924242424242424,True,0.9924242424242424,True,True,True,True
1179,2026-03-31,395,394,393,393,393,392,392,393,392,392,0.9974683544303797,True,0.9949367088607595,True,0.9924050632911392,True,0.9924050632911392,True,0.9949367088607595,True,0.9924050632911392,True,0.9924050632911392,True,True,True,True
1180,2026-04-01,390,390,389,388,389,388,388,389,388,388,1.0,True,0.9974358974358974,True,0.9948717948717949,True,0.9948717948717949,True,0.9974358974358974,True,0.9948717948717949,True,0.9948717948717949,True,True,True,True
1181,2026-04-02,390,389,388,389,388,388,387,388,388,387,0.9974358974358974,True,0.9948717948717949,True,0.9948717948717949,True,0.9923076923076923,True,0.9948717948717949,True,0.9948717948717949,True,0.9923076923076923,True,True,True,True
1182,2026-04-06,389,388,387,388,387,387,386,387,387,386,0.9974293059125964,True,0.9948586118251928,True,0.9948586118251928,True,0.9922879177377892,True,0.9948586118251928,True,0.9948586118251928,True,0.9922879177377892,True,True,True,True
1183,2026-04-07,388,388,388,387,388,387,387,388,387,387,1.0,True,1.0,True,0.9974226804123711,True,0.9974226804123711,True,1.0,True,0.9974226804123711,True,0.9974226804123711,True,True,True,True
1184,2026-04-08,387,387,386,386,386,386,386,386,386,386,1.0,True,0.9974160206718347,True,0.9974160206718347,True,0.9974160206718347,True,0.9974160206718347,True,0.9974160206718347,True,0.9974160206718347,True,True,True,True
1185,2026-04-09,387,387,386,385,386,385,385,386,385,385,1.0,True,0.9974160206718347,True,0.9948320413436692,True,0.9948320413436692,True,0.9974160206718347,True,0.9948320413436692,True,0.9948320413436692,True,True,True,True
1186,2026-04-10,385,384,384,383,383,382,382,383,382,382,0.9974025974025974,True,0.9948051948051948,True,0.9922077922077922,True,0.9922077922077922,True,0.9948051948051948,True,0.9922077922077922,True,0.9922077922077922,True,True,True,True
1187,2026-04-13,381,381,380,379,380,379,379,380,379,379,1.0,True,0.9973753280839895,True,0.994750656167979,True,0.994750656167979,True,0.9973753280839895,True,0.994750656167979,True,0.994750656167979,True,True,True,True
1188,2026-04-14,380,379,379,378,379,378,378,379,378,378,0.9973684210526316,True,0.9973684210526316,True,0.9947368421052631,True,0.9947368421052631,True,0.9973684210526316,True,0.9947368421052631,True,0.9947368421052631,True,True,True,True
1189,2026-04-15,376,376,376,375,376,375,375,376,375,375,1.0,True,1.0,True,0.9973404255319149,True,0.9973404255319149,True,1.0,True,0.9973404255319149,True,0.9973404255319149,True,True,True,True
1190,2026-04-16,376,376,375,374,375,374,373,375,374,373,1.0,True,0.9973404255319149,True,0.9946808510638298,True,0.9920212765957447,True,0.9973404255319149,True,0.9946808510638298,True,0.9920212765957447,True,True,True,True
1191,2026-04-17,376,376,375,374,375,374,374,375,374,374,1.0,True,0.9973404255319149,True,0.9946808510638298,True,0.9946808510638298,True,0.9973404255319149,True,0.9946808510638298,True,0.9946808510638298,True,True,True,True
1192,2026-04-20,375,375,374,373,374,373,373,374,373,373,1.0,True,0.9973333333333333,True,0.9946666666666667,True,0.9946666666666667,True,0.9973333333333333,True,0.9946666666666667,True,0.9946666666666667,True,True,True,True
1193,2026-04-21,376,376,375,375,375,375,374,375,375,374,1.0,True,0.9973404255319149,True,0.9973404255319149,True,0.9946808510638298,True,0.9973404255319149,True,0.9973404255319149,True,0.9946808510638298,True,True,True,True
1194,2026-04-22,375,374,374,373,373,372,371,373,372,371,0.9973333333333333,True,0.9946666666666667,True,0.992,True,0.9893333333333333,True,0.9946666666666667,True,0.992,True,0.9893333333333333,True,True,True,True
1195,2026-04-23,373,372,371,372,371,371,371,371,371,371,0.9973190348525469,True,0.9946380697050938,True,0.9946380697050938,True,0.9946380697050938,True,0.9946380697050938,True,0.9946380697050938,True,0.9946380697050938,True,True,True,True
1196,2026-04-24,371,371,370,370,370,370,370,370,370,370,1.0,True,0.9973045822102425,True,0.9973045822102425,True,0.9973045822102425,True,0.9973045822102425,True,0.9973045822102425,True,0.9973045822102425,True,True,True,True
1197,2026-04-27,371,371,370,370,370,370,370,370,370,370,1.0,True,0.9973045822102425,True,0.9973045822102425,True,0.9973045822102425,True,0.9973045822102425,True,0.9973045822102425,True,0.9973045822102425,True,True,True,True
1198,2026-04-28,369,369,368,368,368,368,368,368,368,368,1.0,True,0.997289972899729,True,0.997289972899729,True,0.997289972899729,True,0.997289972899729,True,0.997289972899729,True,0.997289972899729,True,True,True,True
1199,2026-04-29,366,365,364,365,364,365,364,364,365,364,0.9972677595628415,True,0.994535519125683,True,0.9972677595628415,True,0.994535519125683,True,0.994535519125683,True,0.9972677595628415,True,0.994535519125683,True,True,True,True
1200,2026-04-30,364,364,364,364,364,364,364,364,364,364,1.0,True,1.0,True,1.0,True,1.0,True,1.0,True,1.0,True,1.0,True,True,True,True
1201,2026-05-04,365,365,365,365,365,365,365,365,365,365,1.0,True,1.0,True,1.0,True,1.0,True,1.0,True,1.0,True,1.0,True,True,True,True
1202,2026-05-05,362,362,362,362,362,362,362,362,362,362,1.0,True,1.0,True,1.0,True,1.0,True,1.0,True,1.0,True,1.0,True,True,True,True
1203,2026-05-06,363,362,363,363,362,362,362,362,362,362,0.9972451790633609,True,0.9972451790633609,True,0.9972451790633609,True,0.9972451790633609,True,0.9972451790633609,True,0.9972451790633609,True,0.9972451790633609,True,True,True,True
1204,2026-05-07,362,362,362,362,362,362,362,362,362,362,1.0,True,1.0,True,1.0,True,1.0,True,1.0,True,1.0,True,1.0,True,True,True,True
1205,2026-05-08,361,361,361,361,361,361,361,361,361,361,1.0,True,1.0,True,1.0,True,1.0,True,1.0,True,1.0,True,1.0,True,True,True,True
1206,2026-05-11,362,362,362,362,362,362,362,362,362,362,1.0,True,1.0,True,1.0,True,1.0,True,1.0,True,1.0,True,1.0,True,True,True,True
1207,2026-05-12,361,361,361,361,361,361,361,361,361,361,1.0,True,1.0,True,1.0,True,1.0,True,1.0,True,1.0,True,1.0,True,True,True,True
1208,2026-05-13,362,362,362,362,362,362,362,362,362,362,1.0,True,1.0,True,1.0,True,1.0,True,1.0,True,1.0,True,1.0,True,True,True,True
1209,2026-05-18,361,361,361,360,361,360,360,361,360,360,1.0,True,1.0,True,0.997229916897507,True,0.997229916897507,True,1.0,True,0.997229916897507,True,0.997229916897507,True,True,True,True
1210,2026-05-19,359,359,359,359,359,359,359,359,359,359,1.0,True,1.0,True,1.0,True,1.0,True,1.0,True,1.0,True,1.0,True,True,True,True
1211,2026-05-20,356,356,356,355,356,355,355,356,355,355,1.0,True,1.0,True,0.9971910112359551,True,0.9971910112359551,True,1.0,True,0.9971910112359551,True,0.9971910112359551,True,True,True,True
1212,2026-05-21,355,355,355,354,355,354,354,355,354,354,1.0,True,1.0,True,0.9971830985915493,True,0.9971830985915493,True,1.0,True,0.9971830985915493,True,0.9971830985915493,True,True,True,True
1213,2026-05-22,353,353,353,352,353,352,352,353,352,352,1.0,True,1.0,True,0.9971671388101983,True,0.9971671388101983,True,1.0,True,0.9971671388101983,True,0.9971671388101983,True,True,True,True
1214,2026-05-25,350,350,349,349,349,349,349,349,349,349,1.0,True,0.9971428571428571,True,0.9971428571428571,True,0.9971428571428571,True,0.9971428571428571,True,0.9971428571428571,True,0.9971428571428571,True,True,True,True
1215,2026-05-26,348,348,348,347,348,347,347,348,347,347,1.0,True,1.0,True,0.9971264367816092,True,0.9971264367816092,True,1.0,True,0.9971264367816092,True,0.9971264367816092,True,True,True,True
1216,2026-05-29,346,346,345,345,345,345,345,345,345,345,1.0,True,0.9971098265895953,True,0.9971098265895953,True,0.9971098265895953,True,0.9971098265895953,True,0.9971098265895953,True,0.9971098265895953,True,True,True,True
1217,2026-06-02,343,343,342,343,342,343,342,342,343,342,1.0,True,0.9970845481049563,True,1.0,True,0.9970845481049563,True,0.9970845481049563,True,1.0,True,0.9970845481049563,True,True,True,True
1218,2026-06-03,339,338,338,339,338,338,338,338,338,338,0.9970501474926253,True,0.9970501474926253,True,0.9970501474926253,True,0.9970501474926253,True,0.9970501474926253,True,0.9970501474926253,True,0.9970501474926253,True,True,True,True
1219,2026-06-04,337,337,337,337,337,337,337,337,337,337,1.0,True,1.0,True,1.0,True,1.0,True,1.0,True,1.0,True,1.0,True,True,True,True
1220,2026-06-05,334,333,333,334,333,333,333,333,333,333,0.9970059880239521,True,0.9970059880239521,True,0.9970059880239521,True,0.9970059880239521,True,0.9970059880239521,True,0.9970059880239521,True,0.9970059880239521,True,True,True,True
1221,2026-06-08,332,332,332,332,332,332,332,332,332,332,1.0,True,1.0,True,1.0,True,1.0,True,1.0,True,1.0,True,1.0,True,True,True,True
1222,2026-06-09,330,330,330,330,330,330,330,330,330,330,1.0,True,1.0,True,1.0,True,1.0,True,1.0,True,1.0,True,1.0,True,True,True,True
1223,2026-06-10,329,329,329,329,329,329,329,329,329,329,1.0,True,1.0,True,1.0,True,1.0,True,1.0,True,1.0,True,1.0,True,True,True,True
1224,2026-06-11,329,329,329,329,329,329,329,329,329,329,1.0,True,1.0,True,1.0,True,1.0,True,1.0,True,1.0,True,1.0,True,True,True,True
1225,2026-06-12,326,326,326,326,326,326,326,326,326,326,1.0,True,1.0,True,1.0,True,1.0,True,1.0,True,1.0,True,1.0,True,True,True,True
1226,2026-06-15,328,328,328,323,328,323,323,328,323,323,1.0,True,1.0,True,0.9847560975609756,True,0.9847560975609756,True,1.0,True,0.9847560975609756,True,0.9847560975609756,True,True,True,True
1227,2026-06-17,328,328,328,322,328,322,322,328,322,322,1.0,True,1.0,True,0.9817073170731707,True,0.9817073170731707,True,1.0,True,0.9817073170731707,True,0.9817073170731707,True,True,True,True
1228,2026-06-18,327,327,327,321,327,321,321,327,321,321,1.0,True,1.0,True,0.981651376146789,True,0.981651376146789,True,1.0,True,0.981651376146789,True,0.981651376146789,True,True,True,True
1229,2026-06-19,325,325,325,320,325,320,320,325,320,320,1.0,True,1.0,True,0.9846153846153847,True,0.9846153846153847,True,1.0,True,0.9846153846153847,True,0.9846153846153847,True,True,True,True
1230,2026-06-22,322,322,322,318,322,318,318,322,318,318,1.0,True,1.0,True,0.9875776397515528,True,0.9875776397515528,True,1.0,True,0.9875776397515528,True,0.9875776397515528,True,True,True,True
1231,2026-06-23,323,323,319,320,319,320,319,319,320,319,1.0,True,0.9876160990712074,True,0.9907120743034056,True,0.9876160990712074,True,0.9876160990712074,True,0.9907120743034056,True,0.9876160990712074,True,True,True,True
1232,2026-06-24,323,323,318,320,318,320,318,318,320,318,1.0,True,0.9845201238390093,True,0.9907120743034056,True,0.9845201238390093,True,0.9845201238390093,True,0.9907120743034056,True,0.9845201238390093,True,True,True,True
1233,2026-06-25,321,321,316,318,316,318,316,316,318,316,1.0,True,0.9844236760124611,True,0.9906542056074766,True,0.9844236760124611,True,0.9844236760124611,True,0.9906542056074766,True,0.9844236760124611,True,True,True,True
1234,2026-06-26,320,320,316,317,316,317,316,316,317,316,1.0,True,0.9875,True,0.990625,True,0.9875,True,0.9875,True,0.990625,True,0.9875,True,True,True,True
1235,2026-06-29,318,314,314,315,313,314,313,313,314,313,0.9874213836477987,True,0.9842767295597484,True,0.9874213836477987,True,0.9842767295597484,True,0.9842767295597484,True,0.9874213836477987,True,0.9842767295597484,True,True,True,True
1236,2026-06-30,314,312,314,314,312,312,312,312,312,312,0.9936305732484076,True,0.9936305732484076,True,0.9936305732484076,True,0.9936305732484076,True,0.9936305732484076,True,0.9936305732484076,True,0.9936305732484076,True,True,True,True
1237,2026-07-01,314,314,314,314,314,314,314,314,314,314,1.0,True,1.0,True,1.0,True,1.0,True,1.0,True,1.0,True,1.0,True,True,True,True
1238,2026-07-02,312,312,312,312,312,312,312,312,312,312,1.0,True,1.0,True,1.0,True,1.0,True,1.0,True,1.0,True,1.0,True,True,True,True
1239,2026-07-03,314,314,314,314,314,314,314,314,314,314,1.0,True,1.0,True,1.0,True,1.0,True,1.0,True,1.0,True,1.0,True,True,True,True
1240,2026-07-06,311,311,311,311,311,311,311,311,311,311,1.0,True,1.0,True,1.0,True,1.0,True,1.0,True,1.0,True,1.0,True,True,True,True
1241,2026-07-07,312,312,312,312,312,312,312,312,312,312,1.0,True,1.0,True,1.0,True,1.0,True,1.0,True,1.0,True,1.0,True,True,True,True
1242,2026-07-08,312,312,312,312,312,312,312,312,312,312,1.0,True,1.0,True,1.0,True,1.0,True,1.0,True,1.0,True,1.0,True,True,True,True
1243,2026-07-09,312,312,312,312,312,312,312,312,312,312,1.0,True,1.0,True,1.0,True,1.0,True,1.0,True,1.0,True,1.0,True,True,True,True
1244,2026-07-10,312,312,312,312,312,312,312,312,312,312,1.0,True,1.0,True,1.0,True,1.0,True,1.0,True,1.0,True,1.0,True,True,True,True
1245,2026-07-13,311,311,311,311,311,311,311,311,311,311,1.0,True,1.0,True,1.0,True,1.0,True,1.0,True,1.0,True,1.0,True,True,True,True
1246,2026-07-14,309,309,309,309,309,309,309,309,309,309,1.0,True,1.0,True,1.0,True,1.0,True,1.0,True,1.0,True,1.0,True,True,True,True
1247,2026-07-15,308,308,308,308,308,308,308,308,308,308,1.0,True,1.0,True,1.0,True,1.0,True,1.0,True,1.0,True,1.0,True,True,True,True
1248,2026-07-16,306,306,306,303,306,303,303,306,303,303,1.0,True,1.0,True,0.9901960784313726,True,0.9901960784313726,True,1.0,True,0.9901960784313726,True,0.9901960784313726,True,True,True,True
1249,2026-07-17,303,303,303,300,303,300,300,303,300,300,1.0,True,1.0,True,0.9900990099009901,True,0.9900990099009901,True,1.0,True,0.9900990099009901,True,0.9900990099009901,True,True,True,True
1250,2026-07-20,303,303,303,0,303,0,0,303,0,0,1.0,True,1.0,True,0.0,False,0.0,False,1.0,True,0.0,False,0.0,False,True,False,False
1251,2026-07-21,304,304,304,0,304,0,0,304,0,0,1.0,True,1.0,True,0.0,False,0.0,False,1.0,True,0.0,False,0.0,False,True,False,False
1252,2026-07-22,303,303,303,0,303,0,0,303,0,0,1.0,True,1.0,True,0.0,False,0.0,False,1.0,True,0.0,False,0.0,False,True,False,False
1253,2026-07-23,300,300,297,0,297,0,0,297,0,0,1.0,True,0.99,True,0.0,False,0.0,False,0.99,True,0.0,False,0.0,False,True,False,False
1254,2026-07-24,301,301,298,0,298,0,0,298,0,0,1.0,True,0.9900332225913622,True,0.0,False,0.0,False,0.9900332225913622,True,0.0,False,0.0,False,True,False,False
1255,2026-07-27,299,299,0,0,0,0,0,0,0,0,1.0,True,0.0,False,0.0,False,0.0,False,0.0,False,0.0,False,0.0,False,False,False,False
1256,2026-07-28,297,297,0,0,0,0,0,0,0,0,1.0,True,0.0,False,0.0,False,0.0,False,0.0,False,0.0,False,0.0,False,False,False,False
1257,2026-07-29,298,296,0,0,0,0,0,0,0,0,0.9932885906040269,True,0.0,False,0.0,False,0.0,False,0.0,False,0.0,False,0.0,False,False,False,False
1258,2026-07-30,294,294,0,0,0,0,0,0,0,0,1.0,True,0.0,False,0.0,False,0.0,False,0.0,False,0.0,False,0.0,False,False,False,False
1259,2026-07-31,293,0,0,0,0,0,0,0,0,0,0.0,False,0.0,False,0.0,False,0.0,False,0.0,False,0.0,False,0.0,False,False,False,False
