ticker,company_name,listed_from,listed_to,capture_broad,capture_high,activity_rank,activity_median_regular_value_60,universe_source
AADI,Adaro Andalan Indonesia Tbk.,2024-12-05,,1,0,,,V4_X1_CLEAN_SECURITY_MASTER_PLUS_PRIMARY_LIQUID_60_SESSION_VALUE
AALI,Astra Agro Lestari Tbk.,1997-12-09,,1,0,,,V4_X1_CLEAN_SECURITY_MASTER_PLUS_PRIMARY_LIQUID_60_SESSION_VALUE
ABBA,Mahaka Media Tbk.,2002-04-03,,1,1,98.0,10220000.0,V4_X1_CLEAN_SECURITY_MASTER_PLUS_PRIMARY_LIQUID_60_SESSION_VALUE
ABDA,Asuransi Bina Dana Arta Tbk.,1989-07-06,,1,0,,,V4_X1_CLEAN_SECURITY_MASTER_PLUS_PRIMARY_LIQUID_60_SESSION_VALUE
ABMM,ABM Investama Tbk.,2011-12-06,,1,0,,,V4_X1_CLEAN_SECURITY_MASTER_PLUS_PRIMARY_LIQUID_60_SESSION_VALUE
ACES,Aspirasi Hidup Indonesia Tbk.,2007-11-06,,1,0,,,V4_X1_CLEAN_SECURITY_MASTER_PLUS_PRIMARY_LIQUID_60_SESSION_VALUE
ACRO,Samcro Hyosung Adilestari Tbk.,2024-01-11,,1,0,,,V4_X1_CLEAN_SECURITY_MASTER_PLUS_PRIMARY_LIQUID_60_SESSION_VALUE
ACST,Acset Indonusa Tbk.,2013-06-24,,1,0,,,V4_X1_CLEAN_SECURITY_MASTER_PLUS_PRIMARY_LIQUID_60_SESSION_VALUE
ADCP,Adhi Commuter Properti Tbk.,2021-05-21,,1,0,,,V4_X1_CLEAN_SECURITY_MASTER_PLUS_PRIMARY_LIQUID_60_SESSION_VALUE
ADES,Akasha Wira International Tbk.,1994-06-13,,1,0,,,V4_X1_CLEAN_SECURITY_MASTER_PLUS_PRIMARY_LIQUID_60_SESSION_VALUE
ADHI,Adhi Karya (Persero) Tbk.,2004-03-18,,1,0,,,V4_X1_CLEAN_SECURITY_MASTER_PLUS_PRIMARY_LIQUID_60_SESSION_VALUE
ADMF,Adira Dinamika Multi Finance T,2004-03-31,,1,0,,,V4_X1_CLEAN_SECURITY_MASTER_PLUS_PRIMARY_LIQUID_60_SESSION_VALUE
ADMG,Polychem Indonesia Tbk,1993-10-20,,1,1,60.0,39906650.0,V4_X1_CLEAN_SECURITY_MASTER_PLUS_PRIMARY_LIQUID_60_SESSION_VALUE
ADMR,Alamtri Minerals Indonesia Tbk,2022-01-03,,1,0,,,V4_X1_CLEAN_SECURITY_MASTER_PLUS_PRIMARY_LIQUID_60_SESSION_VALUE
ADRO,Alamtri Resources Indonesia Tb,2008-07-16,,1,0,,,V4_X1_CLEAN_SECURITY_MASTER_PLUS_PRIMARY_LIQUID_60_SESSION_VALUE
AEGS,Anugerah Spareparts Sejahtera,2023-09-11,,1,0,,,V4_X1_CLEAN_SECURITY_MASTER_PLUS_PRIMARY_LIQUID_60_SESSION_VALUE
AGAR,Asia Sejahtera Mina Tbk.,2019-12-02,,1,0,,,V4_X1_CLEAN_SECURITY_MASTER_PLUS_PRIMARY_LIQUID_60_SESSION_VALUE
AGII,Samator Indo Gas Tbk.,2016-09-28,,1,0,,,V4_X1_CLEAN_SECURITY_MASTER_PLUS_PRIMARY_LIQUID_60_SESSION_VALUE
AGRO,Bank Raya Indonesia Tbk.,2003-08-08,,1,0,,,V4_X1_CLEAN_SECURITY_MASTER_PLUS_PRIMARY_LIQUID_60_SESSION_VALUE
AGRS,Bank IBK Indonesia Tbk.,2014-12-22,,1,0,,,V4_X1_CLEAN_SECURITY_MASTER_PLUS_PRIMARY_LIQUID_60_SESSION_VALUE
AHAP,Asuransi Harta Aman Pratama Tb,1990-09-14,,1,0,,,V4_X1_CLEAN_SECURITY_MASTER_PLUS_PRIMARY_LIQUID_60_SESSION_VALUE
AIMS,Artha Mahiya Investama Tbk.,2001-07-20,,1,0,,,V4_X1_CLEAN_SECURITY_MASTER_PLUS_PRIMARY_LIQUID_60_SESSION_VALUE
AISA,FKS Food Sejahtera Tbk.,1997-06-11,,1,0,,,V4_X1_CLEAN_SECURITY_MASTER_PLUS_PRIMARY_LIQUID_60_SESSION_VALUE
AKKU,Anugerah Kagum Karya Utama Tbk,2004-11-01,,1,0,,,V4_X1_CLEAN_SECURITY_MASTER_PLUS_PRIMARY_LIQUID_60_SESSION_VALUE
AKPI,Argha Karya Prima Industry Tbk,1992-12-18,,1,0,,,V4_X1_CLEAN_SECURITY_MASTER_PLUS_PRIMARY_LIQUID_60_SESSION_VALUE
AKRA,AKR Corporindo Tbk.,1994-10-03,,1,0,,,V4_X1_CLEAN_SECURITY_MASTER_PLUS_PRIMARY_LIQUID_60_SESSION_VALUE
AKSI,Mineral Sumberdaya Mandiri Tbk,2001-07-13,,1,0,,,V4_X1_CLEAN_SECURITY_MASTER_PLUS_PRIMARY_LIQUID_60_SESSION_VALUE
ALDO,Alkindo Naratama Tbk.,2011-07-12,,1,1,43.0,82091750.0,V4_X1_CLEAN_SECURITY_MASTER_PLUS_PRIMARY_LIQUID_60_SESSION_VALUE
ALII,Ancara Logistics Indonesia Tbk,2024-02-07,,1,0,,,V4_X1_CLEAN_SECURITY_MASTER_PLUS_PRIMARY_LIQUID_60_SESSION_VALUE
ALKA,Alakasa Industrindo Tbk,1990-07-12,,1,0,,,V4_X1_CLEAN_SECURITY_MASTER_PLUS_PRIMARY_LIQUID_60_SESSION_VALUE
ALMI,Alumindo Light Metal Industry,1997-01-02,,1,0,,,V4_X1_CLEAN_SECURITY_MASTER_PLUS_PRIMARY_LIQUID_60_SESSION_VALUE
ALTO,Tri Banyan Tirta Tbk.,2012-07-10,,1,0,,,V4_X1_CLEAN_SECURITY_MASTER_PLUS_PRIMARY_LIQUID_60_SESSION_VALUE
AMAG,Asuransi Multi Artha Guna Tbk.,2005-12-23,,1,0,,,V4_X1_CLEAN_SECURITY_MASTER_PLUS_PRIMARY_LIQUID_60_SESSION_VALUE
AMAN,Makmur Berkah Amanda Tbk.,2020-03-13,,1,0,,,V4_X1_CLEAN_SECURITY_MASTER_PLUS_PRIMARY_LIQUID_60_SESSION_VALUE
AMAR,Bank Amar Indonesia Tbk.,2020-01-09,,1,1,33.0,107149150.0,V4_X1_CLEAN_SECURITY_MASTER_PLUS_PRIMARY_LIQUID_60_SESSION_VALUE
AMFG,Asahimas Flat Glass Tbk.,1995-11-08,,1,1,95.0,12726000.0,V4_X1_CLEAN_SECURITY_MASTER_PLUS_PRIMARY_LIQUID_60_SESSION_VALUE
AMIN,Ateliers Mecaniques D Indonesi,2015-12-10,,1,0,,,V4_X1_CLEAN_SECURITY_MASTER_PLUS_PRIMARY_LIQUID_60_SESSION_VALUE
AMMN,Amman Mineral Internasional Tb,2023-07-07,,1,0,,,V4_X1_CLEAN_SECURITY_MASTER_PLUS_PRIMARY_LIQUID_60_SESSION_VALUE
AMMS,Agung Menjangan Mas Tbk.,2022-08-04,,1,0,,,V4_X1_CLEAN_SECURITY_MASTER_PLUS_PRIMARY_LIQUID_60_SESSION_VALUE
AMOR,Ashmore Asset Management Indon,2020-01-14,,1,1,75.0,29225600.0,V4_X1_CLEAN_SECURITY_MASTER_PLUS_PRIMARY_LIQUID_60_SESSION_VALUE
AMRT,Sumber Alfaria Trijaya Tbk.,2009-01-15,,1,0,,,V4_X1_CLEAN_SECURITY_MASTER_PLUS_PRIMARY_LIQUID_60_SESSION_VALUE
ANDI,Andira Agro Tbk.,2018-08-16,,1,0,,,V4_X1_CLEAN_SECURITY_MASTER_PLUS_PRIMARY_LIQUID_60_SESSION_VALUE
ANJT,Austindo Nusantara Jaya Tbk.,2013-05-08,,1,0,,,V4_X1_CLEAN_SECURITY_MASTER_PLUS_PRIMARY_LIQUID_60_SESSION_VALUE
ANTM,ANTAM (Persero) Tbk.,1997-11-27,,1,0,,,V4_X1_CLEAN_SECURITY_MASTER_PLUS_PRIMARY_LIQUID_60_SESSION_VALUE
APEX,Apexindo Pratama Duta Tbk.,2013-06-05,,1,0,,,V4_X1_CLEAN_SECURITY_MASTER_PLUS_PRIMARY_LIQUID_60_SESSION_VALUE
APIC,Pacific Strategic Financial Tb,2002-12-18,,1,0,,,V4_X1_CLEAN_SECURITY_MASTER_PLUS_PRIMARY_LIQUID_60_SESSION_VALUE
APII,Arita Prima Indonesia Tbk.,2013-10-29,,1,0,,,V4_X1_CLEAN_SECURITY_MASTER_PLUS_PRIMARY_LIQUID_60_SESSION_VALUE
APLI,Asiaplast Industries Tbk.,2000-05-01,,1,0,,,V4_X1_CLEAN_SECURITY_MASTER_PLUS_PRIMARY_LIQUID_60_SESSION_VALUE
APLN,Agung Podomoro Land Tbk.,2010-11-11,,1,0,,,V4_X1_CLEAN_SECURITY_MASTER_PLUS_PRIMARY_LIQUID_60_SESSION_VALUE
ARCI,Archi Indonesia Tbk.,2021-06-28,,1,0,,,V4_X1_CLEAN_SECURITY_MASTER_PLUS_PRIMARY_LIQUID_60_SESSION_VALUE
AREA,Dunia Virtual Online Tbk.,2024-04-01,,1,0,,,V4_X1_CLEAN_SECURITY_MASTER_PLUS_PRIMARY_LIQUID_60_SESSION_VALUE
ARGO,Argo Pantes Tbk,1991-01-07,,1,0,,,V4_X1_CLEAN_SECURITY_MASTER_PLUS_PRIMARY_LIQUID_60_SESSION_VALUE
ARII,Atlas Resources Tbk.,2011-11-08,,1,1,66.0,36380200.0,V4_X1_CLEAN_SECURITY_MASTER_PLUS_PRIMARY_LIQUID_60_SESSION_VALUE
ARKA,Arkha Jayanti Persada Tbk.,2019-07-10,,1,1,52.0,61247700.0,V4_X1_CLEAN_SECURITY_MASTER_PLUS_PRIMARY_LIQUID_60_SESSION_VALUE
ARKO,Arkora Hydro Tbk.,2022-07-08,,1,0,,,V4_X1_CLEAN_SECURITY_MASTER_PLUS_PRIMARY_LIQUID_60_SESSION_VALUE
ARMY,Armidian Karyatama Tbk.,2017-06-21,,1,0,,,V4_X1_CLEAN_SECURITY_MASTER_PLUS_PRIMARY_LIQUID_60_SESSION_VALUE
ARNA,Arwana Citramulia Tbk.,2001-07-17,,1,0,,,V4_X1_CLEAN_SECURITY_MASTER_PLUS_PRIMARY_LIQUID_60_SESSION_VALUE
ARTA,Arthavest Tbk,2002-11-05,,1,0,,,V4_X1_CLEAN_SECURITY_MASTER_PLUS_PRIMARY_LIQUID_60_SESSION_VALUE
ARTI,Ratu Prabu Energi Tbk,2003-04-30,,1,0,,,V4_X1_CLEAN_SECURITY_MASTER_PLUS_PRIMARY_LIQUID_60_SESSION_VALUE
ARTO,Bank Jago Tbk.,2016-01-12,,1,0,,,V4_X1_CLEAN_SECURITY_MASTER_PLUS_PRIMARY_LIQUID_60_SESSION_VALUE
ASBI,Asuransi Bintang Tbk.,1989-11-29,,1,0,,,V4_X1_CLEAN_SECURITY_MASTER_PLUS_PRIMARY_LIQUID_60_SESSION_VALUE
ASDM,Asuransi Dayin Mitra Tbk.,1989-12-15,,1,0,,,V4_X1_CLEAN_SECURITY_MASTER_PLUS_PRIMARY_LIQUID_60_SESSION_VALUE
ASGR,Astra Graphia Tbk.,1989-11-15,,1,0,,,V4_X1_CLEAN_SECURITY_MASTER_PLUS_PRIMARY_LIQUID_60_SESSION_VALUE
ASHA,Cilacap Samudera Fishing Indus,2022-05-27,,1,0,,,V4_X1_CLEAN_SECURITY_MASTER_PLUS_PRIMARY_LIQUID_60_SESSION_VALUE
ASII,Astra International Tbk.,1990-04-04,,1,0,,,V4_X1_CLEAN_SECURITY_MASTER_PLUS_PRIMARY_LIQUID_60_SESSION_VALUE
ASJT,Asuransi Jasa Tania Tbk.,2003-12-23,,1,0,,,V4_X1_CLEAN_SECURITY_MASTER_PLUS_PRIMARY_LIQUID_60_SESSION_VALUE
ASLC,Autopedia Sukses Lestari Tbk.,2022-01-25,,1,0,,,V4_X1_CLEAN_SECURITY_MASTER_PLUS_PRIMARY_LIQUID_60_SESSION_VALUE
ASLI,Asri Karya Lestari Tbk.,2024-01-05,,1,0,,,V4_X1_CLEAN_SECURITY_MASTER_PLUS_PRIMARY_LIQUID_60_SESSION_VALUE
ASMI,Asuransi Maximus Graha Persada,2014-01-16,,1,0,,,V4_X1_CLEAN_SECURITY_MASTER_PLUS_PRIMARY_LIQUID_60_SESSION_VALUE
ASPI,Andalan Sakti Primaindo Tbk.,2020-02-17,,1,0,,,V4_X1_CLEAN_SECURITY_MASTER_PLUS_PRIMARY_LIQUID_60_SESSION_VALUE
ASPR,Asia Pramulia Tbk.,2025-07-08,,1,0,,,V4_X1_CLEAN_SECURITY_MASTER_PLUS_PRIMARY_LIQUID_60_SESSION_VALUE
ASRI,Alam Sutera Realty Tbk.,2007-12-18,,1,0,,,V4_X1_CLEAN_SECURITY_MASTER_PLUS_PRIMARY_LIQUID_60_SESSION_VALUE
ASRM,Asuransi Ramayana Tbk.,1990-03-19,,1,0,,,V4_X1_CLEAN_SECURITY_MASTER_PLUS_PRIMARY_LIQUID_60_SESSION_VALUE
ASSA,Adi Sarana Armada Tbk.,2012-11-12,,1,0,,,V4_X1_CLEAN_SECURITY_MASTER_PLUS_PRIMARY_LIQUID_60_SESSION_VALUE
ATAP,Trimitra Prawara Goldland Tbk.,2020-12-11,,1,0,,,V4_X1_CLEAN_SECURITY_MASTER_PLUS_PRIMARY_LIQUID_60_SESSION_VALUE
ATIC,Anabatic Technologies Tbk.,2015-07-08,,1,1,56.0,44834000.0,V4_X1_CLEAN_SECURITY_MASTER_PLUS_PRIMARY_LIQUID_60_SESSION_VALUE
ATLA,Atlantis Subsea Indonesia Tbk.,2024-04-16,,1,0,,,V4_X1_CLEAN_SECURITY_MASTER_PLUS_PRIMARY_LIQUID_60_SESSION_VALUE
AUTO,Astra Otoparts Tbk.,1998-06-15,,1,0,,,V4_X1_CLEAN_SECURITY_MASTER_PLUS_PRIMARY_LIQUID_60_SESSION_VALUE
AVIA,Avia Avian Tbk.,2021-12-08,,1,0,,,V4_X1_CLEAN_SECURITY_MASTER_PLUS_PRIMARY_LIQUID_60_SESSION_VALUE
AWAN,Era Digital Media Tbk.,2023-04-18,,1,0,,,V4_X1_CLEAN_SECURITY_MASTER_PLUS_PRIMARY_LIQUID_60_SESSION_VALUE
AXIO,Tera Data Indonusa Tbk.,2022-07-20,,1,1,71.0,33967150.0,V4_X1_CLEAN_SECURITY_MASTER_PLUS_PRIMARY_LIQUID_60_SESSION_VALUE
AYAM,Janu Putra Sejahtera Tbk.,2023-11-30,,1,0,,,V4_X1_CLEAN_SECURITY_MASTER_PLUS_PRIMARY_LIQUID_60_SESSION_VALUE
AYLS,Arkayana Lestari Grup Tbk.,2020-02-12,,1,0,,,V4_X1_CLEAN_SECURITY_MASTER_PLUS_PRIMARY_LIQUID_60_SESSION_VALUE
BABP,Bank MNC Internasional Tbk.,2002-07-15,,1,0,,,V4_X1_CLEAN_SECURITY_MASTER_PLUS_PRIMARY_LIQUID_60_SESSION_VALUE
BABY,Multitrend Indo Tbk.,2023-09-07,,1,0,,,V4_X1_CLEAN_SECURITY_MASTER_PLUS_PRIMARY_LIQUID_60_SESSION_VALUE
BACA,Bank Capital Indonesia Tbk.,2007-10-04,,1,0,,,V4_X1_CLEAN_SECURITY_MASTER_PLUS_PRIMARY_LIQUID_60_SESSION_VALUE
BACH,Bach Multi Global Tbk.,2026-07-08,,1,0,,,V4_X1_CLEAN_SECURITY_MASTER_PLUS_PRIMARY_LIQUID_60_SESSION_VALUE
BAIK,Bersama Mencapai Puncak Tbk.,2024-02-15,,1,0,,,V4_X1_CLEAN_SECURITY_MASTER_PLUS_PRIMARY_LIQUID_60_SESSION_VALUE
BAJA,Saranacentral Bajatama Tbk.,2011-12-21,,1,1,19.0,192791200.0,V4_X1_CLEAN_SECURITY_MASTER_PLUS_PRIMARY_LIQUID_60_SESSION_VALUE
BALI,Bali Towerindo Sentra Tbk.,2014-03-13,,1,0,103.0,5163500.0,V4_X1_CLEAN_SECURITY_MASTER_PLUS_PRIMARY_LIQUID_60_SESSION_VALUE
BANK,Bank Aladin Syariah Tbk.,2021-02-01,,1,0,,,V4_X1_CLEAN_SECURITY_MASTER_PLUS_PRIMARY_LIQUID_60_SESSION_VALUE
BAPA,Bekasi Asri Pemula Tbk.,2008-01-14,,1,0,,,V4_X1_CLEAN_SECURITY_MASTER_PLUS_PRIMARY_LIQUID_60_SESSION_VALUE
BAPI,Bhakti Agung Propertindo Tbk.,2019-09-16,,1,0,,,V4_X1_CLEAN_SECURITY_MASTER_PLUS_PRIMARY_LIQUID_60_SESSION_VALUE
BATA,Sepatu Bata Tbk.,1982-03-24,,1,0,,,V4_X1_CLEAN_SECURITY_MASTER_PLUS_PRIMARY_LIQUID_60_SESSION_VALUE
BATR,Benteng Api Technic Tbk.,2024-06-10,,1,0,,,V4_X1_CLEAN_SECURITY_MASTER_PLUS_PRIMARY_LIQUID_60_SESSION_VALUE
BAUT,Mitra Angkasa Sejahtera Tbk.,2022-01-28,,1,1,55.0,47901000.0,V4_X1_CLEAN_SECURITY_MASTER_PLUS_PRIMARY_LIQUID_60_SESSION_VALUE
BAYU,Bayu Buana Tbk,1989-10-30,,1,0,,,V4_X1_CLEAN_SECURITY_MASTER_PLUS_PRIMARY_LIQUID_60_SESSION_VALUE
BBCA,Bank Central Asia Tbk.,2000-05-31,,1,0,,,V4_X1_CLEAN_SECURITY_MASTER_PLUS_PRIMARY_LIQUID_60_SESSION_VALUE
BBHI,Allo Bank Indonesia Tbk.,2015-08-12,,1,0,,,V4_X1_CLEAN_SECURITY_MASTER_PLUS_PRIMARY_LIQUID_60_SESSION_VALUE
BBKP,Bank KB Indonesia Tbk.,2006-07-10,,1,0,,,V4_X1_CLEAN_SECURITY_MASTER_PLUS_PRIMARY_LIQUID_60_SESSION_VALUE
BBLD,Buana Finance Tbk.,1990-05-07,,1,0,,,V4_X1_CLEAN_SECURITY_MASTER_PLUS_PRIMARY_LIQUID_60_SESSION_VALUE
BBMD,Bank Mestika Dharma Tbk.,2013-07-08,,1,0,,,V4_X1_CLEAN_SECURITY_MASTER_PLUS_PRIMARY_LIQUID_60_SESSION_VALUE
BBNI,Bank Negara Indonesia (Persero,1996-11-25,,1,0,,,V4_X1_CLEAN_SECURITY_MASTER_PLUS_PRIMARY_LIQUID_60_SESSION_VALUE
BBRI,Bank Rakyat Indonesia (Persero,2003-11-10,,1,0,,,V4_X1_CLEAN_SECURITY_MASTER_PLUS_PRIMARY_LIQUID_60_SESSION_VALUE
BBRM,Pelayaran Nasional Bina Buana,2013-01-09,,1,0,,,V4_X1_CLEAN_SECURITY_MASTER_PLUS_PRIMARY_LIQUID_60_SESSION_VALUE
BBSI,Krom Bank Indonesia Tbk.,2020-09-07,,1,0,,,V4_X1_CLEAN_SECURITY_MASTER_PLUS_PRIMARY_LIQUID_60_SESSION_VALUE
BBSS,Bumi Benowo Sukses Sejahtera T,2020-04-15,,1,1,53.0,53952700.0,V4_X1_CLEAN_SECURITY_MASTER_PLUS_PRIMARY_LIQUID_60_SESSION_VALUE
BBTN,Bank Tabungan Negara (Persero),2009-12-17,,1,0,,,V4_X1_CLEAN_SECURITY_MASTER_PLUS_PRIMARY_LIQUID_60_SESSION_VALUE
BBYB,Bank Neo Commerce Tbk.,2015-01-13,,1,0,,,V4_X1_CLEAN_SECURITY_MASTER_PLUS_PRIMARY_LIQUID_60_SESSION_VALUE
BCAP,MNC Kapital Indonesia Tbk.,2001-06-08,,1,0,,,V4_X1_CLEAN_SECURITY_MASTER_PLUS_PRIMARY_LIQUID_60_SESSION_VALUE
BCIC,Bank JTrust Indonesia Tbk.,1997-06-25,,1,0,,,V4_X1_CLEAN_SECURITY_MASTER_PLUS_PRIMARY_LIQUID_60_SESSION_VALUE
BCIP,Bumi Citra Permai Tbk.,2009-12-11,,1,0,,,V4_X1_CLEAN_SECURITY_MASTER_PLUS_PRIMARY_LIQUID_60_SESSION_VALUE
BDKR,Berdikari Pondasi Perkasa Tbk.,2023-03-03,,1,0,,,V4_X1_CLEAN_SECURITY_MASTER_PLUS_PRIMARY_LIQUID_60_SESSION_VALUE
BDMN,Bank Danamon Indonesia Tbk.,1989-12-06,,1,0,,,V4_X1_CLEAN_SECURITY_MASTER_PLUS_PRIMARY_LIQUID_60_SESSION_VALUE
BEBS,Berkah Beton Sadaya Tbk.,2021-03-10,,1,0,,,V4_X1_CLEAN_SECURITY_MASTER_PLUS_PRIMARY_LIQUID_60_SESSION_VALUE
BEEF,Estika Tata Tiara Tbk.,2019-01-10,,1,0,,,V4_X1_CLEAN_SECURITY_MASTER_PLUS_PRIMARY_LIQUID_60_SESSION_VALUE
BEER,Jobubu Jarum Minahasa Tbk.,2023-01-06,,1,1,8.0,357153000.0,V4_X1_CLEAN_SECURITY_MASTER_PLUS_PRIMARY_LIQUID_60_SESSION_VALUE
BEKS,Bank Pembangunan Daerah Banten,2001-07-13,,1,0,,,V4_X1_CLEAN_SECURITY_MASTER_PLUS_PRIMARY_LIQUID_60_SESSION_VALUE
BELI,Global Digital Niaga Tbk.,2022-11-08,,1,0,,,V4_X1_CLEAN_SECURITY_MASTER_PLUS_PRIMARY_LIQUID_60_SESSION_VALUE
BELL,Trisula Textile Industries Tbk,2017-10-03,,1,0,,,V4_X1_CLEAN_SECURITY_MASTER_PLUS_PRIMARY_LIQUID_60_SESSION_VALUE
BESS,Batulicin Nusantara Maritim Tb,2020-03-09,,1,1,84.0,17570000.0,V4_X1_CLEAN_SECURITY_MASTER_PLUS_PRIMARY_LIQUID_60_SESSION_VALUE
BEST,Bekasi Fajar Industrial Estate,2012-04-10,,1,0,,,V4_X1_CLEAN_SECURITY_MASTER_PLUS_PRIMARY_LIQUID_60_SESSION_VALUE
BFIN,BFI Finance  Indonesia Tbk.,1990-05-16,,1,0,,,V4_X1_CLEAN_SECURITY_MASTER_PLUS_PRIMARY_LIQUID_60_SESSION_VALUE
BGTG,Bank Ganesha Tbk.,2016-05-12,,1,0,,,V4_X1_CLEAN_SECURITY_MASTER_PLUS_PRIMARY_LIQUID_60_SESSION_VALUE
BHAT,Bhakti Multi Artha Tbk.,2020-04-15,,1,0,,,V4_X1_CLEAN_SECURITY_MASTER_PLUS_PRIMARY_LIQUID_60_SESSION_VALUE
BHIT,MNC Asia Holding Tbk.,1997-11-24,,1,0,,,V4_X1_CLEAN_SECURITY_MASTER_PLUS_PRIMARY_LIQUID_60_SESSION_VALUE
BIKA,Binakarya Jaya Abadi Tbk.,2015-07-14,,1,0,,,V4_X1_CLEAN_SECURITY_MASTER_PLUS_PRIMARY_LIQUID_60_SESSION_VALUE
BIKE,Bhineka Inovasi Ketahanan Ener,2022-03-21,,1,0,,,V4_X1_CLEAN_SECURITY_MASTER_PLUS_PRIMARY_LIQUID_60_SESSION_VALUE
BIMA,Primarindo Asia Infrastructure,1994-08-30,,1,0,,,V4_X1_CLEAN_SECURITY_MASTER_PLUS_PRIMARY_LIQUID_60_SESSION_VALUE
BINA,Bank Ina Perdana Tbk.,2014-01-16,,1,1,1.0,741860000.0,V4_X1_CLEAN_SECURITY_MASTER_PLUS_PRIMARY_LIQUID_60_SESSION_VALUE
BINO,Perma Plasindo Tbk.,2021-11-25,,1,1,61.0,38395600.0,V4_X1_CLEAN_SECURITY_MASTER_PLUS_PRIMARY_LIQUID_60_SESSION_VALUE
BIPI,Astrindo Nusantara Infrastrukt,2010-02-11,,1,0,,,V4_X1_CLEAN_SECURITY_MASTER_PLUS_PRIMARY_LIQUID_60_SESSION_VALUE
BIPP,Bhuwanatala Indah Permai Tbk.,1995-10-23,,1,0,,,V4_X1_CLEAN_SECURITY_MASTER_PLUS_PRIMARY_LIQUID_60_SESSION_VALUE
BIRD,Blue Bird Tbk.,2014-11-05,,1,0,,,V4_X1_CLEAN_SECURITY_MASTER_PLUS_PRIMARY_LIQUID_60_SESSION_VALUE
BISI,BISI International Tbk.,2007-05-28,,1,1,12.0,244757000.0,V4_X1_CLEAN_SECURITY_MASTER_PLUS_PRIMARY_LIQUID_60_SESSION_VALUE
BJBR,Bank Pembangunan Daerah Jawa B,2010-07-08,,1,0,,,V4_X1_CLEAN_SECURITY_MASTER_PLUS_PRIMARY_LIQUID_60_SESSION_VALUE
BJTM,Bank Pembangunan Daerah Jawa T,2012-07-12,,1,0,,,V4_X1_CLEAN_SECURITY_MASTER_PLUS_PRIMARY_LIQUID_60_SESSION_VALUE
BKDP,Bukit Darmo Property Tbk,2007-06-15,,1,1,2.0,739111400.0,V4_X1_CLEAN_SECURITY_MASTER_PLUS_PRIMARY_LIQUID_60_SESSION_VALUE
BKSL,Sentul City Tbk.,1997-07-28,,1,0,,,V4_X1_CLEAN_SECURITY_MASTER_PLUS_PRIMARY_LIQUID_60_SESSION_VALUE
BKSW,Bank QNB Indonesia Tbk.,2002-11-21,,1,1,30.0,114010500.0,V4_X1_CLEAN_SECURITY_MASTER_PLUS_PRIMARY_LIQUID_60_SESSION_VALUE
BLES,Superior Prima Sukses Tbk.,2024-07-08,,1,0,,,V4_X1_CLEAN_SECURITY_MASTER_PLUS_PRIMARY_LIQUID_60_SESSION_VALUE
BLOG,Trimitra Trans Persada Tbk.,2025-07-10,,1,0,,,V4_X1_CLEAN_SECURITY_MASTER_PLUS_PRIMARY_LIQUID_60_SESSION_VALUE
BLTA,Berlian Laju Tanker Tbk,1990-03-26,,1,0,,,V4_X1_CLEAN_SECURITY_MASTER_PLUS_PRIMARY_LIQUID_60_SESSION_VALUE
BLTZ,Graha Layar Prima Tbk.,2014-04-10,,1,0,,,V4_X1_CLEAN_SECURITY_MASTER_PLUS_PRIMARY_LIQUID_60_SESSION_VALUE
BLUE,Berkah Prima Perkasa Tbk.,2019-07-08,,1,0,,,V4_X1_CLEAN_SECURITY_MASTER_PLUS_PRIMARY_LIQUID_60_SESSION_VALUE
BMAS,Bank Kasikorn Indonesia Tbk.,2013-07-11,,1,0,,,V4_X1_CLEAN_SECURITY_MASTER_PLUS_PRIMARY_LIQUID_60_SESSION_VALUE
BMBL,Lavender Bina Cendikia Tbk.,2023-01-11,,1,1,27.0,124552300.0,V4_X1_CLEAN_SECURITY_MASTER_PLUS_PRIMARY_LIQUID_60_SESSION_VALUE
BMHS,Bundamedik Tbk.,2021-07-06,,1,0,,,V4_X1_CLEAN_SECURITY_MASTER_PLUS_PRIMARY_LIQUID_60_SESSION_VALUE
BMRI,Bank Mandiri (Persero) Tbk.,2003-07-14,,1,0,,,V4_X1_CLEAN_SECURITY_MASTER_PLUS_PRIMARY_LIQUID_60_SESSION_VALUE
BMSR,Bintang Mitra Semestaraya Tbk,1999-12-29,,1,1,97.0,10797700.0,V4_X1_CLEAN_SECURITY_MASTER_PLUS_PRIMARY_LIQUID_60_SESSION_VALUE
BMTR,Global Mediacom Tbk.,1995-07-17,,1,0,,,V4_X1_CLEAN_SECURITY_MASTER_PLUS_PRIMARY_LIQUID_60_SESSION_VALUE
BNBA,Bank Bumi Arta Tbk.,2006-06-01,,1,0,,,V4_X1_CLEAN_SECURITY_MASTER_PLUS_PRIMARY_LIQUID_60_SESSION_VALUE
BNBR,Bakrie & Brothers Tbk,1989-08-28,,1,0,,,V4_X1_CLEAN_SECURITY_MASTER_PLUS_PRIMARY_LIQUID_60_SESSION_VALUE
BNGA,Bank CIMB Niaga Tbk.,1989-11-29,,1,0,,,V4_X1_CLEAN_SECURITY_MASTER_PLUS_PRIMARY_LIQUID_60_SESSION_VALUE
BNII,Bank Maybank Indonesia Tbk.,1989-11-21,,1,1,25.0,144727600.0,V4_X1_CLEAN_SECURITY_MASTER_PLUS_PRIMARY_LIQUID_60_SESSION_VALUE
BNLI,Bank Permata Tbk.,1990-01-15,,1,0,,,V4_X1_CLEAN_SECURITY_MASTER_PLUS_PRIMARY_LIQUID_60_SESSION_VALUE
BOAT,Newport Marine Services Tbk.,2024-11-12,,1,0,,,V4_X1_CLEAN_SECURITY_MASTER_PLUS_PRIMARY_LIQUID_60_SESSION_VALUE
BOBA,Formosa Ingredient Factory Tbk,2021-11-01,,1,1,6.0,424541600.0,V4_X1_CLEAN_SECURITY_MASTER_PLUS_PRIMARY_LIQUID_60_SESSION_VALUE
BOGA,Apollo Global Interactive Tbk.,2016-12-19,,1,0,,,V4_X1_CLEAN_SECURITY_MASTER_PLUS_PRIMARY_LIQUID_60_SESSION_VALUE
BOLA,Bali Bintang Sejahtera Tbk.,2019-06-17,,1,1,36.0,104935800.0,V4_X1_CLEAN_SECURITY_MASTER_PLUS_PRIMARY_LIQUID_60_SESSION_VALUE
BOLT,Garuda Metalindo Tbk.,2015-07-07,,1,0,,,V4_X1_CLEAN_SECURITY_MASTER_PLUS_PRIMARY_LIQUID_60_SESSION_VALUE
BOSS,Borneo Olah Sarana Sukses Tbk.,2018-02-15,,1,0,,,V4_X1_CLEAN_SECURITY_MASTER_PLUS_PRIMARY_LIQUID_60_SESSION_VALUE
BPFI,Woori Finance Indonesia Tbk.,2009-06-01,,1,0,,,V4_X1_CLEAN_SECURITY_MASTER_PLUS_PRIMARY_LIQUID_60_SESSION_VALUE
BPII,Batavia Prosperindo Internasio,2014-07-08,,1,0,,,V4_X1_CLEAN_SECURITY_MASTER_PLUS_PRIMARY_LIQUID_60_SESSION_VALUE
BPTR,Batavia Prosperindo Trans Tbk.,2018-07-09,,1,1,32.0,107350800.0,V4_X1_CLEAN_SECURITY_MASTER_PLUS_PRIMARY_LIQUID_60_SESSION_VALUE
BRAM,Indo Kordsa Tbk.,1990-09-05,,1,0,,,V4_X1_CLEAN_SECURITY_MASTER_PLUS_PRIMARY_LIQUID_60_SESSION_VALUE
BREN,Barito Renewables Energy Tbk.,2023-10-09,,1,0,,,V4_X1_CLEAN_SECURITY_MASTER_PLUS_PRIMARY_LIQUID_60_SESSION_VALUE
BRIS,Bank Syariah Indonesia (Perser,2018-05-09,,1,0,,,V4_X1_CLEAN_SECURITY_MASTER_PLUS_PRIMARY_LIQUID_60_SESSION_VALUE
BRMS,Bumi Resources Minerals Tbk.,2010-12-09,,1,0,,,V4_X1_CLEAN_SECURITY_MASTER_PLUS_PRIMARY_LIQUID_60_SESSION_VALUE
BRNA,Berlina Tbk.,1989-11-06,,1,0,,,V4_X1_CLEAN_SECURITY_MASTER_PLUS_PRIMARY_LIQUID_60_SESSION_VALUE
BRPT,Barito Pacific Tbk.,1993-10-01,,1,0,,,V4_X1_CLEAN_SECURITY_MASTER_PLUS_PRIMARY_LIQUID_60_SESSION_VALUE
BRRC,Raja Roti Cemerlang Tbk.,2025-01-09,,1,0,,,V4_X1_CLEAN_SECURITY_MASTER_PLUS_PRIMARY_LIQUID_60_SESSION_VALUE
BSBK,Wulandari Bangun Laksana Tbk.,2022-11-08,,1,0,,,V4_X1_CLEAN_SECURITY_MASTER_PLUS_PRIMARY_LIQUID_60_SESSION_VALUE
BSDE,Bumi Serpong Damai Tbk.,2008-06-06,,1,0,,,V4_X1_CLEAN_SECURITY_MASTER_PLUS_PRIMARY_LIQUID_60_SESSION_VALUE
BSIM,Bank Sinarmas Tbk.,2010-12-13,,1,1,82.0,17842750.0,V4_X1_CLEAN_SECURITY_MASTER_PLUS_PRIMARY_LIQUID_60_SESSION_VALUE
BSML,Bintang Samudera Mandiri Lines,2021-12-16,,1,0,,,V4_X1_CLEAN_SECURITY_MASTER_PLUS_PRIMARY_LIQUID_60_SESSION_VALUE
BSSR,Baramulti Suksessarana Tbk.,2012-11-08,,1,0,,,V4_X1_CLEAN_SECURITY_MASTER_PLUS_PRIMARY_LIQUID_60_SESSION_VALUE
BSWD,Bank Of India Indonesia Tbk.,2002-05-01,,1,0,,,V4_X1_CLEAN_SECURITY_MASTER_PLUS_PRIMARY_LIQUID_60_SESSION_VALUE
BTEK,Bumi Teknokultura Unggul Tbk,2004-05-14,,1,0,,,V4_X1_CLEAN_SECURITY_MASTER_PLUS_PRIMARY_LIQUID_60_SESSION_VALUE
BTEL,Bakrie Telecom Tbk.,2006-02-03,,1,0,,,V4_X1_CLEAN_SECURITY_MASTER_PLUS_PRIMARY_LIQUID_60_SESSION_VALUE
BTON,Betonjaya Manunggal Tbk.,2001-07-18,,1,0,,,V4_X1_CLEAN_SECURITY_MASTER_PLUS_PRIMARY_LIQUID_60_SESSION_VALUE
BTPN,Bank SMBC Indonesia Tbk.,2008-03-12,,1,0,,,V4_X1_CLEAN_SECURITY_MASTER_PLUS_PRIMARY_LIQUID_60_SESSION_VALUE
BTPS,Bank BTPN Syariah Tbk.,2018-05-08,,1,0,,,V4_X1_CLEAN_SECURITY_MASTER_PLUS_PRIMARY_LIQUID_60_SESSION_VALUE
BUAH,Segar Kumala Indonesia Tbk.,2022-08-09,,1,1,31.0,107984250.0,V4_X1_CLEAN_SECURITY_MASTER_PLUS_PRIMARY_LIQUID_60_SESSION_VALUE
BUDI,Budi Starch & Sweetener Tbk.,1995-05-08,,1,1,91.0,15536900.0,V4_X1_CLEAN_SECURITY_MASTER_PLUS_PRIMARY_LIQUID_60_SESSION_VALUE
BUKA,Bukalapak.com Tbk.,2021-08-06,,1,0,,,V4_X1_CLEAN_SECURITY_MASTER_PLUS_PRIMARY_LIQUID_60_SESSION_VALUE
BUKK,Bukaka Teknik Utama Tbk.,2015-06-29,,1,0,,,V4_X1_CLEAN_SECURITY_MASTER_PLUS_PRIMARY_LIQUID_60_SESSION_VALUE
BULL,Buana Lintas Lautan Tbk.,2011-05-23,,1,0,,,V4_X1_CLEAN_SECURITY_MASTER_PLUS_PRIMARY_LIQUID_60_SESSION_VALUE
BUMI,Bumi Resources Tbk.,1990-07-30,,1,0,,,V4_X1_CLEAN_SECURITY_MASTER_PLUS_PRIMARY_LIQUID_60_SESSION_VALUE
BUVA,Bukit Uluwatu Villa Tbk.,2010-07-12,,1,0,,,V4_X1_CLEAN_SECURITY_MASTER_PLUS_PRIMARY_LIQUID_60_SESSION_VALUE
BVIC,Bank Victoria International Tb,1999-06-30,,1,0,,,V4_X1_CLEAN_SECURITY_MASTER_PLUS_PRIMARY_LIQUID_60_SESSION_VALUE
BWPT,Eagle High Plantations Tbk.,2009-10-27,,1,0,,,V4_X1_CLEAN_SECURITY_MASTER_PLUS_PRIMARY_LIQUID_60_SESSION_VALUE
BYAN,Bayan Resources Tbk.,2008-08-12,,1,0,,,V4_X1_CLEAN_SECURITY_MASTER_PLUS_PRIMARY_LIQUID_60_SESSION_VALUE
CAKK,Cahayaputra Asa Keramik Tbk.,2018-10-31,,1,1,94.0,13539850.0,V4_X1_CLEAN_SECURITY_MASTER_PLUS_PRIMARY_LIQUID_60_SESSION_VALUE
CAMP,Campina Ice Cream Industry Tbk,2017-12-19,,1,0,,,V4_X1_CLEAN_SECURITY_MASTER_PLUS_PRIMARY_LIQUID_60_SESSION_VALUE
CANI,Capitol Nusantara Indonesia Tb,2014-01-16,,1,0,,,V4_X1_CLEAN_SECURITY_MASTER_PLUS_PRIMARY_LIQUID_60_SESSION_VALUE
CARE,Metro Healthcare Indonesia Tbk,2020-03-13,,1,0,,,V4_X1_CLEAN_SECURITY_MASTER_PLUS_PRIMARY_LIQUID_60_SESSION_VALUE
CARS,Industri dan Perdagangan Bintr,2017-04-10,,1,0,,,V4_X1_CLEAN_SECURITY_MASTER_PLUS_PRIMARY_LIQUID_60_SESSION_VALUE
CASA,Capital Financial Indonesia Tb,2016-07-19,,1,0,,,V4_X1_CLEAN_SECURITY_MASTER_PLUS_PRIMARY_LIQUID_60_SESSION_VALUE
CASH,Cashlez Worldwide Indonesia Tb,2020-05-04,,1,1,4.0,570944900.0,V4_X1_CLEAN_SECURITY_MASTER_PLUS_PRIMARY_LIQUID_60_SESSION_VALUE
CASS,Cahaya Aero Services Tbk.,2011-12-05,,1,0,,,V4_X1_CLEAN_SECURITY_MASTER_PLUS_PRIMARY_LIQUID_60_SESSION_VALUE
CBDK,Bangun Kosambi Sukses Tbk.,2025-01-13,,1,0,,,V4_X1_CLEAN_SECURITY_MASTER_PLUS_PRIMARY_LIQUID_60_SESSION_VALUE
CBMF,Cahaya Bintang Medan Tbk.,2020-04-09,,1,0,,,V4_X1_CLEAN_SECURITY_MASTER_PLUS_PRIMARY_LIQUID_60_SESSION_VALUE
CBPE,Citra Buana Prasida Tbk.,2023-01-06,,1,1,77.0,28352200.0,V4_X1_CLEAN_SECURITY_MASTER_PLUS_PRIMARY_LIQUID_60_SESSION_VALUE
CBRE,Cakra Buana Resources Energi T,2023-01-09,,1,0,,,V4_X1_CLEAN_SECURITY_MASTER_PLUS_PRIMARY_LIQUID_60_SESSION_VALUE
CBUT,Citra Borneo Utama Tbk.,2022-11-08,,1,1,41.0,87348000.0,V4_X1_CLEAN_SECURITY_MASTER_PLUS_PRIMARY_LIQUID_60_SESSION_VALUE
CCSI,Communication Cable Systems In,2019-06-18,,1,0,,,V4_X1_CLEAN_SECURITY_MASTER_PLUS_PRIMARY_LIQUID_60_SESSION_VALUE
CDIA,Chandra Daya Investasi Tbk.,2025-07-09,,1,0,,,V4_X1_CLEAN_SECURITY_MASTER_PLUS_PRIMARY_LIQUID_60_SESSION_VALUE
CEKA,Wilmar Cahaya Indonesia Tbk.,1996-07-09,,1,0,,,V4_X1_CLEAN_SECURITY_MASTER_PLUS_PRIMARY_LIQUID_60_SESSION_VALUE
CENT,Centratama Telekomunikasi Indo,2001-11-01,,1,0,,,V4_X1_CLEAN_SECURITY_MASTER_PLUS_PRIMARY_LIQUID_60_SESSION_VALUE
CFIN,Clipan Finance Indonesia Tbk.,1990-08-27,,1,0,,,V4_X1_CLEAN_SECURITY_MASTER_PLUS_PRIMARY_LIQUID_60_SESSION_VALUE
CGAS,Citra Nusantara Gemilang Tbk.,2024-01-08,,1,0,,,V4_X1_CLEAN_SECURITY_MASTER_PLUS_PRIMARY_LIQUID_60_SESSION_VALUE
CHEK,Diastika Biotekindo Tbk.,2025-07-10,,1,0,,,V4_X1_CLEAN_SECURITY_MASTER_PLUS_PRIMARY_LIQUID_60_SESSION_VALUE
CHEM,Chemstar Indonesia Tbk.,2022-07-08,,1,0,,,V4_X1_CLEAN_SECURITY_MASTER_PLUS_PRIMARY_LIQUID_60_SESSION_VALUE
CHIP,Pelita Teknologi Global Tbk.,2023-02-08,,1,0,,,V4_X1_CLEAN_SECURITY_MASTER_PLUS_PRIMARY_LIQUID_60_SESSION_VALUE
CINT,Chitose Internasional Tbk.,2014-06-27,,1,0,,,V4_X1_CLEAN_SECURITY_MASTER_PLUS_PRIMARY_LIQUID_60_SESSION_VALUE
CITA,Cita Mineral Investindo Tbk.,2002-03-20,,1,0,,,V4_X1_CLEAN_SECURITY_MASTER_PLUS_PRIMARY_LIQUID_60_SESSION_VALUE
CITY,Natura City Developments Tbk.,2018-09-28,,1,0,,,V4_X1_CLEAN_SECURITY_MASTER_PLUS_PRIMARY_LIQUID_60_SESSION_VALUE
CLAY,Citra Putra Realty Tbk.,2019-01-18,,1,0,,,V4_X1_CLEAN_SECURITY_MASTER_PLUS_PRIMARY_LIQUID_60_SESSION_VALUE
CLEO,Sariguna Primatirta Tbk.,2017-05-05,,1,0,,,V4_X1_CLEAN_SECURITY_MASTER_PLUS_PRIMARY_LIQUID_60_SESSION_VALUE
CLPI,Colorpak Indonesia Tbk.,2001-11-30,,1,0,,,V4_X1_CLEAN_SECURITY_MASTER_PLUS_PRIMARY_LIQUID_60_SESSION_VALUE
CMNP,Citra Marga Nusaphala Persada,1995-01-10,,1,0,,,V4_X1_CLEAN_SECURITY_MASTER_PLUS_PRIMARY_LIQUID_60_SESSION_VALUE
CMNT,Cemindo Gemilang Tbk.,2021-09-08,,1,0,,,V4_X1_CLEAN_SECURITY_MASTER_PLUS_PRIMARY_LIQUID_60_SESSION_VALUE
CMPP,AirAsia Indonesia Tbk.,1994-12-08,,1,0,105.0,3296800.0,V4_X1_CLEAN_SECURITY_MASTER_PLUS_PRIMARY_LIQUID_60_SESSION_VALUE
CMRY,Cisarua Mountain Dairy Tbk.,2021-12-06,,1,0,,,V4_X1_CLEAN_SECURITY_MASTER_PLUS_PRIMARY_LIQUID_60_SESSION_VALUE
CNKO,Exploitasi Energi Indonesia Tb,2001-11-20,,1,0,,,V4_X1_CLEAN_SECURITY_MASTER_PLUS_PRIMARY_LIQUID_60_SESSION_VALUE
CNMA,Nusantara Sejahtera Raya Tbk.,2023-08-02,,1,0,,,V4_X1_CLEAN_SECURITY_MASTER_PLUS_PRIMARY_LIQUID_60_SESSION_VALUE
CNTB,Century Textile Industry Tbk Seri B,2000-12-22,,1,0,,,V4_X1_CLEAN_SECURITY_MASTER_PLUS_PRIMARY_LIQUID_60_SESSION_VALUE
COAL,Black Diamond Resources Tbk.,2022-09-07,,1,0,,,V4_X1_CLEAN_SECURITY_MASTER_PLUS_PRIMARY_LIQUID_60_SESSION_VALUE
COCO,Wahana Interfood Nusantara Tbk,2019-03-20,,1,0,,,V4_X1_CLEAN_SECURITY_MASTER_PLUS_PRIMARY_LIQUID_60_SESSION_VALUE
COIN,Indokripto Koin Semesta Tbk.,2025-07-09,,1,0,,,V4_X1_CLEAN_SECURITY_MASTER_PLUS_PRIMARY_LIQUID_60_SESSION_VALUE
COWL,Cowell Development Tbk.,2007-12-19,,1,0,,,V4_X1_CLEAN_SECURITY_MASTER_PLUS_PRIMARY_LIQUID_60_SESSION_VALUE
CPIN,Charoen Pokphand Indonesia Tbk,1991-03-18,,1,0,,,V4_X1_CLEAN_SECURITY_MASTER_PLUS_PRIMARY_LIQUID_60_SESSION_VALUE
CPRI,Capri Nusa Satu Properti Tbk.,2019-04-11,,1,0,,,V4_X1_CLEAN_SECURITY_MASTER_PLUS_PRIMARY_LIQUID_60_SESSION_VALUE
CPRO,Central Proteina Prima Tbk.,2006-11-28,,1,0,,,V4_X1_CLEAN_SECURITY_MASTER_PLUS_PRIMARY_LIQUID_60_SESSION_VALUE
CRAB,Toba Surimi Industries Tbk.,2022-08-10,,1,0,,,V4_X1_CLEAN_SECURITY_MASTER_PLUS_PRIMARY_LIQUID_60_SESSION_VALUE
CRSN,Carsurin Tbk.,2023-07-10,,1,1,64.0,37809150.0,V4_X1_CLEAN_SECURITY_MASTER_PLUS_PRIMARY_LIQUID_60_SESSION_VALUE
CSAP,Catur Sentosa Adiprana Tbk.,2007-12-12,,1,0,,,V4_X1_CLEAN_SECURITY_MASTER_PLUS_PRIMARY_LIQUID_60_SESSION_VALUE
CSIS,Cahayasakti Investindo Sukses,2017-05-10,,1,0,,,V4_X1_CLEAN_SECURITY_MASTER_PLUS_PRIMARY_LIQUID_60_SESSION_VALUE
CSMI,Cipta Selera Murni Tbk.,2020-04-09,,1,0,,,V4_X1_CLEAN_SECURITY_MASTER_PLUS_PRIMARY_LIQUID_60_SESSION_VALUE
CSRA,Cisadane Sawit Raya Tbk.,2020-01-09,,1,0,,,V4_X1_CLEAN_SECURITY_MASTER_PLUS_PRIMARY_LIQUID_60_SESSION_VALUE
CTBN,Citra Tubindo Tbk.,1989-11-28,,1,0,,,V4_X1_CLEAN_SECURITY_MASTER_PLUS_PRIMARY_LIQUID_60_SESSION_VALUE
CTRA,Ciputra Development Tbk.,1994-03-28,,1,0,,,V4_X1_CLEAN_SECURITY_MASTER_PLUS_PRIMARY_LIQUID_60_SESSION_VALUE
CTTH,Citatah Tbk.,1996-07-03,,1,0,,,V4_X1_CLEAN_SECURITY_MASTER_PLUS_PRIMARY_LIQUID_60_SESSION_VALUE
CUAN,Petrindo Jaya Kreasi Tbk.,2023-03-08,,1,0,,,V4_X1_CLEAN_SECURITY_MASTER_PLUS_PRIMARY_LIQUID_60_SESSION_VALUE
CYBR,ITSEC Asia Tbk.,2023-08-08,,1,0,,,V4_X1_CLEAN_SECURITY_MASTER_PLUS_PRIMARY_LIQUID_60_SESSION_VALUE
DAAZ,Daaz Bara Lestari Tbk.,2024-11-11,,1,0,,,V4_X1_CLEAN_SECURITY_MASTER_PLUS_PRIMARY_LIQUID_60_SESSION_VALUE
DADA,Diamond Citra Propertindo Tbk.,2020-02-14,,1,0,,,V4_X1_CLEAN_SECURITY_MASTER_PLUS_PRIMARY_LIQUID_60_SESSION_VALUE
DART,Duta Anggada Realty Tbk.,1990-05-08,,1,0,,,V4_X1_CLEAN_SECURITY_MASTER_PLUS_PRIMARY_LIQUID_60_SESSION_VALUE
DATA,Remala Abadi Tbk.,2024-05-07,,1,0,,,V4_X1_CLEAN_SECURITY_MASTER_PLUS_PRIMARY_LIQUID_60_SESSION_VALUE
DAYA,Duta Intidaya Tbk.,2016-06-28,,1,0,,,V4_X1_CLEAN_SECURITY_MASTER_PLUS_PRIMARY_LIQUID_60_SESSION_VALUE
DCII,DCI Indonesia Tbk.,2021-01-06,,1,0,,,V4_X1_CLEAN_SECURITY_MASTER_PLUS_PRIMARY_LIQUID_60_SESSION_VALUE
DEAL,Dewata Freightinternational Tb,2018-11-11,,1,0,,,V4_X1_CLEAN_SECURITY_MASTER_PLUS_PRIMARY_LIQUID_60_SESSION_VALUE
DEFI,Danasupra Erapacific Tbk.,2001-07-06,,1,0,,,V4_X1_CLEAN_SECURITY_MASTER_PLUS_PRIMARY_LIQUID_60_SESSION_VALUE
DEPO,Caturkarda Depo Bangunan Tbk.,2021-11-25,,1,1,49.0,67019200.0,V4_X1_CLEAN_SECURITY_MASTER_PLUS_PRIMARY_LIQUID_60_SESSION_VALUE
DEWA,Darma Henwa Tbk,2007-09-26,,1,0,,,V4_X1_CLEAN_SECURITY_MASTER_PLUS_PRIMARY_LIQUID_60_SESSION_VALUE
DEWI,Dewi Shri Farmindo Tbk.,2022-07-18,,1,0,,,V4_X1_CLEAN_SECURITY_MASTER_PLUS_PRIMARY_LIQUID_60_SESSION_VALUE
DFAM,Dafam Property Indonesia Tbk.,2018-04-27,,1,0,,,V4_X1_CLEAN_SECURITY_MASTER_PLUS_PRIMARY_LIQUID_60_SESSION_VALUE
DGIK,Nusa Konstruksi Enjiniring Tbk,2007-12-19,,1,0,,,V4_X1_CLEAN_SECURITY_MASTER_PLUS_PRIMARY_LIQUID_60_SESSION_VALUE
DGNS,Diagnos Laboratorium Utama Tbk,2021-01-15,,1,0,,,V4_X1_CLEAN_SECURITY_MASTER_PLUS_PRIMARY_LIQUID_60_SESSION_VALUE
DGWG,Delta Giri Wacana Tbk.,2025-01-13,,1,0,,,V4_X1_CLEAN_SECURITY_MASTER_PLUS_PRIMARY_LIQUID_60_SESSION_VALUE
DIGI,Arkadia Digital Media Tbk.,2018-09-18,,1,1,81.0,18438600.0,V4_X1_CLEAN_SECURITY_MASTER_PLUS_PRIMARY_LIQUID_60_SESSION_VALUE
DILD,Intiland Development Tbk.,1991-09-04,,1,0,,,V4_X1_CLEAN_SECURITY_MASTER_PLUS_PRIMARY_LIQUID_60_SESSION_VALUE
DIVA,Distribusi Voucher Nusantara T,2018-11-27,,1,0,,,V4_X1_CLEAN_SECURITY_MASTER_PLUS_PRIMARY_LIQUID_60_SESSION_VALUE
DKFT,Central Omega Resources Tbk.,1997-11-21,,1,0,,,V4_X1_CLEAN_SECURITY_MASTER_PLUS_PRIMARY_LIQUID_60_SESSION_VALUE
DKHH,Cipta Sarana Medika Tbk.,2025-05-08,,1,0,,,V4_X1_CLEAN_SECURITY_MASTER_PLUS_PRIMARY_LIQUID_60_SESSION_VALUE
DLTA,Delta Djakarta Tbk.,1984-02-27,,1,0,,,V4_X1_CLEAN_SECURITY_MASTER_PLUS_PRIMARY_LIQUID_60_SESSION_VALUE
DMAS,Puradelta Lestari Tbk.,2015-05-29,,1,0,,,V4_X1_CLEAN_SECURITY_MASTER_PLUS_PRIMARY_LIQUID_60_SESSION_VALUE
DMMX,Digital Mediatama Maxima Tbk.,2019-10-21,,1,0,,,V4_X1_CLEAN_SECURITY_MASTER_PLUS_PRIMARY_LIQUID_60_SESSION_VALUE
DMND,Diamond Food Indonesia Tbk.,2020-01-22,,1,0,,,V4_X1_CLEAN_SECURITY_MASTER_PLUS_PRIMARY_LIQUID_60_SESSION_VALUE
DNAR,Bank Oke Indonesia Tbk.,2014-07-11,,1,0,,,V4_X1_CLEAN_SECURITY_MASTER_PLUS_PRIMARY_LIQUID_60_SESSION_VALUE
DNET,Indoritel Makmur Internasional,2000-12-11,,1,0,,,V4_X1_CLEAN_SECURITY_MASTER_PLUS_PRIMARY_LIQUID_60_SESSION_VALUE
DOID,BUMA Internasional Grup Tbk.,2001-06-15,,1,0,,,V4_X1_CLEAN_SECURITY_MASTER_PLUS_PRIMARY_LIQUID_60_SESSION_VALUE
DOOH,Era Media Sejahtera Tbk.,2023-05-08,,1,0,,,V4_X1_CLEAN_SECURITY_MASTER_PLUS_PRIMARY_LIQUID_60_SESSION_VALUE
DOSS,Global Sukses Digital Tbk.,2024-08-07,,1,0,,,V4_X1_CLEAN_SECURITY_MASTER_PLUS_PRIMARY_LIQUID_60_SESSION_VALUE
DPNS,Duta Pertiwi Nusantara Tbk.,1990-08-08,,1,0,,,V4_X1_CLEAN_SECURITY_MASTER_PLUS_PRIMARY_LIQUID_60_SESSION_VALUE
DPUM,Dua Putra Utama Makmur Tbk.,2015-12-08,,1,0,,,V4_X1_CLEAN_SECURITY_MASTER_PLUS_PRIMARY_LIQUID_60_SESSION_VALUE
DRMA,Dharma Polimetal Tbk.,2021-12-20,,1,0,,,V4_X1_CLEAN_SECURITY_MASTER_PLUS_PRIMARY_LIQUID_60_SESSION_VALUE
DSFI,Dharma Samudera Fishing Indust,2000-03-24,,1,0,,,V4_X1_CLEAN_SECURITY_MASTER_PLUS_PRIMARY_LIQUID_60_SESSION_VALUE
DSNG,Dharma Satya Nusantara Tbk.,2013-06-14,,1,0,,,V4_X1_CLEAN_SECURITY_MASTER_PLUS_PRIMARY_LIQUID_60_SESSION_VALUE
DSSA,Dian Swastatika Sentosa Tbk,2009-12-10,,1,0,,,V4_X1_CLEAN_SECURITY_MASTER_PLUS_PRIMARY_LIQUID_60_SESSION_VALUE
DUCK,Jaya Bersama Indo Tbk.,2018-10-10,,1,0,,,V4_X1_CLEAN_SECURITY_MASTER_PLUS_PRIMARY_LIQUID_60_SESSION_VALUE
DUTI,Duta Pertiwi Tbk,1994-11-02,,1,0,,,V4_X1_CLEAN_SECURITY_MASTER_PLUS_PRIMARY_LIQUID_60_SESSION_VALUE
DVLA,Darya-Varia Laboratoria Tbk.,1994-11-11,,1,0,,,V4_X1_CLEAN_SECURITY_MASTER_PLUS_PRIMARY_LIQUID_60_SESSION_VALUE
DWGL,Dwi Guna Laksana Tbk.,2017-12-13,,1,0,,,V4_X1_CLEAN_SECURITY_MASTER_PLUS_PRIMARY_LIQUID_60_SESSION_VALUE
DYAN,Dyandra Media International Tb,2013-03-25,,1,1,20.0,191873850.0,V4_X1_CLEAN_SECURITY_MASTER_PLUS_PRIMARY_LIQUID_60_SESSION_VALUE
EAST,Eastparc Hotel Tbk.,2019-07-09,,1,1,42.0,86427800.0,V4_X1_CLEAN_SECURITY_MASTER_PLUS_PRIMARY_LIQUID_60_SESSION_VALUE
ECII,Electronic City Indonesia Tbk.,2013-07-03,,1,0,,,V4_X1_CLEAN_SECURITY_MASTER_PLUS_PRIMARY_LIQUID_60_SESSION_VALUE
EDGE,Indointernet Tbk.,2021-02-08,,1,0,,,V4_X1_CLEAN_SECURITY_MASTER_PLUS_PRIMARY_LIQUID_60_SESSION_VALUE
EKAD,Ekadharma International Tbk.,1990-08-14,,1,0,,,V4_X1_CLEAN_SECURITY_MASTER_PLUS_PRIMARY_LIQUID_60_SESSION_VALUE
ELIT,Data Sinergitama Jaya Tbk.,2023-01-06,,1,0,,,V4_X1_CLEAN_SECURITY_MASTER_PLUS_PRIMARY_LIQUID_60_SESSION_VALUE
ELPI,Pelayaran Nasional Ekalya Purn,2022-08-08,,1,0,,,V4_X1_CLEAN_SECURITY_MASTER_PLUS_PRIMARY_LIQUID_60_SESSION_VALUE
ELSA,Elnusa Tbk.,2008-02-06,,1,0,,,V4_X1_CLEAN_SECURITY_MASTER_PLUS_PRIMARY_LIQUID_60_SESSION_VALUE
ELTY,Bakrieland Development Tbk.,1995-10-30,,1,0,,,V4_X1_CLEAN_SECURITY_MASTER_PLUS_PRIMARY_LIQUID_60_SESSION_VALUE
EMAS,Merdeka Gold Resources Tbk.,2025-09-23,,1,0,,,V4_X1_CLEAN_SECURITY_MASTER_PLUS_PRIMARY_LIQUID_60_SESSION_VALUE
EMDE,Megapolitan Developments Tbk.,2011-01-12,,1,0,,,V4_X1_CLEAN_SECURITY_MASTER_PLUS_PRIMARY_LIQUID_60_SESSION_VALUE
EMMI,Esa Medika Mandiri Tbk.,2026-07-08,,1,0,,,V4_X1_CLEAN_SECURITY_MASTER_PLUS_PRIMARY_LIQUID_60_SESSION_VALUE
EMTK,Elang Mahkota Teknologi Tbk.,2010-01-12,,1,0,,,V4_X1_CLEAN_SECURITY_MASTER_PLUS_PRIMARY_LIQUID_60_SESSION_VALUE
ENAK,Champ Resto Indonesia Tbk.,2022-02-08,,1,1,39.0,97007400.0,V4_X1_CLEAN_SECURITY_MASTER_PLUS_PRIMARY_LIQUID_60_SESSION_VALUE
ENRG,Energi Mega Persada Tbk.,2004-06-07,,1,0,,,V4_X1_CLEAN_SECURITY_MASTER_PLUS_PRIMARY_LIQUID_60_SESSION_VALUE
ENVY,Envy Technologies Indonesia Tb,2019-07-08,,1,0,,,V4_X1_CLEAN_SECURITY_MASTER_PLUS_PRIMARY_LIQUID_60_SESSION_VALUE
ENZO,Morenzo Abadi Perkasa Tbk.,2020-09-14,,1,0,,,V4_X1_CLEAN_SECURITY_MASTER_PLUS_PRIMARY_LIQUID_60_SESSION_VALUE
EPAC,Megalestari Epack Sentosaraya,2020-07-01,,1,0,,,V4_X1_CLEAN_SECURITY_MASTER_PLUS_PRIMARY_LIQUID_60_SESSION_VALUE
EPMT,Enseval Putera Megatrading Tbk,1994-08-01,,1,1,51.0,65128000.0,V4_X1_CLEAN_SECURITY_MASTER_PLUS_PRIMARY_LIQUID_60_SESSION_VALUE
ERAA,Erajaya Swasembada Tbk.,2011-12-14,,1,0,,,V4_X1_CLEAN_SECURITY_MASTER_PLUS_PRIMARY_LIQUID_60_SESSION_VALUE
ERAL,Sinar Eka Selaras Tbk.,2023-08-08,,1,0,,,V4_X1_CLEAN_SECURITY_MASTER_PLUS_PRIMARY_LIQUID_60_SESSION_VALUE
ERTX,Eratex Djaja Tbk.,1990-08-21,,1,0,,,V4_X1_CLEAN_SECURITY_MASTER_PLUS_PRIMARY_LIQUID_60_SESSION_VALUE
ESIP,Sinergi Inti Plastindo Tbk.,2019-11-14,,1,0,,,V4_X1_CLEAN_SECURITY_MASTER_PLUS_PRIMARY_LIQUID_60_SESSION_VALUE
ESSA,ESSA Industries Indonesia Tbk.,2012-02-01,,1,0,,,V4_X1_CLEAN_SECURITY_MASTER_PLUS_PRIMARY_LIQUID_60_SESSION_VALUE
ESTA,Esta Multi Usaha Tbk.,2020-03-09,,1,0,,,V4_X1_CLEAN_SECURITY_MASTER_PLUS_PRIMARY_LIQUID_60_SESSION_VALUE
ESTI,Ever Shine Tex Tbk.,1992-10-13,,1,0,,,V4_X1_CLEAN_SECURITY_MASTER_PLUS_PRIMARY_LIQUID_60_SESSION_VALUE
ETWA,Eterindo Wahanatama Tbk,1997-05-16,,1,0,,,V4_X1_CLEAN_SECURITY_MASTER_PLUS_PRIMARY_LIQUID_60_SESSION_VALUE
EURO,Estee Gold Feet Tbk.,2022-08-08,,1,0,,,V4_X1_CLEAN_SECURITY_MASTER_PLUS_PRIMARY_LIQUID_60_SESSION_VALUE
EXCL,XLSMART Telecom Sejahtera Tbk.,2005-09-29,,1,0,,,V4_X1_CLEAN_SECURITY_MASTER_PLUS_PRIMARY_LIQUID_60_SESSION_VALUE
FAPA,FAP Agri Tbk.,2021-01-04,,1,0,,,V4_X1_CLEAN_SECURITY_MASTER_PLUS_PRIMARY_LIQUID_60_SESSION_VALUE
FAST,Fast Food Indonesia Tbk.,1993-05-11,,1,0,,,V4_X1_CLEAN_SECURITY_MASTER_PLUS_PRIMARY_LIQUID_60_SESSION_VALUE
FASW,Fajar Surya Wisesa Tbk.,1994-12-19,,1,0,,,V4_X1_CLEAN_SECURITY_MASTER_PLUS_PRIMARY_LIQUID_60_SESSION_VALUE
FILM,MD Entertainment Tbk.,2018-08-07,,1,0,,,V4_X1_CLEAN_SECURITY_MASTER_PLUS_PRIMARY_LIQUID_60_SESSION_VALUE
FIMP,Fimperkasa Utama Tbk.,2021-04-09,,1,0,,,V4_X1_CLEAN_SECURITY_MASTER_PLUS_PRIMARY_LIQUID_60_SESSION_VALUE
FIRE,Alfa Energi Investama Tbk.,2017-06-09,,1,0,,,V4_X1_CLEAN_SECURITY_MASTER_PLUS_PRIMARY_LIQUID_60_SESSION_VALUE
FISH,FKS Multi Agro Tbk.,2002-01-18,,1,0,,,V4_X1_CLEAN_SECURITY_MASTER_PLUS_PRIMARY_LIQUID_60_SESSION_VALUE
FITT,Hotel Fitra International Tbk.,2019-06-11,,1,0,,,V4_X1_CLEAN_SECURITY_MASTER_PLUS_PRIMARY_LIQUID_60_SESSION_VALUE
FLMC,Falmaco Nonwoven Industri Tbk.,2021-07-08,,1,0,,,V4_X1_CLEAN_SECURITY_MASTER_PLUS_PRIMARY_LIQUID_60_SESSION_VALUE
FMII,Fortune Mate Indonesia Tbk,2000-06-30,,1,0,,,V4_X1_CLEAN_SECURITY_MASTER_PLUS_PRIMARY_LIQUID_60_SESSION_VALUE
FOLK,Multi Garam Utama Tbk.,2023-08-07,,1,0,,,V4_X1_CLEAN_SECURITY_MASTER_PLUS_PRIMARY_LIQUID_60_SESSION_VALUE
FOOD,Sentra Food Indonesia Tbk.,2019-01-08,,1,0,,,V4_X1_CLEAN_SECURITY_MASTER_PLUS_PRIMARY_LIQUID_60_SESSION_VALUE
FORE,Fore Kopi Indonesia Tbk.,2025-04-14,,1,0,,,V4_X1_CLEAN_SECURITY_MASTER_PLUS_PRIMARY_LIQUID_60_SESSION_VALUE
FORU,Fortune Indonesia Tbk,2002-01-17,,1,0,,,V4_X1_CLEAN_SECURITY_MASTER_PLUS_PRIMARY_LIQUID_60_SESSION_VALUE
FPNI,Lotte Chemical Titan Tbk.,2002-03-21,,1,0,,,V4_X1_CLEAN_SECURITY_MASTER_PLUS_PRIMARY_LIQUID_60_SESSION_VALUE
FUJI,Fuji Finance Indonesia Tbk.,2019-07-09,,1,0,,,V4_X1_CLEAN_SECURITY_MASTER_PLUS_PRIMARY_LIQUID_60_SESSION_VALUE
FUTR,Futura Energi Global Tbk.,2023-02-27,,1,0,,,V4_X1_CLEAN_SECURITY_MASTER_PLUS_PRIMARY_LIQUID_60_SESSION_VALUE
FWCT,Wijaya Cahaya Timber Tbk.,2023-02-01,,1,0,,,V4_X1_CLEAN_SECURITY_MASTER_PLUS_PRIMARY_LIQUID_60_SESSION_VALUE
GAMA,Aksara Global Development Tbk.,2012-07-11,,1,0,,,V4_X1_CLEAN_SECURITY_MASTER_PLUS_PRIMARY_LIQUID_60_SESSION_VALUE
GDST,Gunawan Dianjaya Steel Tbk.,2009-12-23,,1,1,23.0,158815100.0,V4_X1_CLEAN_SECURITY_MASTER_PLUS_PRIMARY_LIQUID_60_SESSION_VALUE
GDYR,Goodyear Indonesia Tbk.,1980-12-22,,1,0,,,V4_X1_CLEAN_SECURITY_MASTER_PLUS_PRIMARY_LIQUID_60_SESSION_VALUE
GEMA,Gema Grahasarana Tbk.,2002-08-12,,1,0,,,V4_X1_CLEAN_SECURITY_MASTER_PLUS_PRIMARY_LIQUID_60_SESSION_VALUE
GEMS,Golden Energy Mines Tbk.,2011-11-17,,1,0,,,V4_X1_CLEAN_SECURITY_MASTER_PLUS_PRIMARY_LIQUID_60_SESSION_VALUE
GGRM,Gudang Garam Tbk.,1990-08-27,,1,0,,,V4_X1_CLEAN_SECURITY_MASTER_PLUS_PRIMARY_LIQUID_60_SESSION_VALUE
GGRP,Gunung Raja Paksi Tbk.,2019-09-19,,1,0,,,V4_X1_CLEAN_SECURITY_MASTER_PLUS_PRIMARY_LIQUID_60_SESSION_VALUE
GHON,Gihon Telekomunikasi Indonesia,2018-04-09,,1,0,,,V4_X1_CLEAN_SECURITY_MASTER_PLUS_PRIMARY_LIQUID_60_SESSION_VALUE
GIAA,Garuda Indonesia (Persero) Tbk,2011-02-11,,1,0,,,V4_X1_CLEAN_SECURITY_MASTER_PLUS_PRIMARY_LIQUID_60_SESSION_VALUE
GJTL,Gajah Tunggal Tbk.,1990-05-08,,1,0,,,V4_X1_CLEAN_SECURITY_MASTER_PLUS_PRIMARY_LIQUID_60_SESSION_VALUE
GLOB,Globe Kita Terang Tbk.,2012-07-10,,1,0,,,V4_X1_CLEAN_SECURITY_MASTER_PLUS_PRIMARY_LIQUID_60_SESSION_VALUE
GLVA,Galva Technologies Tbk.,2019-12-23,,1,0,,,V4_X1_CLEAN_SECURITY_MASTER_PLUS_PRIMARY_LIQUID_60_SESSION_VALUE
GMFI,Garuda Maintenance Facility Ae,2017-10-10,,1,0,,,V4_X1_CLEAN_SECURITY_MASTER_PLUS_PRIMARY_LIQUID_60_SESSION_VALUE
GMTD,Gowa Makassar Tourism Developm,2000-12-11,,1,0,,,V4_X1_CLEAN_SECURITY_MASTER_PLUS_PRIMARY_LIQUID_60_SESSION_VALUE
GOLD,Visi Telekomunikasi Infrastruk,2010-07-07,,1,0,,,V4_X1_CLEAN_SECURITY_MASTER_PLUS_PRIMARY_LIQUID_60_SESSION_VALUE
GOLF,Intra Golflink Resorts Tbk.,2024-07-08,,1,0,,,V4_X1_CLEAN_SECURITY_MASTER_PLUS_PRIMARY_LIQUID_60_SESSION_VALUE
GOLL,Golden Plantation Tbk.,2014-12-23,,1,0,,,V4_X1_CLEAN_SECURITY_MASTER_PLUS_PRIMARY_LIQUID_60_SESSION_VALUE
GOOD,Garudafood Putra Putri Jaya Tb,2018-10-10,,1,1,68.0,35956000.0,V4_X1_CLEAN_SECURITY_MASTER_PLUS_PRIMARY_LIQUID_60_SESSION_VALUE
GOTO,GoTo Gojek Tokopedia Tbk.,2022-04-11,,1,0,,,V4_X1_CLEAN_SECURITY_MASTER_PLUS_PRIMARY_LIQUID_60_SESSION_VALUE
GPRA,Perdana Gapuraprima Tbk.,2007-10-10,,1,0,,,V4_X1_CLEAN_SECURITY_MASTER_PLUS_PRIMARY_LIQUID_60_SESSION_VALUE
GPSO,Geoprima Solusi Tbk.,2021-09-06,,1,0,,,V4_X1_CLEAN_SECURITY_MASTER_PLUS_PRIMARY_LIQUID_60_SESSION_VALUE
GRIA,Ingria Pratama Capitalindo Tbk,2023-08-08,,1,0,,,V4_X1_CLEAN_SECURITY_MASTER_PLUS_PRIMARY_LIQUID_60_SESSION_VALUE
GRPH,Griptha Putra Persada Tbk.,2024-01-17,,1,0,,,V4_X1_CLEAN_SECURITY_MASTER_PLUS_PRIMARY_LIQUID_60_SESSION_VALUE
GRPM,Graha Prima Mentari Tbk.,2023-07-10,,1,0,,,V4_X1_CLEAN_SECURITY_MASTER_PLUS_PRIMARY_LIQUID_60_SESSION_VALUE
GSMF,Equity Development Investment,1989-10-23,,1,0,,,V4_X1_CLEAN_SECURITY_MASTER_PLUS_PRIMARY_LIQUID_60_SESSION_VALUE
GTBO,Garda Tujuh Buana Tbk,2009-07-09,,1,0,,,V4_X1_CLEAN_SECURITY_MASTER_PLUS_PRIMARY_LIQUID_60_SESSION_VALUE
GTRA,Grahaprima Suksesmandiri Tbk.,2023-03-30,,1,0,,,V4_X1_CLEAN_SECURITY_MASTER_PLUS_PRIMARY_LIQUID_60_SESSION_VALUE
GTSI,GTS Internasional Tbk.,2021-09-08,,1,0,,,V4_X1_CLEAN_SECURITY_MASTER_PLUS_PRIMARY_LIQUID_60_SESSION_VALUE
GULA,Aman Agrindo Tbk.,2022-08-03,,1,0,,,V4_X1_CLEAN_SECURITY_MASTER_PLUS_PRIMARY_LIQUID_60_SESSION_VALUE
GUNA,Gunanusa Eramandiri Tbk.,2024-07-09,,1,0,,,V4_X1_CLEAN_SECURITY_MASTER_PLUS_PRIMARY_LIQUID_60_SESSION_VALUE
GWSA,Greenwood Sejahtera Tbk.,2011-12-23,,1,0,,,V4_X1_CLEAN_SECURITY_MASTER_PLUS_PRIMARY_LIQUID_60_SESSION_VALUE
GZCO,Gozco Plantations Tbk.,2008-05-15,,1,0,,,V4_X1_CLEAN_SECURITY_MASTER_PLUS_PRIMARY_LIQUID_60_SESSION_VALUE
HADE,Himalaya Energi Perkasa Tbk.,2004-04-12,,1,0,,,V4_X1_CLEAN_SECURITY_MASTER_PLUS_PRIMARY_LIQUID_60_SESSION_VALUE
HAIS,Hasnur Internasional Shipping,2021-09-01,,1,0,,,V4_X1_CLEAN_SECURITY_MASTER_PLUS_PRIMARY_LIQUID_60_SESSION_VALUE
HAJJ,Arsy Buana Travelindo Tbk.,2023-04-05,,1,0,,,V4_X1_CLEAN_SECURITY_MASTER_PLUS_PRIMARY_LIQUID_60_SESSION_VALUE
HALO,Haloni Jane Tbk.,2023-02-08,,1,0,,,V4_X1_CLEAN_SECURITY_MASTER_PLUS_PRIMARY_LIQUID_60_SESSION_VALUE
HATM,Habco Trans Maritima Tbk.,2022-07-26,,1,0,,,V4_X1_CLEAN_SECURITY_MASTER_PLUS_PRIMARY_LIQUID_60_SESSION_VALUE
HBAT,Minahasa Membangun Hebat Tbk.,2023-08-07,,1,1,5.0,455108700.0,V4_X1_CLEAN_SECURITY_MASTER_PLUS_PRIMARY_LIQUID_60_SESSION_VALUE
HDFA,Radana Bhaskara Finance Tbk.,2011-05-10,,1,0,,,V4_X1_CLEAN_SECURITY_MASTER_PLUS_PRIMARY_LIQUID_60_SESSION_VALUE
HDIT,Hensel Davest Indonesia Tbk.,2019-07-12,,1,0,,,V4_X1_CLEAN_SECURITY_MASTER_PLUS_PRIMARY_LIQUID_60_SESSION_VALUE
HEAL,Medikaloka Hermina Tbk.,2018-05-16,,1,0,,,V4_X1_CLEAN_SECURITY_MASTER_PLUS_PRIMARY_LIQUID_60_SESSION_VALUE
HELI,Jaya Trishindo Tbk.,2018-03-27,,1,0,,,V4_X1_CLEAN_SECURITY_MASTER_PLUS_PRIMARY_LIQUID_60_SESSION_VALUE
HERO,DFI Retail Nusantara Tbk.,1989-08-21,,1,0,,,V4_X1_CLEAN_SECURITY_MASTER_PLUS_PRIMARY_LIQUID_60_SESSION_VALUE
HEXA,Hexindo Adiperkasa Tbk.,1995-02-13,,1,0,,,V4_X1_CLEAN_SECURITY_MASTER_PLUS_PRIMARY_LIQUID_60_SESSION_VALUE
HGII,Hero Global Investment Tbk.,2025-01-09,,1,0,,,V4_X1_CLEAN_SECURITY_MASTER_PLUS_PRIMARY_LIQUID_60_SESSION_VALUE
HILL,Hillcon Tbk.,2023-03-01,,1,0,,,V4_X1_CLEAN_SECURITY_MASTER_PLUS_PRIMARY_LIQUID_60_SESSION_VALUE
HITS,Humpuss Intermoda Transportasi,1997-12-15,,1,0,,,V4_X1_CLEAN_SECURITY_MASTER_PLUS_PRIMARY_LIQUID_60_SESSION_VALUE
HKMU,HK Metals Utama Tbk.,2018-10-09,,1,0,,,V4_X1_CLEAN_SECURITY_MASTER_PLUS_PRIMARY_LIQUID_60_SESSION_VALUE
HMSP,H.M. Sampoerna Tbk.,1990-08-15,,1,0,,,V4_X1_CLEAN_SECURITY_MASTER_PLUS_PRIMARY_LIQUID_60_SESSION_VALUE
HOKI,Buyung Poetra Sembada Tbk.,2017-06-22,,1,0,,,V4_X1_CLEAN_SECURITY_MASTER_PLUS_PRIMARY_LIQUID_60_SESSION_VALUE
HOME,Hotel Mandarine Regency Tbk.,2008-07-17,,1,0,,,V4_X1_CLEAN_SECURITY_MASTER_PLUS_PRIMARY_LIQUID_60_SESSION_VALUE
HOMI,Grand House Mulia Tbk.,2020-09-10,,1,0,,,V4_X1_CLEAN_SECURITY_MASTER_PLUS_PRIMARY_LIQUID_60_SESSION_VALUE
HOPE,Harapan Duta Pertiwi Tbk.,2021-05-24,,1,0,,,V4_X1_CLEAN_SECURITY_MASTER_PLUS_PRIMARY_LIQUID_60_SESSION_VALUE
HOTL,Saraswati Griya Lestari Tbk.,2013-01-10,,1,0,,,V4_X1_CLEAN_SECURITY_MASTER_PLUS_PRIMARY_LIQUID_60_SESSION_VALUE
HRME,Menteng Heritage Realty Tbk.,2019-04-12,,1,0,,,V4_X1_CLEAN_SECURITY_MASTER_PLUS_PRIMARY_LIQUID_60_SESSION_VALUE
HRTA,Hartadinata Abadi Tbk.,2017-06-21,,1,0,,,V4_X1_CLEAN_SECURITY_MASTER_PLUS_PRIMARY_LIQUID_60_SESSION_VALUE
HRUM,Harum Energy Tbk.,2010-10-06,,1,0,,,V4_X1_CLEAN_SECURITY_MASTER_PLUS_PRIMARY_LIQUID_60_SESSION_VALUE
HUMI,Humpuss Maritim Internasional,2023-08-09,,1,0,,,V4_X1_CLEAN_SECURITY_MASTER_PLUS_PRIMARY_LIQUID_60_SESSION_VALUE
HYGN,Ecocare Indo Pasifik Tbk.,2024-02-13,,1,0,,,V4_X1_CLEAN_SECURITY_MASTER_PLUS_PRIMARY_LIQUID_60_SESSION_VALUE
IATA,Karya Pacific Energy Tbk.,2006-09-13,,1,0,,,V4_X1_CLEAN_SECURITY_MASTER_PLUS_PRIMARY_LIQUID_60_SESSION_VALUE
IBFN,Intan Baru Prana Tbk.,2014-12-22,,1,0,,,V4_X1_CLEAN_SECURITY_MASTER_PLUS_PRIMARY_LIQUID_60_SESSION_VALUE
IBOS,Indo Boga Sukses Tbk.,2022-04-25,,1,0,,,V4_X1_CLEAN_SECURITY_MASTER_PLUS_PRIMARY_LIQUID_60_SESSION_VALUE
IBST,Inti Bangun Sejahtera Tbk.,2012-08-31,,1,0,,,V4_X1_CLEAN_SECURITY_MASTER_PLUS_PRIMARY_LIQUID_60_SESSION_VALUE
ICBP,Indofood CBP Sukses Makmur Tbk,2010-10-07,,1,0,,,V4_X1_CLEAN_SECURITY_MASTER_PLUS_PRIMARY_LIQUID_60_SESSION_VALUE
ICON,Island Concepts Indonesia Tbk.,2005-07-08,,1,0,,,V4_X1_CLEAN_SECURITY_MASTER_PLUS_PRIMARY_LIQUID_60_SESSION_VALUE
IDEA,Idea Indonesia Akademi Tbk.,2021-09-09,,1,0,,,V4_X1_CLEAN_SECURITY_MASTER_PLUS_PRIMARY_LIQUID_60_SESSION_VALUE
IDPR,Indonesia Pondasi Raya Tbk.,2015-12-10,,1,1,85.0,17383000.0,V4_X1_CLEAN_SECURITY_MASTER_PLUS_PRIMARY_LIQUID_60_SESSION_VALUE
IFII,Indonesia Fibreboard Industry,2019-12-10,,1,0,,,V4_X1_CLEAN_SECURITY_MASTER_PLUS_PRIMARY_LIQUID_60_SESSION_VALUE
IFSH,Ifishdeco Tbk.,2019-12-05,,1,0,,,V4_X1_CLEAN_SECURITY_MASTER_PLUS_PRIMARY_LIQUID_60_SESSION_VALUE
IGAR,Champion Pacific Indonesia Tbk,1990-11-05,,1,0,,,V4_X1_CLEAN_SECURITY_MASTER_PLUS_PRIMARY_LIQUID_60_SESSION_VALUE
IIKP,Inti Agri Resources Tbk,2002-10-14,,1,0,,,V4_X1_CLEAN_SECURITY_MASTER_PLUS_PRIMARY_LIQUID_60_SESSION_VALUE
IKAI,Intikeramik Alamasri Industri,1997-06-04,,1,0,,,V4_X1_CLEAN_SECURITY_MASTER_PLUS_PRIMARY_LIQUID_60_SESSION_VALUE
IKAN,Era Mandiri Cemerlang Tbk.,2020-02-12,,1,0,,,V4_X1_CLEAN_SECURITY_MASTER_PLUS_PRIMARY_LIQUID_60_SESSION_VALUE
IKBI,Sumi Indo Kabel Tbk.,1991-01-21,,1,0,,,V4_X1_CLEAN_SECURITY_MASTER_PLUS_PRIMARY_LIQUID_60_SESSION_VALUE
IKPM,Ikapharmindo Putramas Tbk.,2023-11-08,,1,0,,,V4_X1_CLEAN_SECURITY_MASTER_PLUS_PRIMARY_LIQUID_60_SESSION_VALUE
IMAS,Indomobil Sukses Internasional,1993-11-15,,1,0,,,V4_X1_CLEAN_SECURITY_MASTER_PLUS_PRIMARY_LIQUID_60_SESSION_VALUE
IMJS,Indomobil Multi Jasa Tbk.,2013-12-10,,1,0,,,V4_X1_CLEAN_SECURITY_MASTER_PLUS_PRIMARY_LIQUID_60_SESSION_VALUE
IMPC,Impack Pratama Industri Tbk.,2014-12-17,,1,0,,,V4_X1_CLEAN_SECURITY_MASTER_PLUS_PRIMARY_LIQUID_60_SESSION_VALUE
INAF,Indofarma Tbk.,2001-04-17,,1,0,,,V4_X1_CLEAN_SECURITY_MASTER_PLUS_PRIMARY_LIQUID_60_SESSION_VALUE
INAI,Indal Aluminium Industry Tbk.,1994-12-05,,1,0,,,V4_X1_CLEAN_SECURITY_MASTER_PLUS_PRIMARY_LIQUID_60_SESSION_VALUE
INCF,Indo Komoditi Korpora Tbk.,2016-09-06,,1,1,88.0,16815000.0,V4_X1_CLEAN_SECURITY_MASTER_PLUS_PRIMARY_LIQUID_60_SESSION_VALUE
INCI,Intanwijaya Internasional Tbk,1990-07-24,,1,0,,,V4_X1_CLEAN_SECURITY_MASTER_PLUS_PRIMARY_LIQUID_60_SESSION_VALUE
INCO,Vale Indonesia Tbk.,1990-05-16,,1,0,,,V4_X1_CLEAN_SECURITY_MASTER_PLUS_PRIMARY_LIQUID_60_SESSION_VALUE
INDF,Indofood Sukses Makmur Tbk.,1994-07-14,,1,0,,,V4_X1_CLEAN_SECURITY_MASTER_PLUS_PRIMARY_LIQUID_60_SESSION_VALUE
INDO,Royalindo Investa Wijaya Tbk.,2020-01-13,,1,0,,,V4_X1_CLEAN_SECURITY_MASTER_PLUS_PRIMARY_LIQUID_60_SESSION_VALUE
INDR,Indo-Rama Synthetics Tbk.,1990-08-03,,1,1,50.0,66530250.0,V4_X1_CLEAN_SECURITY_MASTER_PLUS_PRIMARY_LIQUID_60_SESSION_VALUE
INDS,Indospring Tbk.,1990-08-10,,1,0,,,V4_X1_CLEAN_SECURITY_MASTER_PLUS_PRIMARY_LIQUID_60_SESSION_VALUE
INDX,Tanah Laut Tbk,2001-05-17,,1,0,,,V4_X1_CLEAN_SECURITY_MASTER_PLUS_PRIMARY_LIQUID_60_SESSION_VALUE
INDY,Indika Energy Tbk.,2008-06-11,,1,0,,,V4_X1_CLEAN_SECURITY_MASTER_PLUS_PRIMARY_LIQUID_60_SESSION_VALUE
INET,Sinergi Inti Andalan Prima Tbk,2023-07-24,,1,0,,,V4_X1_CLEAN_SECURITY_MASTER_PLUS_PRIMARY_LIQUID_60_SESSION_VALUE
INKP,Indah Kiat Pulp & Paper Tbk.,1990-07-16,,1,0,,,V4_X1_CLEAN_SECURITY_MASTER_PLUS_PRIMARY_LIQUID_60_SESSION_VALUE
INOV,Inocycle Technology Group Tbk.,2019-07-10,,1,0,,,V4_X1_CLEAN_SECURITY_MASTER_PLUS_PRIMARY_LIQUID_60_SESSION_VALUE
INPC,Bank Artha Graha Internasional,1990-08-23,,1,0,,,V4_X1_CLEAN_SECURITY_MASTER_PLUS_PRIMARY_LIQUID_60_SESSION_VALUE
INPP,Indonesian Paradise Property T,2004-01-12,,1,0,,,V4_X1_CLEAN_SECURITY_MASTER_PLUS_PRIMARY_LIQUID_60_SESSION_VALUE
INPS,Indah Prakasa Sentosa Tbk.,2018-04-06,,1,0,,,V4_X1_CLEAN_SECURITY_MASTER_PLUS_PRIMARY_LIQUID_60_SESSION_VALUE
INRU,Toba Pulp Lestari Tbk.,1990-06-18,,1,0,,,V4_X1_CLEAN_SECURITY_MASTER_PLUS_PRIMARY_LIQUID_60_SESSION_VALUE
INTA,Intraco Penta Tbk.,1993-08-23,,1,0,,,V4_X1_CLEAN_SECURITY_MASTER_PLUS_PRIMARY_LIQUID_60_SESSION_VALUE
INTD,Inter Delta Tbk,1989-12-18,,1,0,,,V4_X1_CLEAN_SECURITY_MASTER_PLUS_PRIMARY_LIQUID_60_SESSION_VALUE
INTP,Indocement Tunggal Prakarsa Tb,1989-12-05,,1,0,,,V4_X1_CLEAN_SECURITY_MASTER_PLUS_PRIMARY_LIQUID_60_SESSION_VALUE
IOTF,Sumber Sinergi Makmur Tbk.,2023-10-06,,1,0,,,V4_X1_CLEAN_SECURITY_MASTER_PLUS_PRIMARY_LIQUID_60_SESSION_VALUE
IPAC,Era Graharealty Tbk.,2021-06-30,,1,0,,,V4_X1_CLEAN_SECURITY_MASTER_PLUS_PRIMARY_LIQUID_60_SESSION_VALUE
IPCC,Indonesia Kendaraan Terminal T,2018-07-09,,1,0,,,V4_X1_CLEAN_SECURITY_MASTER_PLUS_PRIMARY_LIQUID_60_SESSION_VALUE
IPCM,Jasa Armada Indonesia Tbk.,2017-12-22,,1,1,13.0,240403900.0,V4_X1_CLEAN_SECURITY_MASTER_PLUS_PRIMARY_LIQUID_60_SESSION_VALUE
IPOL,Indopoly Swakarsa Industry Tbk,2010-07-09,,1,0,,,V4_X1_CLEAN_SECURITY_MASTER_PLUS_PRIMARY_LIQUID_60_SESSION_VALUE
IPPE,Indo Pureco Pratama Tbk.,2021-12-09,,1,0,,,V4_X1_CLEAN_SECURITY_MASTER_PLUS_PRIMARY_LIQUID_60_SESSION_VALUE
IPTV,MNC Vision Networks Tbk.,2019-07-08,,1,0,,,V4_X1_CLEAN_SECURITY_MASTER_PLUS_PRIMARY_LIQUID_60_SESSION_VALUE
IRRA,Itama Ranoraya Tbk.,2019-10-15,,1,0,,,V4_X1_CLEAN_SECURITY_MASTER_PLUS_PRIMARY_LIQUID_60_SESSION_VALUE
IRSX,Folago Global Nusantara Tbk.,2023-02-07,,1,0,,,V4_X1_CLEAN_SECURITY_MASTER_PLUS_PRIMARY_LIQUID_60_SESSION_VALUE
ISAP,Isra Presisi Indonesia Tbk.,2022-12-09,,1,0,,,V4_X1_CLEAN_SECURITY_MASTER_PLUS_PRIMARY_LIQUID_60_SESSION_VALUE
ISAT,Indosat Tbk.,1994-10-19,,1,0,,,V4_X1_CLEAN_SECURITY_MASTER_PLUS_PRIMARY_LIQUID_60_SESSION_VALUE
ISEA,Indo American Seafoods Tbk.,2024-07-08,,1,0,,,V4_X1_CLEAN_SECURITY_MASTER_PLUS_PRIMARY_LIQUID_60_SESSION_VALUE
ISSP,Steel Pipe Industry of Indones,2013-02-22,,1,0,,,V4_X1_CLEAN_SECURITY_MASTER_PLUS_PRIMARY_LIQUID_60_SESSION_VALUE
ITIC,Indonesian Tobacco Tbk.,2019-07-04,,1,0,,,V4_X1_CLEAN_SECURITY_MASTER_PLUS_PRIMARY_LIQUID_60_SESSION_VALUE
ITMA,Sumber Energi Andalan Tbk.,1990-12-10,,1,0,,,V4_X1_CLEAN_SECURITY_MASTER_PLUS_PRIMARY_LIQUID_60_SESSION_VALUE
ITMG,Indo Tambangraya Megah Tbk.,2007-12-18,,1,0,,,V4_X1_CLEAN_SECURITY_MASTER_PLUS_PRIMARY_LIQUID_60_SESSION_VALUE
JARR,Jhonlin Agro Raya Tbk.,2022-08-04,,1,0,,,V4_X1_CLEAN_SECURITY_MASTER_PLUS_PRIMARY_LIQUID_60_SESSION_VALUE
JAST,Jasnita Telekomindo Tbk.,2019-05-16,,1,0,,,V4_X1_CLEAN_SECURITY_MASTER_PLUS_PRIMARY_LIQUID_60_SESSION_VALUE
JATI,Informasi Teknologi Indonesia,2023-05-08,,1,0,,,V4_X1_CLEAN_SECURITY_MASTER_PLUS_PRIMARY_LIQUID_60_SESSION_VALUE
JAWA,Jaya Agra Wattie Tbk.,2011-05-30,,1,1,24.0,155234100.0,V4_X1_CLEAN_SECURITY_MASTER_PLUS_PRIMARY_LIQUID_60_SESSION_VALUE
JAYA,Armada Berjaya Trans Tbk.,2019-02-21,,1,0,,,V4_X1_CLEAN_SECURITY_MASTER_PLUS_PRIMARY_LIQUID_60_SESSION_VALUE
JECC,Jembo Cable Company Tbk.,1992-11-18,,1,0,,,V4_X1_CLEAN_SECURITY_MASTER_PLUS_PRIMARY_LIQUID_60_SESSION_VALUE
JECX,Nitrasanata Dharma Tbk.,2026-07-07,,1,0,,,V4_X1_CLEAN_SECURITY_MASTER_PLUS_PRIMARY_LIQUID_60_SESSION_VALUE
JELI,Niramas Utama Tbk.,2026-07-07,,1,0,,,V4_X1_CLEAN_SECURITY_MASTER_PLUS_PRIMARY_LIQUID_60_SESSION_VALUE
JGLE,Graha Andrasentra Propertindo,2016-06-29,,1,0,,,V4_X1_CLEAN_SECURITY_MASTER_PLUS_PRIMARY_LIQUID_60_SESSION_VALUE
JIHD,Jakarta International Hotels &,1984-02-29,,1,0,,,V4_X1_CLEAN_SECURITY_MASTER_PLUS_PRIMARY_LIQUID_60_SESSION_VALUE
JKON,Jaya Konstruksi Manggala Prata,2007-12-04,,1,0,,,V4_X1_CLEAN_SECURITY_MASTER_PLUS_PRIMARY_LIQUID_60_SESSION_VALUE
JMAS,Asuransi Jiwa Syariah Jasa Mit,2017-12-18,,1,0,,,V4_X1_CLEAN_SECURITY_MASTER_PLUS_PRIMARY_LIQUID_60_SESSION_VALUE
JPFA,Japfa Comfeed Indonesia Tbk.,1989-10-23,,1,0,,,V4_X1_CLEAN_SECURITY_MASTER_PLUS_PRIMARY_LIQUID_60_SESSION_VALUE
JRPT,Jaya Real Property Tbk.,1994-06-29,,1,0,,,V4_X1_CLEAN_SECURITY_MASTER_PLUS_PRIMARY_LIQUID_60_SESSION_VALUE
JSKY,Sky Energy Indonesia Tbk.,2018-03-28,,1,0,,,V4_X1_CLEAN_SECURITY_MASTER_PLUS_PRIMARY_LIQUID_60_SESSION_VALUE
JSMR,Jasa Marga (Persero) Tbk.,2007-11-12,,1,0,,,V4_X1_CLEAN_SECURITY_MASTER_PLUS_PRIMARY_LIQUID_60_SESSION_VALUE
JSPT,Jakarta Setiabudi Internasiona,1998-01-12,,1,0,,,V4_X1_CLEAN_SECURITY_MASTER_PLUS_PRIMARY_LIQUID_60_SESSION_VALUE
JTPE,Jasuindo Tiga Perkasa Tbk.,2002-04-16,,1,0,,,V4_X1_CLEAN_SECURITY_MASTER_PLUS_PRIMARY_LIQUID_60_SESSION_VALUE
KAEF,Kimia Farma Tbk.,2001-07-04,,1,0,,,V4_X1_CLEAN_SECURITY_MASTER_PLUS_PRIMARY_LIQUID_60_SESSION_VALUE
KAQI,Jantra Grupo Indonesia Tbk.,2025-03-10,,1,0,,,V4_X1_CLEAN_SECURITY_MASTER_PLUS_PRIMARY_LIQUID_60_SESSION_VALUE
KARW,Meratus Jasa Prima Tbk.,1994-12-20,,1,0,,,V4_X1_CLEAN_SECURITY_MASTER_PLUS_PRIMARY_LIQUID_60_SESSION_VALUE
KAYU,Darmi Bersaudara Tbk.,2019-07-04,,1,0,,,V4_X1_CLEAN_SECURITY_MASTER_PLUS_PRIMARY_LIQUID_60_SESSION_VALUE
KBAG,Karya Bersama Anugerah Tbk.,2020-04-08,,1,1,21.0,176785100.0,V4_X1_CLEAN_SECURITY_MASTER_PLUS_PRIMARY_LIQUID_60_SESSION_VALUE
KBLI,KMI Wire & Cable Tbk.,1992-07-06,,1,0,,,V4_X1_CLEAN_SECURITY_MASTER_PLUS_PRIMARY_LIQUID_60_SESSION_VALUE
KBLM,Kabelindo Murni Tbk.,1992-06-01,,1,0,,,V4_X1_CLEAN_SECURITY_MASTER_PLUS_PRIMARY_LIQUID_60_SESSION_VALUE
KBLV,First Media Tbk.,2000-02-25,,1,0,,,V4_X1_CLEAN_SECURITY_MASTER_PLUS_PRIMARY_LIQUID_60_SESSION_VALUE
KBRI,Kertas Basuki Rachmat Indonesi,2008-07-11,,1,0,,,V4_X1_CLEAN_SECURITY_MASTER_PLUS_PRIMARY_LIQUID_60_SESSION_VALUE
KDSI,Kedawung Setia Industrial Tbk.,1996-07-29,,1,0,,,V4_X1_CLEAN_SECURITY_MASTER_PLUS_PRIMARY_LIQUID_60_SESSION_VALUE
KDTN,Puri Sentul Permai Tbk.,2022-11-09,,1,0,,,V4_X1_CLEAN_SECURITY_MASTER_PLUS_PRIMARY_LIQUID_60_SESSION_VALUE
KEEN,Kencana Energi Lestari Tbk.,2019-09-02,,1,0,,,V4_X1_CLEAN_SECURITY_MASTER_PLUS_PRIMARY_LIQUID_60_SESSION_VALUE
KEJU,Mulia Boga Raya Tbk.,2019-11-25,,1,0,,,V4_X1_CLEAN_SECURITY_MASTER_PLUS_PRIMARY_LIQUID_60_SESSION_VALUE
KETR,Ketrosden Triasmitra Tbk.,2021-01-11,,1,0,,,V4_X1_CLEAN_SECURITY_MASTER_PLUS_PRIMARY_LIQUID_60_SESSION_VALUE
KIAS,Keramika Indonesia Assosiasi T,1994-12-08,,1,0,,,V4_X1_CLEAN_SECURITY_MASTER_PLUS_PRIMARY_LIQUID_60_SESSION_VALUE
KICI,Kedaung Indah Can Tbk,1993-10-28,,1,0,,,V4_X1_CLEAN_SECURITY_MASTER_PLUS_PRIMARY_LIQUID_60_SESSION_VALUE
KIJA,Kawasan Industri Jababeka Tbk.,1995-01-10,,1,0,,,V4_X1_CLEAN_SECURITY_MASTER_PLUS_PRIMARY_LIQUID_60_SESSION_VALUE
KING,Hoffmen Cleanindo Tbk.,2023-02-16,,1,1,10.0,342131900.0,V4_X1_CLEAN_SECURITY_MASTER_PLUS_PRIMARY_LIQUID_60_SESSION_VALUE
KINO,Kino Indonesia Tbk.,2015-12-11,,1,1,96.0,11022750.0,V4_X1_CLEAN_SECURITY_MASTER_PLUS_PRIMARY_LIQUID_60_SESSION_VALUE
KIOS,Kioson Komersial Indonesia Tbk,2017-10-05,,1,0,,,V4_X1_CLEAN_SECURITY_MASTER_PLUS_PRIMARY_LIQUID_60_SESSION_VALUE
KJEN,Krida Jaringan Nusantara Tbk.,2019-07-01,,1,0,,,V4_X1_CLEAN_SECURITY_MASTER_PLUS_PRIMARY_LIQUID_60_SESSION_VALUE
KKES,Kusuma Kemindo Sentosa Tbk.,2022-08-08,,1,1,14.0,229595150.0,V4_X1_CLEAN_SECURITY_MASTER_PLUS_PRIMARY_LIQUID_60_SESSION_VALUE
KKGI,Resource Alam Indonesia Tbk.,1991-07-01,,1,0,,,V4_X1_CLEAN_SECURITY_MASTER_PLUS_PRIMARY_LIQUID_60_SESSION_VALUE
KLAS,Pelayaran Kurnia Lautan Semest,2023-06-12,,1,0,,,V4_X1_CLEAN_SECURITY_MASTER_PLUS_PRIMARY_LIQUID_60_SESSION_VALUE
KLBF,Kalbe Farma Tbk.,1991-07-30,,1,0,,,V4_X1_CLEAN_SECURITY_MASTER_PLUS_PRIMARY_LIQUID_60_SESSION_VALUE
KLIN,Klinko Karya Imaji Tbk.,2022-08-09,,1,0,,,V4_X1_CLEAN_SECURITY_MASTER_PLUS_PRIMARY_LIQUID_60_SESSION_VALUE
KMDS,Kurniamitra Duta Sentosa Tbk.,2020-09-07,,1,0,,,V4_X1_CLEAN_SECURITY_MASTER_PLUS_PRIMARY_LIQUID_60_SESSION_VALUE
KMTR,Kirana Megatara Tbk.,2017-06-19,,1,0,,,V4_X1_CLEAN_SECURITY_MASTER_PLUS_PRIMARY_LIQUID_60_SESSION_VALUE
KOBX,Kobexindo Tractors Tbk.,2012-07-05,,1,1,11.0,311198150.0,V4_X1_CLEAN_SECURITY_MASTER_PLUS_PRIMARY_LIQUID_60_SESSION_VALUE
KOCI,Kokoh Exa Nusantara Tbk.,2023-10-07,,1,0,,,V4_X1_CLEAN_SECURITY_MASTER_PLUS_PRIMARY_LIQUID_60_SESSION_VALUE
KOIN,Kokoh Inti Arebama Tbk,2008-04-09,,1,0,,,V4_X1_CLEAN_SECURITY_MASTER_PLUS_PRIMARY_LIQUID_60_SESSION_VALUE
KOKA,Koka Indonesia Tbk.,2023-10-11,,1,0,,,V4_X1_CLEAN_SECURITY_MASTER_PLUS_PRIMARY_LIQUID_60_SESSION_VALUE
KONI,Perdana Bangun Pusaka Tbk,1995-08-22,,1,0,,,V4_X1_CLEAN_SECURITY_MASTER_PLUS_PRIMARY_LIQUID_60_SESSION_VALUE
KOPI,Mitra Energi Persada Tbk.,2015-05-04,,1,0,,,V4_X1_CLEAN_SECURITY_MASTER_PLUS_PRIMARY_LIQUID_60_SESSION_VALUE
KOTA,DMS Propertindo Tbk.,2019-07-09,,1,0,,,V4_X1_CLEAN_SECURITY_MASTER_PLUS_PRIMARY_LIQUID_60_SESSION_VALUE
KPIG,MNC Tourism Indonesia Tbk.,2000-03-30,,1,0,,,V4_X1_CLEAN_SECURITY_MASTER_PLUS_PRIMARY_LIQUID_60_SESSION_VALUE
KRAS,Krakatau Steel (Persero) Tbk.,2010-11-10,,1,0,,,V4_X1_CLEAN_SECURITY_MASTER_PLUS_PRIMARY_LIQUID_60_SESSION_VALUE
KREN,Quantum Clovera Investama Tbk.,2002-06-28,,1,1,16.0,221237250.0,V4_X1_CLEAN_SECURITY_MASTER_PLUS_PRIMARY_LIQUID_60_SESSION_VALUE
KRYA,Bangun Karya Perkasa Jaya Tbk.,2022-07-25,,1,0,,,V4_X1_CLEAN_SECURITY_MASTER_PLUS_PRIMARY_LIQUID_60_SESSION_VALUE
KSIX,Kentanix Supra International T,2025-01-08,,1,0,,,V4_X1_CLEAN_SECURITY_MASTER_PLUS_PRIMARY_LIQUID_60_SESSION_VALUE
KUAS,Ace Oldfields Tbk.,2021-10-25,,1,0,,,V4_X1_CLEAN_SECURITY_MASTER_PLUS_PRIMARY_LIQUID_60_SESSION_VALUE
LABA,Green Power Group Tbk.,2021-06-10,,1,0,,,V4_X1_CLEAN_SECURITY_MASTER_PLUS_PRIMARY_LIQUID_60_SESSION_VALUE
LABS,UBC Medical Indonesia Tbk.,2024-07-10,,1,0,,,V4_X1_CLEAN_SECURITY_MASTER_PLUS_PRIMARY_LIQUID_60_SESSION_VALUE
LAJU,Jasa Berdikari Logistics Tbk.,2023-01-27,,1,0,,,V4_X1_CLEAN_SECURITY_MASTER_PLUS_PRIMARY_LIQUID_60_SESSION_VALUE
LAND,Trimitra Propertindo Tbk.,2018-08-23,,1,0,,,V4_X1_CLEAN_SECURITY_MASTER_PLUS_PRIMARY_LIQUID_60_SESSION_VALUE
LAPD,Leyand International Tbk.,2001-07-17,,1,0,,,V4_X1_CLEAN_SECURITY_MASTER_PLUS_PRIMARY_LIQUID_60_SESSION_VALUE
LCGP,Eureka Prima Jakarta Tbk.,2007-07-13,,1,0,,,V4_X1_CLEAN_SECURITY_MASTER_PLUS_PRIMARY_LIQUID_60_SESSION_VALUE
LCKM,LCK Global Kedaton Tbk.,2018-01-16,,1,0,,,V4_X1_CLEAN_SECURITY_MASTER_PLUS_PRIMARY_LIQUID_60_SESSION_VALUE
LEAD,Logindo Samudramakmur Tbk.,2013-12-11,,1,0,,,V4_X1_CLEAN_SECURITY_MASTER_PLUS_PRIMARY_LIQUID_60_SESSION_VALUE
LFLO,Imago Mulia Persada Tbk.,2021-04-07,,1,0,,,V4_X1_CLEAN_SECURITY_MASTER_PLUS_PRIMARY_LIQUID_60_SESSION_VALUE
LIFE,MSIG Life Insurance Indonesia,2019-07-09,,1,0,,,V4_X1_CLEAN_SECURITY_MASTER_PLUS_PRIMARY_LIQUID_60_SESSION_VALUE
LINK,Link Net Tbk.,2014-06-02,,1,1,79.0,26936750.0,V4_X1_CLEAN_SECURITY_MASTER_PLUS_PRIMARY_LIQUID_60_SESSION_VALUE
LION,Lion Metal Works Tbk.,1993-08-20,,1,0,,,V4_X1_CLEAN_SECURITY_MASTER_PLUS_PRIMARY_LIQUID_60_SESSION_VALUE
LIVE,Homeco Victoria Makmur Tbk.,2024-02-12,,1,0,,,V4_X1_CLEAN_SECURITY_MASTER_PLUS_PRIMARY_LIQUID_60_SESSION_VALUE
LMAS,Limas Indonesia Makmur Tbk,2001-12-28,,1,0,,,V4_X1_CLEAN_SECURITY_MASTER_PLUS_PRIMARY_LIQUID_60_SESSION_VALUE
LMAX,Lupromax Pelumas Indonesia Tbk,2023-08-09,,1,0,,,V4_X1_CLEAN_SECURITY_MASTER_PLUS_PRIMARY_LIQUID_60_SESSION_VALUE
LMPI,Langgeng Makmur Industri Tbk.,1994-10-17,,1,0,,,V4_X1_CLEAN_SECURITY_MASTER_PLUS_PRIMARY_LIQUID_60_SESSION_VALUE
LMSH,Lionmesh Prima Tbk.,1990-06-04,,1,0,,,V4_X1_CLEAN_SECURITY_MASTER_PLUS_PRIMARY_LIQUID_60_SESSION_VALUE
LOPI,Logisticsplus International Tb,2023-10-11,,1,0,,,V4_X1_CLEAN_SECURITY_MASTER_PLUS_PRIMARY_LIQUID_60_SESSION_VALUE
LPCK,Lippo Cikarang Tbk,1997-07-24,,1,0,,,V4_X1_CLEAN_SECURITY_MASTER_PLUS_PRIMARY_LIQUID_60_SESSION_VALUE
LPGI,Lippo General Insurance Tbk.,1997-07-22,,1,0,,,V4_X1_CLEAN_SECURITY_MASTER_PLUS_PRIMARY_LIQUID_60_SESSION_VALUE
LPIN,Multi Prima Sejahtera Tbk,1990-02-05,,1,1,70.0,34002600.0,V4_X1_CLEAN_SECURITY_MASTER_PLUS_PRIMARY_LIQUID_60_SESSION_VALUE
LPKR,Lippo Karawaci Tbk.,1996-06-28,,1,0,,,V4_X1_CLEAN_SECURITY_MASTER_PLUS_PRIMARY_LIQUID_60_SESSION_VALUE
LPLI,Star Pacific Tbk,1989-10-23,,1,0,,,V4_X1_CLEAN_SECURITY_MASTER_PLUS_PRIMARY_LIQUID_60_SESSION_VALUE
LPPF,MDS Retailing Tbk.,1989-10-09,,1,0,,,V4_X1_CLEAN_SECURITY_MASTER_PLUS_PRIMARY_LIQUID_60_SESSION_VALUE
LPPS,Lenox Pasifik Investama Tbk.,1994-03-28,,1,0,,,V4_X1_CLEAN_SECURITY_MASTER_PLUS_PRIMARY_LIQUID_60_SESSION_VALUE
LRNA,Eka Sari Lorena Transport Tbk.,2014-04-15,,1,0,,,V4_X1_CLEAN_SECURITY_MASTER_PLUS_PRIMARY_LIQUID_60_SESSION_VALUE
LSIP,PP London Sumatra Indonesia Tb,1996-07-05,,1,0,,,V4_X1_CLEAN_SECURITY_MASTER_PLUS_PRIMARY_LIQUID_60_SESSION_VALUE
LTLS,Lautan Luas Tbk.,1997-07-21,,1,1,73.0,32274500.0,V4_X1_CLEAN_SECURITY_MASTER_PLUS_PRIMARY_LIQUID_60_SESSION_VALUE
LUCK,Sentral Mitra Informatika Tbk.,2018-11-28,,1,0,,,V4_X1_CLEAN_SECURITY_MASTER_PLUS_PRIMARY_LIQUID_60_SESSION_VALUE
LUCY,Lima Dua Lima Tiga Tbk.,2021-05-05,,1,0,,,V4_X1_CLEAN_SECURITY_MASTER_PLUS_PRIMARY_LIQUID_60_SESSION_VALUE
MABA,Marga Abhinaya Abadi Tbk.,2017-06-22,,1,0,,,V4_X1_CLEAN_SECURITY_MASTER_PLUS_PRIMARY_LIQUID_60_SESSION_VALUE
MAGP,Multi Agro Gemilang Plantation,2013-01-16,,1,0,,,V4_X1_CLEAN_SECURITY_MASTER_PLUS_PRIMARY_LIQUID_60_SESSION_VALUE
MAHA,Mandiri Herindo Adiperkasa Tbk,2023-07-25,,1,0,,,V4_X1_CLEAN_SECURITY_MASTER_PLUS_PRIMARY_LIQUID_60_SESSION_VALUE
MAIN,Malindo Feedmill Tbk.,2006-02-10,,1,0,,,V4_X1_CLEAN_SECURITY_MASTER_PLUS_PRIMARY_LIQUID_60_SESSION_VALUE
MANG,Manggung Polahraya Tbk.,2024-01-11,,1,0,,,V4_X1_CLEAN_SECURITY_MASTER_PLUS_PRIMARY_LIQUID_60_SESSION_VALUE
MAPA,Map Aktif Adiperkasa Tbk.,2018-07-05,,1,0,,,V4_X1_CLEAN_SECURITY_MASTER_PLUS_PRIMARY_LIQUID_60_SESSION_VALUE
MAPB,MAP Boga Adiperkasa Tbk.,2017-06-21,,1,0,,,V4_X1_CLEAN_SECURITY_MASTER_PLUS_PRIMARY_LIQUID_60_SESSION_VALUE
MAPI,Mitra Adiperkasa Tbk.,2004-11-10,,1,0,,,V4_X1_CLEAN_SECURITY_MASTER_PLUS_PRIMARY_LIQUID_60_SESSION_VALUE
MARI,Mahaka Radio Integra Tbk.,2016-02-11,,1,0,,,V4_X1_CLEAN_SECURITY_MASTER_PLUS_PRIMARY_LIQUID_60_SESSION_VALUE
MARK,Mark Dynamics Indonesia Tbk.,2017-07-12,,1,0,,,V4_X1_CLEAN_SECURITY_MASTER_PLUS_PRIMARY_LIQUID_60_SESSION_VALUE
MASB,Bank Multiarta Sentosa Tbk.,2021-06-30,,1,1,69.0,35567500.0,V4_X1_CLEAN_SECURITY_MASTER_PLUS_PRIMARY_LIQUID_60_SESSION_VALUE
MAXI,Maxindo Karya Anugerah Tbk.,2023-06-12,,1,0,,,V4_X1_CLEAN_SECURITY_MASTER_PLUS_PRIMARY_LIQUID_60_SESSION_VALUE
MAYA,Bank Mayapada Internasional Tb,1997-08-29,,1,0,,,V4_X1_CLEAN_SECURITY_MASTER_PLUS_PRIMARY_LIQUID_60_SESSION_VALUE
MBAP,Mitrabara Adiperdana Tbk.,2014-07-10,,1,1,47.0,70917000.0,V4_X1_CLEAN_SECURITY_MASTER_PLUS_PRIMARY_LIQUID_60_SESSION_VALUE
MBMA,Merdeka Battery Materials Tbk.,2023-04-18,,1,0,,,V4_X1_CLEAN_SECURITY_MASTER_PLUS_PRIMARY_LIQUID_60_SESSION_VALUE
MBSS,Mitrabahtera Segara Sejati Tbk,2011-04-06,,1,0,,,V4_X1_CLEAN_SECURITY_MASTER_PLUS_PRIMARY_LIQUID_60_SESSION_VALUE
MBTO,Martina Berto Tbk.,2011-01-13,,1,0,,,V4_X1_CLEAN_SECURITY_MASTER_PLUS_PRIMARY_LIQUID_60_SESSION_VALUE
MCAS,M Cash Integrasi Tbk.,2017-11-01,,1,1,37.0,104225450.0,V4_X1_CLEAN_SECURITY_MASTER_PLUS_PRIMARY_LIQUID_60_SESSION_VALUE
MCOL,Prima Andalan Mandiri Tbk.,2021-09-07,,1,1,34.0,107083500.0,V4_X1_CLEAN_SECURITY_MASTER_PLUS_PRIMARY_LIQUID_60_SESSION_VALUE
MCOR,Bank China Construction Bank I,2007-07-03,,1,1,17.0,212962300.0,V4_X1_CLEAN_SECURITY_MASTER_PLUS_PRIMARY_LIQUID_60_SESSION_VALUE
MDIA,Intermedia Capital Tbk.,2014-04-11,,1,0,,,V4_X1_CLEAN_SECURITY_MASTER_PLUS_PRIMARY_LIQUID_60_SESSION_VALUE
MDIY,Daya Intiguna Yasa Tbk.,2024-12-19,,1,0,,,V4_X1_CLEAN_SECURITY_MASTER_PLUS_PRIMARY_LIQUID_60_SESSION_VALUE
MDKA,Merdeka Copper Gold Tbk.,2015-06-19,,1,0,,,V4_X1_CLEAN_SECURITY_MASTER_PLUS_PRIMARY_LIQUID_60_SESSION_VALUE
MDKI,Emdeki Utama Tbk.,2017-09-25,,1,0,,,V4_X1_CLEAN_SECURITY_MASTER_PLUS_PRIMARY_LIQUID_60_SESSION_VALUE
MDLA,Medela Potentia Tbk.,2025-04-15,,1,0,,,V4_X1_CLEAN_SECURITY_MASTER_PLUS_PRIMARY_LIQUID_60_SESSION_VALUE
MDLN,Modernland Realty Tbk.,1993-01-18,,1,0,,,V4_X1_CLEAN_SECURITY_MASTER_PLUS_PRIMARY_LIQUID_60_SESSION_VALUE
MDRN,Modern Internasional Tbk.,1991-07-16,,1,0,,,V4_X1_CLEAN_SECURITY_MASTER_PLUS_PRIMARY_LIQUID_60_SESSION_VALUE
MEDC,Medco Energi Internasional Tbk,1994-10-12,,1,0,,,V4_X1_CLEAN_SECURITY_MASTER_PLUS_PRIMARY_LIQUID_60_SESSION_VALUE
MEDS,Hetzer Medical Indonesia Tbk.,2022-08-10,,1,0,,,V4_X1_CLEAN_SECURITY_MASTER_PLUS_PRIMARY_LIQUID_60_SESSION_VALUE
MEGA,Bank Mega Tbk.,2000-04-17,,1,0,,,V4_X1_CLEAN_SECURITY_MASTER_PLUS_PRIMARY_LIQUID_60_SESSION_VALUE
MEJA,Harta Djaya Karya Tbk.,2024-02-12,,1,0,,,V4_X1_CLEAN_SECURITY_MASTER_PLUS_PRIMARY_LIQUID_60_SESSION_VALUE
MENN,Menn Teknologi Indonesia Tbk.,2023-04-18,,1,0,,,V4_X1_CLEAN_SECURITY_MASTER_PLUS_PRIMARY_LIQUID_60_SESSION_VALUE
MERI,Merry Riana Edukasi Tbk.,2025-07-10,,1,0,,,V4_X1_CLEAN_SECURITY_MASTER_PLUS_PRIMARY_LIQUID_60_SESSION_VALUE
MERK,Merck Tbk.,1981-07-23,,1,0,,,V4_X1_CLEAN_SECURITY_MASTER_PLUS_PRIMARY_LIQUID_60_SESSION_VALUE
META,Nusantara Infrastructure Tbk.,2001-07-18,,1,0,,,V4_X1_CLEAN_SECURITY_MASTER_PLUS_PRIMARY_LIQUID_60_SESSION_VALUE
MFMI,Multifiling Mitra Indonesia Tb,2010-12-29,,1,0,,,V4_X1_CLEAN_SECURITY_MASTER_PLUS_PRIMARY_LIQUID_60_SESSION_VALUE
MGLV,NexAI Digital Infrastruktur Tb,2021-06-08,,1,0,,,V4_X1_CLEAN_SECURITY_MASTER_PLUS_PRIMARY_LIQUID_60_SESSION_VALUE
MGNA,Magna Investama Mandiri Tbk.,2014-07-08,,1,0,,,V4_X1_CLEAN_SECURITY_MASTER_PLUS_PRIMARY_LIQUID_60_SESSION_VALUE
MGRO,Mahkota Group Tbk.,2018-07-12,,1,0,,,V4_X1_CLEAN_SECURITY_MASTER_PLUS_PRIMARY_LIQUID_60_SESSION_VALUE
MHKI,Multi Hanna Kreasindo Tbk.,2024-04-16,,1,0,,,V4_X1_CLEAN_SECURITY_MASTER_PLUS_PRIMARY_LIQUID_60_SESSION_VALUE
MICE,Multi Indocitra Tbk.,2005-12-21,,1,0,,,V4_X1_CLEAN_SECURITY_MASTER_PLUS_PRIMARY_LIQUID_60_SESSION_VALUE
MIDI,Midi Utama Indonesia Tbk.,2010-11-30,,1,0,,,V4_X1_CLEAN_SECURITY_MASTER_PLUS_PRIMARY_LIQUID_60_SESSION_VALUE
MIKA,Mitra Keluarga Karyasehat Tbk.,2015-03-24,,1,0,,,V4_X1_CLEAN_SECURITY_MASTER_PLUS_PRIMARY_LIQUID_60_SESSION_VALUE
MINA,Sanurhasta Mitra Tbk.,2017-04-28,,1,0,,,V4_X1_CLEAN_SECURITY_MASTER_PLUS_PRIMARY_LIQUID_60_SESSION_VALUE
MINE,Sinar Terang Mandiri Tbk.,2025-03-10,,1,0,,,V4_X1_CLEAN_SECURITY_MASTER_PLUS_PRIMARY_LIQUID_60_SESSION_VALUE
MIRA,Mitra International Resources,1997-01-30,,1,0,,,V4_X1_CLEAN_SECURITY_MASTER_PLUS_PRIMARY_LIQUID_60_SESSION_VALUE
MITI,Mitra Investindo Tbk.,1997-07-16,,1,0,,,V4_X1_CLEAN_SECURITY_MASTER_PLUS_PRIMARY_LIQUID_60_SESSION_VALUE
MKAP,Multikarya Asia Pasifik Raya T,2024-02-12,,1,0,,,V4_X1_CLEAN_SECURITY_MASTER_PLUS_PRIMARY_LIQUID_60_SESSION_VALUE
MKNT,Mitra Komunikasi Nusantara Tbk,2015-10-26,,1,0,,,V4_X1_CLEAN_SECURITY_MASTER_PLUS_PRIMARY_LIQUID_60_SESSION_VALUE
MKPI,Metropolitan Kentjana Tbk.,2009-07-10,,1,0,,,V4_X1_CLEAN_SECURITY_MASTER_PLUS_PRIMARY_LIQUID_60_SESSION_VALUE
MKTR,Menthobi Karyatama Raya Tbk.,2022-11-08,,1,1,65.0,37721950.0,V4_X1_CLEAN_SECURITY_MASTER_PLUS_PRIMARY_LIQUID_60_SESSION_VALUE
MLBI,Multi Bintang Indonesia Tbk.,1981-12-15,,1,0,,,V4_X1_CLEAN_SECURITY_MASTER_PLUS_PRIMARY_LIQUID_60_SESSION_VALUE
MLIA,Mulia Industrindo Tbk,1994-01-17,,1,0,,,V4_X1_CLEAN_SECURITY_MASTER_PLUS_PRIMARY_LIQUID_60_SESSION_VALUE
MLPL,Multipolar Tbk.,1989-11-06,,1,0,,,V4_X1_CLEAN_SECURITY_MASTER_PLUS_PRIMARY_LIQUID_60_SESSION_VALUE
MLPT,Multipolar Technology Tbk.,2013-07-08,,1,0,,,V4_X1_CLEAN_SECURITY_MASTER_PLUS_PRIMARY_LIQUID_60_SESSION_VALUE
MMIX,Multi Medika Internasional Tbk,2022-12-06,,1,0,,,V4_X1_CLEAN_SECURITY_MASTER_PLUS_PRIMARY_LIQUID_60_SESSION_VALUE
MMLP,Mega Manunggal Property Tbk.,2015-06-12,,1,0,,,V4_X1_CLEAN_SECURITY_MASTER_PLUS_PRIMARY_LIQUID_60_SESSION_VALUE
MNCN,Media Nusantara Citra Tbk.,2007-06-22,,1,0,,,V4_X1_CLEAN_SECURITY_MASTER_PLUS_PRIMARY_LIQUID_60_SESSION_VALUE
MOLI,Madusari Murni Indah Tbk.,2018-08-30,,1,0,,,V4_X1_CLEAN_SECURITY_MASTER_PLUS_PRIMARY_LIQUID_60_SESSION_VALUE
MORA,Ekamas Mora Republik Tbk.,2022-08-08,,1,0,,,V4_X1_CLEAN_SECURITY_MASTER_PLUS_PRIMARY_LIQUID_60_SESSION_VALUE
MPIX,Mitra Pedagang Indonesia Tbk.,2024-02-07,,1,0,,,V4_X1_CLEAN_SECURITY_MASTER_PLUS_PRIMARY_LIQUID_60_SESSION_VALUE
MPMX,Mitra Pinasthika Mustika Tbk.,2013-05-29,,1,0,,,V4_X1_CLEAN_SECURITY_MASTER_PLUS_PRIMARY_LIQUID_60_SESSION_VALUE
MPOW,Megapower Makmur Tbk.,2017-07-05,,1,0,,,V4_X1_CLEAN_SECURITY_MASTER_PLUS_PRIMARY_LIQUID_60_SESSION_VALUE
MPPA,Matahari Putra Prima Tbk.,1992-12-21,,1,0,,,V4_X1_CLEAN_SECURITY_MASTER_PLUS_PRIMARY_LIQUID_60_SESSION_VALUE
MPRO,Maha Properti Indonesia Tbk.,2018-10-09,,1,0,,,V4_X1_CLEAN_SECURITY_MASTER_PLUS_PRIMARY_LIQUID_60_SESSION_VALUE
MPXL,MPX Logistics International Tb,2023-05-09,,1,0,,,V4_X1_CLEAN_SECURITY_MASTER_PLUS_PRIMARY_LIQUID_60_SESSION_VALUE
MRAT,Mustika Ratu Tbk.,1995-07-27,,1,0,,,V4_X1_CLEAN_SECURITY_MASTER_PLUS_PRIMARY_LIQUID_60_SESSION_VALUE
MREI,Maskapai Reasuransi Indonesia,1989-09-04,,1,0,,,V4_X1_CLEAN_SECURITY_MASTER_PLUS_PRIMARY_LIQUID_60_SESSION_VALUE
MSIE,Multisarana Intan Eduka Tbk.,2023-08-10,,1,1,7.0,379200200.0,V4_X1_CLEAN_SECURITY_MASTER_PLUS_PRIMARY_LIQUID_60_SESSION_VALUE
MSIN,MNC Digital Entertainment Tbk.,2018-06-08,,1,0,,,V4_X1_CLEAN_SECURITY_MASTER_PLUS_PRIMARY_LIQUID_60_SESSION_VALUE
MSJA,Multi Spunindo Jaya Tbk.,2024-01-10,,1,0,,,V4_X1_CLEAN_SECURITY_MASTER_PLUS_PRIMARY_LIQUID_60_SESSION_VALUE
MSKY,MNC Sky Vision Tbk.,2012-07-09,,1,0,,,V4_X1_CLEAN_SECURITY_MASTER_PLUS_PRIMARY_LIQUID_60_SESSION_VALUE
MSTI,Mastersystem Infotama Tbk.,2023-11-08,,1,0,,,V4_X1_CLEAN_SECURITY_MASTER_PLUS_PRIMARY_LIQUID_60_SESSION_VALUE
MTDL,Metrodata Electronics Tbk.,1990-04-09,,1,0,,,V4_X1_CLEAN_SECURITY_MASTER_PLUS_PRIMARY_LIQUID_60_SESSION_VALUE
MTEL,Dayamitra Telekomunikasi Tbk.,2021-11-22,,1,0,,,V4_X1_CLEAN_SECURITY_MASTER_PLUS_PRIMARY_LIQUID_60_SESSION_VALUE
MTFN,Capitalinc Investment Tbk.,1990-04-16,,1,0,,,V4_X1_CLEAN_SECURITY_MASTER_PLUS_PRIMARY_LIQUID_60_SESSION_VALUE
MTLA,Metropolitan Land Tbk.,2011-06-20,,1,0,,,V4_X1_CLEAN_SECURITY_MASTER_PLUS_PRIMARY_LIQUID_60_SESSION_VALUE
MTMH,Murni Sadar Tbk.,2022-04-20,,1,0,,,V4_X1_CLEAN_SECURITY_MASTER_PLUS_PRIMARY_LIQUID_60_SESSION_VALUE
MTPS,Meta Epsi Tbk.,2019-04-10,,1,0,,,V4_X1_CLEAN_SECURITY_MASTER_PLUS_PRIMARY_LIQUID_60_SESSION_VALUE
MTRA,Mitra Pemuda Tbk.,2016-02-10,,1,0,,,V4_X1_CLEAN_SECURITY_MASTER_PLUS_PRIMARY_LIQUID_60_SESSION_VALUE
MTSM,Metro Realty Tbk.,1992-01-08,,1,0,,,V4_X1_CLEAN_SECURITY_MASTER_PLUS_PRIMARY_LIQUID_60_SESSION_VALUE
MTWI,Malacca Trust Wuwungan Insuran,2017-10-12,,1,0,104.0,4927300.0,V4_X1_CLEAN_SECURITY_MASTER_PLUS_PRIMARY_LIQUID_60_SESSION_VALUE
MUTU,Mutuagung Lestari Tbk.,2023-08-09,,1,0,,,V4_X1_CLEAN_SECURITY_MASTER_PLUS_PRIMARY_LIQUID_60_SESSION_VALUE
MYOH,Samindo Resources Tbk.,2000-07-27,,1,0,,,V4_X1_CLEAN_SECURITY_MASTER_PLUS_PRIMARY_LIQUID_60_SESSION_VALUE
MYOR,Mayora Indah Tbk.,1990-07-04,,1,0,,,V4_X1_CLEAN_SECURITY_MASTER_PLUS_PRIMARY_LIQUID_60_SESSION_VALUE
MYTX,Asia Pacific Investama Tbk.,1989-10-10,,1,0,,,V4_X1_CLEAN_SECURITY_MASTER_PLUS_PRIMARY_LIQUID_60_SESSION_VALUE
NAIK,Adiwarna Anugerah Abadi Tbk.,2024-11-13,,1,0,,,V4_X1_CLEAN_SECURITY_MASTER_PLUS_PRIMARY_LIQUID_60_SESSION_VALUE
NANO,Nanotech Indonesia Global Tbk.,2022-03-10,,1,0,,,V4_X1_CLEAN_SECURITY_MASTER_PLUS_PRIMARY_LIQUID_60_SESSION_VALUE
NASA,Andalan Perkasa Abadi Tbk.,2017-08-07,,1,0,,,V4_X1_CLEAN_SECURITY_MASTER_PLUS_PRIMARY_LIQUID_60_SESSION_VALUE
NASI,Wahana Inti Makmur Tbk.,2021-12-13,,1,0,,,V4_X1_CLEAN_SECURITY_MASTER_PLUS_PRIMARY_LIQUID_60_SESSION_VALUE
NATO,Olympus Strategic Indonesia Tb,2019-01-18,,1,0,,,V4_X1_CLEAN_SECURITY_MASTER_PLUS_PRIMARY_LIQUID_60_SESSION_VALUE
NAYZ,Hassana Boga Sejahtera Tbk.,2023-02-06,,1,0,,,V4_X1_CLEAN_SECURITY_MASTER_PLUS_PRIMARY_LIQUID_60_SESSION_VALUE
NCKL,Trimegah Bangun Persada Tbk.,2023-04-12,,1,0,,,V4_X1_CLEAN_SECURITY_MASTER_PLUS_PRIMARY_LIQUID_60_SESSION_VALUE
NELY,Pelayaran Nelly Dwi Putri Tbk.,2012-10-11,,1,0,,,V4_X1_CLEAN_SECURITY_MASTER_PLUS_PRIMARY_LIQUID_60_SESSION_VALUE
NEST,Esta Indonesia Tbk.,2024-08-08,,1,0,,,V4_X1_CLEAN_SECURITY_MASTER_PLUS_PRIMARY_LIQUID_60_SESSION_VALUE
NETV,MDTV Media Technologies Tbk.,2022-01-26,,1,0,,,V4_X1_CLEAN_SECURITY_MASTER_PLUS_PRIMARY_LIQUID_60_SESSION_VALUE
NFCX,NFC Indonesia Tbk.,2018-07-12,,1,1,78.0,27197000.0,V4_X1_CLEAN_SECURITY_MASTER_PLUS_PRIMARY_LIQUID_60_SESSION_VALUE
NICE,Adhi Kartiko Pratama Tbk.,2024-01-09,,1,0,,,V4_X1_CLEAN_SECURITY_MASTER_PLUS_PRIMARY_LIQUID_60_SESSION_VALUE
NICK,Charnic Capital Tbk.,2018-05-02,,1,0,,,V4_X1_CLEAN_SECURITY_MASTER_PLUS_PRIMARY_LIQUID_60_SESSION_VALUE
NICL,PAM Mineral Tbk.,2021-07-09,,1,0,,,V4_X1_CLEAN_SECURITY_MASTER_PLUS_PRIMARY_LIQUID_60_SESSION_VALUE
NIKL,Pelat Timah Nusantara Tbk.,2009-12-14,,1,0,,,V4_X1_CLEAN_SECURITY_MASTER_PLUS_PRIMARY_LIQUID_60_SESSION_VALUE
NINE,Techno9 Indonesia Tbk.,2022-12-05,,1,0,,,V4_X1_CLEAN_SECURITY_MASTER_PLUS_PRIMARY_LIQUID_60_SESSION_VALUE
NIRO,City Retail Developments Tbk.,2012-09-13,,1,0,,,V4_X1_CLEAN_SECURITY_MASTER_PLUS_PRIMARY_LIQUID_60_SESSION_VALUE
NISP,Bank OCBC NISP Tbk.,1994-10-20,,1,0,,,V4_X1_CLEAN_SECURITY_MASTER_PLUS_PRIMARY_LIQUID_60_SESSION_VALUE
NOBU,Bank Nationalnobu Tbk.,2013-05-20,,1,0,,,V4_X1_CLEAN_SECURITY_MASTER_PLUS_PRIMARY_LIQUID_60_SESSION_VALUE
NPGF,Nusa Palapa Gemilang Tbk.,2021-04-14,,1,0,,,V4_X1_CLEAN_SECURITY_MASTER_PLUS_PRIMARY_LIQUID_60_SESSION_VALUE
NRCA,Nusa Raya Cipta Tbk.,2013-06-27,,1,0,,,V4_X1_CLEAN_SECURITY_MASTER_PLUS_PRIMARY_LIQUID_60_SESSION_VALUE
NSSS,Nusantara Sawit Sejahtera Tbk.,2023-03-10,,1,0,,,V4_X1_CLEAN_SECURITY_MASTER_PLUS_PRIMARY_LIQUID_60_SESSION_VALUE
NTBK,Nusatama Berkah Tbk.,2022-02-09,,1,0,,,V4_X1_CLEAN_SECURITY_MASTER_PLUS_PRIMARY_LIQUID_60_SESSION_VALUE
NUSA,Sinergi Megah Internusa Tbk.,2018-07-12,,1,0,,,V4_X1_CLEAN_SECURITY_MASTER_PLUS_PRIMARY_LIQUID_60_SESSION_VALUE
NZIA,Nusantara Almazia Tbk.,2019-09-25,,1,0,,,V4_X1_CLEAN_SECURITY_MASTER_PLUS_PRIMARY_LIQUID_60_SESSION_VALUE
OASA,Maharaksa Biru Energi Tbk.,2016-07-18,,1,0,,,V4_X1_CLEAN_SECURITY_MASTER_PLUS_PRIMARY_LIQUID_60_SESSION_VALUE
OBAT,Brigit Biofarmaka Teknologi Tb,2025-01-13,,1,0,,,V4_X1_CLEAN_SECURITY_MASTER_PLUS_PRIMARY_LIQUID_60_SESSION_VALUE
OBMD,OBM Drilchem Tbk.,2021-12-08,,1,1,28.0,121053800.0,V4_X1_CLEAN_SECURITY_MASTER_PLUS_PRIMARY_LIQUID_60_SESSION_VALUE
OCAP,Onix Capital Tbk.,2003-10-10,,1,0,,,V4_X1_CLEAN_SECURITY_MASTER_PLUS_PRIMARY_LIQUID_60_SESSION_VALUE
OILS,Indo Oil Perkasa Tbk.,2021-09-06,,1,0,,,V4_X1_CLEAN_SECURITY_MASTER_PLUS_PRIMARY_LIQUID_60_SESSION_VALUE
OKAS,Ancora Indonesia Resources Tbk,2006-03-29,,1,0,,,V4_X1_CLEAN_SECURITY_MASTER_PLUS_PRIMARY_LIQUID_60_SESSION_VALUE
OLIV,Atlas Nexus Group Tbk.,2022-05-17,,1,0,,,V4_X1_CLEAN_SECURITY_MASTER_PLUS_PRIMARY_LIQUID_60_SESSION_VALUE
OMED,Jayamas Medica Industri Tbk.,2022-11-08,,1,0,,,V4_X1_CLEAN_SECURITY_MASTER_PLUS_PRIMARY_LIQUID_60_SESSION_VALUE
OMRE,Indonesia Prima Property Tbk,1994-08-22,,1,0,,,V4_X1_CLEAN_SECURITY_MASTER_PLUS_PRIMARY_LIQUID_60_SESSION_VALUE
OPMS,Optima Prima Metal Sinergi Tbk,2019-09-23,,1,0,,,V4_X1_CLEAN_SECURITY_MASTER_PLUS_PRIMARY_LIQUID_60_SESSION_VALUE
PACK,Abadi Nusantara Hijau Investam,2023-02-08,,1,0,,,V4_X1_CLEAN_SECURITY_MASTER_PLUS_PRIMARY_LIQUID_60_SESSION_VALUE
PADA,Personel Alih Daya Tbk.,2022-12-08,,1,0,,,V4_X1_CLEAN_SECURITY_MASTER_PLUS_PRIMARY_LIQUID_60_SESSION_VALUE
PADI,Minna Padi Investama Sekuritas,2012-01-09,,1,0,,,V4_X1_CLEAN_SECURITY_MASTER_PLUS_PRIMARY_LIQUID_60_SESSION_VALUE
PALM,Provident Investasi Bersama Tb,2012-10-08,,1,1,26.0,140096800.0,V4_X1_CLEAN_SECURITY_MASTER_PLUS_PRIMARY_LIQUID_60_SESSION_VALUE
PAMG,Bima Sakti Pertiwi Tbk.,2019-07-05,,1,0,,,V4_X1_CLEAN_SECURITY_MASTER_PLUS_PRIMARY_LIQUID_60_SESSION_VALUE
PANI,Pantai Indah Kapuk Dua Tbk.,2018-09-18,,1,0,,,V4_X1_CLEAN_SECURITY_MASTER_PLUS_PRIMARY_LIQUID_60_SESSION_VALUE
PANR,Panorama Sentrawisata Tbk.,2001-09-18,,1,0,,,V4_X1_CLEAN_SECURITY_MASTER_PLUS_PRIMARY_LIQUID_60_SESSION_VALUE
PANS,Panin Sekuritas Tbk.,2000-05-31,,1,0,,,V4_X1_CLEAN_SECURITY_MASTER_PLUS_PRIMARY_LIQUID_60_SESSION_VALUE
PART,Cipta Perdana Lancar Tbk.,2024-07-05,,1,0,,,V4_X1_CLEAN_SECURITY_MASTER_PLUS_PRIMARY_LIQUID_60_SESSION_VALUE
PBID,Panca Budi Idaman Tbk.,2017-12-13,,1,1,9.0,351071400.0,V4_X1_CLEAN_SECURITY_MASTER_PLUS_PRIMARY_LIQUID_60_SESSION_VALUE
PBRX,Pan Brothers Tbk.,1990-08-16,,1,0,,,V4_X1_CLEAN_SECURITY_MASTER_PLUS_PRIMARY_LIQUID_60_SESSION_VALUE
PBSA,Paramita Bangun Sarana Tbk.,2016-09-28,,1,0,,,V4_X1_CLEAN_SECURITY_MASTER_PLUS_PRIMARY_LIQUID_60_SESSION_VALUE
PCAR,Prima Cakrawala Abadi Tbk.,2017-12-29,,1,0,,,V4_X1_CLEAN_SECURITY_MASTER_PLUS_PRIMARY_LIQUID_60_SESSION_VALUE
PDES,Destinasi Tirta Nusantara Tbk,2008-07-08,,1,0,,,V4_X1_CLEAN_SECURITY_MASTER_PLUS_PRIMARY_LIQUID_60_SESSION_VALUE
PDPP,Primadaya Plastisindo Tbk.,2022-11-09,,1,0,,,V4_X1_CLEAN_SECURITY_MASTER_PLUS_PRIMARY_LIQUID_60_SESSION_VALUE
PEGE,Panca Global Kapital Tbk.,2005-06-24,,1,0,,,V4_X1_CLEAN_SECURITY_MASTER_PLUS_PRIMARY_LIQUID_60_SESSION_VALUE
PEHA,Phapros Tbk.,2018-12-26,,1,0,,,V4_X1_CLEAN_SECURITY_MASTER_PLUS_PRIMARY_LIQUID_60_SESSION_VALUE
PEVE,Penta Valent Tbk.,2023-01-24,,1,0,,,V4_X1_CLEAN_SECURITY_MASTER_PLUS_PRIMARY_LIQUID_60_SESSION_VALUE
PGAS,Perusahaan Gas Negara (Persero,2003-12-15,,1,0,,,V4_X1_CLEAN_SECURITY_MASTER_PLUS_PRIMARY_LIQUID_60_SESSION_VALUE
PGEO,Pertamina Geothermal Energy Tb,2023-02-24,,1,0,,,V4_X1_CLEAN_SECURITY_MASTER_PLUS_PRIMARY_LIQUID_60_SESSION_VALUE
PGJO,Bahtera Bumi Raya Tbk.,2020-01-08,,1,0,,,V4_X1_CLEAN_SECURITY_MASTER_PLUS_PRIMARY_LIQUID_60_SESSION_VALUE
PGLI,Pembangunan Graha Lestari Inda,2000-04-05,,1,0,,,V4_X1_CLEAN_SECURITY_MASTER_PLUS_PRIMARY_LIQUID_60_SESSION_VALUE
PGUN,Pradiksi Gunatama Tbk.,2020-07-07,,1,0,,,V4_X1_CLEAN_SECURITY_MASTER_PLUS_PRIMARY_LIQUID_60_SESSION_VALUE
PICO,Pelangi Indah Canindo Tbk,1996-09-23,,1,0,,,V4_X1_CLEAN_SECURITY_MASTER_PLUS_PRIMARY_LIQUID_60_SESSION_VALUE
PIPA,Multi Makmur Lemindo Tbk.,2023-04-10,,1,0,,,V4_X1_CLEAN_SECURITY_MASTER_PLUS_PRIMARY_LIQUID_60_SESSION_VALUE
PJAA,Pembangunan Jaya Ancol Tbk.,2004-07-02,,1,0,,,V4_X1_CLEAN_SECURITY_MASTER_PLUS_PRIMARY_LIQUID_60_SESSION_VALUE
PJHB,Pelayaran Jaya Hidup Baru Tbk.,2025-11-06,,1,0,,,V4_X1_CLEAN_SECURITY_MASTER_PLUS_PRIMARY_LIQUID_60_SESSION_VALUE
PKPK,Paragon Karya Perkasa Tbk.,2007-07-11,,1,0,,,V4_X1_CLEAN_SECURITY_MASTER_PLUS_PRIMARY_LIQUID_60_SESSION_VALUE
PLAN,Planet Properindo Jaya Tbk.,2020-09-15,,1,0,,,V4_X1_CLEAN_SECURITY_MASTER_PLUS_PRIMARY_LIQUID_60_SESSION_VALUE
PLAS,Polaris Investama Tbk,2001-03-16,,1,0,,,V4_X1_CLEAN_SECURITY_MASTER_PLUS_PRIMARY_LIQUID_60_SESSION_VALUE
PLIN,Plaza Indonesia Realty Tbk.,1992-06-15,,1,0,,,V4_X1_CLEAN_SECURITY_MASTER_PLUS_PRIMARY_LIQUID_60_SESSION_VALUE
PMJS,Putra Mandiri Jembar Tbk.,2019-12-18,,1,0,,,V4_X1_CLEAN_SECURITY_MASTER_PLUS_PRIMARY_LIQUID_60_SESSION_VALUE
PMMP,Panca Mitra Multiperdana Tbk.,2020-12-18,,1,0,,,V4_X1_CLEAN_SECURITY_MASTER_PLUS_PRIMARY_LIQUID_60_SESSION_VALUE
PMUI,Prima Multi Usaha Indonesia Tb,2025-07-10,,1,0,,,V4_X1_CLEAN_SECURITY_MASTER_PLUS_PRIMARY_LIQUID_60_SESSION_VALUE
PNBN,Bank Pan Indonesia Tbk,1982-12-29,,1,0,,,V4_X1_CLEAN_SECURITY_MASTER_PLUS_PRIMARY_LIQUID_60_SESSION_VALUE
PNBS,Bank Panin Dubai Syariah Tbk.,2014-01-15,,1,0,,,V4_X1_CLEAN_SECURITY_MASTER_PLUS_PRIMARY_LIQUID_60_SESSION_VALUE
PNGO,AEP Pinago Plantations Tbk.,2020-08-31,,1,0,,,V4_X1_CLEAN_SECURITY_MASTER_PLUS_PRIMARY_LIQUID_60_SESSION_VALUE
PNIN,Paninvest Tbk.,1983-09-20,,1,0,,,V4_X1_CLEAN_SECURITY_MASTER_PLUS_PRIMARY_LIQUID_60_SESSION_VALUE
PNLF,Panin Financial Tbk.,1983-06-14,,1,0,,,V4_X1_CLEAN_SECURITY_MASTER_PLUS_PRIMARY_LIQUID_60_SESSION_VALUE
PNSE,Pudjiadi & Sons Tbk.,1990-05-01,,1,0,,,V4_X1_CLEAN_SECURITY_MASTER_PLUS_PRIMARY_LIQUID_60_SESSION_VALUE
POLA,Pool Advista Finance Tbk.,2018-11-16,,1,0,,,V4_X1_CLEAN_SECURITY_MASTER_PLUS_PRIMARY_LIQUID_60_SESSION_VALUE
POLI,Pollux Hotels Group Tbk.,2019-01-10,,1,1,92.0,14241500.0,V4_X1_CLEAN_SECURITY_MASTER_PLUS_PRIMARY_LIQUID_60_SESSION_VALUE
POLL,Pollux Properties Indonesia Tb,2018-07-11,,1,0,,,V4_X1_CLEAN_SECURITY_MASTER_PLUS_PRIMARY_LIQUID_60_SESSION_VALUE
POLU,Golden Flower Tbk.,2019-06-26,,1,0,,,V4_X1_CLEAN_SECURITY_MASTER_PLUS_PRIMARY_LIQUID_60_SESSION_VALUE
POLY,Asia Pacific Fibers Tbk,1991-03-12,,1,0,,,V4_X1_CLEAN_SECURITY_MASTER_PLUS_PRIMARY_LIQUID_60_SESSION_VALUE
POOL,Pool Advista Indonesia Tbk.,1991-05-20,,1,0,,,V4_X1_CLEAN_SECURITY_MASTER_PLUS_PRIMARY_LIQUID_60_SESSION_VALUE
PORT,Nusantara Pelabuhan Handal Tbk,2017-03-16,,1,0,,,V4_X1_CLEAN_SECURITY_MASTER_PLUS_PRIMARY_LIQUID_60_SESSION_VALUE
POSA,Bliss Properti Indonesia Tbk.,2019-05-10,,1,0,,,V4_X1_CLEAN_SECURITY_MASTER_PLUS_PRIMARY_LIQUID_60_SESSION_VALUE
POWR,Cikarang Listrindo Tbk.,2016-06-14,,1,0,,,V4_X1_CLEAN_SECURITY_MASTER_PLUS_PRIMARY_LIQUID_60_SESSION_VALUE
PPGL,Prima Globalindo Logistik Tbk.,2020-07-20,,1,0,,,V4_X1_CLEAN_SECURITY_MASTER_PLUS_PRIMARY_LIQUID_60_SESSION_VALUE
PPRE,PP Presisi Tbk.,2017-11-24,,1,0,,,V4_X1_CLEAN_SECURITY_MASTER_PLUS_PRIMARY_LIQUID_60_SESSION_VALUE
PPRI,Paperocks Indonesia Tbk.,2023-08-08,,1,0,,,V4_X1_CLEAN_SECURITY_MASTER_PLUS_PRIMARY_LIQUID_60_SESSION_VALUE
PPRO,PP Properti Tbk.,2015-05-19,,1,0,,,V4_X1_CLEAN_SECURITY_MASTER_PLUS_PRIMARY_LIQUID_60_SESSION_VALUE
PRAY,Famon Awal Bros Sedaya Tbk.,2022-11-08,,1,1,89.0,16028750.0,V4_X1_CLEAN_SECURITY_MASTER_PLUS_PRIMARY_LIQUID_60_SESSION_VALUE
PRDA,Prodia Widyahusada Tbk.,2016-12-07,,1,0,,,V4_X1_CLEAN_SECURITY_MASTER_PLUS_PRIMARY_LIQUID_60_SESSION_VALUE
PRDL,Prodia Diagnostic Line Tbk.,2026-07-09,,1,0,,,V4_X1_CLEAN_SECURITY_MASTER_PLUS_PRIMARY_LIQUID_60_SESSION_VALUE
PRIM,Royal Prima Tbk.,2018-05-15,,1,0,,,V4_X1_CLEAN_SECURITY_MASTER_PLUS_PRIMARY_LIQUID_60_SESSION_VALUE
PSAB,J Resources Asia Pasifik Tbk.,2003-04-22,,1,0,,,V4_X1_CLEAN_SECURITY_MASTER_PLUS_PRIMARY_LIQUID_60_SESSION_VALUE
PSAT,Pancaran Samudera Transport Tb,2025-07-08,,1,0,,,V4_X1_CLEAN_SECURITY_MASTER_PLUS_PRIMARY_LIQUID_60_SESSION_VALUE
PSDN,Prasidha Aneka Niaga Tbk,1994-10-18,,1,0,,,V4_X1_CLEAN_SECURITY_MASTER_PLUS_PRIMARY_LIQUID_60_SESSION_VALUE
PSGO,Palma Serasih Tbk.,2019-11-25,,1,1,63.0,38121800.0,V4_X1_CLEAN_SECURITY_MASTER_PLUS_PRIMARY_LIQUID_60_SESSION_VALUE
PSKT,Red Planet Indonesia Tbk.,1995-09-19,,1,0,,,V4_X1_CLEAN_SECURITY_MASTER_PLUS_PRIMARY_LIQUID_60_SESSION_VALUE
PSSI,IMC Pelita Logistik Tbk.,2017-12-05,,1,1,58.0,44086200.0,V4_X1_CLEAN_SECURITY_MASTER_PLUS_PRIMARY_LIQUID_60_SESSION_VALUE
PTBA,Bukit Asam (Persero) Tbk.,2002-12-23,,1,0,,,V4_X1_CLEAN_SECURITY_MASTER_PLUS_PRIMARY_LIQUID_60_SESSION_VALUE
PTDU,Djasa Ubersakti Tbk.,2020-12-08,,1,0,,,V4_X1_CLEAN_SECURITY_MASTER_PLUS_PRIMARY_LIQUID_60_SESSION_VALUE
PTIS,Indo Straits Tbk.,2011-07-12,,1,0,102.0,6073300.0,V4_X1_CLEAN_SECURITY_MASTER_PLUS_PRIMARY_LIQUID_60_SESSION_VALUE
PTMP,Mitra Pack Tbk.,2023-03-06,,1,0,,,V4_X1_CLEAN_SECURITY_MASTER_PLUS_PRIMARY_LIQUID_60_SESSION_VALUE
PTMR,Master Print Tbk.,2024-10-08,,1,0,,,V4_X1_CLEAN_SECURITY_MASTER_PLUS_PRIMARY_LIQUID_60_SESSION_VALUE
PTPP,PP (Persero) Tbk.,2010-02-09,,1,0,,,V4_X1_CLEAN_SECURITY_MASTER_PLUS_PRIMARY_LIQUID_60_SESSION_VALUE
PTPS,Pulau Subur Tbk.,2023-10-09,,1,0,,,V4_X1_CLEAN_SECURITY_MASTER_PLUS_PRIMARY_LIQUID_60_SESSION_VALUE
PTPW,Pratama Widya Tbk.,2020-02-07,,1,0,,,V4_X1_CLEAN_SECURITY_MASTER_PLUS_PRIMARY_LIQUID_60_SESSION_VALUE
PTRO,Petrosea Tbk.,1990-05-21,,1,0,,,V4_X1_CLEAN_SECURITY_MASTER_PLUS_PRIMARY_LIQUID_60_SESSION_VALUE
PTSN,Sat Nusapersada Tbk,2007-11-08,,1,1,38.0,102240200.0,V4_X1_CLEAN_SECURITY_MASTER_PLUS_PRIMARY_LIQUID_60_SESSION_VALUE
PTSP,Pioneerindo Gourmet Internatio,1994-05-30,,1,0,,,V4_X1_CLEAN_SECURITY_MASTER_PLUS_PRIMARY_LIQUID_60_SESSION_VALUE
PUDP,Pudjiadi Prestige Tbk.,1994-11-18,,1,0,,,V4_X1_CLEAN_SECURITY_MASTER_PLUS_PRIMARY_LIQUID_60_SESSION_VALUE
PURA,Putra Rajawali Kencana Tbk.,2020-01-29,,1,1,22.0,176650500.0,V4_X1_CLEAN_SECURITY_MASTER_PLUS_PRIMARY_LIQUID_60_SESSION_VALUE
PURE,Trinitan Metals and Minerals T,2019-10-09,,1,0,,,V4_X1_CLEAN_SECURITY_MASTER_PLUS_PRIMARY_LIQUID_60_SESSION_VALUE
PURI,Puri Global Sukses Tbk.,2020-09-08,,1,0,,,V4_X1_CLEAN_SECURITY_MASTER_PLUS_PRIMARY_LIQUID_60_SESSION_VALUE
PWON,Pakuwon Jati Tbk.,1989-10-09,,1,0,,,V4_X1_CLEAN_SECURITY_MASTER_PLUS_PRIMARY_LIQUID_60_SESSION_VALUE
PYFA,Pyridam Farma Tbk,2001-10-16,,1,0,,,V4_X1_CLEAN_SECURITY_MASTER_PLUS_PRIMARY_LIQUID_60_SESSION_VALUE
PZZA,Sarimelati Kencana Tbk.,2018-05-23,,1,0,,,V4_X1_CLEAN_SECURITY_MASTER_PLUS_PRIMARY_LIQUID_60_SESSION_VALUE
RAAM,Tripar Multivision Plus Tbk.,2023-05-08,,1,0,,,V4_X1_CLEAN_SECURITY_MASTER_PLUS_PRIMARY_LIQUID_60_SESSION_VALUE
RAFI,Sari Kreasi Boga Tbk.,2022-08-05,,1,0,,,V4_X1_CLEAN_SECURITY_MASTER_PLUS_PRIMARY_LIQUID_60_SESSION_VALUE
RAJA,Rukun Raharja Tbk.,2006-04-19,,1,0,,,V4_X1_CLEAN_SECURITY_MASTER_PLUS_PRIMARY_LIQUID_60_SESSION_VALUE
RALS,Ramayana Lestari Sentosa Tbk.,1996-07-24,,1,0,,,V4_X1_CLEAN_SECURITY_MASTER_PLUS_PRIMARY_LIQUID_60_SESSION_VALUE
RANC,Supra Boga Lestari Tbk.,2012-06-07,,1,1,87.0,17071500.0,V4_X1_CLEAN_SECURITY_MASTER_PLUS_PRIMARY_LIQUID_60_SESSION_VALUE
RANS,Rans Entertainmen Indonesia Tb,2026-07-10,,1,0,,,V4_X1_CLEAN_SECURITY_MASTER_PLUS_PRIMARY_LIQUID_60_SESSION_VALUE
RATU,Raharja Energi Cepu Tbk.,2025-01-08,,1,0,,,V4_X1_CLEAN_SECURITY_MASTER_PLUS_PRIMARY_LIQUID_60_SESSION_VALUE
RBMS,Ristia Bintang Mahkotasejati T,1997-12-19,,1,0,,,V4_X1_CLEAN_SECURITY_MASTER_PLUS_PRIMARY_LIQUID_60_SESSION_VALUE
RCCC,Utama Radar Cahaya Tbk.,2022-08-02,,1,0,,,V4_X1_CLEAN_SECURITY_MASTER_PLUS_PRIMARY_LIQUID_60_SESSION_VALUE
RDTX,Roda Vivatex Tbk,1990-05-14,,1,0,,,V4_X1_CLEAN_SECURITY_MASTER_PLUS_PRIMARY_LIQUID_60_SESSION_VALUE
REAL,Repower Asia Indonesia Tbk.,2019-12-06,,1,0,,,V4_X1_CLEAN_SECURITY_MASTER_PLUS_PRIMARY_LIQUID_60_SESSION_VALUE
RELF,Graha Mitra Asia Tbk.,2023-06-22,,1,0,,,V4_X1_CLEAN_SECURITY_MASTER_PLUS_PRIMARY_LIQUID_60_SESSION_VALUE
RELI,Reliance Sekuritas Indonesia T,2005-07-13,,1,0,,,V4_X1_CLEAN_SECURITY_MASTER_PLUS_PRIMARY_LIQUID_60_SESSION_VALUE
RGAS,Kian Santang Muliatama Tbk.,2023-11-08,,1,0,,,V4_X1_CLEAN_SECURITY_MASTER_PLUS_PRIMARY_LIQUID_60_SESSION_VALUE
RICY,Ricky Putra Globalindo Tbk,1998-01-22,,1,0,,,V4_X1_CLEAN_SECURITY_MASTER_PLUS_PRIMARY_LIQUID_60_SESSION_VALUE
RIGS,Rig Tenders Indonesia Tbk.,1990-03-05,,1,1,57.0,44381000.0,V4_X1_CLEAN_SECURITY_MASTER_PLUS_PRIMARY_LIQUID_60_SESSION_VALUE
RIMO,Rimo International Lestari Tbk,2000-11-10,,1,0,,,V4_X1_CLEAN_SECURITY_MASTER_PLUS_PRIMARY_LIQUID_60_SESSION_VALUE
RISE,Jaya Sukses Makmur Sentosa Tbk,2018-07-09,,1,0,,,V4_X1_CLEAN_SECURITY_MASTER_PLUS_PRIMARY_LIQUID_60_SESSION_VALUE
RLCO,Abadi Lestari Indonesia Tbk.,2025-12-08,,1,0,,,V4_X1_CLEAN_SECURITY_MASTER_PLUS_PRIMARY_LIQUID_60_SESSION_VALUE
RMKE,RMK Energy Tbk.,2021-12-07,,1,0,,,V4_X1_CLEAN_SECURITY_MASTER_PLUS_PRIMARY_LIQUID_60_SESSION_VALUE
RMKO,Royaltama Mulia Kontraktorindo,2023-07-31,,1,0,,,V4_X1_CLEAN_SECURITY_MASTER_PLUS_PRIMARY_LIQUID_60_SESSION_VALUE
ROCK,Rockfields Properti Indonesia,2020-09-10,,1,0,,,V4_X1_CLEAN_SECURITY_MASTER_PLUS_PRIMARY_LIQUID_60_SESSION_VALUE
RODA,Pikko Land Development Tbk.,2001-10-22,,1,0,,,V4_X1_CLEAN_SECURITY_MASTER_PLUS_PRIMARY_LIQUID_60_SESSION_VALUE
RONY,Aracord Nusantara Group Tbk.,2020-04-09,,1,0,,,V4_X1_CLEAN_SECURITY_MASTER_PLUS_PRIMARY_LIQUID_60_SESSION_VALUE
ROTI,Nippon Indosari Corpindo Tbk.,2010-06-28,,1,0,,,V4_X1_CLEAN_SECURITY_MASTER_PLUS_PRIMARY_LIQUID_60_SESSION_VALUE
RSCH,Charlie Hospital Semarang Tbk.,2023-08-28,,1,0,,,V4_X1_CLEAN_SECURITY_MASTER_PLUS_PRIMARY_LIQUID_60_SESSION_VALUE
RSGK,Kedoya Adyaraya Tbk.,2021-09-08,,1,1,86.0,17362750.0,V4_X1_CLEAN_SECURITY_MASTER_PLUS_PRIMARY_LIQUID_60_SESSION_VALUE
RUIS,Radiant Utama Interinsco Tbk.,2006-07-12,,1,1,40.0,92495850.0,V4_X1_CLEAN_SECURITY_MASTER_PLUS_PRIMARY_LIQUID_60_SESSION_VALUE
RUNS,Global Sukses Solusi Tbk.,2021-09-08,,1,1,54.0,51335550.0,V4_X1_CLEAN_SECURITY_MASTER_PLUS_PRIMARY_LIQUID_60_SESSION_VALUE
SAFE,Steady Safe Tbk,1994-08-15,,1,0,,,V4_X1_CLEAN_SECURITY_MASTER_PLUS_PRIMARY_LIQUID_60_SESSION_VALUE
SAGE,Saptausaha Gemilangindah Tbk.,2023-03-08,,1,1,46.0,74808550.0,V4_X1_CLEAN_SECURITY_MASTER_PLUS_PRIMARY_LIQUID_60_SESSION_VALUE
SAME,Sarana Meditama Metropolitan T,2013-01-11,,1,0,,,V4_X1_CLEAN_SECURITY_MASTER_PLUS_PRIMARY_LIQUID_60_SESSION_VALUE
SAMF,Saraswanti Anugerah Makmur Tbk,2020-03-31,,1,1,83.0,17671600.0,V4_X1_CLEAN_SECURITY_MASTER_PLUS_PRIMARY_LIQUID_60_SESSION_VALUE
SAPX,Satria Antaran Prima Tbk.,2018-10-03,,1,0,,,V4_X1_CLEAN_SECURITY_MASTER_PLUS_PRIMARY_LIQUID_60_SESSION_VALUE
SATU,Kota Satu Properti Tbk.,2018-11-05,,1,0,,,V4_X1_CLEAN_SECURITY_MASTER_PLUS_PRIMARY_LIQUID_60_SESSION_VALUE
SBAT,Sejahtera Bintang Abadi Textil,2020-04-08,,1,0,,,V4_X1_CLEAN_SECURITY_MASTER_PLUS_PRIMARY_LIQUID_60_SESSION_VALUE
SBMA,Surya Biru Murni Acetylene Tbk,2021-09-08,,1,0,,,V4_X1_CLEAN_SECURITY_MASTER_PLUS_PRIMARY_LIQUID_60_SESSION_VALUE
SCCO,Supreme Cable Manufacturing &,1982-07-20,,1,0,,,V4_X1_CLEAN_SECURITY_MASTER_PLUS_PRIMARY_LIQUID_60_SESSION_VALUE
SCMA,Surya Citra Media Tbk.,2002-07-16,,1,0,,,V4_X1_CLEAN_SECURITY_MASTER_PLUS_PRIMARY_LIQUID_60_SESSION_VALUE
SCNP,Selaras Citra Nusantara Perkas,2020-09-07,,1,1,67.0,36055450.0,V4_X1_CLEAN_SECURITY_MASTER_PLUS_PRIMARY_LIQUID_60_SESSION_VALUE
SCPI,Organon Pharma Indonesia Tbk.,1990-06-08,,1,0,,,V4_X1_CLEAN_SECURITY_MASTER_PLUS_PRIMARY_LIQUID_60_SESSION_VALUE
SDMU,Sidomulyo Selaras Tbk.,2011-07-12,,1,0,,,V4_X1_CLEAN_SECURITY_MASTER_PLUS_PRIMARY_LIQUID_60_SESSION_VALUE
SDPC,Millennium Pharmacon Internati,1990-05-07,,1,1,90.0,15752850.0,V4_X1_CLEAN_SECURITY_MASTER_PLUS_PRIMARY_LIQUID_60_SESSION_VALUE
SDRA,Bank Woori Saudara Indonesia 1,2006-12-15,,1,0,,,V4_X1_CLEAN_SECURITY_MASTER_PLUS_PRIMARY_LIQUID_60_SESSION_VALUE
SEMA,Semacom Integrated Tbk.,2022-01-10,,1,0,,,V4_X1_CLEAN_SECURITY_MASTER_PLUS_PRIMARY_LIQUID_60_SESSION_VALUE
SFAN,Surya Fajar Capital Tbk.,2019-06-19,,1,0,,,V4_X1_CLEAN_SECURITY_MASTER_PLUS_PRIMARY_LIQUID_60_SESSION_VALUE
SGER,Sumber Global Energy Tbk.,2020-08-10,,1,0,,,V4_X1_CLEAN_SECURITY_MASTER_PLUS_PRIMARY_LIQUID_60_SESSION_VALUE
SGRO,Prime Agri Resources Tbk.,2007-06-18,,1,0,,,V4_X1_CLEAN_SECURITY_MASTER_PLUS_PRIMARY_LIQUID_60_SESSION_VALUE
SHID,Hotel Sahid Jaya International,1990-05-08,,1,0,101.0,8375500.0,V4_X1_CLEAN_SECURITY_MASTER_PLUS_PRIMARY_LIQUID_60_SESSION_VALUE
SHIP,Sillo Maritime Perdana Tbk.,2016-06-16,,1,1,35.0,106861500.0,V4_X1_CLEAN_SECURITY_MASTER_PLUS_PRIMARY_LIQUID_60_SESSION_VALUE
SICO,Sigma Energy Compressindo Tbk.,2022-04-08,,1,1,18.0,200425300.0,V4_X1_CLEAN_SECURITY_MASTER_PLUS_PRIMARY_LIQUID_60_SESSION_VALUE
SIDO,Industri Jamu dan Farmasi Sido,2013-12-18,,1,0,,,V4_X1_CLEAN_SECURITY_MASTER_PLUS_PRIMARY_LIQUID_60_SESSION_VALUE
SILO,Siloam International Hospitals,2013-09-12,,1,0,,,V4_X1_CLEAN_SECURITY_MASTER_PLUS_PRIMARY_LIQUID_60_SESSION_VALUE
SIMA,Siwani Makmur Tbk,1994-06-03,,1,0,,,V4_X1_CLEAN_SECURITY_MASTER_PLUS_PRIMARY_LIQUID_60_SESSION_VALUE
SIMP,Salim Ivomas Pratama Tbk.,2011-06-09,,1,0,,,V4_X1_CLEAN_SECURITY_MASTER_PLUS_PRIMARY_LIQUID_60_SESSION_VALUE
SINI,Singaraja Putra Tbk.,2019-11-08,,1,0,,,V4_X1_CLEAN_SECURITY_MASTER_PLUS_PRIMARY_LIQUID_60_SESSION_VALUE
SIPD,Sreeya Sewu Indonesia Tbk.,1996-12-27,,1,0,,,V4_X1_CLEAN_SECURITY_MASTER_PLUS_PRIMARY_LIQUID_60_SESSION_VALUE
SKBM,Sekar Bumi Tbk.,2012-09-28,,1,0,,,V4_X1_CLEAN_SECURITY_MASTER_PLUS_PRIMARY_LIQUID_60_SESSION_VALUE
SKLT,Sekar Laut Tbk.,1993-09-08,,1,0,,,V4_X1_CLEAN_SECURITY_MASTER_PLUS_PRIMARY_LIQUID_60_SESSION_VALUE
SKRN,Superkrane Mitra Utama Tbk.,2018-10-11,,1,0,,,V4_X1_CLEAN_SECURITY_MASTER_PLUS_PRIMARY_LIQUID_60_SESSION_VALUE
SKYB,Northcliff Citranusa Indonesia,2010-07-07,,1,0,,,V4_X1_CLEAN_SECURITY_MASTER_PLUS_PRIMARY_LIQUID_60_SESSION_VALUE
SLIS,Gaya Abadi Sempurna Tbk.,2019-10-07,,1,0,,,V4_X1_CLEAN_SECURITY_MASTER_PLUS_PRIMARY_LIQUID_60_SESSION_VALUE
SMAR,Sinar Mas Agro Resources and T,1992-11-20,,1,0,,,V4_X1_CLEAN_SECURITY_MASTER_PLUS_PRIMARY_LIQUID_60_SESSION_VALUE
SMBR,Semen Baturaja (Persero) Tbk.,2013-06-28,,1,0,,,V4_X1_CLEAN_SECURITY_MASTER_PLUS_PRIMARY_LIQUID_60_SESSION_VALUE
SMCB,Solusi Bangun Indonesia Tbk.,1977-08-10,,1,0,,,V4_X1_CLEAN_SECURITY_MASTER_PLUS_PRIMARY_LIQUID_60_SESSION_VALUE
SMDM,Suryamas Dutamakmur Tbk.,1995-10-12,,1,1,74.0,30956250.0,V4_X1_CLEAN_SECURITY_MASTER_PLUS_PRIMARY_LIQUID_60_SESSION_VALUE
SMDR,Samudera Indonesia  Tbk.,1999-07-05,,1,0,,,V4_X1_CLEAN_SECURITY_MASTER_PLUS_PRIMARY_LIQUID_60_SESSION_VALUE
SMGA,Sumber Mineral Global Abadi Tb,2024-01-30,,1,0,,,V4_X1_CLEAN_SECURITY_MASTER_PLUS_PRIMARY_LIQUID_60_SESSION_VALUE
SMGR,Semen Indonesia (Persero) Tbk.,1991-07-08,,1,0,,,V4_X1_CLEAN_SECURITY_MASTER_PLUS_PRIMARY_LIQUID_60_SESSION_VALUE
SMIL,Sarana Mitra Luas Tbk.,2023-05-12,,1,0,,,V4_X1_CLEAN_SECURITY_MASTER_PLUS_PRIMARY_LIQUID_60_SESSION_VALUE
SMKL,Satyamitra Kemas Lestari Tbk.,2019-07-11,,1,1,76.0,28937950.0,V4_X1_CLEAN_SECURITY_MASTER_PLUS_PRIMARY_LIQUID_60_SESSION_VALUE
SMKM,Sumber Mas Konstruksi Tbk.,2022-03-09,,1,0,,,V4_X1_CLEAN_SECURITY_MASTER_PLUS_PRIMARY_LIQUID_60_SESSION_VALUE
SMLE,Sinergi Multi Lestarindo Tbk.,2024-01-10,,1,0,,,V4_X1_CLEAN_SECURITY_MASTER_PLUS_PRIMARY_LIQUID_60_SESSION_VALUE
SMMA,Sinarmas Multiartha Tbk.,1995-07-05,,1,0,,,V4_X1_CLEAN_SECURITY_MASTER_PLUS_PRIMARY_LIQUID_60_SESSION_VALUE
SMMT,Golden Eagle Energy Tbk.,1997-12-01,,1,0,,,V4_X1_CLEAN_SECURITY_MASTER_PLUS_PRIMARY_LIQUID_60_SESSION_VALUE
SMRA,Summarecon Agung Tbk.,1990-05-07,,1,0,,,V4_X1_CLEAN_SECURITY_MASTER_PLUS_PRIMARY_LIQUID_60_SESSION_VALUE
SMRU,SMR Utama Tbk.,2011-10-10,,1,0,,,V4_X1_CLEAN_SECURITY_MASTER_PLUS_PRIMARY_LIQUID_60_SESSION_VALUE
SMSM,Selamat Sempurna Tbk.,1996-09-09,,1,0,,,V4_X1_CLEAN_SECURITY_MASTER_PLUS_PRIMARY_LIQUID_60_SESSION_VALUE
SNLK,Sunter Lakeside Hotel Tbk.,2021-03-29,,1,0,,,V4_X1_CLEAN_SECURITY_MASTER_PLUS_PRIMARY_LIQUID_60_SESSION_VALUE
SOCI,Soechi Lines Tbk.,2014-12-03,,1,0,,,V4_X1_CLEAN_SECURITY_MASTER_PLUS_PRIMARY_LIQUID_60_SESSION_VALUE
SOFA,Solusi Environment Asia Tbk.,2020-07-07,,1,0,,,V4_X1_CLEAN_SECURITY_MASTER_PLUS_PRIMARY_LIQUID_60_SESSION_VALUE
SOHO,Soho Global Health Tbk.,2020-09-08,,1,0,,,V4_X1_CLEAN_SECURITY_MASTER_PLUS_PRIMARY_LIQUID_60_SESSION_VALUE
SOLA,Xolare RCR Energy Tbk.,2024-05-08,,1,0,,,V4_X1_CLEAN_SECURITY_MASTER_PLUS_PRIMARY_LIQUID_60_SESSION_VALUE
SONA,Sona Topas Tourism Industry Tb,1992-07-21,,1,0,,,V4_X1_CLEAN_SECURITY_MASTER_PLUS_PRIMARY_LIQUID_60_SESSION_VALUE
SOSS,ALSOK Indonesia Services Tbk.,2018-11-06,,1,0,,,V4_X1_CLEAN_SECURITY_MASTER_PLUS_PRIMARY_LIQUID_60_SESSION_VALUE
SOTS,Satria Mega Kencana Tbk.,2018-12-10,,1,0,,,V4_X1_CLEAN_SECURITY_MASTER_PLUS_PRIMARY_LIQUID_60_SESSION_VALUE
SOUL,Mitra Tirta Buwana Tbk.,2023-01-06,,1,0,,,V4_X1_CLEAN_SECURITY_MASTER_PLUS_PRIMARY_LIQUID_60_SESSION_VALUE
SPMA,Suparma Tbk.,1994-11-16,,1,1,45.0,76624550.0,V4_X1_CLEAN_SECURITY_MASTER_PLUS_PRIMARY_LIQUID_60_SESSION_VALUE
SPRE,Soraya Berjaya Indonesia Tbk.,2024-07-03,,1,0,,,V4_X1_CLEAN_SECURITY_MASTER_PLUS_PRIMARY_LIQUID_60_SESSION_VALUE
SPTO,Surya Pertiwi Tbk.,2018-05-14,,1,0,,,V4_X1_CLEAN_SECURITY_MASTER_PLUS_PRIMARY_LIQUID_60_SESSION_VALUE
SQMI,Wilton Makmur Indonesia Tbk.,2004-07-15,,1,0,,,V4_X1_CLEAN_SECURITY_MASTER_PLUS_PRIMARY_LIQUID_60_SESSION_VALUE
SRAJ,Sejahteraraya Anugrahjaya Tbk.,2011-04-11,,1,0,,,V4_X1_CLEAN_SECURITY_MASTER_PLUS_PRIMARY_LIQUID_60_SESSION_VALUE
SRIL,Sri Rejeki Isman Tbk.,2013-06-17,,1,0,,,V4_X1_CLEAN_SECURITY_MASTER_PLUS_PRIMARY_LIQUID_60_SESSION_VALUE
SRSN,Indo Acidatama Tbk,1993-01-11,,1,0,,,V4_X1_CLEAN_SECURITY_MASTER_PLUS_PRIMARY_LIQUID_60_SESSION_VALUE
SRTG,Saratoga Investama Sedaya Tbk.,2013-06-26,,1,0,,,V4_X1_CLEAN_SECURITY_MASTER_PLUS_PRIMARY_LIQUID_60_SESSION_VALUE
SSIA,Surya Semesta Internusa Tbk.,1997-03-27,,1,0,,,V4_X1_CLEAN_SECURITY_MASTER_PLUS_PRIMARY_LIQUID_60_SESSION_VALUE
SSMS,Sawit Sumbermas Sarana Tbk.,2013-12-12,,1,0,,,V4_X1_CLEAN_SECURITY_MASTER_PLUS_PRIMARY_LIQUID_60_SESSION_VALUE
SSTM,Sunson Textile Manufacture Tbk,1997-08-20,,1,0,,,V4_X1_CLEAN_SECURITY_MASTER_PLUS_PRIMARY_LIQUID_60_SESSION_VALUE
STAA,Sumber Tani Agung Resources Tb,2022-03-10,,1,0,,,V4_X1_CLEAN_SECURITY_MASTER_PLUS_PRIMARY_LIQUID_60_SESSION_VALUE
STAR,Calculus Global Ventures Tbk.,2011-07-13,,1,0,,,V4_X1_CLEAN_SECURITY_MASTER_PLUS_PRIMARY_LIQUID_60_SESSION_VALUE
STRK,Lovina Beach Brewery Tbk.,2023-10-10,,1,0,,,V4_X1_CLEAN_SECURITY_MASTER_PLUS_PRIMARY_LIQUID_60_SESSION_VALUE
STTP,Siantar Top Tbk.,1996-12-16,,1,0,,,V4_X1_CLEAN_SECURITY_MASTER_PLUS_PRIMARY_LIQUID_60_SESSION_VALUE
SUGI,Sugih Energy Tbk.,2002-06-19,,1,0,,,V4_X1_CLEAN_SECURITY_MASTER_PLUS_PRIMARY_LIQUID_60_SESSION_VALUE
SULI,SLJ Global Tbk.,1994-03-21,,1,1,29.0,119873250.0,V4_X1_CLEAN_SECURITY_MASTER_PLUS_PRIMARY_LIQUID_60_SESSION_VALUE
SUNI,Sunindo Pratama Tbk.,2023-01-09,,1,0,,,V4_X1_CLEAN_SECURITY_MASTER_PLUS_PRIMARY_LIQUID_60_SESSION_VALUE
SUPA,Super Bank Indonesia Tbk.,2025-12-17,,1,0,,,V4_X1_CLEAN_SECURITY_MASTER_PLUS_PRIMARY_LIQUID_60_SESSION_VALUE
SUPR,Solusi Tunas Pratama Tbk.,2011-10-11,,1,0,,,V4_X1_CLEAN_SECURITY_MASTER_PLUS_PRIMARY_LIQUID_60_SESSION_VALUE
SURE,Super Energy Tbk.,2018-10-05,,1,1,100.0,9335500.0,V4_X1_CLEAN_SECURITY_MASTER_PLUS_PRIMARY_LIQUID_60_SESSION_VALUE
SURI,Maja Agung Latexindo Tbk.,2023-12-07,,1,0,,,V4_X1_CLEAN_SECURITY_MASTER_PLUS_PRIMARY_LIQUID_60_SESSION_VALUE
SWAT,Sriwahana Adityakarta Tbk.,2018-06-08,,1,0,,,V4_X1_CLEAN_SECURITY_MASTER_PLUS_PRIMARY_LIQUID_60_SESSION_VALUE
SWID,Saraswanti Indoland Developmen,2022-07-07,,1,0,,,V4_X1_CLEAN_SECURITY_MASTER_PLUS_PRIMARY_LIQUID_60_SESSION_VALUE
TALF,Tunas Alfin Tbk.,2014-01-17,,1,0,,,V4_X1_CLEAN_SECURITY_MASTER_PLUS_PRIMARY_LIQUID_60_SESSION_VALUE
TAMA,Lancartama Sejati Tbk.,2020-02-10,,1,0,,,V4_X1_CLEAN_SECURITY_MASTER_PLUS_PRIMARY_LIQUID_60_SESSION_VALUE
TAMU,Pelayaran Tamarin Samudra Tbk.,2017-05-10,,1,0,,,V4_X1_CLEAN_SECURITY_MASTER_PLUS_PRIMARY_LIQUID_60_SESSION_VALUE
TAPG,Triputra Agro Persada Tbk.,2021-04-12,,1,0,,,V4_X1_CLEAN_SECURITY_MASTER_PLUS_PRIMARY_LIQUID_60_SESSION_VALUE
TARA,Agung Semesta Sejahtera Tbk.,2014-07-11,,1,0,,,V4_X1_CLEAN_SECURITY_MASTER_PLUS_PRIMARY_LIQUID_60_SESSION_VALUE
TAXI,Express Transindo Utama Tbk.,2012-11-02,,1,0,,,V4_X1_CLEAN_SECURITY_MASTER_PLUS_PRIMARY_LIQUID_60_SESSION_VALUE
TAYS,Jaya Swarasa Agung Tbk.,2021-12-06,,1,0,,,V4_X1_CLEAN_SECURITY_MASTER_PLUS_PRIMARY_LIQUID_60_SESSION_VALUE
TBIG,Tower Bersama Infrastructure T,2010-10-26,,1,0,,,V4_X1_CLEAN_SECURITY_MASTER_PLUS_PRIMARY_LIQUID_60_SESSION_VALUE
TBLA,Tunas Baru Lampung Tbk.,2000-02-14,,1,0,,,V4_X1_CLEAN_SECURITY_MASTER_PLUS_PRIMARY_LIQUID_60_SESSION_VALUE
TBMS,Tembaga Mulia Semanan Tbk.,1990-05-23,,1,0,,,V4_X1_CLEAN_SECURITY_MASTER_PLUS_PRIMARY_LIQUID_60_SESSION_VALUE
TCID,Mandom Indonesia Tbk.,1993-09-30,,1,0,,,V4_X1_CLEAN_SECURITY_MASTER_PLUS_PRIMARY_LIQUID_60_SESSION_VALUE
TCPI,Transcoal Pacific Tbk.,2018-07-06,,1,0,,,V4_X1_CLEAN_SECURITY_MASTER_PLUS_PRIMARY_LIQUID_60_SESSION_VALUE
TDPM,Tianrong Chemicals Industry Tb,2018-04-09,,1,0,,,V4_X1_CLEAN_SECURITY_MASTER_PLUS_PRIMARY_LIQUID_60_SESSION_VALUE
TEBE,Dana Brata Luhur Tbk.,2019-11-18,,1,0,,,V4_X1_CLEAN_SECURITY_MASTER_PLUS_PRIMARY_LIQUID_60_SESSION_VALUE
TECH,Indosterling Technomedia Tbk.,2020-06-04,,1,0,,,V4_X1_CLEAN_SECURITY_MASTER_PLUS_PRIMARY_LIQUID_60_SESSION_VALUE
TELE,Omni Inovasi Indonesia Tbk.,2012-01-12,,1,0,,,V4_X1_CLEAN_SECURITY_MASTER_PLUS_PRIMARY_LIQUID_60_SESSION_VALUE
TFAS,Telefast Indonesia Tbk.,2019-09-17,,1,1,62.0,38345100.0,V4_X1_CLEAN_SECURITY_MASTER_PLUS_PRIMARY_LIQUID_60_SESSION_VALUE
TFCO,Tifico Fiber Indonesia Tbk.,1980-02-26,,1,0,,,V4_X1_CLEAN_SECURITY_MASTER_PLUS_PRIMARY_LIQUID_60_SESSION_VALUE
TGKA,Tigaraksa Satria Tbk.,1990-06-11,,1,0,,,V4_X1_CLEAN_SECURITY_MASTER_PLUS_PRIMARY_LIQUID_60_SESSION_VALUE
TGRA,Terregra Asia Energy Tbk.,2017-05-16,,1,0,,,V4_X1_CLEAN_SECURITY_MASTER_PLUS_PRIMARY_LIQUID_60_SESSION_VALUE
TGUK,Platinum Wahab Nusantara Tbk.,2023-07-10,,1,0,,,V4_X1_CLEAN_SECURITY_MASTER_PLUS_PRIMARY_LIQUID_60_SESSION_VALUE
TIFA,KDB Tifa Finance Tbk.,2011-07-08,,1,0,,,V4_X1_CLEAN_SECURITY_MASTER_PLUS_PRIMARY_LIQUID_60_SESSION_VALUE
TINS,TIMAH (Persero) Tbk.,1995-10-19,,1,0,,,V4_X1_CLEAN_SECURITY_MASTER_PLUS_PRIMARY_LIQUID_60_SESSION_VALUE
TIRA,Tira Austenite Tbk,1993-07-27,,1,0,,,V4_X1_CLEAN_SECURITY_MASTER_PLUS_PRIMARY_LIQUID_60_SESSION_VALUE
TIRT,Tirta Mahakam Resources Tbk,1999-12-13,,1,1,15.0,222123500.0,V4_X1_CLEAN_SECURITY_MASTER_PLUS_PRIMARY_LIQUID_60_SESSION_VALUE
TKIM,Pabrik Kertas Tjiwi Kimia Tbk.,1990-04-03,,1,0,,,V4_X1_CLEAN_SECURITY_MASTER_PLUS_PRIMARY_LIQUID_60_SESSION_VALUE
TLDN,Teladan Prima Agro Tbk.,2022-04-12,,1,0,,,V4_X1_CLEAN_SECURITY_MASTER_PLUS_PRIMARY_LIQUID_60_SESSION_VALUE
TLKM,Telkom Indonesia (Persero) Tbk,1995-11-14,,1,0,,,V4_X1_CLEAN_SECURITY_MASTER_PLUS_PRIMARY_LIQUID_60_SESSION_VALUE
TMAS,Temas Tbk.,2003-07-09,,1,0,,,V4_X1_CLEAN_SECURITY_MASTER_PLUS_PRIMARY_LIQUID_60_SESSION_VALUE
TMPO,Tempo Intimedia Tbk.,2001-01-08,,1,0,,,V4_X1_CLEAN_SECURITY_MASTER_PLUS_PRIMARY_LIQUID_60_SESSION_VALUE
TNCA,Trimuda Nuansa Citra Tbk.,2018-06-28,,1,0,,,V4_X1_CLEAN_SECURITY_MASTER_PLUS_PRIMARY_LIQUID_60_SESSION_VALUE
TOBA,TBS Energi Utama Tbk.,2012-07-06,,1,0,,,V4_X1_CLEAN_SECURITY_MASTER_PLUS_PRIMARY_LIQUID_60_SESSION_VALUE
TOOL,Rohartindo Nusantara Luas Tbk.,2022-08-09,,1,0,,,V4_X1_CLEAN_SECURITY_MASTER_PLUS_PRIMARY_LIQUID_60_SESSION_VALUE
TOPS,Totalindo Eka Persada Tbk.,2017-06-16,,1,0,,,V4_X1_CLEAN_SECURITY_MASTER_PLUS_PRIMARY_LIQUID_60_SESSION_VALUE
TOSK,Topindo Solusi Komunika Tbk.,2024-02-07,,1,0,,,V4_X1_CLEAN_SECURITY_MASTER_PLUS_PRIMARY_LIQUID_60_SESSION_VALUE
TOTL,Total Bangun Persada Tbk.,2006-07-25,,1,0,,,V4_X1_CLEAN_SECURITY_MASTER_PLUS_PRIMARY_LIQUID_60_SESSION_VALUE
TOTO,Surya Toto Indonesia Tbk.,1990-10-30,,1,0,,,V4_X1_CLEAN_SECURITY_MASTER_PLUS_PRIMARY_LIQUID_60_SESSION_VALUE
TOWR,Sarana Menara Nusantara Tbk.,2010-03-08,,1,0,,,V4_X1_CLEAN_SECURITY_MASTER_PLUS_PRIMARY_LIQUID_60_SESSION_VALUE
TOYS,Sunindo Adipersada Tbk.,2020-08-06,,1,0,,,V4_X1_CLEAN_SECURITY_MASTER_PLUS_PRIMARY_LIQUID_60_SESSION_VALUE
TPIA,Chandra Asri Pacific Tbk.,2008-05-26,,1,0,,,V4_X1_CLEAN_SECURITY_MASTER_PLUS_PRIMARY_LIQUID_60_SESSION_VALUE
TPMA,Trans Power Marine Tbk.,2013-02-20,,1,0,,,V4_X1_CLEAN_SECURITY_MASTER_PLUS_PRIMARY_LIQUID_60_SESSION_VALUE
TRAM,Trada Alam Minera Tbk.,2008-09-10,,1,0,,,V4_X1_CLEAN_SECURITY_MASTER_PLUS_PRIMARY_LIQUID_60_SESSION_VALUE
TRGU,Cerestar Indonesia Tbk.,2022-07-08,,1,1,93.0,14234100.0,V4_X1_CLEAN_SECURITY_MASTER_PLUS_PRIMARY_LIQUID_60_SESSION_VALUE
TRIL,Triwira Insanlestari Tbk.,2008-01-28,,1,0,,,V4_X1_CLEAN_SECURITY_MASTER_PLUS_PRIMARY_LIQUID_60_SESSION_VALUE
TRIM,Trimegah Sekuritas Indonesia T,2000-01-31,,1,0,,,V4_X1_CLEAN_SECURITY_MASTER_PLUS_PRIMARY_LIQUID_60_SESSION_VALUE
TRIN,Perintis Triniti Properti Tbk.,2020-01-15,,1,0,,,V4_X1_CLEAN_SECURITY_MASTER_PLUS_PRIMARY_LIQUID_60_SESSION_VALUE
TRIO,Trikomsel Oke Tbk.,2009-04-14,,1,0,,,V4_X1_CLEAN_SECURITY_MASTER_PLUS_PRIMARY_LIQUID_60_SESSION_VALUE
TRIS,Trisula International Tbk.,2012-06-28,,1,1,44.0,79730650.0,V4_X1_CLEAN_SECURITY_MASTER_PLUS_PRIMARY_LIQUID_60_SESSION_VALUE
TRJA,Transkon Jaya Tbk.,2020-08-27,,1,0,,,V4_X1_CLEAN_SECURITY_MASTER_PLUS_PRIMARY_LIQUID_60_SESSION_VALUE
TRON,Teknologi Karya Digital Nusa T,2023-03-08,,1,0,,,V4_X1_CLEAN_SECURITY_MASTER_PLUS_PRIMARY_LIQUID_60_SESSION_VALUE
TRST,Trias Sentosa Tbk.,1990-07-02,,1,0,,,V4_X1_CLEAN_SECURITY_MASTER_PLUS_PRIMARY_LIQUID_60_SESSION_VALUE
TRUE,Triniti Dinamik Tbk.,2021-06-10,,1,0,,,V4_X1_CLEAN_SECURITY_MASTER_PLUS_PRIMARY_LIQUID_60_SESSION_VALUE
TRUK,Guna Timur Raya Tbk.,2018-05-23,,1,0,,,V4_X1_CLEAN_SECURITY_MASTER_PLUS_PRIMARY_LIQUID_60_SESSION_VALUE
TRUS,Trust Finance Indonesia Tbk,2002-11-28,,1,0,,,V4_X1_CLEAN_SECURITY_MASTER_PLUS_PRIMARY_LIQUID_60_SESSION_VALUE
TSPC,Tempo Scan Pacific Tbk.,1994-06-17,,1,0,,,V4_X1_CLEAN_SECURITY_MASTER_PLUS_PRIMARY_LIQUID_60_SESSION_VALUE
TUGU,Asuransi Tugu Pratama Indonesi,2018-05-28,,1,0,,,V4_X1_CLEAN_SECURITY_MASTER_PLUS_PRIMARY_LIQUID_60_SESSION_VALUE
TYRE,King Tire Indonesia Tbk.,2023-05-08,,1,1,72.0,33769100.0,V4_X1_CLEAN_SECURITY_MASTER_PLUS_PRIMARY_LIQUID_60_SESSION_VALUE
UANG,Pakuan Tbk.,2020-07-06,,1,0,,,V4_X1_CLEAN_SECURITY_MASTER_PLUS_PRIMARY_LIQUID_60_SESSION_VALUE
UCID,Uni-Charm Indonesia Tbk.,2019-12-20,,1,0,,,V4_X1_CLEAN_SECURITY_MASTER_PLUS_PRIMARY_LIQUID_60_SESSION_VALUE
UDNG,Agro Bahari Nusantara Tbk.,2023-10-31,,1,0,,,V4_X1_CLEAN_SECURITY_MASTER_PLUS_PRIMARY_LIQUID_60_SESSION_VALUE
UFOE,Damai Sejahtera Abadi Tbk.,2021-02-01,,1,1,80.0,22185950.0,V4_X1_CLEAN_SECURITY_MASTER_PLUS_PRIMARY_LIQUID_60_SESSION_VALUE
ULTJ,Ultrajaya Milk Industry & Trad,1990-07-02,,1,0,,,V4_X1_CLEAN_SECURITY_MASTER_PLUS_PRIMARY_LIQUID_60_SESSION_VALUE
UNIC,Unggul Indah Cahaya Tbk.,1989-11-06,,1,0,,,V4_X1_CLEAN_SECURITY_MASTER_PLUS_PRIMARY_LIQUID_60_SESSION_VALUE
UNIQ,Ulima Nitra Tbk.,2021-03-08,,1,0,,,V4_X1_CLEAN_SECURITY_MASTER_PLUS_PRIMARY_LIQUID_60_SESSION_VALUE
UNIT,Nusantara Inti Corpora Tbk,2002-04-18,,1,0,,,V4_X1_CLEAN_SECURITY_MASTER_PLUS_PRIMARY_LIQUID_60_SESSION_VALUE
UNSP,Bakrie Sumatera Plantations Tb,1990-03-06,,1,0,,,V4_X1_CLEAN_SECURITY_MASTER_PLUS_PRIMARY_LIQUID_60_SESSION_VALUE
UNTD,Terang Dunia Internusa Tbk.,2024-02-07,,1,0,,,V4_X1_CLEAN_SECURITY_MASTER_PLUS_PRIMARY_LIQUID_60_SESSION_VALUE
UNTR,United Tractors Tbk.,1989-09-19,,1,0,,,V4_X1_CLEAN_SECURITY_MASTER_PLUS_PRIMARY_LIQUID_60_SESSION_VALUE
UNVR,Unilever Indonesia Tbk.,1982-01-11,,1,0,,,V4_X1_CLEAN_SECURITY_MASTER_PLUS_PRIMARY_LIQUID_60_SESSION_VALUE
URBN,Urban Jakarta Propertindo Tbk.,2018-12-10,,1,0,,,V4_X1_CLEAN_SECURITY_MASTER_PLUS_PRIMARY_LIQUID_60_SESSION_VALUE
UVCR,Trimegah Karya Pratama Tbk.,2021-07-27,,1,0,,,V4_X1_CLEAN_SECURITY_MASTER_PLUS_PRIMARY_LIQUID_60_SESSION_VALUE
VAST,Vastland Indonesia Tbk.,2023-02-08,,1,0,,,V4_X1_CLEAN_SECURITY_MASTER_PLUS_PRIMARY_LIQUID_60_SESSION_VALUE
VERN,Verona Indah Pictures Tbk.,2024-10-08,,1,0,,,V4_X1_CLEAN_SECURITY_MASTER_PLUS_PRIMARY_LIQUID_60_SESSION_VALUE
VICI,Victoria Care Indonesia Tbk.,2020-12-17,,1,0,,,V4_X1_CLEAN_SECURITY_MASTER_PLUS_PRIMARY_LIQUID_60_SESSION_VALUE
VICO,Victoria Investama Tbk.,2013-07-08,,1,1,99.0,10116950.0,V4_X1_CLEAN_SECURITY_MASTER_PLUS_PRIMARY_LIQUID_60_SESSION_VALUE
VINS,Victoria Insurance Tbk.,2015-09-28,,1,0,,,V4_X1_CLEAN_SECURITY_MASTER_PLUS_PRIMARY_LIQUID_60_SESSION_VALUE
VISI,Satu Visi Putra Tbk.,2024-02-27,,1,0,,,V4_X1_CLEAN_SECURITY_MASTER_PLUS_PRIMARY_LIQUID_60_SESSION_VALUE
VIVA,Visi Media Asia Tbk.,2011-11-21,,1,0,,,V4_X1_CLEAN_SECURITY_MASTER_PLUS_PRIMARY_LIQUID_60_SESSION_VALUE
VKTR,VKTR Teknologi Mobilitas Tbk.,2023-06-19,,1,0,,,V4_X1_CLEAN_SECURITY_MASTER_PLUS_PRIMARY_LIQUID_60_SESSION_VALUE
VOKS,Voksel Electric Tbk.,1990-12-20,,1,0,,,V4_X1_CLEAN_SECURITY_MASTER_PLUS_PRIMARY_LIQUID_60_SESSION_VALUE
VRNA,Mizuho Leasing Indonesia Tbk.,2008-06-25,,1,0,,,V4_X1_CLEAN_SECURITY_MASTER_PLUS_PRIMARY_LIQUID_60_SESSION_VALUE
VTNY,Venteny Fortuna International,2022-12-15,,1,0,,,V4_X1_CLEAN_SECURITY_MASTER_PLUS_PRIMARY_LIQUID_60_SESSION_VALUE
WAPO,Wahana Pronatural Tbk.,2001-06-22,,1,0,,,V4_X1_CLEAN_SECURITY_MASTER_PLUS_PRIMARY_LIQUID_60_SESSION_VALUE
WBSA,BSA Logistics Indonesia Tbk.,2026-04-10,,1,0,,,V4_X1_CLEAN_SECURITY_MASTER_PLUS_PRIMARY_LIQUID_60_SESSION_VALUE
WEGE,Wijaya Karya Bangunan Gedung T,2017-11-30,,1,0,,,V4_X1_CLEAN_SECURITY_MASTER_PLUS_PRIMARY_LIQUID_60_SESSION_VALUE
WEHA,WEHA Transportasi Indonesia Tb,2007-05-31,,1,0,,,V4_X1_CLEAN_SECURITY_MASTER_PLUS_PRIMARY_LIQUID_60_SESSION_VALUE
WGSH,Wira Global Solusi Tbk.,2021-12-06,,1,1,3.0,685621250.0,V4_X1_CLEAN_SECURITY_MASTER_PLUS_PRIMARY_LIQUID_60_SESSION_VALUE
WICO,Wicaksana Overseas Internation,1994-08-08,,1,0,,,V4_X1_CLEAN_SECURITY_MASTER_PLUS_PRIMARY_LIQUID_60_SESSION_VALUE
WIDI,Widiant Jaya Krenindo Tbk.,2023-07-10,,1,0,,,V4_X1_CLEAN_SECURITY_MASTER_PLUS_PRIMARY_LIQUID_60_SESSION_VALUE
WIFI,Solusi Sinergi Digital Tbk.,2020-12-30,,1,0,,,V4_X1_CLEAN_SECURITY_MASTER_PLUS_PRIMARY_LIQUID_60_SESSION_VALUE
WIIM,Wismilak Inti Makmur Tbk.,2012-12-18,,1,0,,,V4_X1_CLEAN_SECURITY_MASTER_PLUS_PRIMARY_LIQUID_60_SESSION_VALUE
WIKA,Wijaya Karya (Persero) Tbk.,2007-10-29,,1,0,,,V4_X1_CLEAN_SECURITY_MASTER_PLUS_PRIMARY_LIQUID_60_SESSION_VALUE
WINE,Hatten Bali Tbk.,2023-01-10,,1,0,,,V4_X1_CLEAN_SECURITY_MASTER_PLUS_PRIMARY_LIQUID_60_SESSION_VALUE
WINR,Winner Nusantara Jaya Tbk.,2022-04-25,,1,0,,,V4_X1_CLEAN_SECURITY_MASTER_PLUS_PRIMARY_LIQUID_60_SESSION_VALUE
WINS,Wintermar Offshore Marine Tbk.,2010-11-29,,1,0,,,V4_X1_CLEAN_SECURITY_MASTER_PLUS_PRIMARY_LIQUID_60_SESSION_VALUE
WIRG,WIR ASIA Tbk.,2022-04-04,,1,0,,,V4_X1_CLEAN_SECURITY_MASTER_PLUS_PRIMARY_LIQUID_60_SESSION_VALUE
WMPP,Widodo Makmur Perkasa Tbk.,2021-12-06,,1,0,,,V4_X1_CLEAN_SECURITY_MASTER_PLUS_PRIMARY_LIQUID_60_SESSION_VALUE
WMUU,Widodo Makmur Unggas Tbk.,2021-02-02,,1,0,,,V4_X1_CLEAN_SECURITY_MASTER_PLUS_PRIMARY_LIQUID_60_SESSION_VALUE
WOMF,Wahana Ottomitra Multiartha Tb,2004-12-13,,1,0,,,V4_X1_CLEAN_SECURITY_MASTER_PLUS_PRIMARY_LIQUID_60_SESSION_VALUE
WOOD,Integra Indocabinet Tbk.,2017-06-21,,1,0,,,V4_X1_CLEAN_SECURITY_MASTER_PLUS_PRIMARY_LIQUID_60_SESSION_VALUE
WOWS,Ginting Jaya Energi Tbk.,2019-11-08,,1,0,,,V4_X1_CLEAN_SECURITY_MASTER_PLUS_PRIMARY_LIQUID_60_SESSION_VALUE
WSBP,Waskita Beton Precast Tbk.,2016-09-20,,1,0,,,V4_X1_CLEAN_SECURITY_MASTER_PLUS_PRIMARY_LIQUID_60_SESSION_VALUE
WSKT,Waskita Karya (Persero) Tbk.,2012-12-19,,1,0,,,V4_X1_CLEAN_SECURITY_MASTER_PLUS_PRIMARY_LIQUID_60_SESSION_VALUE
WTON,Wijaya Karya Beton Tbk.,2014-04-08,,1,0,,,V4_X1_CLEAN_SECURITY_MASTER_PLUS_PRIMARY_LIQUID_60_SESSION_VALUE
YELO,Yelooo Integra Datanet Tbk.,2018-10-29,,1,0,,,V4_X1_CLEAN_SECURITY_MASTER_PLUS_PRIMARY_LIQUID_60_SESSION_VALUE
YOII,Asuransi Digital Bersama Tbk.,2025-01-08,,1,0,,,V4_X1_CLEAN_SECURITY_MASTER_PLUS_PRIMARY_LIQUID_60_SESSION_VALUE
YPAS,Yanaprima Hastapersada Tbk,2008-03-05,,1,0,,,V4_X1_CLEAN_SECURITY_MASTER_PLUS_PRIMARY_LIQUID_60_SESSION_VALUE
YULE,Yulie Sekuritas Indonesia Tbk.,2004-12-10,,1,0,,,V4_X1_CLEAN_SECURITY_MASTER_PLUS_PRIMARY_LIQUID_60_SESSION_VALUE
YUPI,Yupi Indo Jelly Gum Tbk.,2025-03-25,,1,0,,,V4_X1_CLEAN_SECURITY_MASTER_PLUS_PRIMARY_LIQUID_60_SESSION_VALUE
ZATA,Bersama Zatta Jaya Tbk.,2022-11-10,,1,0,,,V4_X1_CLEAN_SECURITY_MASTER_PLUS_PRIMARY_LIQUID_60_SESSION_VALUE
ZBRA,Dosni Roha Indonesia Tbk.,1991-08-01,,1,0,,,V4_X1_CLEAN_SECURITY_MASTER_PLUS_PRIMARY_LIQUID_60_SESSION_VALUE
ZINC,Kapuas Prima Coal Tbk.,2017-10-16,,1,0,,,V4_X1_CLEAN_SECURITY_MASTER_PLUS_PRIMARY_LIQUID_60_SESSION_VALUE
ZONE,Mega Perintis Tbk.,2018-12-12,,1,1,48.0,69034850.0,V4_X1_CLEAN_SECURITY_MASTER_PLUS_PRIMARY_LIQUID_60_SESSION_VALUE
ZYRX,Zyrexindo Mandiri Buana Tbk.,2021-03-30,,1,1,59.0,41788300.0,V4_X1_CLEAN_SECURITY_MASTER_PLUS_PRIMARY_LIQUID_60_SESSION_VALUE
