date,h5_decision_rows_parent,h5_resolved_rows_parent,h5_rate_parent,h5_gate_parent,h10_decision_rows_parent,h10_resolved_rows_parent,h10_rate_parent,h10_gate_parent,consensus_resolved_rows_parent,consensus_rate_parent,consensus_gate_parent,h5_decision_rows_remediation,h5_resolved_rows_remediation,h5_rate_remediation,h5_gate_remediation,h10_decision_rows_remediation,h10_resolved_rows_remediation,h10_rate_remediation,h10_gate_remediation,consensus_resolved_rows_remediation,consensus_rate_remediation,consensus_gate_remediation,all_comparable_fields_equal
2023-12-28,262,215,0.8206106870229007,False,262,215,0.8206106870229007,False,215,0.8206106870229007,False,262,223,0.851145038167939,False,262,223,0.851145038167939,False,223,0.851145038167939,False,False
2023-12-29,263,215,0.8174904942965779,False,263,215,0.8174904942965779,False,215,0.8174904942965779,False,263,223,0.8479087452471483,False,263,223,0.8479087452471483,False,223,0.8479087452471483,False,False
2024-01-02,265,217,0.8188679245283019,False,265,217,0.8188679245283019,False,217,0.8188679245283019,False,265,225,0.8490566037735849,False,265,225,0.8490566037735849,False,225,0.8490566037735849,False,False
2024-01-03,263,215,0.8174904942965779,False,263,215,0.8174904942965779,False,215,0.8174904942965779,False,263,223,0.8479087452471483,False,263,223,0.8479087452471483,False,223,0.8479087452471483,False,False
2024-01-04,262,214,0.816793893129771,False,262,214,0.816793893129771,False,214,0.816793893129771,False,262,222,0.8473282442748091,False,262,222,0.8473282442748091,False,222,0.8473282442748091,False,False
2024-01-05,260,212,0.8153846153846154,False,260,212,0.8153846153846154,False,212,0.8153846153846154,False,260,220,0.8461538461538461,False,260,220,0.8461538461538461,False,220,0.8461538461538461,False,False
2024-01-08,262,213,0.8129770992366412,False,262,213,0.8129770992366412,False,213,0.8129770992366412,False,262,221,0.8435114503816794,False,262,221,0.8435114503816794,False,221,0.8435114503816794,False,False
2024-01-09,260,211,0.8115384615384615,False,260,211,0.8115384615384615,False,211,0.8115384615384615,False,260,219,0.8423076923076923,False,260,219,0.8423076923076923,False,219,0.8423076923076923,False,False
2024-01-10,258,210,0.813953488372093,False,258,210,0.813953488372093,False,210,0.813953488372093,False,258,217,0.8410852713178295,False,258,217,0.8410852713178295,False,217,0.8410852713178295,False,False
2024-01-11,253,205,0.8102766798418972,False,253,205,0.8102766798418972,False,205,0.8102766798418972,False,253,212,0.8379446640316206,False,253,212,0.8379446640316206,False,212,0.8379446640316206,False,False
2024-01-12,251,204,0.8127490039840638,False,251,204,0.8127490039840638,False,204,0.8127490039840638,False,251,211,0.8406374501992032,False,251,211,0.8406374501992032,False,211,0.8406374501992032,False,False
2024-01-15,250,204,0.816,False,250,204,0.816,False,204,0.816,False,250,211,0.844,False,250,211,0.844,False,211,0.844,False,False
2024-01-16,251,204,0.8127490039840638,False,251,204,0.8127490039840638,False,204,0.8127490039840638,False,251,211,0.8406374501992032,False,251,211,0.8406374501992032,False,211,0.8406374501992032,False,False
2024-01-17,251,204,0.8127490039840638,False,251,204,0.8127490039840638,False,204,0.8127490039840638,False,251,211,0.8406374501992032,False,251,211,0.8406374501992032,False,211,0.8406374501992032,False,False
2024-01-18,251,205,0.8167330677290837,False,251,205,0.8167330677290837,False,205,0.8167330677290837,False,251,212,0.8446215139442231,False,251,212,0.8446215139442231,False,212,0.8446215139442231,False,False
2024-01-19,249,204,0.8192771084337349,False,249,204,0.8192771084337349,False,204,0.8192771084337349,False,249,210,0.8433734939759037,False,249,210,0.8433734939759037,False,210,0.8433734939759037,False,False
2024-01-22,247,202,0.8178137651821862,False,247,202,0.8178137651821862,False,202,0.8178137651821862,False,247,208,0.8421052631578947,False,247,208,0.8421052631578947,False,208,0.8421052631578947,False,False
2024-01-23,247,202,0.8178137651821862,False,247,202,0.8178137651821862,False,202,0.8178137651821862,False,247,208,0.8421052631578947,False,247,208,0.8421052631578947,False,208,0.8421052631578947,False,False
2024-01-24,246,201,0.8170731707317073,False,246,201,0.8170731707317073,False,201,0.8170731707317073,False,246,207,0.8414634146341463,False,246,207,0.8414634146341463,False,207,0.8414634146341463,False,False
2024-01-25,246,201,0.8170731707317073,False,246,201,0.8170731707317073,False,201,0.8170731707317073,False,246,207,0.8414634146341463,False,246,207,0.8414634146341463,False,207,0.8414634146341463,False,False
2024-01-26,246,201,0.8170731707317073,False,246,201,0.8170731707317073,False,201,0.8170731707317073,False,246,207,0.8414634146341463,False,246,207,0.8414634146341463,False,207,0.8414634146341463,False,False
2024-01-29,243,199,0.8189300411522634,False,243,199,0.8189300411522634,False,199,0.8189300411522634,False,243,205,0.8436213991769548,False,243,205,0.8436213991769548,False,205,0.8436213991769548,False,False
2024-01-30,243,200,0.823045267489712,False,243,200,0.823045267489712,False,200,0.823045267489712,False,243,205,0.8436213991769548,False,243,205,0.8436213991769548,False,205,0.8436213991769548,False,False
2024-01-31,242,199,0.8223140495867769,False,242,199,0.8223140495867769,False,199,0.8223140495867769,False,242,204,0.8429752066115702,False,242,204,0.8429752066115702,False,204,0.8429752066115702,False,False
2024-02-01,241,198,0.8215767634854771,False,241,198,0.8215767634854771,False,198,0.8215767634854771,False,241,202,0.8381742738589212,False,241,202,0.8381742738589212,False,202,0.8381742738589212,False,False
2024-02-02,243,199,0.8189300411522634,False,243,199,0.8189300411522634,False,199,0.8189300411522634,False,243,203,0.8353909465020576,False,243,203,0.8353909465020576,False,203,0.8353909465020576,False,False
2024-02-05,241,197,0.8174273858921162,False,241,197,0.8174273858921162,False,197,0.8174273858921162,False,241,201,0.8340248962655602,False,241,201,0.8340248962655602,False,201,0.8340248962655602,False,False
2024-02-06,242,197,0.8140495867768595,False,242,197,0.8140495867768595,False,197,0.8140495867768595,False,242,201,0.8305785123966942,False,242,201,0.8305785123966942,False,201,0.8305785123966942,False,False
2024-02-07,246,200,0.8130081300813008,False,246,200,0.8130081300813008,False,200,0.8130081300813008,False,246,204,0.8292682926829268,False,246,204,0.8292682926829268,False,204,0.8292682926829268,False,False
2024-02-12,242,196,0.8099173553719008,False,242,196,0.8099173553719008,False,196,0.8099173553719008,False,242,200,0.8264462809917356,False,242,200,0.8264462809917356,False,200,0.8264462809917356,False,False
2024-02-13,244,198,0.8114754098360656,False,244,198,0.8114754098360656,False,198,0.8114754098360656,False,244,202,0.8278688524590164,False,244,202,0.8278688524590164,False,202,0.8278688524590164,False,False
2024-02-15,244,198,0.8114754098360656,False,244,198,0.8114754098360656,False,198,0.8114754098360656,False,244,202,0.8278688524590164,False,244,202,0.8278688524590164,False,202,0.8278688524590164,False,False
2024-02-16,243,198,0.8148148148148148,False,243,198,0.8148148148148148,False,198,0.8148148148148148,False,243,201,0.8271604938271605,False,243,201,0.8271604938271605,False,201,0.8271604938271605,False,False
2024-02-19,244,198,0.8114754098360656,False,244,198,0.8114754098360656,False,198,0.8114754098360656,False,244,202,0.8278688524590164,False,244,202,0.8278688524590164,False,202,0.8278688524590164,False,False
2024-02-20,244,198,0.8114754098360656,False,244,198,0.8114754098360656,False,198,0.8114754098360656,False,244,202,0.8278688524590164,False,244,202,0.8278688524590164,False,202,0.8278688524590164,False,False
2024-02-21,245,199,0.8122448979591836,False,245,199,0.8122448979591836,False,199,0.8122448979591836,False,245,203,0.8285714285714286,False,245,203,0.8285714285714286,False,203,0.8285714285714286,False,False
2024-02-22,243,197,0.8106995884773662,False,243,197,0.8106995884773662,False,197,0.8106995884773662,False,243,201,0.8271604938271605,False,243,201,0.8271604938271605,False,201,0.8271604938271605,False,False
2024-02-23,239,194,0.8117154811715481,False,239,194,0.8117154811715481,False,194,0.8117154811715481,False,239,198,0.8284518828451883,False,239,198,0.8284518828451883,False,198,0.8284518828451883,False,False
2024-02-26,236,190,0.8050847457627118,False,236,190,0.8050847457627118,False,190,0.8050847457627118,False,236,194,0.8220338983050848,False,236,194,0.8220338983050848,False,194,0.8220338983050848,False,False
2024-02-27,236,191,0.809322033898305,False,236,191,0.809322033898305,False,191,0.809322033898305,False,236,195,0.826271186440678,False,236,195,0.826271186440678,False,195,0.826271186440678,False,False
2024-02-28,236,191,0.809322033898305,False,236,191,0.809322033898305,False,191,0.809322033898305,False,236,195,0.826271186440678,False,236,195,0.826271186440678,False,195,0.826271186440678,False,False
2024-02-29,237,192,0.810126582278481,False,237,192,0.810126582278481,False,192,0.810126582278481,False,237,196,0.8270042194092827,False,237,196,0.8270042194092827,False,196,0.8270042194092827,False,False
2024-03-01,232,188,0.8103448275862069,False,232,188,0.8103448275862069,False,188,0.8103448275862069,False,232,193,0.8318965517241379,False,232,193,0.8318965517241379,False,193,0.8318965517241379,False,False
2024-03-04,235,191,0.8127659574468085,False,235,191,0.8127659574468085,False,191,0.8127659574468085,False,235,196,0.8340425531914893,False,235,196,0.8340425531914893,False,196,0.8340425531914893,False,False
2024-03-05,236,193,0.8177966101694916,False,236,193,0.8177966101694916,False,193,0.8177966101694916,False,236,198,0.8389830508474576,False,236,198,0.8389830508474576,False,198,0.8389830508474576,False,False
2024-03-06,236,193,0.8177966101694916,False,236,193,0.8177966101694916,False,193,0.8177966101694916,False,236,198,0.8389830508474576,False,236,198,0.8389830508474576,False,198,0.8389830508474576,False,False
2024-03-07,237,193,0.8143459915611815,False,237,193,0.8143459915611815,False,193,0.8143459915611815,False,237,198,0.8354430379746836,False,237,198,0.8354430379746836,False,198,0.8354430379746836,False,False
2024-03-08,238,194,0.8151260504201681,False,238,194,0.8151260504201681,False,194,0.8151260504201681,False,238,199,0.8361344537815126,False,238,199,0.8361344537815126,False,199,0.8361344537815126,False,False
2024-03-13,241,195,0.8091286307053942,False,241,195,0.8091286307053942,False,195,0.8091286307053942,False,241,200,0.8298755186721992,False,241,200,0.8298755186721992,False,200,0.8298755186721992,False,False
2024-03-14,243,197,0.8106995884773662,False,243,197,0.8106995884773662,False,197,0.8106995884773662,False,243,202,0.831275720164609,False,243,202,0.831275720164609,False,202,0.831275720164609,False,False
2024-03-15,240,194,0.8083333333333333,False,240,194,0.8083333333333333,False,194,0.8083333333333333,False,240,199,0.8291666666666667,False,240,199,0.8291666666666667,False,199,0.8291666666666667,False,False
2024-03-18,243,197,0.8106995884773662,False,243,197,0.8106995884773662,False,197,0.8106995884773662,False,243,202,0.831275720164609,False,243,202,0.831275720164609,False,202,0.831275720164609,False,False
2024-03-19,243,196,0.8065843621399177,False,243,196,0.8065843621399177,False,196,0.8065843621399177,False,243,201,0.8271604938271605,False,243,201,0.8271604938271605,False,201,0.8271604938271605,False,False
2024-03-20,242,195,0.8057851239669421,False,242,195,0.8057851239669421,False,195,0.8057851239669421,False,242,200,0.8264462809917356,False,242,200,0.8264462809917356,False,200,0.8264462809917356,False,False
2024-03-21,242,195,0.8057851239669421,False,242,195,0.8057851239669421,False,195,0.8057851239669421,False,242,200,0.8264462809917356,False,242,200,0.8264462809917356,False,200,0.8264462809917356,False,False
2024-03-22,242,195,0.8057851239669421,False,242,195,0.8057851239669421,False,195,0.8057851239669421,False,242,200,0.8264462809917356,False,242,200,0.8264462809917356,False,200,0.8264462809917356,False,False
2024-03-25,243,195,0.8024691358024691,False,243,195,0.8024691358024691,False,195,0.8024691358024691,False,243,200,0.823045267489712,False,243,200,0.823045267489712,False,200,0.823045267489712,False,False
2024-03-26,244,197,0.8073770491803278,False,244,197,0.8073770491803278,False,197,0.8073770491803278,False,244,202,0.8278688524590164,False,244,202,0.8278688524590164,False,202,0.8278688524590164,False,False
2024-03-27,245,197,0.8040816326530612,False,245,197,0.8040816326530612,False,197,0.8040816326530612,False,245,202,0.8244897959183674,False,245,202,0.8244897959183674,False,202,0.8244897959183674,False,False
2024-03-28,244,196,0.8032786885245902,False,244,196,0.8032786885245902,False,196,0.8032786885245902,False,244,201,0.8237704918032787,False,244,201,0.8237704918032787,False,201,0.8237704918032787,False,False
2024-04-01,250,201,0.804,False,250,201,0.804,False,201,0.804,False,250,206,0.824,False,250,206,0.824,False,206,0.824,False,False
2024-04-02,250,201,0.804,False,250,201,0.804,False,201,0.804,False,250,206,0.824,False,250,206,0.824,False,206,0.824,False,False
2024-04-03,251,201,0.8007968127490039,False,251,201,0.8007968127490039,False,201,0.8007968127490039,False,251,206,0.8207171314741036,False,251,206,0.8207171314741036,False,206,0.8207171314741036,False,False
2024-04-04,250,201,0.804,False,250,201,0.804,False,201,0.804,False,250,206,0.824,False,250,206,0.824,False,206,0.824,False,False
2024-04-05,250,201,0.804,False,250,201,0.804,False,201,0.804,False,250,206,0.824,False,250,206,0.824,False,206,0.824,False,False
2024-04-16,250,201,0.804,False,250,201,0.804,False,201,0.804,False,250,206,0.824,False,250,206,0.824,False,206,0.824,False,False
2024-04-17,249,200,0.8032128514056225,False,249,200,0.8032128514056225,False,200,0.8032128514056225,False,249,205,0.8232931726907631,False,249,205,0.8232931726907631,False,205,0.8232931726907631,False,False
2024-04-18,247,199,0.805668016194332,False,247,199,0.805668016194332,False,199,0.805668016194332,False,247,203,0.8218623481781376,False,247,203,0.8218623481781376,False,203,0.8218623481781376,False,False
2024-04-19,246,199,0.8089430894308943,False,246,199,0.8089430894308943,False,199,0.8089430894308943,False,246,203,0.8252032520325203,False,246,203,0.8252032520325203,False,203,0.8252032520325203,False,False
2024-04-22,246,199,0.8089430894308943,False,246,199,0.8089430894308943,False,199,0.8089430894308943,False,246,203,0.8252032520325203,False,246,203,0.8252032520325203,False,203,0.8252032520325203,False,False
2024-04-23,245,198,0.8081632653061225,False,245,198,0.8081632653061225,False,198,0.8081632653061225,False,245,202,0.8244897959183674,False,245,202,0.8244897959183674,False,202,0.8244897959183674,False,False
2024-04-24,245,198,0.8081632653061225,False,245,198,0.8081632653061225,False,198,0.8081632653061225,False,245,202,0.8244897959183674,False,245,202,0.8244897959183674,False,202,0.8244897959183674,False,False
2024-04-25,246,199,0.8089430894308943,False,246,199,0.8089430894308943,False,199,0.8089430894308943,False,246,203,0.8252032520325203,False,246,203,0.8252032520325203,False,203,0.8252032520325203,False,False
2024-04-26,246,199,0.8089430894308943,False,246,199,0.8089430894308943,False,199,0.8089430894308943,False,246,203,0.8252032520325203,False,246,203,0.8252032520325203,False,203,0.8252032520325203,False,False
2024-04-29,246,199,0.8089430894308943,False,246,199,0.8089430894308943,False,199,0.8089430894308943,False,246,203,0.8252032520325203,False,246,203,0.8252032520325203,False,203,0.8252032520325203,False,False
2024-04-30,245,198,0.8081632653061225,False,245,198,0.8081632653061225,False,198,0.8081632653061225,False,245,202,0.8244897959183674,False,245,202,0.8244897959183674,False,202,0.8244897959183674,False,False
2024-05-02,242,195,0.8057851239669421,False,242,195,0.8057851239669421,False,195,0.8057851239669421,False,242,199,0.8223140495867769,False,242,199,0.8223140495867769,False,199,0.8223140495867769,False,False
2024-05-03,240,193,0.8041666666666667,False,240,193,0.8041666666666667,False,193,0.8041666666666667,False,240,197,0.8208333333333333,False,240,197,0.8208333333333333,False,197,0.8208333333333333,False,False
2024-05-06,240,193,0.8041666666666667,False,240,193,0.8041666666666667,False,193,0.8041666666666667,False,240,197,0.8208333333333333,False,240,197,0.8208333333333333,False,197,0.8208333333333333,False,False
2024-05-07,242,195,0.8057851239669421,False,242,195,0.8057851239669421,False,195,0.8057851239669421,False,242,199,0.8223140495867769,False,242,199,0.8223140495867769,False,199,0.8223140495867769,False,False
2024-05-08,242,195,0.8057851239669421,False,242,195,0.8057851239669421,False,195,0.8057851239669421,False,242,199,0.8223140495867769,False,242,199,0.8223140495867769,False,199,0.8223140495867769,False,False
2024-05-13,243,197,0.8106995884773662,False,243,197,0.8106995884773662,False,197,0.8106995884773662,False,243,201,0.8271604938271605,False,243,201,0.8271604938271605,False,201,0.8271604938271605,False,False
2024-05-14,243,197,0.8106995884773662,False,243,197,0.8106995884773662,False,197,0.8106995884773662,False,243,201,0.8271604938271605,False,243,201,0.8271604938271605,False,201,0.8271604938271605,False,False
2024-05-15,242,196,0.8099173553719008,False,242,196,0.8099173553719008,False,196,0.8099173553719008,False,242,200,0.8264462809917356,False,242,200,0.8264462809917356,False,200,0.8264462809917356,False,False
2024-05-16,246,199,0.8089430894308943,False,246,199,0.8089430894308943,False,199,0.8089430894308943,False,246,203,0.8252032520325203,False,246,203,0.8252032520325203,False,203,0.8252032520325203,False,False
2024-05-17,246,199,0.8089430894308943,False,246,199,0.8089430894308943,False,199,0.8089430894308943,False,246,203,0.8252032520325203,False,246,203,0.8252032520325203,False,203,0.8252032520325203,False,False
2024-05-20,245,198,0.8081632653061225,False,245,198,0.8081632653061225,False,198,0.8081632653061225,False,245,202,0.8244897959183674,False,245,202,0.8244897959183674,False,202,0.8244897959183674,False,False
2024-05-21,243,196,0.8065843621399177,False,243,196,0.8065843621399177,False,196,0.8065843621399177,False,243,200,0.823045267489712,False,243,200,0.823045267489712,False,200,0.823045267489712,False,False
2024-05-22,243,196,0.8065843621399177,False,243,196,0.8065843621399177,False,196,0.8065843621399177,False,243,200,0.823045267489712,False,243,200,0.823045267489712,False,200,0.823045267489712,False,False
2024-05-27,243,196,0.8065843621399177,False,243,196,0.8065843621399177,False,196,0.8065843621399177,False,243,200,0.823045267489712,False,243,200,0.823045267489712,False,200,0.823045267489712,False,False
2024-05-28,242,195,0.8057851239669421,False,242,195,0.8057851239669421,False,195,0.8057851239669421,False,242,199,0.8223140495867769,False,242,199,0.8223140495867769,False,199,0.8223140495867769,False,False
2024-05-29,243,196,0.8065843621399177,False,243,196,0.8065843621399177,False,196,0.8065843621399177,False,243,200,0.823045267489712,False,243,200,0.823045267489712,False,200,0.823045267489712,False,False
2024-05-30,242,196,0.8099173553719008,False,242,196,0.8099173553719008,False,196,0.8099173553719008,False,242,200,0.8264462809917356,False,242,200,0.8264462809917356,False,200,0.8264462809917356,False,False
2024-05-31,242,195,0.8057851239669421,False,242,195,0.8057851239669421,False,195,0.8057851239669421,False,242,199,0.8223140495867769,False,242,199,0.8223140495867769,False,199,0.8223140495867769,False,False
2024-06-03,243,197,0.8106995884773662,False,243,196,0.8065843621399177,False,196,0.8065843621399177,False,243,201,0.8271604938271605,False,243,200,0.823045267489712,False,200,0.823045267489712,False,False
2024-06-04,240,194,0.8083333333333333,False,240,193,0.8041666666666667,False,193,0.8041666666666667,False,240,198,0.825,False,240,197,0.8208333333333333,False,197,0.8208333333333333,False,False
2024-06-05,238,192,0.8067226890756303,False,238,190,0.7983193277310925,False,190,0.7983193277310925,False,238,196,0.8235294117647058,False,238,194,0.8151260504201681,False,194,0.8151260504201681,False,False
2024-06-06,238,192,0.8067226890756303,False,238,190,0.7983193277310925,False,190,0.7983193277310925,False,238,196,0.8235294117647058,False,238,194,0.8151260504201681,False,194,0.8151260504201681,False,False
2024-06-07,237,190,0.8016877637130801,False,237,188,0.7932489451476793,False,188,0.7932489451476793,False,237,195,0.8227848101265823,False,237,193,0.8143459915611815,False,193,0.8143459915611815,False,False
2024-06-10,238,190,0.7983193277310925,False,238,189,0.7941176470588235,False,189,0.7941176470588235,False,238,195,0.819327731092437,False,238,194,0.8151260504201681,False,194,0.8151260504201681,False,False
2024-06-11,238,190,0.7983193277310925,False,238,188,0.7899159663865546,False,188,0.7899159663865546,False,238,195,0.819327731092437,False,238,193,0.8109243697478992,False,193,0.8109243697478992,False,False
2024-06-12,237,189,0.7974683544303798,False,237,188,0.7932489451476793,False,188,0.7932489451476793,False,237,194,0.8185654008438819,False,237,193,0.8143459915611815,False,193,0.8143459915611815,False,False
2024-06-13,237,189,0.7974683544303798,False,237,188,0.7932489451476793,False,188,0.7932489451476793,False,237,194,0.8185654008438819,False,237,193,0.8143459915611815,False,193,0.8143459915611815,False,False
2024-06-14,238,191,0.8025210084033614,False,238,190,0.7983193277310925,False,190,0.7983193277310925,False,238,196,0.8235294117647058,False,238,195,0.819327731092437,False,195,0.819327731092437,False,False
2024-06-19,236,189,0.8008474576271186,False,236,188,0.7966101694915254,False,188,0.7966101694915254,False,236,194,0.8220338983050848,False,236,193,0.8177966101694916,False,193,0.8177966101694916,False,False
2024-06-20,236,188,0.7966101694915254,False,236,188,0.7966101694915254,False,188,0.7966101694915254,False,236,193,0.8177966101694916,False,236,193,0.8177966101694916,False,193,0.8177966101694916,False,False
2024-06-21,237,189,0.7974683544303798,False,237,189,0.7974683544303798,False,189,0.7974683544303798,False,237,194,0.8185654008438819,False,237,194,0.8185654008438819,False,194,0.8185654008438819,False,False
2024-06-24,237,189,0.7974683544303798,False,237,189,0.7974683544303798,False,189,0.7974683544303798,False,237,194,0.8185654008438819,False,237,194,0.8185654008438819,False,194,0.8185654008438819,False,False
2024-06-25,237,189,0.7974683544303798,False,237,188,0.7932489451476793,False,188,0.7932489451476793,False,237,194,0.8185654008438819,False,237,193,0.8143459915611815,False,193,0.8143459915611815,False,False
2024-06-26,236,190,0.8050847457627118,False,236,189,0.8008474576271186,False,189,0.8008474576271186,False,236,195,0.826271186440678,False,236,194,0.8220338983050848,False,194,0.8220338983050848,False,False
2024-06-27,238,192,0.8067226890756303,False,238,191,0.8025210084033614,False,191,0.8025210084033614,False,238,197,0.8277310924369747,False,238,196,0.8235294117647058,False,196,0.8235294117647058,False,False
2024-06-28,239,193,0.8075313807531381,False,239,192,0.803347280334728,False,192,0.803347280334728,False,239,198,0.8284518828451883,False,239,197,0.8242677824267782,False,197,0.8242677824267782,False,False
2024-07-01,239,193,0.8075313807531381,False,239,192,0.803347280334728,False,192,0.803347280334728,False,239,198,0.8284518828451883,False,239,197,0.8242677824267782,False,197,0.8242677824267782,False,False
2024-07-02,241,193,0.8008298755186722,False,241,193,0.8008298755186722,False,193,0.8008298755186722,False,241,198,0.8215767634854771,False,241,198,0.8215767634854771,False,198,0.8215767634854771,False,False
2024-07-03,241,193,0.8008298755186722,False,241,193,0.8008298755186722,False,193,0.8008298755186722,False,241,198,0.8215767634854771,False,241,198,0.8215767634854771,False,198,0.8215767634854771,False,False
2024-07-04,241,193,0.8008298755186722,False,241,193,0.8008298755186722,False,193,0.8008298755186722,False,241,198,0.8215767634854771,False,241,198,0.8215767634854771,False,198,0.8215767634854771,False,False
2024-07-05,242,193,0.7975206611570248,False,242,193,0.7975206611570248,False,193,0.7975206611570248,False,242,199,0.8223140495867769,False,242,199,0.8223140495867769,False,199,0.8223140495867769,False,False
2024-07-08,242,194,0.8016528925619835,False,242,194,0.8016528925619835,False,194,0.8016528925619835,False,242,200,0.8264462809917356,False,242,200,0.8264462809917356,False,200,0.8264462809917356,False,False
2024-07-09,242,193,0.7975206611570248,False,242,193,0.7975206611570248,False,193,0.7975206611570248,False,242,199,0.8223140495867769,False,242,199,0.8223140495867769,False,199,0.8223140495867769,False,False
2024-07-10,242,193,0.7975206611570248,False,242,193,0.7975206611570248,False,193,0.7975206611570248,False,242,199,0.8223140495867769,False,242,199,0.8223140495867769,False,199,0.8223140495867769,False,False
2024-07-11,241,193,0.8008298755186722,False,241,193,0.8008298755186722,False,193,0.8008298755186722,False,241,199,0.8257261410788381,False,241,199,0.8257261410788381,False,199,0.8257261410788381,False,False
2024-07-12,241,192,0.7966804979253111,False,241,192,0.7966804979253111,False,192,0.7966804979253111,False,241,198,0.8215767634854771,False,241,198,0.8215767634854771,False,198,0.8215767634854771,False,False
2024-07-15,241,192,0.7966804979253111,False,241,192,0.7966804979253111,False,192,0.7966804979253111,False,241,198,0.8215767634854771,False,241,198,0.8215767634854771,False,198,0.8215767634854771,False,False
2024-07-16,241,192,0.7966804979253111,False,241,192,0.7966804979253111,False,192,0.7966804979253111,False,241,198,0.8215767634854771,False,241,198,0.8215767634854771,False,198,0.8215767634854771,False,False
2024-07-17,239,190,0.7949790794979079,False,239,190,0.7949790794979079,False,190,0.7949790794979079,False,239,196,0.8200836820083682,False,239,196,0.8200836820083682,False,196,0.8200836820083682,False,False
2024-07-18,240,190,0.7916666666666666,False,240,190,0.7916666666666666,False,190,0.7916666666666666,False,240,196,0.8166666666666667,False,240,196,0.8166666666666667,False,196,0.8166666666666667,False,False
2024-07-19,240,192,0.8,False,240,192,0.8,False,192,0.8,False,240,197,0.8208333333333333,False,240,197,0.8208333333333333,False,197,0.8208333333333333,False,False
2024-07-22,236,188,0.7966101694915254,False,236,188,0.7966101694915254,False,188,0.7966101694915254,False,236,193,0.8177966101694916,False,236,193,0.8177966101694916,False,193,0.8177966101694916,False,False
2024-07-23,236,188,0.7966101694915254,False,236,188,0.7966101694915254,False,188,0.7966101694915254,False,236,193,0.8177966101694916,False,236,193,0.8177966101694916,False,193,0.8177966101694916,False,False
2024-07-24,236,188,0.7966101694915254,False,236,188,0.7966101694915254,False,188,0.7966101694915254,False,236,193,0.8177966101694916,False,236,193,0.8177966101694916,False,193,0.8177966101694916,False,False
2024-07-25,237,189,0.7974683544303798,False,237,189,0.7974683544303798,False,189,0.7974683544303798,False,237,194,0.8185654008438819,False,237,194,0.8185654008438819,False,194,0.8185654008438819,False,False
2024-07-26,238,189,0.7941176470588235,False,238,189,0.7941176470588235,False,189,0.7941176470588235,False,238,194,0.8151260504201681,False,238,194,0.8151260504201681,False,194,0.8151260504201681,False,False
2024-07-29,239,190,0.7949790794979079,False,239,190,0.7949790794979079,False,190,0.7949790794979079,False,239,195,0.8158995815899581,False,239,195,0.8158995815899581,False,195,0.8158995815899581,False,False
2024-07-30,239,190,0.7949790794979079,False,239,190,0.7949790794979079,False,190,0.7949790794979079,False,239,195,0.8158995815899581,False,239,195,0.8158995815899581,False,195,0.8158995815899581,False,False
2024-07-31,242,193,0.7975206611570248,False,242,193,0.7975206611570248,False,193,0.7975206611570248,False,242,198,0.8181818181818182,False,242,198,0.8181818181818182,False,198,0.8181818181818182,False,False
2024-08-01,239,190,0.7949790794979079,False,239,190,0.7949790794979079,False,190,0.7949790794979079,False,239,195,0.8158995815899581,False,239,195,0.8158995815899581,False,195,0.8158995815899581,False,False
2024-08-02,239,190,0.7949790794979079,False,239,190,0.7949790794979079,False,190,0.7949790794979079,False,239,195,0.8158995815899581,False,239,195,0.8158995815899581,False,195,0.8158995815899581,False,False
2024-08-05,241,192,0.7966804979253111,False,241,192,0.7966804979253111,False,192,0.7966804979253111,False,241,197,0.8174273858921162,False,241,197,0.8174273858921162,False,197,0.8174273858921162,False,False
2024-08-06,241,193,0.8008298755186722,False,241,193,0.8008298755186722,False,193,0.8008298755186722,False,241,198,0.8215767634854771,False,241,198,0.8215767634854771,False,198,0.8215767634854771,False,False
2024-08-07,241,194,0.8049792531120332,False,241,194,0.8049792531120332,False,194,0.8049792531120332,False,241,199,0.8257261410788381,False,241,199,0.8257261410788381,False,199,0.8257261410788381,False,False
2024-08-08,242,195,0.8057851239669421,False,242,195,0.8057851239669421,False,195,0.8057851239669421,False,242,200,0.8264462809917356,False,242,200,0.8264462809917356,False,200,0.8264462809917356,False,False
2024-08-09,242,195,0.8057851239669421,False,242,195,0.8057851239669421,False,195,0.8057851239669421,False,242,200,0.8264462809917356,False,242,200,0.8264462809917356,False,200,0.8264462809917356,False,False
2024-08-12,244,196,0.8032786885245902,False,244,196,0.8032786885245902,False,196,0.8032786885245902,False,244,201,0.8237704918032787,False,244,201,0.8237704918032787,False,201,0.8237704918032787,False,False
2024-08-13,244,196,0.8032786885245902,False,244,196,0.8032786885245902,False,196,0.8032786885245902,False,244,201,0.8237704918032787,False,244,201,0.8237704918032787,False,201,0.8237704918032787,False,False
2024-08-14,243,195,0.8024691358024691,False,243,195,0.8024691358024691,False,195,0.8024691358024691,False,243,200,0.823045267489712,False,243,200,0.823045267489712,False,200,0.823045267489712,False,False
2024-08-15,245,197,0.8040816326530612,False,245,197,0.8040816326530612,False,197,0.8040816326530612,False,245,202,0.8244897959183674,False,245,202,0.8244897959183674,False,202,0.8244897959183674,False,False
2024-08-16,246,198,0.8048780487804879,False,246,198,0.8048780487804879,False,198,0.8048780487804879,False,246,203,0.8252032520325203,False,246,203,0.8252032520325203,False,203,0.8252032520325203,False,False
2024-08-19,246,198,0.8048780487804879,False,246,198,0.8048780487804879,False,198,0.8048780487804879,False,246,203,0.8252032520325203,False,246,203,0.8252032520325203,False,203,0.8252032520325203,False,False
2024-08-20,245,197,0.8040816326530612,False,245,197,0.8040816326530612,False,197,0.8040816326530612,False,245,202,0.8244897959183674,False,245,202,0.8244897959183674,False,202,0.8244897959183674,False,False
2024-08-21,244,197,0.8073770491803278,False,244,197,0.8073770491803278,False,197,0.8073770491803278,False,244,201,0.8237704918032787,False,244,201,0.8237704918032787,False,201,0.8237704918032787,False,False
2024-08-22,244,196,0.8032786885245902,False,244,196,0.8032786885245902,False,196,0.8032786885245902,False,244,201,0.8237704918032787,False,244,201,0.8237704918032787,False,201,0.8237704918032787,False,False
2024-08-23,242,196,0.8099173553719008,False,242,196,0.8099173553719008,False,196,0.8099173553719008,False,242,200,0.8264462809917356,False,242,200,0.8264462809917356,False,200,0.8264462809917356,False,False
2024-08-26,243,196,0.8065843621399177,False,243,196,0.8065843621399177,False,196,0.8065843621399177,False,243,201,0.8271604938271605,False,243,201,0.8271604938271605,False,201,0.8271604938271605,False,False
2024-08-27,242,196,0.8099173553719008,False,242,196,0.8099173553719008,False,196,0.8099173553719008,False,242,201,0.8305785123966942,False,242,201,0.8305785123966942,False,201,0.8305785123966942,False,False
2024-08-28,242,196,0.8099173553719008,False,242,196,0.8099173553719008,False,196,0.8099173553719008,False,242,201,0.8305785123966942,False,242,201,0.8305785123966942,False,201,0.8305785123966942,False,False
2024-08-29,243,196,0.8065843621399177,False,243,196,0.8065843621399177,False,196,0.8065843621399177,False,243,201,0.8271604938271605,False,243,201,0.8271604938271605,False,201,0.8271604938271605,False,False
2024-08-30,242,195,0.8057851239669421,False,242,195,0.8057851239669421,False,195,0.8057851239669421,False,242,200,0.8264462809917356,False,242,200,0.8264462809917356,False,200,0.8264462809917356,False,False
2024-09-02,245,198,0.8081632653061225,False,245,198,0.8081632653061225,False,198,0.8081632653061225,False,245,204,0.8326530612244898,False,245,204,0.8326530612244898,False,204,0.8326530612244898,False,False
2024-09-03,247,200,0.8097165991902834,False,247,200,0.8097165991902834,False,200,0.8097165991902834,False,247,206,0.8340080971659919,False,247,206,0.8340080971659919,False,206,0.8340080971659919,False,False
2024-09-04,248,201,0.8104838709677419,False,248,201,0.8104838709677419,False,201,0.8104838709677419,False,248,207,0.8346774193548387,False,248,207,0.8346774193548387,False,207,0.8346774193548387,False,False
2024-09-05,247,200,0.8097165991902834,False,247,200,0.8097165991902834,False,200,0.8097165991902834,False,247,206,0.8340080971659919,False,247,206,0.8340080971659919,False,206,0.8340080971659919,False,False
2024-09-06,242,195,0.8057851239669421,False,242,195,0.8057851239669421,False,195,0.8057851239669421,False,242,201,0.8305785123966942,False,242,201,0.8305785123966942,False,201,0.8305785123966942,False,False
2024-09-09,243,196,0.8065843621399177,False,243,196,0.8065843621399177,False,196,0.8065843621399177,False,243,202,0.831275720164609,False,243,202,0.831275720164609,False,202,0.831275720164609,False,False
2024-09-10,244,197,0.8073770491803278,False,244,197,0.8073770491803278,False,197,0.8073770491803278,False,244,203,0.8319672131147541,False,244,203,0.8319672131147541,False,203,0.8319672131147541,False,False
2024-09-11,245,197,0.8040816326530612,False,245,197,0.8040816326530612,False,197,0.8040816326530612,False,245,203,0.8285714285714286,False,245,203,0.8285714285714286,False,203,0.8285714285714286,False,False
2024-09-12,246,197,0.8008130081300813,False,246,197,0.8008130081300813,False,197,0.8008130081300813,False,246,203,0.8252032520325203,False,246,203,0.8252032520325203,False,203,0.8252032520325203,False,False
2024-09-13,246,197,0.8008130081300813,False,246,197,0.8008130081300813,False,197,0.8008130081300813,False,246,203,0.8252032520325203,False,246,203,0.8252032520325203,False,203,0.8252032520325203,False,False
2024-09-17,248,199,0.8024193548387096,False,248,199,0.8024193548387096,False,199,0.8024193548387096,False,248,205,0.8266129032258065,False,248,205,0.8266129032258065,False,205,0.8266129032258065,False,False
2024-09-18,245,198,0.8081632653061225,False,245,198,0.8081632653061225,False,198,0.8081632653061225,False,245,204,0.8326530612244898,False,245,204,0.8326530612244898,False,204,0.8326530612244898,False,False
2024-09-19,246,198,0.8048780487804879,False,246,198,0.8048780487804879,False,198,0.8048780487804879,False,246,204,0.8292682926829268,False,246,204,0.8292682926829268,False,204,0.8292682926829268,False,False
2024-09-20,246,199,0.8089430894308943,False,246,199,0.8089430894308943,False,199,0.8089430894308943,False,246,205,0.8333333333333334,False,246,205,0.8333333333333334,False,205,0.8333333333333334,False,False
2024-09-23,246,199,0.8089430894308943,False,246,199,0.8089430894308943,False,199,0.8089430894308943,False,246,205,0.8333333333333334,False,246,205,0.8333333333333334,False,205,0.8333333333333334,False,False
2024-09-24,247,199,0.805668016194332,False,247,199,0.805668016194332,False,199,0.805668016194332,False,247,205,0.8299595141700404,False,247,205,0.8299595141700404,False,205,0.8299595141700404,False,False
2024-09-25,246,198,0.8048780487804879,False,246,198,0.8048780487804879,False,198,0.8048780487804879,False,246,204,0.8292682926829268,False,246,204,0.8292682926829268,False,204,0.8292682926829268,False,False
2024-09-26,248,201,0.8104838709677419,False,248,201,0.8104838709677419,False,201,0.8104838709677419,False,248,207,0.8346774193548387,False,248,207,0.8346774193548387,False,207,0.8346774193548387,False,False
2024-09-27,247,200,0.8097165991902834,False,247,200,0.8097165991902834,False,200,0.8097165991902834,False,247,206,0.8340080971659919,False,247,206,0.8340080971659919,False,206,0.8340080971659919,False,False
2024-09-30,248,201,0.8104838709677419,False,248,201,0.8104838709677419,False,201,0.8104838709677419,False,248,207,0.8346774193548387,False,248,207,0.8346774193548387,False,207,0.8346774193548387,False,False
2024-10-01,248,200,0.8064516129032258,False,248,200,0.8064516129032258,False,200,0.8064516129032258,False,248,206,0.8306451612903226,False,248,206,0.8306451612903226,False,206,0.8306451612903226,False,False
2024-10-02,248,199,0.8024193548387096,False,248,199,0.8024193548387096,False,199,0.8024193548387096,False,248,205,0.8266129032258065,False,248,205,0.8266129032258065,False,205,0.8266129032258065,False,False
2024-10-03,247,198,0.8016194331983806,False,247,198,0.8016194331983806,False,198,0.8016194331983806,False,247,204,0.8259109311740891,False,247,204,0.8259109311740891,False,204,0.8259109311740891,False,False
2024-10-04,249,199,0.7991967871485943,False,249,199,0.7991967871485943,False,199,0.7991967871485943,False,249,205,0.8232931726907631,False,249,205,0.8232931726907631,False,205,0.8232931726907631,False,False
2024-10-07,248,198,0.7983870967741935,False,248,198,0.7983870967741935,False,198,0.7983870967741935,False,248,204,0.8225806451612904,False,248,204,0.8225806451612904,False,204,0.8225806451612904,False,False
2024-10-08,246,197,0.8008130081300813,False,246,197,0.8008130081300813,False,197,0.8008130081300813,False,246,203,0.8252032520325203,False,246,203,0.8252032520325203,False,203,0.8252032520325203,False,False
2024-10-09,247,198,0.8016194331983806,False,247,198,0.8016194331983806,False,198,0.8016194331983806,False,247,204,0.8259109311740891,False,247,204,0.8259109311740891,False,204,0.8259109311740891,False,False
2024-10-10,249,199,0.7991967871485943,False,249,199,0.7991967871485943,False,199,0.7991967871485943,False,249,205,0.8232931726907631,False,249,205,0.8232931726907631,False,205,0.8232931726907631,False,False
2024-10-11,249,199,0.7991967871485943,False,249,199,0.7991967871485943,False,199,0.7991967871485943,False,249,205,0.8232931726907631,False,249,205,0.8232931726907631,False,205,0.8232931726907631,False,False
2024-10-14,249,199,0.7991967871485943,False,249,199,0.7991967871485943,False,199,0.7991967871485943,False,249,205,0.8232931726907631,False,249,205,0.8232931726907631,False,205,0.8232931726907631,False,False
2024-10-15,249,199,0.7991967871485943,False,249,199,0.7991967871485943,False,199,0.7991967871485943,False,249,205,0.8232931726907631,False,249,205,0.8232931726907631,False,205,0.8232931726907631,False,False
2024-10-16,249,199,0.7991967871485943,False,249,199,0.7991967871485943,False,199,0.7991967871485943,False,249,205,0.8232931726907631,False,249,205,0.8232931726907631,False,205,0.8232931726907631,False,False
2024-10-17,249,199,0.7991967871485943,False,249,199,0.7991967871485943,False,199,0.7991967871485943,False,249,205,0.8232931726907631,False,249,205,0.8232931726907631,False,205,0.8232931726907631,False,False
2024-10-18,251,201,0.8007968127490039,False,251,201,0.8007968127490039,False,201,0.8007968127490039,False,251,207,0.8247011952191236,False,251,207,0.8247011952191236,False,207,0.8247011952191236,False,False
2024-10-21,250,201,0.804,False,250,201,0.804,False,201,0.804,False,250,207,0.828,False,250,207,0.828,False,207,0.828,False,False
2024-10-22,250,201,0.804,False,250,201,0.804,False,201,0.804,False,250,207,0.828,False,250,207,0.828,False,207,0.828,False,False
2024-10-23,252,203,0.8055555555555556,False,252,203,0.8055555555555556,False,203,0.8055555555555556,False,252,209,0.8293650793650794,False,252,209,0.8293650793650794,False,209,0.8293650793650794,False,False
2024-10-24,251,202,0.8047808764940239,False,251,202,0.8047808764940239,False,202,0.8047808764940239,False,251,208,0.8286852589641435,False,251,208,0.8286852589641435,False,208,0.8286852589641435,False,False
2024-10-25,251,202,0.8047808764940239,False,251,202,0.8047808764940239,False,202,0.8047808764940239,False,251,208,0.8286852589641435,False,251,208,0.8286852589641435,False,208,0.8286852589641435,False,False
2024-10-28,252,201,0.7976190476190477,False,252,200,0.7936507936507936,False,200,0.7936507936507936,False,252,207,0.8214285714285714,False,252,206,0.8174603174603174,False,206,0.8174603174603174,False,False
2024-10-29,254,203,0.7992125984251969,False,254,202,0.7952755905511811,False,202,0.7952755905511811,False,254,209,0.8228346456692913,False,254,208,0.8188976377952756,False,208,0.8188976377952756,False,False
2024-10-30,254,203,0.7992125984251969,False,254,202,0.7952755905511811,False,202,0.7952755905511811,False,254,209,0.8228346456692913,False,254,208,0.8188976377952756,False,208,0.8188976377952756,False,False
2024-10-31,256,205,0.80078125,False,256,204,0.796875,False,204,0.796875,False,256,211,0.82421875,False,256,210,0.8203125,False,210,0.8203125,False,False
2024-11-01,257,206,0.8015564202334631,False,257,205,0.7976653696498055,False,205,0.7976653696498055,False,257,212,0.8249027237354085,False,257,211,0.8210116731517509,False,211,0.8210116731517509,False,False
2024-11-04,259,207,0.7992277992277992,False,259,207,0.7992277992277992,False,207,0.7992277992277992,False,259,213,0.8223938223938224,False,259,213,0.8223938223938224,False,213,0.8223938223938224,False,False
2024-11-05,261,208,0.7969348659003831,False,261,208,0.7969348659003831,False,208,0.7969348659003831,False,261,214,0.8199233716475096,False,261,214,0.8199233716475096,False,214,0.8199233716475096,False,False
2024-11-06,262,209,0.7977099236641222,False,262,209,0.7977099236641222,False,209,0.7977099236641222,False,262,215,0.8206106870229007,False,262,215,0.8206106870229007,False,215,0.8206106870229007,False,False
2024-11-07,263,210,0.7984790874524715,False,263,210,0.7984790874524715,False,210,0.7984790874524715,False,263,216,0.8212927756653993,False,263,216,0.8212927756653993,False,216,0.8212927756653993,False,False
2024-11-08,264,212,0.803030303030303,False,264,212,0.803030303030303,False,212,0.803030303030303,False,264,218,0.8257575757575758,False,264,218,0.8257575757575758,False,218,0.8257575757575758,False,False
2024-11-11,264,212,0.803030303030303,False,264,212,0.803030303030303,False,212,0.803030303030303,False,264,218,0.8257575757575758,False,264,218,0.8257575757575758,False,218,0.8257575757575758,False,False
2024-11-12,264,212,0.803030303030303,False,264,212,0.803030303030303,False,212,0.803030303030303,False,264,218,0.8257575757575758,False,264,218,0.8257575757575758,False,218,0.8257575757575758,False,False
2024-11-13,261,210,0.8045977011494253,False,261,210,0.8045977011494253,False,210,0.8045977011494253,False,261,216,0.8275862068965517,False,261,216,0.8275862068965517,False,216,0.8275862068965517,False,False
2024-11-14,260,209,0.8038461538461539,False,260,209,0.8038461538461539,False,209,0.8038461538461539,False,260,215,0.8269230769230769,False,260,215,0.8269230769230769,False,215,0.8269230769230769,False,False
2024-11-15,257,207,0.8054474708171206,False,257,207,0.8054474708171206,False,207,0.8054474708171206,False,257,213,0.8287937743190662,False,257,213,0.8287937743190662,False,213,0.8287937743190662,False,False
2024-11-18,257,207,0.8054474708171206,False,257,207,0.8054474708171206,False,207,0.8054474708171206,False,257,213,0.8287937743190662,False,257,213,0.8287937743190662,False,213,0.8287937743190662,False,False
2024-11-19,258,207,0.8023255813953488,False,258,207,0.8023255813953488,False,207,0.8023255813953488,False,258,213,0.8255813953488372,False,258,213,0.8255813953488372,False,213,0.8255813953488372,False,False
2024-11-20,255,205,0.803921568627451,False,255,205,0.803921568627451,False,205,0.803921568627451,False,255,211,0.8274509803921568,False,255,211,0.8274509803921568,False,211,0.8274509803921568,False,False
2024-11-21,256,205,0.80078125,False,256,205,0.80078125,False,205,0.80078125,False,256,211,0.82421875,False,256,211,0.82421875,False,211,0.82421875,False,False
2024-11-22,252,203,0.8055555555555556,False,252,203,0.8055555555555556,False,203,0.8055555555555556,False,252,208,0.8253968253968254,False,252,208,0.8253968253968254,False,208,0.8253968253968254,False,False
2024-11-25,252,202,0.8015873015873016,False,252,202,0.8015873015873016,False,202,0.8015873015873016,False,252,208,0.8253968253968254,False,252,208,0.8253968253968254,False,208,0.8253968253968254,False,False
2024-11-26,252,201,0.7976190476190477,False,252,201,0.7976190476190477,False,201,0.7976190476190477,False,252,207,0.8214285714285714,False,252,207,0.8214285714285714,False,207,0.8214285714285714,False,False
2024-11-28,252,202,0.8015873015873016,False,252,202,0.8015873015873016,False,202,0.8015873015873016,False,252,208,0.8253968253968254,False,252,208,0.8253968253968254,False,208,0.8253968253968254,False,False
2024-11-29,252,202,0.8015873015873016,False,252,202,0.8015873015873016,False,202,0.8015873015873016,False,252,208,0.8253968253968254,False,252,208,0.8253968253968254,False,208,0.8253968253968254,False,False
2024-12-02,251,200,0.796812749003984,False,251,200,0.796812749003984,False,200,0.796812749003984,False,251,206,0.8207171314741036,False,251,206,0.8207171314741036,False,206,0.8207171314741036,False,False
2024-12-03,249,199,0.7991967871485943,False,249,199,0.7991967871485943,False,199,0.7991967871485943,False,249,205,0.8232931726907631,False,249,205,0.8232931726907631,False,205,0.8232931726907631,False,False
2024-12-04,252,201,0.7976190476190477,False,252,201,0.7976190476190477,False,201,0.7976190476190477,False,252,207,0.8214285714285714,False,252,207,0.8214285714285714,False,207,0.8214285714285714,False,False
2024-12-05,252,201,0.7976190476190477,False,252,201,0.7976190476190477,False,201,0.7976190476190477,False,252,207,0.8214285714285714,False,252,207,0.8214285714285714,False,207,0.8214285714285714,False,False
2024-12-06,251,201,0.8007968127490039,False,251,201,0.8007968127490039,False,201,0.8007968127490039,False,251,207,0.8247011952191236,False,251,207,0.8247011952191236,False,207,0.8247011952191236,False,False
2024-12-09,250,200,0.8,False,250,200,0.8,False,200,0.8,False,250,206,0.824,False,250,206,0.824,False,206,0.824,False,False
2024-12-10,252,202,0.8015873015873016,False,252,202,0.8015873015873016,False,202,0.8015873015873016,False,252,208,0.8253968253968254,False,252,208,0.8253968253968254,False,208,0.8253968253968254,False,False
2024-12-11,255,205,0.803921568627451,False,255,205,0.803921568627451,False,205,0.803921568627451,False,255,211,0.8274509803921568,False,255,211,0.8274509803921568,False,211,0.8274509803921568,False,False
2024-12-12,257,207,0.8054474708171206,False,257,207,0.8054474708171206,False,207,0.8054474708171206,False,257,213,0.8287937743190662,False,257,213,0.8287937743190662,False,213,0.8287937743190662,False,False
2024-12-13,256,206,0.8046875,False,256,205,0.80078125,False,205,0.80078125,False,256,212,0.828125,False,256,211,0.82421875,False,211,0.82421875,False,False
2024-12-16,256,206,0.8046875,False,256,205,0.80078125,False,205,0.80078125,False,256,212,0.828125,False,256,211,0.82421875,False,211,0.82421875,False,False
2024-12-17,254,205,0.8070866141732284,False,254,204,0.8031496062992126,False,204,0.8031496062992126,False,254,211,0.8307086614173228,False,254,210,0.8267716535433071,False,210,0.8267716535433071,False,False
2024-12-18,255,206,0.807843137254902,False,255,205,0.803921568627451,False,205,0.803921568627451,False,255,212,0.8313725490196079,False,255,211,0.8274509803921568,False,211,0.8274509803921568,False,False
2024-12-19,254,205,0.8070866141732284,False,254,204,0.8031496062992126,False,204,0.8031496062992126,False,254,211,0.8307086614173228,False,254,210,0.8267716535433071,False,210,0.8267716535433071,False,False
2024-12-20,253,203,0.8023715415019763,False,253,203,0.8023715415019763,False,203,0.8023715415019763,False,253,209,0.8260869565217391,False,253,209,0.8260869565217391,False,209,0.8260869565217391,False,False
2024-12-23,249,200,0.8032128514056225,False,249,200,0.8032128514056225,False,200,0.8032128514056225,False,249,206,0.8273092369477911,False,249,206,0.8273092369477911,False,206,0.8273092369477911,False,False
2024-12-24,252,201,0.7976190476190477,False,252,201,0.7976190476190477,False,201,0.7976190476190477,False,252,207,0.8214285714285714,False,252,207,0.8214285714285714,False,207,0.8214285714285714,False,False
2024-12-27,251,200,0.796812749003984,False,251,200,0.796812749003984,False,200,0.796812749003984,False,251,206,0.8207171314741036,False,251,206,0.8207171314741036,False,206,0.8207171314741036,False,False
2024-12-30,248,199,0.8024193548387096,False,248,199,0.8024193548387096,False,199,0.8024193548387096,False,248,205,0.8266129032258065,False,248,205,0.8266129032258065,False,205,0.8266129032258065,False,False
2025-01-02,250,200,0.8,False,250,200,0.8,False,200,0.8,False,250,206,0.824,False,250,206,0.824,False,206,0.824,False,False
2025-01-03,250,200,0.8,False,250,200,0.8,False,200,0.8,False,250,206,0.824,False,250,206,0.824,False,206,0.824,False,False
2025-01-06,248,199,0.8024193548387096,False,248,199,0.8024193548387096,False,199,0.8024193548387096,False,248,205,0.8266129032258065,False,248,205,0.8266129032258065,False,205,0.8266129032258065,False,False
2025-01-07,250,200,0.8,False,250,200,0.8,False,200,0.8,False,250,207,0.828,False,250,207,0.828,False,207,0.828,False,False
2025-01-08,250,200,0.8,False,250,200,0.8,False,200,0.8,False,250,207,0.828,False,250,207,0.828,False,207,0.828,False,False
2025-01-09,246,197,0.8008130081300813,False,246,197,0.8008130081300813,False,197,0.8008130081300813,False,246,204,0.8292682926829268,False,246,204,0.8292682926829268,False,204,0.8292682926829268,False,False
2025-01-10,244,195,0.7991803278688525,False,244,195,0.7991803278688525,False,195,0.7991803278688525,False,244,202,0.8278688524590164,False,244,202,0.8278688524590164,False,202,0.8278688524590164,False,False
2025-01-13,242,193,0.7975206611570248,False,242,193,0.7975206611570248,False,193,0.7975206611570248,False,242,200,0.8264462809917356,False,242,200,0.8264462809917356,False,200,0.8264462809917356,False,False
2025-01-14,240,191,0.7958333333333333,False,240,191,0.7958333333333333,False,191,0.7958333333333333,False,240,198,0.825,False,240,198,0.825,False,198,0.825,False,False
2025-01-15,240,191,0.7958333333333333,False,240,191,0.7958333333333333,False,191,0.7958333333333333,False,240,199,0.8291666666666667,False,240,199,0.8291666666666667,False,199,0.8291666666666667,False,False
2025-01-16,240,191,0.7958333333333333,False,240,191,0.7958333333333333,False,191,0.7958333333333333,False,240,199,0.8291666666666667,False,240,199,0.8291666666666667,False,199,0.8291666666666667,False,False
2025-01-17,239,191,0.799163179916318,False,239,191,0.799163179916318,False,191,0.799163179916318,False,239,199,0.8326359832635983,False,239,199,0.8326359832635983,False,199,0.8326359832635983,False,False
2025-01-20,238,190,0.7983193277310925,False,238,190,0.7983193277310925,False,190,0.7983193277310925,False,238,198,0.8319327731092437,False,238,198,0.8319327731092437,False,198,0.8319327731092437,False,False
2025-01-21,240,192,0.8,False,240,192,0.8,False,192,0.8,False,240,200,0.8333333333333334,False,240,200,0.8333333333333334,False,200,0.8333333333333334,False,False
2025-01-22,240,192,0.8,False,240,192,0.8,False,192,0.8,False,240,200,0.8333333333333334,False,240,200,0.8333333333333334,False,200,0.8333333333333334,False,False
2025-01-23,240,193,0.8041666666666667,False,240,193,0.8041666666666667,False,193,0.8041666666666667,False,240,200,0.8333333333333334,False,240,200,0.8333333333333334,False,200,0.8333333333333334,False,False
2025-01-24,240,192,0.8,False,240,192,0.8,False,192,0.8,False,240,200,0.8333333333333334,False,240,200,0.8333333333333334,False,200,0.8333333333333334,False,False
2025-01-30,240,192,0.8,False,240,192,0.8,False,192,0.8,False,240,200,0.8333333333333334,False,240,200,0.8333333333333334,False,200,0.8333333333333334,False,False
2025-01-31,235,188,0.8,False,235,188,0.8,False,188,0.8,False,235,195,0.8297872340425532,False,235,195,0.8297872340425532,False,195,0.8297872340425532,False,False
2025-02-03,236,189,0.8008474576271186,False,236,189,0.8008474576271186,False,189,0.8008474576271186,False,236,197,0.8347457627118644,False,236,197,0.8347457627118644,False,197,0.8347457627118644,False,False
2025-02-04,230,183,0.7956521739130434,False,230,183,0.7956521739130434,False,183,0.7956521739130434,False,230,191,0.8304347826086956,False,230,191,0.8304347826086956,False,191,0.8304347826086956,False,False
2025-02-05,229,183,0.7991266375545851,False,229,183,0.7991266375545851,False,183,0.7991266375545851,False,229,190,0.8296943231441049,False,229,190,0.8296943231441049,False,190,0.8296943231441049,False,False
2025-02-06,231,185,0.8008658008658008,False,231,185,0.8008658008658008,False,185,0.8008658008658008,False,231,193,0.8354978354978355,False,231,193,0.8354978354978355,False,193,0.8354978354978355,False,False
2025-02-07,234,187,0.7991452991452992,False,234,187,0.7991452991452992,False,187,0.7991452991452992,False,234,195,0.8333333333333334,False,234,195,0.8333333333333334,False,195,0.8333333333333334,False,False
2025-02-10,235,188,0.8,False,235,188,0.8,False,188,0.8,False,235,196,0.8340425531914893,False,235,196,0.8340425531914893,False,196,0.8340425531914893,False,False
2025-02-11,236,189,0.8008474576271186,False,236,189,0.8008474576271186,False,189,0.8008474576271186,False,236,197,0.8347457627118644,False,236,197,0.8347457627118644,False,197,0.8347457627118644,False,False
2025-02-12,235,189,0.8042553191489362,False,235,189,0.8042553191489362,False,189,0.8042553191489362,False,235,197,0.8382978723404255,False,235,197,0.8382978723404255,False,197,0.8382978723404255,False,False
2025-02-13,238,191,0.8025210084033614,False,238,191,0.8025210084033614,False,191,0.8025210084033614,False,238,199,0.8361344537815126,False,238,199,0.8361344537815126,False,199,0.8361344537815126,False,False
2025-02-14,237,191,0.8059071729957806,False,237,191,0.8059071729957806,False,191,0.8059071729957806,False,237,199,0.8396624472573839,False,237,199,0.8396624472573839,False,199,0.8396624472573839,False,False
2025-02-17,232,187,0.8060344827586207,False,232,187,0.8060344827586207,False,187,0.8060344827586207,False,232,194,0.8362068965517241,False,232,194,0.8362068965517241,False,194,0.8362068965517241,False,False
2025-02-18,234,188,0.8034188034188035,False,234,188,0.8034188034188035,False,188,0.8034188034188035,False,234,196,0.8376068376068376,False,234,196,0.8376068376068376,False,196,0.8376068376068376,False,False
2025-02-19,234,189,0.8076923076923077,False,234,189,0.8076923076923077,False,189,0.8076923076923077,False,234,197,0.8418803418803419,False,234,197,0.8418803418803419,False,197,0.8418803418803419,False,False
2025-02-20,234,189,0.8076923076923077,False,234,189,0.8076923076923077,False,189,0.8076923076923077,False,234,197,0.8418803418803419,False,234,197,0.8418803418803419,False,197,0.8418803418803419,False,False
2025-02-21,233,188,0.8068669527896996,False,233,188,0.8068669527896996,False,188,0.8068669527896996,False,233,196,0.8412017167381974,False,233,196,0.8412017167381974,False,196,0.8412017167381974,False,False
2025-02-24,233,187,0.8025751072961373,False,233,187,0.8025751072961373,False,187,0.8025751072961373,False,233,195,0.8369098712446352,False,233,195,0.8369098712446352,False,195,0.8369098712446352,False,False
2025-02-25,230,185,0.8043478260869565,False,230,185,0.8043478260869565,False,185,0.8043478260869565,False,230,193,0.8391304347826087,False,230,193,0.8391304347826087,False,193,0.8391304347826087,False,False
2025-02-26,232,185,0.7974137931034483,False,232,185,0.7974137931034483,False,185,0.7974137931034483,False,232,193,0.8318965517241379,False,232,193,0.8318965517241379,False,193,0.8318965517241379,False,False
2025-02-27,230,183,0.7956521739130434,False,230,183,0.7956521739130434,False,183,0.7956521739130434,False,230,191,0.8304347826086956,False,230,191,0.8304347826086956,False,191,0.8304347826086956,False,False
2025-02-28,231,183,0.7922077922077922,False,231,183,0.7922077922077922,False,183,0.7922077922077922,False,231,192,0.8311688311688312,False,231,192,0.8311688311688312,False,192,0.8311688311688312,False,False
2025-03-03,234,185,0.7905982905982906,False,234,185,0.7905982905982906,False,185,0.7905982905982906,False,234,194,0.8290598290598291,False,234,194,0.8290598290598291,False,194,0.8290598290598291,False,False
2025-03-04,233,185,0.7939914163090128,False,233,185,0.7939914163090128,False,185,0.7939914163090128,False,233,194,0.8326180257510729,False,233,194,0.8326180257510729,False,194,0.8326180257510729,False,False
2025-03-05,236,185,0.7838983050847458,False,236,185,0.7838983050847458,False,185,0.7838983050847458,False,236,194,0.8220338983050848,False,236,194,0.8220338983050848,False,194,0.8220338983050848,False,False
2025-03-06,236,185,0.7838983050847458,False,236,185,0.7838983050847458,False,185,0.7838983050847458,False,236,194,0.8220338983050848,False,236,194,0.8220338983050848,False,194,0.8220338983050848,False,False
2025-03-07,236,186,0.788135593220339,False,236,186,0.788135593220339,False,186,0.788135593220339,False,236,194,0.8220338983050848,False,236,194,0.8220338983050848,False,194,0.8220338983050848,False,False
2025-03-10,234,184,0.7863247863247863,False,234,184,0.7863247863247863,False,184,0.7863247863247863,False,234,192,0.8205128205128205,False,234,192,0.8205128205128205,False,192,0.8205128205128205,False,False
2025-03-11,235,184,0.7829787234042553,False,235,184,0.7829787234042553,False,184,0.7829787234042553,False,235,192,0.8170212765957446,False,235,192,0.8170212765957446,False,192,0.8170212765957446,False,False
2025-03-12,235,184,0.7829787234042553,False,235,184,0.7829787234042553,False,184,0.7829787234042553,False,235,192,0.8170212765957446,False,235,192,0.8170212765957446,False,192,0.8170212765957446,False,False
2025-03-13,235,184,0.7829787234042553,False,235,184,0.7829787234042553,False,184,0.7829787234042553,False,235,192,0.8170212765957446,False,235,192,0.8170212765957446,False,192,0.8170212765957446,False,False
2025-03-14,234,183,0.782051282051282,False,234,183,0.782051282051282,False,183,0.782051282051282,False,234,191,0.8162393162393162,False,234,191,0.8162393162393162,False,191,0.8162393162393162,False,False
2025-03-17,234,182,0.7777777777777778,False,234,182,0.7777777777777778,False,182,0.7777777777777778,False,234,191,0.8162393162393162,False,234,191,0.8162393162393162,False,191,0.8162393162393162,False,False
2025-03-18,234,182,0.7777777777777778,False,234,182,0.7777777777777778,False,182,0.7777777777777778,False,234,191,0.8162393162393162,False,234,191,0.8162393162393162,False,191,0.8162393162393162,False,False
2025-03-19,234,181,0.7735042735042735,False,234,181,0.7735042735042735,False,181,0.7735042735042735,False,234,190,0.811965811965812,False,234,190,0.811965811965812,False,190,0.811965811965812,False,False
2025-03-20,234,181,0.7735042735042735,False,234,181,0.7735042735042735,False,181,0.7735042735042735,False,234,190,0.811965811965812,False,234,190,0.811965811965812,False,190,0.811965811965812,False,False
2025-03-21,233,181,0.776824034334764,False,233,181,0.776824034334764,False,181,0.776824034334764,False,233,190,0.8154506437768241,False,233,190,0.8154506437768241,False,190,0.8154506437768241,False,False
2025-03-24,231,179,0.7748917748917749,False,231,179,0.7748917748917749,False,179,0.7748917748917749,False,231,188,0.8138528138528138,False,231,188,0.8138528138528138,False,188,0.8138528138528138,False,False
2025-03-25,234,180,0.7692307692307693,False,234,180,0.7692307692307693,False,180,0.7692307692307693,False,234,189,0.8076923076923077,False,234,189,0.8076923076923077,False,189,0.8076923076923077,False,False
2025-03-26,232,179,0.771551724137931,False,232,179,0.771551724137931,False,179,0.771551724137931,False,232,188,0.8103448275862069,False,232,188,0.8103448275862069,False,188,0.8103448275862069,False,False
2025-03-27,232,180,0.7758620689655172,False,232,180,0.7758620689655172,False,180,0.7758620689655172,False,232,189,0.8146551724137931,False,232,189,0.8146551724137931,False,189,0.8146551724137931,False,False
2025-04-08,229,179,0.7816593886462883,False,229,179,0.7816593886462883,False,179,0.7816593886462883,False,229,187,0.8165938864628821,False,229,187,0.8165938864628821,False,187,0.8165938864628821,False,False
2025-04-09,228,178,0.7807017543859649,False,228,178,0.7807017543859649,False,178,0.7807017543859649,False,228,186,0.8157894736842105,False,228,186,0.8157894736842105,False,186,0.8157894736842105,False,False
2025-04-10,228,178,0.7807017543859649,False,228,178,0.7807017543859649,False,178,0.7807017543859649,False,228,186,0.8157894736842105,False,228,186,0.8157894736842105,False,186,0.8157894736842105,False,False
2025-04-11,229,179,0.7816593886462883,False,229,179,0.7816593886462883,False,179,0.7816593886462883,False,229,187,0.8165938864628821,False,229,187,0.8165938864628821,False,187,0.8165938864628821,False,False
2025-04-14,229,179,0.7816593886462883,False,229,179,0.7816593886462883,False,179,0.7816593886462883,False,229,187,0.8165938864628821,False,229,187,0.8165938864628821,False,187,0.8165938864628821,False,False
2025-04-15,230,180,0.782608695652174,False,230,180,0.782608695652174,False,180,0.782608695652174,False,230,188,0.8173913043478261,False,230,188,0.8173913043478261,False,188,0.8173913043478261,False,False
2025-04-16,231,181,0.7835497835497836,False,231,181,0.7835497835497836,False,181,0.7835497835497836,False,231,189,0.8181818181818182,False,231,189,0.8181818181818182,False,189,0.8181818181818182,False,False
2025-04-17,229,179,0.7816593886462883,False,229,179,0.7816593886462883,False,179,0.7816593886462883,False,229,187,0.8165938864628821,False,229,187,0.8165938864628821,False,187,0.8165938864628821,False,False
2025-04-21,228,178,0.7807017543859649,False,228,178,0.7807017543859649,False,178,0.7807017543859649,False,228,186,0.8157894736842105,False,228,186,0.8157894736842105,False,186,0.8157894736842105,False,False
2025-04-22,228,179,0.7850877192982456,False,228,179,0.7850877192982456,False,179,0.7850877192982456,False,228,187,0.8201754385964912,False,228,187,0.8201754385964912,False,187,0.8201754385964912,False,False
2025-04-23,226,177,0.7831858407079646,False,226,177,0.7831858407079646,False,177,0.7831858407079646,False,226,185,0.8185840707964602,False,226,185,0.8185840707964602,False,185,0.8185840707964602,False,False
2025-04-24,226,177,0.7831858407079646,False,226,177,0.7831858407079646,False,177,0.7831858407079646,False,226,185,0.8185840707964602,False,226,185,0.8185840707964602,False,185,0.8185840707964602,False,False
2025-04-25,227,178,0.7841409691629956,False,227,178,0.7841409691629956,False,178,0.7841409691629956,False,227,186,0.8193832599118943,False,227,186,0.8193832599118943,False,186,0.8193832599118943,False,False
2025-04-28,225,176,0.7822222222222223,False,225,176,0.7822222222222223,False,176,0.7822222222222223,False,225,184,0.8177777777777778,False,225,184,0.8177777777777778,False,184,0.8177777777777778,False,False
2025-04-29,224,176,0.7857142857142857,False,224,176,0.7857142857142857,False,176,0.7857142857142857,False,224,184,0.8214285714285714,False,224,184,0.8214285714285714,False,184,0.8214285714285714,False,False
2025-04-30,222,175,0.7882882882882883,False,222,175,0.7882882882882883,False,175,0.7882882882882883,False,222,183,0.8243243243243243,False,222,183,0.8243243243243243,False,183,0.8243243243243243,False,False
2025-05-02,226,178,0.7876106194690266,False,226,178,0.7876106194690266,False,178,0.7876106194690266,False,226,186,0.8230088495575221,False,226,186,0.8230088495575221,False,186,0.8230088495575221,False,False
2025-05-05,225,177,0.7866666666666666,False,225,177,0.7866666666666666,False,177,0.7866666666666666,False,225,185,0.8222222222222222,False,225,185,0.8222222222222222,False,185,0.8222222222222222,False,False
2025-05-06,226,178,0.7876106194690266,False,226,178,0.7876106194690266,False,178,0.7876106194690266,False,226,186,0.8230088495575221,False,226,186,0.8230088495575221,False,186,0.8230088495575221,False,False
2025-05-07,225,178,0.7911111111111111,False,225,178,0.7911111111111111,False,178,0.7911111111111111,False,225,186,0.8266666666666667,False,225,186,0.8266666666666667,False,186,0.8266666666666667,False,False
2025-05-08,226,179,0.7920353982300885,False,226,179,0.7920353982300885,False,179,0.7920353982300885,False,226,187,0.827433628318584,False,226,187,0.827433628318584,False,187,0.827433628318584,False,False
2025-05-09,224,177,0.7901785714285714,False,224,177,0.7901785714285714,False,177,0.7901785714285714,False,224,185,0.8258928571428571,False,224,185,0.8258928571428571,False,185,0.8258928571428571,False,False
2025-05-14,223,177,0.7937219730941704,False,223,177,0.7937219730941704,False,177,0.7937219730941704,False,223,185,0.8295964125560538,False,223,185,0.8295964125560538,False,185,0.8295964125560538,False,False
2025-05-15,227,179,0.788546255506608,False,227,179,0.788546255506608,False,179,0.788546255506608,False,227,187,0.8237885462555066,False,227,187,0.8237885462555066,False,187,0.8237885462555066,False,False
2025-05-16,227,179,0.788546255506608,False,227,179,0.788546255506608,False,179,0.788546255506608,False,227,187,0.8237885462555066,False,227,187,0.8237885462555066,False,187,0.8237885462555066,False,False
2025-05-19,228,179,0.7850877192982456,False,228,179,0.7850877192982456,False,179,0.7850877192982456,False,228,188,0.8245614035087719,False,228,187,0.8201754385964912,False,187,0.8201754385964912,False,False
2025-05-20,227,179,0.788546255506608,False,227,179,0.788546255506608,False,179,0.788546255506608,False,227,187,0.8237885462555066,False,227,187,0.8237885462555066,False,187,0.8237885462555066,False,False
2025-05-21,228,180,0.7894736842105263,False,228,178,0.7807017543859649,False,178,0.7807017543859649,False,228,187,0.8201754385964912,False,228,185,0.8114035087719298,False,185,0.8114035087719298,False,False
2025-05-22,229,180,0.7860262008733624,False,229,178,0.777292576419214,False,178,0.777292576419214,False,229,187,0.8165938864628821,False,229,185,0.8078602620087336,False,185,0.8078602620087336,False,False
2025-05-23,229,180,0.7860262008733624,False,229,178,0.777292576419214,False,178,0.777292576419214,False,229,187,0.8165938864628821,False,229,185,0.8078602620087336,False,185,0.8078602620087336,False,False
2025-05-26,230,181,0.7869565217391304,False,230,179,0.7782608695652173,False,179,0.7782608695652173,False,230,189,0.8217391304347826,False,230,187,0.8130434782608695,False,187,0.8130434782608695,False,False
2025-05-27,233,184,0.7896995708154506,False,233,182,0.7811158798283262,False,182,0.7811158798283262,False,233,192,0.8240343347639485,False,233,190,0.8154506437768241,False,190,0.8154506437768241,False,False
2025-05-28,235,184,0.7829787234042553,False,235,184,0.7829787234042553,False,184,0.7829787234042553,False,235,192,0.8170212765957446,False,235,192,0.8170212765957446,False,192,0.8170212765957446,False,False
2025-06-02,236,186,0.788135593220339,False,236,186,0.788135593220339,False,186,0.788135593220339,False,236,193,0.8177966101694916,False,236,193,0.8177966101694916,False,193,0.8177966101694916,False,False
2025-06-03,235,185,0.7872340425531915,False,235,185,0.7872340425531915,False,185,0.7872340425531915,False,235,192,0.8170212765957446,False,235,192,0.8170212765957446,False,192,0.8170212765957446,False,False
2025-06-04,235,185,0.7872340425531915,False,235,185,0.7872340425531915,False,185,0.7872340425531915,False,235,192,0.8170212765957446,False,235,192,0.8170212765957446,False,192,0.8170212765957446,False,False
2025-06-05,237,188,0.7932489451476793,False,237,188,0.7932489451476793,False,188,0.7932489451476793,False,237,196,0.8270042194092827,False,237,196,0.8270042194092827,False,196,0.8270042194092827,False,False
2025-06-10,238,190,0.7983193277310925,False,238,190,0.7983193277310925,False,190,0.7983193277310925,False,238,197,0.8277310924369747,False,238,197,0.8277310924369747,False,197,0.8277310924369747,False,False
2025-06-11,238,190,0.7983193277310925,False,238,190,0.7983193277310925,False,190,0.7983193277310925,False,238,197,0.8277310924369747,False,238,197,0.8277310924369747,False,197,0.8277310924369747,False,False
2025-06-12,238,191,0.8025210084033614,False,238,191,0.8025210084033614,False,191,0.8025210084033614,False,238,198,0.8319327731092437,False,238,198,0.8319327731092437,False,198,0.8319327731092437,False,False
2025-06-13,241,193,0.8008298755186722,False,241,193,0.8008298755186722,False,193,0.8008298755186722,False,241,200,0.8298755186721992,False,241,200,0.8298755186721992,False,200,0.8298755186721992,False,False
2025-06-16,241,193,0.8008298755186722,False,241,193,0.8008298755186722,False,193,0.8008298755186722,False,241,200,0.8298755186721992,False,241,200,0.8298755186721992,False,200,0.8298755186721992,False,False
2025-06-17,240,194,0.8083333333333333,False,240,193,0.8041666666666667,False,193,0.8041666666666667,False,240,201,0.8375,False,240,200,0.8333333333333334,False,200,0.8333333333333334,False,False
2025-06-18,239,193,0.8075313807531381,False,239,192,0.803347280334728,False,192,0.803347280334728,False,239,200,0.8368200836820083,False,239,199,0.8326359832635983,False,199,0.8326359832635983,False,False
2025-06-19,240,194,0.8083333333333333,False,240,193,0.8041666666666667,False,193,0.8041666666666667,False,240,201,0.8375,False,240,200,0.8333333333333334,False,200,0.8333333333333334,False,False
2025-06-20,239,194,0.8117154811715481,False,239,192,0.803347280334728,False,192,0.803347280334728,False,239,201,0.8410041841004184,False,239,199,0.8326359832635983,False,199,0.8326359832635983,False,False
2025-06-23,239,194,0.8117154811715481,False,239,192,0.803347280334728,False,192,0.803347280334728,False,239,201,0.8410041841004184,False,239,199,0.8326359832635983,False,199,0.8326359832635983,False,False
2025-06-24,241,195,0.8091286307053942,False,241,193,0.8008298755186722,False,193,0.8008298755186722,False,241,202,0.8381742738589212,False,241,200,0.8298755186721992,False,200,0.8298755186721992,False,False
2025-06-25,243,195,0.8024691358024691,False,243,193,0.7942386831275721,False,193,0.7942386831275721,False,243,203,0.8353909465020576,False,243,201,0.8271604938271605,False,201,0.8271604938271605,False,False
2025-06-26,244,196,0.8032786885245902,False,244,194,0.7950819672131147,False,194,0.7950819672131147,False,244,204,0.8360655737704918,False,244,202,0.8278688524590164,False,202,0.8278688524590164,False,False
2025-06-30,244,193,0.7909836065573771,False,244,192,0.7868852459016393,False,192,0.7868852459016393,False,244,201,0.8237704918032787,False,244,200,0.819672131147541,False,200,0.819672131147541,False,False
2025-07-01,242,193,0.7975206611570248,False,242,192,0.7933884297520661,False,192,0.7933884297520661,False,242,201,0.8305785123966942,False,242,200,0.8264462809917356,False,200,0.8264462809917356,False,False
2025-07-02,241,190,0.7883817427385892,False,241,190,0.7883817427385892,False,190,0.7883817427385892,False,241,198,0.8215767634854771,False,241,198,0.8215767634854771,False,198,0.8215767634854771,False,False
2025-07-03,242,191,0.7892561983471075,False,242,191,0.7892561983471075,False,191,0.7892561983471075,False,242,199,0.8223140495867769,False,242,199,0.8223140495867769,False,199,0.8223140495867769,False,False
2025-07-04,244,194,0.7950819672131147,False,244,194,0.7950819672131147,False,194,0.7950819672131147,False,244,202,0.8278688524590164,False,244,202,0.8278688524590164,False,202,0.8278688524590164,False,False
2025-07-07,242,193,0.7975206611570248,False,242,193,0.7975206611570248,False,193,0.7975206611570248,False,242,201,0.8305785123966942,False,242,201,0.8305785123966942,False,201,0.8305785123966942,False,False
2025-07-08,242,194,0.8016528925619835,False,242,194,0.8016528925619835,False,194,0.8016528925619835,False,242,202,0.8347107438016529,False,242,202,0.8347107438016529,False,202,0.8347107438016529,False,False
2025-07-09,241,194,0.8049792531120332,False,241,194,0.8049792531120332,False,194,0.8049792531120332,False,241,201,0.8340248962655602,False,241,201,0.8340248962655602,False,201,0.8340248962655602,False,False
2025-07-10,242,193,0.7975206611570248,False,242,193,0.7975206611570248,False,193,0.7975206611570248,False,242,201,0.8305785123966942,False,242,201,0.8305785123966942,False,201,0.8305785123966942,False,False
2025-07-11,242,194,0.8016528925619835,False,242,194,0.8016528925619835,False,194,0.8016528925619835,False,242,201,0.8305785123966942,False,242,201,0.8305785123966942,False,201,0.8305785123966942,False,False
2025-07-14,242,194,0.8016528925619835,False,242,194,0.8016528925619835,False,194,0.8016528925619835,False,242,201,0.8305785123966942,False,242,201,0.8305785123966942,False,201,0.8305785123966942,False,False
2025-07-15,244,195,0.7991803278688525,False,244,195,0.7991803278688525,False,195,0.7991803278688525,False,244,202,0.8278688524590164,False,244,202,0.8278688524590164,False,202,0.8278688524590164,False,False
2025-07-16,245,195,0.7959183673469388,False,245,195,0.7959183673469388,False,195,0.7959183673469388,False,245,202,0.8244897959183674,False,245,202,0.8244897959183674,False,202,0.8244897959183674,False,False
2025-07-17,247,196,0.7935222672064778,False,247,196,0.7935222672064778,False,196,0.7935222672064778,False,247,203,0.8218623481781376,False,247,203,0.8218623481781376,False,203,0.8218623481781376,False,False
2025-07-18,248,197,0.7943548387096774,False,248,197,0.7943548387096774,False,197,0.7943548387096774,False,248,204,0.8225806451612904,False,248,204,0.8225806451612904,False,204,0.8225806451612904,False,False
2025-07-21,250,199,0.796,False,250,199,0.796,False,199,0.796,False,250,206,0.824,False,250,206,0.824,False,206,0.824,False,False
2025-07-22,250,199,0.796,False,250,199,0.796,False,199,0.796,False,250,206,0.824,False,250,206,0.824,False,206,0.824,False,False
2025-07-23,250,199,0.796,False,250,199,0.796,False,199,0.796,False,250,206,0.824,False,250,206,0.824,False,206,0.824,False,False
2025-07-24,249,197,0.7911646586345381,False,249,197,0.7911646586345381,False,197,0.7911646586345381,False,249,204,0.8192771084337349,False,249,204,0.8192771084337349,False,204,0.8192771084337349,False,False
2025-07-25,251,199,0.7928286852589641,False,251,199,0.7928286852589641,False,199,0.7928286852589641,False,251,206,0.8207171314741036,False,251,206,0.8207171314741036,False,206,0.8207171314741036,False,False
2025-07-28,252,200,0.7936507936507936,False,252,200,0.7936507936507936,False,200,0.7936507936507936,False,252,207,0.8214285714285714,False,252,207,0.8214285714285714,False,207,0.8214285714285714,False,False
2025-07-29,255,203,0.796078431372549,False,255,203,0.796078431372549,False,203,0.796078431372549,False,255,210,0.8235294117647058,False,255,210,0.8235294117647058,False,210,0.8235294117647058,False,False
2025-07-30,256,205,0.80078125,False,256,205,0.80078125,False,205,0.80078125,False,256,212,0.828125,False,256,212,0.828125,False,212,0.828125,False,False
2025-07-31,256,204,0.796875,False,256,204,0.796875,False,204,0.796875,False,256,211,0.82421875,False,256,211,0.82421875,False,211,0.82421875,False,False
2025-08-01,256,205,0.80078125,False,256,205,0.80078125,False,205,0.80078125,False,256,212,0.828125,False,256,212,0.828125,False,212,0.828125,False,False
2025-08-04,258,207,0.8023255813953488,False,258,207,0.8023255813953488,False,207,0.8023255813953488,False,258,214,0.8294573643410853,False,258,214,0.8294573643410853,False,214,0.8294573643410853,False,False
2025-08-05,259,207,0.7992277992277992,False,259,207,0.7992277992277992,False,207,0.7992277992277992,False,259,214,0.8262548262548263,False,259,214,0.8262548262548263,False,214,0.8262548262548263,False,False
2025-08-06,261,208,0.7969348659003831,False,261,208,0.7969348659003831,False,208,0.7969348659003831,False,261,215,0.8237547892720306,False,261,215,0.8237547892720306,False,215,0.8237547892720306,False,False
2025-08-07,262,210,0.8015267175572519,False,262,210,0.8015267175572519,False,210,0.8015267175572519,False,262,217,0.8282442748091603,False,262,217,0.8282442748091603,False,217,0.8282442748091603,False,False
2025-08-08,267,214,0.8014981273408239,False,267,214,0.8014981273408239,False,214,0.8014981273408239,False,267,222,0.8314606741573034,False,267,222,0.8314606741573034,False,222,0.8314606741573034,False,False
2025-08-11,266,213,0.8007518796992481,False,266,213,0.8007518796992481,False,213,0.8007518796992481,False,266,221,0.8308270676691729,False,266,221,0.8308270676691729,False,221,0.8308270676691729,False,False
2025-08-12,266,212,0.7969924812030075,False,266,212,0.7969924812030075,False,212,0.7969924812030075,False,266,220,0.8270676691729323,False,266,220,0.8270676691729323,False,220,0.8270676691729323,False,False
2025-08-13,267,213,0.797752808988764,False,267,213,0.797752808988764,False,213,0.797752808988764,False,267,221,0.8277153558052435,False,267,221,0.8277153558052435,False,221,0.8277153558052435,False,False
2025-08-14,266,213,0.8007518796992481,False,266,213,0.8007518796992481,False,213,0.8007518796992481,False,266,221,0.8308270676691729,False,266,221,0.8308270676691729,False,221,0.8308270676691729,False,False
2025-08-15,268,214,0.7985074626865671,False,268,214,0.7985074626865671,False,214,0.7985074626865671,False,268,222,0.8283582089552238,False,268,222,0.8283582089552238,False,222,0.8283582089552238,False,False
2025-08-19,267,214,0.8014981273408239,False,267,214,0.8014981273408239,False,214,0.8014981273408239,False,267,222,0.8314606741573034,False,267,222,0.8314606741573034,False,222,0.8314606741573034,False,False
2025-08-20,268,214,0.7985074626865671,False,268,214,0.7985074626865671,False,214,0.7985074626865671,False,268,222,0.8283582089552238,False,268,222,0.8283582089552238,False,222,0.8283582089552238,False,False
2025-08-21,266,212,0.7969924812030075,False,266,212,0.7969924812030075,False,212,0.7969924812030075,False,266,220,0.8270676691729323,False,266,220,0.8270676691729323,False,220,0.8270676691729323,False,False
2025-08-22,268,213,0.7947761194029851,False,268,213,0.7947761194029851,False,213,0.7947761194029851,False,268,221,0.8246268656716418,False,268,221,0.8246268656716418,False,221,0.8246268656716418,False,False
2025-08-25,269,213,0.79182156133829,False,269,213,0.79182156133829,False,213,0.79182156133829,False,269,221,0.8215613382899628,False,269,221,0.8215613382899628,False,221,0.8215613382899628,False,False
2025-08-26,269,213,0.79182156133829,False,269,213,0.79182156133829,False,213,0.79182156133829,False,269,220,0.8178438661710037,False,269,220,0.8178438661710037,False,220,0.8178438661710037,False,False
2025-08-27,273,215,0.7875457875457875,False,273,215,0.7875457875457875,False,215,0.7875457875457875,False,273,223,0.8168498168498168,False,273,223,0.8168498168498168,False,223,0.8168498168498168,False,False
2025-08-28,273,215,0.7875457875457875,False,273,215,0.7875457875457875,False,215,0.7875457875457875,False,273,222,0.8131868131868132,False,273,222,0.8131868131868132,False,222,0.8131868131868132,False,False
2025-08-29,271,216,0.7970479704797048,False,271,216,0.7970479704797048,False,216,0.7970479704797048,False,271,223,0.8228782287822878,False,271,223,0.8228782287822878,False,223,0.8228782287822878,False,False
2025-09-01,275,219,0.7963636363636364,False,275,219,0.7963636363636364,False,219,0.7963636363636364,False,275,226,0.8218181818181818,False,275,226,0.8218181818181818,False,226,0.8218181818181818,False,False
2025-09-02,276,221,0.8007246376811594,False,276,221,0.8007246376811594,False,221,0.8007246376811594,False,276,228,0.8260869565217391,False,276,228,0.8260869565217391,False,228,0.8260869565217391,False,False
2025-09-03,278,222,0.7985611510791367,False,278,222,0.7985611510791367,False,222,0.7985611510791367,False,278,229,0.8237410071942446,False,278,229,0.8237410071942446,False,229,0.8237410071942446,False,False
2025-09-04,279,223,0.7992831541218638,False,279,223,0.7992831541218638,False,223,0.7992831541218638,False,279,230,0.8243727598566308,False,279,230,0.8243727598566308,False,230,0.8243727598566308,False,False
2025-09-08,281,225,0.800711743772242,False,281,225,0.800711743772242,False,225,0.800711743772242,False,281,232,0.8256227758007118,False,281,232,0.8256227758007118,False,232,0.8256227758007118,False,False
2025-09-09,282,226,0.8014184397163121,False,282,226,0.8014184397163121,False,226,0.8014184397163121,False,282,233,0.8262411347517731,False,282,233,0.8262411347517731,False,233,0.8262411347517731,False,False
2025-09-10,283,226,0.7985865724381626,False,283,226,0.7985865724381626,False,226,0.7985865724381626,False,283,233,0.823321554770318,False,283,233,0.823321554770318,False,233,0.823321554770318,False,False
2025-09-11,287,230,0.8013937282229965,False,287,230,0.8013937282229965,False,230,0.8013937282229965,False,287,238,0.8292682926829268,False,287,238,0.8292682926829268,False,238,0.8292682926829268,False,False
2025-09-12,289,232,0.8027681660899654,False,289,232,0.8027681660899654,False,232,0.8027681660899654,False,289,240,0.8304498269896193,False,289,240,0.8304498269896193,False,240,0.8304498269896193,False,False
2025-09-15,289,232,0.8027681660899654,False,289,232,0.8027681660899654,False,232,0.8027681660899654,False,289,240,0.8304498269896193,False,289,240,0.8304498269896193,False,240,0.8304498269896193,False,False
2025-09-16,293,235,0.8020477815699659,False,293,235,0.8020477815699659,False,235,0.8020477815699659,False,293,243,0.8293515358361775,False,293,243,0.8293515358361775,False,243,0.8293515358361775,False,False
2025-09-17,293,234,0.7986348122866894,False,293,234,0.7986348122866894,False,234,0.7986348122866894,False,293,242,0.825938566552901,False,293,242,0.825938566552901,False,242,0.825938566552901,False,False
2025-09-18,298,239,0.802013422818792,False,298,239,0.802013422818792,False,239,0.802013422818792,False,298,247,0.8288590604026845,False,298,247,0.8288590604026845,False,247,0.8288590604026845,False,False
2025-09-19,298,239,0.802013422818792,False,298,239,0.802013422818792,False,239,0.802013422818792,False,298,247,0.8288590604026845,False,298,247,0.8288590604026845,False,247,0.8288590604026845,False,False
2025-09-22,299,238,0.7959866220735786,False,299,238,0.7959866220735786,False,238,0.7959866220735786,False,299,248,0.8294314381270903,False,299,248,0.8294314381270903,False,248,0.8294314381270903,False,False
2025-09-23,304,241,0.7927631578947368,False,304,241,0.7927631578947368,False,241,0.7927631578947368,False,304,251,0.8256578947368421,False,304,251,0.8256578947368421,False,251,0.8256578947368421,False,False
2025-09-24,306,244,0.7973856209150327,False,306,244,0.7973856209150327,False,244,0.7973856209150327,False,306,253,0.826797385620915,False,306,253,0.826797385620915,False,253,0.826797385620915,False,False
2025-09-25,311,247,0.7942122186495176,False,311,247,0.7942122186495176,False,247,0.7942122186495176,False,311,258,0.8295819935691319,False,311,258,0.8295819935691319,False,258,0.8295819935691319,False,False
2025-09-26,311,249,0.8006430868167203,False,311,249,0.8006430868167203,False,249,0.8006430868167203,False,311,259,0.8327974276527331,False,311,259,0.8327974276527331,False,259,0.8327974276527331,False,False
2025-09-29,316,250,0.7911392405063291,False,316,250,0.7911392405063291,False,250,0.7911392405063291,False,316,261,0.8259493670886076,False,316,261,0.8259493670886076,False,261,0.8259493670886076,False,False
2025-09-30,316,251,0.7943037974683544,False,316,251,0.7943037974683544,False,251,0.7943037974683544,False,316,262,0.8291139240506329,False,316,262,0.8291139240506329,False,262,0.8291139240506329,False,False
2025-10-01,323,257,0.7956656346749226,False,323,257,0.7956656346749226,False,257,0.7956656346749226,False,323,268,0.8297213622291022,False,323,268,0.8297213622291022,False,268,0.8297213622291022,False,False
2025-10-02,330,262,0.793939393939394,False,330,262,0.793939393939394,False,262,0.793939393939394,False,330,272,0.8242424242424242,False,330,272,0.8242424242424242,False,272,0.8242424242424242,False,False
2025-10-03,334,263,0.7874251497005988,False,334,263,0.7874251497005988,False,263,0.7874251497005988,False,334,274,0.8203592814371258,False,334,274,0.8203592814371258,False,274,0.8203592814371258,False,False
2025-10-06,332,262,0.7891566265060241,False,332,262,0.7891566265060241,False,262,0.7891566265060241,False,332,273,0.822289156626506,False,332,273,0.822289156626506,False,273,0.822289156626506,False,False
2025-10-07,340,268,0.788235294117647,False,340,268,0.788235294117647,False,268,0.788235294117647,False,340,280,0.8235294117647058,False,340,280,0.8235294117647058,False,280,0.8235294117647058,False,False
2025-10-08,343,270,0.7871720116618076,False,343,270,0.7871720116618076,False,270,0.7871720116618076,False,343,282,0.8221574344023324,False,343,282,0.8221574344023324,False,282,0.8221574344023324,False,False
2025-10-09,348,276,0.7931034482758621,False,348,276,0.7931034482758621,False,276,0.7931034482758621,False,348,288,0.8275862068965517,False,348,288,0.8275862068965517,False,288,0.8275862068965517,False,False
2025-10-10,349,277,0.7936962750716332,False,349,277,0.7936962750716332,False,277,0.7936962750716332,False,349,289,0.828080229226361,False,349,289,0.828080229226361,False,289,0.828080229226361,False,False
2025-10-13,356,281,0.7893258426966292,False,356,281,0.7893258426966292,False,281,0.7893258426966292,False,356,294,0.8258426966292135,False,356,294,0.8258426966292135,False,294,0.8258426966292135,False,False
2025-10-14,361,283,0.7839335180055401,False,361,283,0.7839335180055401,False,283,0.7839335180055401,False,361,296,0.8199445983379502,False,361,296,0.8199445983379502,False,296,0.8199445983379502,False,False
2025-10-15,361,283,0.7839335180055401,False,361,283,0.7839335180055401,False,283,0.7839335180055401,False,361,297,0.8227146814404432,False,361,297,0.8227146814404432,False,297,0.8227146814404432,False,False
2025-10-16,365,285,0.7808219178082192,False,365,285,0.7808219178082192,False,285,0.7808219178082192,False,365,300,0.821917808219178,False,365,300,0.821917808219178,False,300,0.821917808219178,False,False
2025-10-17,367,288,0.784741144414169,False,367,288,0.784741144414169,False,288,0.784741144414169,False,367,302,0.8228882833787466,False,367,302,0.8228882833787466,False,302,0.8228882833787466,False,False
2025-10-20,370,290,0.7837837837837838,False,370,290,0.7837837837837838,False,290,0.7837837837837838,False,370,304,0.8216216216216217,False,370,304,0.8216216216216217,False,304,0.8216216216216217,False,False
2025-10-21,375,293,0.7813333333333333,False,375,293,0.7813333333333333,False,293,0.7813333333333333,False,375,308,0.8213333333333334,False,375,308,0.8213333333333334,False,308,0.8213333333333334,False,False
2025-10-22,376,294,0.7819148936170213,False,376,294,0.7819148936170213,False,294,0.7819148936170213,False,376,309,0.8218085106382979,False,376,309,0.8218085106382979,False,309,0.8218085106382979,False,False
2025-10-23,376,294,0.7819148936170213,False,376,294,0.7819148936170213,False,294,0.7819148936170213,False,376,309,0.8218085106382979,False,376,309,0.8218085106382979,False,309,0.8218085106382979,False,False
2025-10-24,379,297,0.783641160949868,False,379,297,0.783641160949868,False,297,0.783641160949868,False,379,312,0.8232189973614775,False,379,312,0.8232189973614775,False,312,0.8232189973614775,False,False
2025-10-27,381,298,0.7821522309711286,False,381,298,0.7821522309711286,False,298,0.7821522309711286,False,381,313,0.821522309711286,False,381,313,0.821522309711286,False,313,0.821522309711286,False,False
2025-10-28,379,296,0.7810026385224275,False,379,296,0.7810026385224275,False,296,0.7810026385224275,False,379,311,0.820580474934037,False,379,311,0.820580474934037,False,311,0.820580474934037,False,False
2025-10-29,382,300,0.7853403141361257,False,382,300,0.7853403141361257,False,300,0.7853403141361257,False,382,314,0.8219895287958116,False,382,314,0.8219895287958116,False,314,0.8219895287958116,False,False
2025-10-30,388,306,0.788659793814433,False,388,306,0.788659793814433,False,306,0.788659793814433,False,388,320,0.8247422680412371,False,388,320,0.8247422680412371,False,320,0.8247422680412371,False,False
2025-10-31,388,307,0.7912371134020618,False,388,307,0.7912371134020618,False,307,0.7912371134020618,False,388,321,0.8273195876288659,False,388,321,0.8273195876288659,False,321,0.8273195876288659,False,False
2025-11-03,391,309,0.7902813299232737,False,391,309,0.7902813299232737,False,309,0.7902813299232737,False,391,323,0.8260869565217391,False,391,323,0.8260869565217391,False,323,0.8260869565217391,False,False
2025-11-04,394,310,0.7868020304568528,False,394,310,0.7868020304568528,False,310,0.7868020304568528,False,394,324,0.8223350253807107,False,394,324,0.8223350253807107,False,324,0.8223350253807107,False,False
2025-11-05,394,309,0.7842639593908629,False,394,309,0.7842639593908629,False,309,0.7842639593908629,False,394,323,0.8197969543147208,False,394,323,0.8197969543147208,False,323,0.8197969543147208,False,False
2025-11-06,390,307,0.7871794871794872,False,390,307,0.7871794871794872,False,307,0.7871794871794872,False,390,321,0.823076923076923,False,390,321,0.823076923076923,False,321,0.823076923076923,False,False
2025-11-07,391,309,0.7902813299232737,False,391,309,0.7902813299232737,False,309,0.7902813299232737,False,391,323,0.8260869565217391,False,391,323,0.8260869565217391,False,323,0.8260869565217391,False,False
2025-11-10,394,311,0.7893401015228426,False,394,311,0.7893401015228426,False,311,0.7893401015228426,False,394,325,0.8248730964467005,False,394,325,0.8248730964467005,False,325,0.8248730964467005,False,False
2025-11-11,393,310,0.7888040712468194,False,393,310,0.7888040712468194,False,310,0.7888040712468194,False,393,324,0.8244274809160306,False,393,324,0.8244274809160306,False,324,0.8244274809160306,False,False
2025-11-12,393,310,0.7888040712468194,False,393,310,0.7888040712468194,False,310,0.7888040712468194,False,393,324,0.8244274809160306,False,393,324,0.8244274809160306,False,324,0.8244274809160306,False,False
2025-11-13,393,310,0.7888040712468194,False,393,310,0.7888040712468194,False,310,0.7888040712468194,False,393,324,0.8244274809160306,False,393,324,0.8244274809160306,False,324,0.8244274809160306,False,False
2025-11-14,393,310,0.7888040712468194,False,393,310,0.7888040712468194,False,310,0.7888040712468194,False,393,324,0.8244274809160306,False,393,324,0.8244274809160306,False,324,0.8244274809160306,False,False
2025-11-17,393,310,0.7888040712468194,False,393,310,0.7888040712468194,False,310,0.7888040712468194,False,393,325,0.8269720101781171,False,393,325,0.8269720101781171,False,325,0.8269720101781171,False,False
2025-11-18,390,307,0.7871794871794872,False,390,307,0.7871794871794872,False,307,0.7871794871794872,False,390,322,0.8256410256410256,False,390,322,0.8256410256410256,False,322,0.8256410256410256,False,False
2025-11-19,393,309,0.7862595419847328,False,393,309,0.7862595419847328,False,309,0.7862595419847328,False,393,324,0.8244274809160306,False,393,324,0.8244274809160306,False,324,0.8244274809160306,False,False
2025-11-20,392,308,0.7857142857142857,False,392,308,0.7857142857142857,False,308,0.7857142857142857,False,392,323,0.8239795918367347,False,392,323,0.8239795918367347,False,323,0.8239795918367347,False,False
2025-11-21,389,304,0.781491002570694,False,389,304,0.781491002570694,False,304,0.781491002570694,False,389,319,0.8200514138817481,False,389,319,0.8200514138817481,False,319,0.8200514138817481,False,False
2025-11-24,392,306,0.7806122448979592,False,392,306,0.7806122448979592,False,306,0.7806122448979592,False,392,321,0.8188775510204082,False,392,321,0.8188775510204082,False,321,0.8188775510204082,False,False
2025-11-25,394,308,0.7817258883248731,False,394,308,0.7817258883248731,False,308,0.7817258883248731,False,394,323,0.8197969543147208,False,394,323,0.8197969543147208,False,323,0.8197969543147208,False,False
2025-11-26,390,305,0.782051282051282,False,390,305,0.782051282051282,False,305,0.782051282051282,False,390,320,0.8205128205128205,False,390,320,0.8205128205128205,False,320,0.8205128205128205,False,False
2025-11-27,389,305,0.7840616966580977,False,389,305,0.7840616966580977,False,305,0.7840616966580977,False,389,320,0.8226221079691517,False,389,320,0.8226221079691517,False,320,0.8226221079691517,False,False
2025-11-28,389,303,0.7789203084832905,False,389,303,0.7789203084832905,False,303,0.7789203084832905,False,389,318,0.8174807197943444,False,389,318,0.8174807197943444,False,318,0.8174807197943444,False,False
2025-12-01,391,305,0.7800511508951407,False,391,305,0.7800511508951407,False,305,0.7800511508951407,False,391,320,0.8184143222506394,False,391,320,0.8184143222506394,False,320,0.8184143222506394,False,False
2025-12-02,389,305,0.7840616966580977,False,389,305,0.7840616966580977,False,305,0.7840616966580977,False,389,320,0.8226221079691517,False,389,320,0.8226221079691517,False,320,0.8226221079691517,False,False
2025-12-03,393,306,0.7786259541984732,False,393,306,0.7786259541984732,False,306,0.7786259541984732,False,393,321,0.816793893129771,False,393,321,0.816793893129771,False,321,0.816793893129771,False,False
2025-12-04,393,306,0.7786259541984732,False,393,306,0.7786259541984732,False,306,0.7786259541984732,False,393,322,0.8193384223918575,False,393,322,0.8193384223918575,False,322,0.8193384223918575,False,False
2025-12-05,387,303,0.7829457364341085,False,387,303,0.7829457364341085,False,303,0.7829457364341085,False,387,319,0.8242894056847545,False,387,319,0.8242894056847545,False,319,0.8242894056847545,False,False
2025-12-08,390,305,0.782051282051282,False,390,305,0.782051282051282,False,305,0.782051282051282,False,390,321,0.823076923076923,False,390,321,0.823076923076923,False,321,0.823076923076923,False,False
2025-12-09,390,305,0.782051282051282,False,390,305,0.782051282051282,False,305,0.782051282051282,False,390,321,0.823076923076923,False,390,321,0.823076923076923,False,321,0.823076923076923,False,False
2025-12-10,390,303,0.7769230769230769,False,390,303,0.7769230769230769,False,303,0.7769230769230769,False,390,320,0.8205128205128205,False,390,320,0.8205128205128205,False,320,0.8205128205128205,False,False
2025-12-11,391,305,0.7800511508951407,False,391,305,0.7800511508951407,False,305,0.7800511508951407,False,391,322,0.8235294117647058,False,391,322,0.8235294117647058,False,322,0.8235294117647058,False,False
2025-12-12,392,305,0.7780612244897959,False,392,305,0.7780612244897959,False,305,0.7780612244897959,False,392,322,0.8214285714285714,False,392,322,0.8214285714285714,False,322,0.8214285714285714,False,False
2025-12-15,388,301,0.7757731958762887,False,388,301,0.7757731958762887,False,301,0.7757731958762887,False,388,318,0.8195876288659794,False,388,318,0.8195876288659794,False,318,0.8195876288659794,False,False
2025-12-16,386,300,0.7772020725388601,False,386,300,0.7772020725388601,False,300,0.7772020725388601,False,386,317,0.8212435233160622,False,386,317,0.8212435233160622,False,317,0.8212435233160622,False,False
2025-12-17,387,300,0.7751937984496124,False,387,300,0.7751937984496124,False,300,0.7751937984496124,False,387,317,0.8191214470284238,False,387,317,0.8191214470284238,False,317,0.8191214470284238,False,False
2025-12-18,387,299,0.772609819121447,False,387,299,0.772609819121447,False,299,0.772609819121447,False,387,316,0.8165374677002584,False,387,316,0.8165374677002584,False,316,0.8165374677002584,False,False
2025-12-19,388,302,0.7783505154639175,False,388,302,0.7783505154639175,False,302,0.7783505154639175,False,388,318,0.8195876288659794,False,388,318,0.8195876288659794,False,318,0.8195876288659794,False,False
2025-12-22,389,303,0.7789203084832905,False,389,303,0.7789203084832905,False,303,0.7789203084832905,False,389,319,0.8200514138817481,False,389,319,0.8200514138817481,False,319,0.8200514138817481,False,False
2025-12-23,391,305,0.7800511508951407,False,391,305,0.7800511508951407,False,305,0.7800511508951407,False,391,321,0.8209718670076727,False,391,321,0.8209718670076727,False,321,0.8209718670076727,False,False
2025-12-24,390,304,0.7794871794871795,False,390,304,0.7794871794871795,False,304,0.7794871794871795,False,390,320,0.8205128205128205,False,390,320,0.8205128205128205,False,320,0.8205128205128205,False,False
2025-12-29,390,303,0.7769230769230769,False,390,303,0.7769230769230769,False,303,0.7769230769230769,False,390,319,0.8179487179487179,False,390,319,0.8179487179487179,False,319,0.8179487179487179,False,False
2025-12-30,391,303,0.7749360613810742,False,391,303,0.7749360613810742,False,303,0.7749360613810742,False,391,319,0.8158567774936062,False,391,319,0.8158567774936062,False,319,0.8158567774936062,False,False
2026-01-02,388,300,0.7731958762886598,False,388,300,0.7731958762886598,False,300,0.7731958762886598,False,388,316,0.8144329896907216,False,388,316,0.8144329896907216,False,316,0.8144329896907216,False,False
2026-01-05,383,296,0.7728459530026109,False,383,296,0.7728459530026109,False,296,0.7728459530026109,False,383,312,0.814621409921671,False,383,312,0.814621409921671,False,312,0.814621409921671,False,False
2026-01-06,384,296,0.7708333333333334,False,384,296,0.7708333333333334,False,296,0.7708333333333334,False,384,312,0.8125,False,384,312,0.8125,False,312,0.8125,False,False
2026-01-07,384,296,0.7708333333333334,False,384,296,0.7708333333333334,False,296,0.7708333333333334,False,384,312,0.8125,False,384,312,0.8125,False,312,0.8125,False,False
2026-01-08,386,296,0.7668393782383419,False,386,296,0.7668393782383419,False,296,0.7668393782383419,False,386,313,0.810880829015544,False,386,313,0.810880829015544,False,313,0.810880829015544,False,False
2026-01-09,385,295,0.7662337662337663,False,385,295,0.7662337662337663,False,295,0.7662337662337663,False,385,312,0.8103896103896104,False,385,312,0.8103896103896104,False,312,0.8103896103896104,False,False
2026-01-12,386,295,0.7642487046632125,False,386,295,0.7642487046632125,False,295,0.7642487046632125,False,386,312,0.8082901554404145,False,386,312,0.8082901554404145,False,312,0.8082901554404145,False,False
2026-01-13,384,296,0.7708333333333334,False,384,296,0.7708333333333334,False,296,0.7708333333333334,False,384,313,0.8151041666666666,False,384,313,0.8151041666666666,False,313,0.8151041666666666,False,False
2026-01-14,385,297,0.7714285714285715,False,385,297,0.7714285714285715,False,297,0.7714285714285715,False,385,314,0.8155844155844156,False,385,314,0.8155844155844156,False,314,0.8155844155844156,False,False
2026-01-15,387,299,0.772609819121447,False,387,299,0.772609819121447,False,299,0.772609819121447,False,387,316,0.8165374677002584,False,387,316,0.8165374677002584,False,316,0.8165374677002584,False,False
2026-01-19,392,304,0.7755102040816326,False,392,304,0.7755102040816326,False,304,0.7755102040816326,False,392,321,0.8188775510204082,False,392,321,0.8188775510204082,False,321,0.8188775510204082,False,False
2026-01-20,394,306,0.7766497461928934,False,394,306,0.7766497461928934,False,306,0.7766497461928934,False,394,323,0.8197969543147208,False,394,323,0.8197969543147208,False,323,0.8197969543147208,False,False
2026-01-21,400,313,0.7825,False,400,313,0.7825,False,313,0.7825,False,400,330,0.825,False,400,330,0.825,False,330,0.825,False,False
2026-01-22,407,318,0.7813267813267813,False,407,318,0.7813267813267813,False,318,0.7813267813267813,False,407,334,0.8206388206388207,False,407,334,0.8206388206388207,False,334,0.8206388206388207,False,False
2026-01-23,412,324,0.7864077669902912,False,412,324,0.7864077669902912,False,324,0.7864077669902912,False,412,340,0.8252427184466019,False,412,340,0.8252427184466019,False,340,0.8252427184466019,False,False
2026-01-26,410,322,0.7853658536585366,False,410,322,0.7853658536585366,False,322,0.7853658536585366,False,410,338,0.824390243902439,False,410,338,0.824390243902439,False,338,0.824390243902439,False,False
2026-01-27,417,328,0.7865707434052758,False,417,328,0.7865707434052758,False,328,0.7865707434052758,False,417,344,0.8249400479616307,False,417,344,0.8249400479616307,False,344,0.8249400479616307,False,False
2026-01-28,420,331,0.7880952380952381,False,420,331,0.7880952380952381,False,331,0.7880952380952381,False,420,347,0.8261904761904761,False,420,347,0.8261904761904761,False,347,0.8261904761904761,False,False
2026-01-29,424,333,0.785377358490566,False,424,333,0.785377358490566,False,333,0.785377358490566,False,424,350,0.8254716981132075,False,424,350,0.8254716981132075,False,350,0.8254716981132075,False,False
2026-01-30,423,332,0.7848699763593381,False,423,332,0.7848699763593381,False,332,0.7848699763593381,False,423,349,0.8250591016548463,False,423,349,0.8250591016548463,False,349,0.8250591016548463,False,False
2026-02-02,423,332,0.7848699763593381,False,423,332,0.7848699763593381,False,332,0.7848699763593381,False,423,349,0.8250591016548463,False,423,349,0.8250591016548463,False,349,0.8250591016548463,False,False
2026-02-03,425,334,0.7858823529411765,False,425,334,0.7858823529411765,False,334,0.7858823529411765,False,425,351,0.8258823529411765,False,425,351,0.8258823529411765,False,351,0.8258823529411765,False,False
2026-02-04,423,332,0.7848699763593381,False,423,332,0.7848699763593381,False,332,0.7848699763593381,False,423,349,0.8250591016548463,False,423,349,0.8250591016548463,False,349,0.8250591016548463,False,False
2026-02-05,424,333,0.785377358490566,False,424,333,0.785377358490566,False,333,0.785377358490566,False,424,350,0.8254716981132075,False,424,350,0.8254716981132075,False,350,0.8254716981132075,False,False
2026-02-06,427,336,0.7868852459016393,False,427,336,0.7868852459016393,False,336,0.7868852459016393,False,427,353,0.8266978922716628,False,427,353,0.8266978922716628,False,353,0.8266978922716628,False,False
2026-02-09,428,337,0.7873831775700935,False,428,337,0.7873831775700935,False,337,0.7873831775700935,False,428,354,0.8271028037383178,False,428,354,0.8271028037383178,False,354,0.8271028037383178,False,False
2026-02-10,428,337,0.7873831775700935,False,428,337,0.7873831775700935,False,337,0.7873831775700935,False,428,354,0.8271028037383178,False,428,354,0.8271028037383178,False,354,0.8271028037383178,False,False
2026-02-11,427,335,0.7845433255269321,False,427,335,0.7845433255269321,False,335,0.7845433255269321,False,427,352,0.8243559718969555,False,427,352,0.8243559718969555,False,352,0.8243559718969555,False,False
2026-02-12,426,334,0.784037558685446,False,426,334,0.784037558685446,False,334,0.784037558685446,False,426,351,0.823943661971831,False,426,351,0.823943661971831,False,351,0.823943661971831,False,False
2026-02-13,429,337,0.7855477855477856,False,429,337,0.7855477855477856,False,337,0.7855477855477856,False,429,354,0.8251748251748252,False,429,354,0.8251748251748252,False,354,0.8251748251748252,False,False
2026-02-18,427,334,0.7822014051522248,False,427,334,0.7822014051522248,False,334,0.7822014051522248,False,427,351,0.8220140515222483,False,427,351,0.8220140515222483,False,351,0.8220140515222483,False,False
2026-02-19,427,334,0.7822014051522248,False,427,334,0.7822014051522248,False,334,0.7822014051522248,False,427,352,0.8243559718969555,False,427,352,0.8243559718969555,False,352,0.8243559718969555,False,False
2026-02-20,427,334,0.7822014051522248,False,427,334,0.7822014051522248,False,334,0.7822014051522248,False,427,352,0.8243559718969555,False,427,352,0.8243559718969555,False,352,0.8243559718969555,False,False
2026-02-23,425,332,0.7811764705882352,False,425,332,0.7811764705882352,False,332,0.7811764705882352,False,425,350,0.8235294117647058,False,425,350,0.8235294117647058,False,350,0.8235294117647058,False,False
2026-02-24,431,336,0.7795823665893271,False,431,336,0.7795823665893271,False,336,0.7795823665893271,False,431,354,0.8213457076566125,False,431,354,0.8213457076566125,False,354,0.8213457076566125,False,False
2026-02-25,431,336,0.7795823665893271,False,431,336,0.7795823665893271,False,336,0.7795823665893271,False,431,354,0.8213457076566125,False,431,354,0.8213457076566125,False,354,0.8213457076566125,False,False
2026-02-26,428,335,0.7827102803738317,False,428,335,0.7827102803738317,False,335,0.7827102803738317,False,428,352,0.822429906542056,False,428,352,0.822429906542056,False,352,0.822429906542056,False,False
2026-02-27,428,335,0.7827102803738317,False,428,335,0.7827102803738317,False,335,0.7827102803738317,False,428,352,0.822429906542056,False,428,352,0.822429906542056,False,352,0.822429906542056,False,False
2026-03-02,427,334,0.7822014051522248,False,427,334,0.7822014051522248,False,334,0.7822014051522248,False,427,352,0.8243559718969555,False,427,352,0.8243559718969555,False,352,0.8243559718969555,False,False
2026-03-03,431,337,0.7819025522041764,False,431,337,0.7819025522041764,False,337,0.7819025522041764,False,431,355,0.8236658932714617,False,431,355,0.8236658932714617,False,355,0.8236658932714617,False,False
2026-03-04,433,340,0.7852193995381063,False,433,340,0.7852193995381063,False,340,0.7852193995381063,False,433,358,0.8267898383371824,False,433,358,0.8267898383371824,False,358,0.8267898383371824,False,False
2026-03-05,429,335,0.7808857808857809,False,429,335,0.7808857808857809,False,335,0.7808857808857809,False,429,353,0.8228438228438228,False,429,353,0.8228438228438228,False,353,0.8228438228438228,False,False
2026-03-06,426,332,0.7793427230046949,False,426,332,0.7793427230046949,False,332,0.7793427230046949,False,426,350,0.8215962441314554,False,426,350,0.8215962441314554,False,350,0.8215962441314554,False,False
2026-03-09,422,327,0.7748815165876777,False,422,327,0.7748815165876777,False,327,0.7748815165876777,False,422,345,0.8175355450236966,False,422,345,0.8175355450236966,False,345,0.8175355450236966,False,False
2026-03-10,416,323,0.7764423076923077,False,416,323,0.7764423076923077,False,323,0.7764423076923077,False,416,340,0.8173076923076923,False,416,340,0.8173076923076923,False,340,0.8173076923076923,False,False
2026-03-11,414,321,0.7753623188405797,False,414,321,0.7753623188405797,False,321,0.7753623188405797,False,414,338,0.8164251207729468,False,414,338,0.8164251207729468,False,338,0.8164251207729468,False,False
2026-03-12,416,322,0.7740384615384616,False,416,322,0.7740384615384616,False,322,0.7740384615384616,False,416,339,0.8149038461538461,False,416,339,0.8149038461538461,False,339,0.8149038461538461,False,False
2026-03-13,414,320,0.7729468599033816,False,414,320,0.7729468599033816,False,320,0.7729468599033816,False,414,337,0.8140096618357487,False,414,337,0.8140096618357487,False,337,0.8140096618357487,False,False
2026-03-16,411,317,0.7712895377128953,False,411,317,0.7712895377128953,False,317,0.7712895377128953,False,411,334,0.8126520681265207,False,411,334,0.8126520681265207,False,334,0.8126520681265207,False,False
2026-03-17,407,314,0.7714987714987716,False,407,314,0.7714987714987716,False,314,0.7714987714987716,False,407,331,0.8132678132678133,False,407,331,0.8132678132678133,False,331,0.8132678132678133,False,False
2026-03-25,407,315,0.773955773955774,False,407,315,0.773955773955774,False,315,0.773955773955774,False,407,331,0.8132678132678133,False,407,331,0.8132678132678133,False,331,0.8132678132678133,False,False
2026-03-26,402,311,0.7736318407960199,False,402,311,0.7736318407960199,False,311,0.7736318407960199,False,402,326,0.8109452736318408,False,402,326,0.8109452736318408,False,326,0.8109452736318408,False,False
2026-03-27,399,308,0.7719298245614035,False,399,308,0.7719298245614035,False,308,0.7719298245614035,False,399,323,0.8095238095238095,False,399,323,0.8095238095238095,False,323,0.8095238095238095,False,False
2026-03-30,396,305,0.7702020202020202,False,396,305,0.7702020202020202,False,305,0.7702020202020202,False,396,320,0.8080808080808081,False,396,320,0.8080808080808081,False,320,0.8080808080808081,False,False
2026-03-31,395,305,0.7721518987341772,False,395,305,0.7721518987341772,False,305,0.7721518987341772,False,395,320,0.810126582278481,False,395,320,0.810126582278481,False,320,0.810126582278481,False,False
2026-04-01,390,301,0.7717948717948718,False,390,301,0.7717948717948718,False,301,0.7717948717948718,False,390,316,0.8102564102564103,False,390,316,0.8102564102564103,False,316,0.8102564102564103,False,False
2026-04-02,390,301,0.7717948717948718,False,390,301,0.7717948717948718,False,301,0.7717948717948718,False,390,316,0.8102564102564103,False,390,316,0.8102564102564103,False,316,0.8102564102564103,False,False
2026-04-06,389,299,0.7686375321336761,False,389,299,0.7686375321336761,False,299,0.7686375321336761,False,389,315,0.8097686375321337,False,389,315,0.8097686375321337,False,315,0.8097686375321337,False,False
2026-04-07,388,298,0.7680412371134021,False,388,298,0.7680412371134021,False,298,0.7680412371134021,False,388,314,0.8092783505154639,False,388,314,0.8092783505154639,False,314,0.8092783505154639,False,False
2026-04-08,387,297,0.7674418604651163,False,387,297,0.7674418604651163,False,297,0.7674418604651163,False,387,313,0.8087855297157622,False,387,313,0.8087855297157622,False,313,0.8087855297157622,False,False
2026-04-09,387,297,0.7674418604651163,False,387,297,0.7674418604651163,False,297,0.7674418604651163,False,387,313,0.8087855297157622,False,387,313,0.8087855297157622,False,313,0.8087855297157622,False,False
2026-04-10,385,295,0.7662337662337663,False,385,295,0.7662337662337663,False,295,0.7662337662337663,False,385,311,0.8077922077922078,False,385,311,0.8077922077922078,False,311,0.8077922077922078,False,False
2026-04-13,381,293,0.7690288713910761,False,381,293,0.7690288713910761,False,293,0.7690288713910761,False,381,308,0.8083989501312336,False,381,308,0.8083989501312336,False,308,0.8083989501312336,False,False
2026-04-14,380,291,0.7657894736842106,False,380,291,0.7657894736842106,False,291,0.7657894736842106,False,380,306,0.8052631578947368,False,380,306,0.8052631578947368,False,306,0.8052631578947368,False,False
2026-04-15,376,289,0.7686170212765957,False,376,289,0.7686170212765957,False,289,0.7686170212765957,False,376,302,0.8031914893617021,False,376,302,0.8031914893617021,False,302,0.8031914893617021,False,False
2026-04-16,376,287,0.7632978723404256,False,376,287,0.7632978723404256,False,287,0.7632978723404256,False,376,301,0.800531914893617,False,376,301,0.800531914893617,False,301,0.800531914893617,False,False
2026-04-17,376,287,0.7632978723404256,False,376,287,0.7632978723404256,False,287,0.7632978723404256,False,376,301,0.800531914893617,False,376,301,0.800531914893617,False,301,0.800531914893617,False,False
2026-04-20,375,287,0.7653333333333333,False,375,287,0.7653333333333333,False,287,0.7653333333333333,False,375,300,0.8,False,375,300,0.8,False,300,0.8,False,False
2026-04-21,376,288,0.7659574468085106,False,376,288,0.7659574468085106,False,288,0.7659574468085106,False,376,301,0.800531914893617,False,376,301,0.800531914893617,False,301,0.800531914893617,False,False
2026-04-22,375,287,0.7653333333333333,False,375,287,0.7653333333333333,False,287,0.7653333333333333,False,375,300,0.8,False,375,300,0.8,False,300,0.8,False,False
2026-04-23,373,284,0.7613941018766756,False,373,284,0.7613941018766756,False,284,0.7613941018766756,False,373,297,0.7962466487935657,False,373,297,0.7962466487935657,False,297,0.7962466487935657,False,False
2026-04-24,371,282,0.7601078167115903,False,371,282,0.7601078167115903,False,282,0.7601078167115903,False,371,295,0.7951482479784366,False,371,295,0.7951482479784366,False,295,0.7951482479784366,False,False
2026-04-27,371,282,0.7601078167115903,False,371,282,0.7601078167115903,False,282,0.7601078167115903,False,371,295,0.7951482479784366,False,371,295,0.7951482479784366,False,295,0.7951482479784366,False,False
2026-04-28,369,280,0.7588075880758808,False,369,280,0.7588075880758808,False,280,0.7588075880758808,False,369,293,0.7940379403794038,False,369,293,0.7940379403794038,False,293,0.7940379403794038,False,False
2026-04-29,366,278,0.7595628415300546,False,366,278,0.7595628415300546,False,278,0.7595628415300546,False,366,290,0.7923497267759563,False,366,290,0.7923497267759563,False,290,0.7923497267759563,False,False
2026-04-30,364,277,0.760989010989011,False,364,277,0.760989010989011,False,277,0.760989010989011,False,364,288,0.7912087912087912,False,364,288,0.7912087912087912,False,288,0.7912087912087912,False,False
2026-05-04,365,278,0.7616438356164383,False,365,278,0.7616438356164383,False,278,0.7616438356164383,False,365,289,0.7917808219178082,False,365,289,0.7917808219178082,False,289,0.7917808219178082,False,False
2026-05-05,362,276,0.7624309392265194,False,362,276,0.7624309392265194,False,276,0.7624309392265194,False,362,287,0.7928176795580111,False,362,287,0.7928176795580111,False,287,0.7928176795580111,False,False
2026-05-06,363,278,0.7658402203856749,False,363,278,0.7658402203856749,False,278,0.7658402203856749,False,363,289,0.7961432506887053,False,363,289,0.7961432506887053,False,289,0.7961432506887053,False,False
2026-05-07,362,277,0.7651933701657458,False,362,277,0.7651933701657458,False,277,0.7651933701657458,False,362,288,0.7955801104972375,False,362,288,0.7955801104972375,False,288,0.7955801104972375,False,False
2026-05-08,361,276,0.7645429362880887,False,361,276,0.7645429362880887,False,276,0.7645429362880887,False,361,287,0.7950138504155124,False,361,287,0.7950138504155124,False,287,0.7950138504155124,False,False
2026-05-11,362,278,0.7679558011049724,False,362,278,0.7679558011049724,False,278,0.7679558011049724,False,362,289,0.7983425414364641,False,362,289,0.7983425414364641,False,289,0.7983425414364641,False,False
2026-05-12,361,277,0.7673130193905817,False,361,277,0.7673130193905817,False,277,0.7673130193905817,False,361,288,0.7977839335180056,False,361,288,0.7977839335180056,False,288,0.7977839335180056,False,False
2026-05-13,362,277,0.7651933701657458,False,362,277,0.7651933701657458,False,277,0.7651933701657458,False,362,289,0.7983425414364641,False,362,289,0.7983425414364641,False,289,0.7983425414364641,False,False
2026-05-18,361,277,0.7673130193905817,False,361,277,0.7673130193905817,False,277,0.7673130193905817,False,361,289,0.8005540166204986,False,361,289,0.8005540166204986,False,289,0.8005540166204986,False,False
2026-05-19,359,275,0.766016713091922,False,359,275,0.766016713091922,False,275,0.766016713091922,False,359,287,0.7994428969359332,False,359,287,0.7994428969359332,False,287,0.7994428969359332,False,False
2026-05-20,356,272,0.7640449438202247,False,356,272,0.7640449438202247,False,272,0.7640449438202247,False,356,284,0.797752808988764,False,356,284,0.797752808988764,False,284,0.797752808988764,False,False
2026-05-21,355,271,0.7633802816901408,False,355,271,0.7633802816901408,False,271,0.7633802816901408,False,355,283,0.7971830985915493,False,355,283,0.7971830985915493,False,283,0.7971830985915493,False,False
2026-05-22,353,269,0.7620396600566572,False,353,269,0.7620396600566572,False,269,0.7620396600566572,False,353,281,0.7960339943342776,False,353,281,0.7960339943342776,False,281,0.7960339943342776,False,False
2026-05-25,350,266,0.76,False,350,266,0.76,False,266,0.76,False,350,278,0.7942857142857143,False,350,278,0.7942857142857143,False,278,0.7942857142857143,False,False
2026-05-26,348,265,0.7614942528735632,False,348,265,0.7614942528735632,False,265,0.7614942528735632,False,348,277,0.7959770114942529,False,348,277,0.7959770114942529,False,277,0.7959770114942529,False,False
2026-05-29,346,264,0.7630057803468208,False,346,264,0.7630057803468208,False,264,0.7630057803468208,False,346,275,0.7947976878612717,False,346,275,0.7947976878612717,False,275,0.7947976878612717,False,False
2026-06-02,343,263,0.7667638483965015,False,343,263,0.7667638483965015,False,263,0.7667638483965015,False,343,274,0.7988338192419825,False,343,274,0.7988338192419825,False,274,0.7988338192419825,False,False
2026-06-03,339,261,0.7699115044247787,False,339,261,0.7699115044247787,False,261,0.7699115044247787,False,339,271,0.799410029498525,False,339,271,0.799410029498525,False,271,0.799410029498525,False,False
2026-06-04,337,261,0.7744807121661721,False,337,261,0.7744807121661721,False,261,0.7744807121661721,False,337,271,0.8041543026706232,False,337,271,0.8041543026706232,False,271,0.8041543026706232,False,False
2026-06-05,334,258,0.7724550898203593,False,334,258,0.7724550898203593,False,258,0.7724550898203593,False,334,268,0.8023952095808383,False,334,268,0.8023952095808383,False,268,0.8023952095808383,False,False
2026-06-08,332,257,0.7740963855421686,False,332,257,0.7740963855421686,False,257,0.7740963855421686,False,332,267,0.8042168674698795,False,332,267,0.8042168674698795,False,267,0.8042168674698795,False,False
2026-06-09,330,256,0.7757575757575758,False,330,256,0.7757575757575758,False,256,0.7757575757575758,False,330,266,0.806060606060606,False,330,266,0.806060606060606,False,266,0.806060606060606,False,False
2026-06-10,329,256,0.7781155015197568,False,329,256,0.7781155015197568,False,256,0.7781155015197568,False,329,266,0.8085106382978723,False,329,266,0.8085106382978723,False,266,0.8085106382978723,False,False
2026-06-11,329,256,0.7781155015197568,False,329,256,0.7781155015197568,False,256,0.7781155015197568,False,329,266,0.8085106382978723,False,329,266,0.8085106382978723,False,266,0.8085106382978723,False,False
2026-06-12,326,253,0.7760736196319018,False,326,253,0.7760736196319018,False,253,0.7760736196319018,False,326,263,0.8067484662576687,False,326,263,0.8067484662576687,False,263,0.8067484662576687,False,False
2026-06-15,328,255,0.7774390243902439,False,328,255,0.7774390243902439,False,255,0.7774390243902439,False,328,265,0.8079268292682927,False,328,265,0.8079268292682927,False,265,0.8079268292682927,False,False
2026-06-17,328,254,0.774390243902439,False,328,254,0.774390243902439,False,254,0.774390243902439,False,328,264,0.8048780487804879,False,328,264,0.8048780487804879,False,264,0.8048780487804879,False,False
2026-06-18,327,253,0.7737003058103975,False,327,253,0.7737003058103975,False,253,0.7737003058103975,False,327,263,0.8042813455657493,False,327,263,0.8042813455657493,False,263,0.8042813455657493,False,False
2026-06-19,325,251,0.7723076923076924,False,325,251,0.7723076923076924,False,251,0.7723076923076924,False,325,261,0.803076923076923,False,325,261,0.803076923076923,False,261,0.803076923076923,False,False
2026-06-22,322,250,0.7763975155279503,False,322,250,0.7763975155279503,False,250,0.7763975155279503,False,322,260,0.8074534161490683,False,322,260,0.8074534161490683,False,260,0.8074534161490683,False,False
2026-06-23,323,251,0.7770897832817337,False,323,250,0.7739938080495357,False,250,0.7739938080495357,False,323,261,0.8080495356037152,False,323,260,0.804953560371517,False,260,0.804953560371517,False,False
2026-06-24,323,251,0.7770897832817337,False,323,250,0.7739938080495357,False,250,0.7739938080495357,False,323,261,0.8080495356037152,False,323,260,0.804953560371517,False,260,0.804953560371517,False,False
2026-06-25,321,249,0.7757009345794392,False,321,245,0.7632398753894081,False,245,0.7632398753894081,False,321,259,0.8068535825545171,False,321,255,0.794392523364486,False,255,0.794392523364486,False,False
2026-06-26,320,248,0.775,False,320,244,0.7625,False,244,0.7625,False,320,258,0.80625,False,320,254,0.79375,False,254,0.79375,False,False
2026-06-29,318,247,0.7767295597484277,False,318,243,0.7641509433962265,False,243,0.7641509433962265,False,318,257,0.8081761006289309,False,318,253,0.7955974842767296,False,253,0.7955974842767296,False,False
2026-06-30,314,242,0.7707006369426752,False,314,239,0.7611464968152867,False,239,0.7611464968152867,False,314,252,0.802547770700637,False,314,249,0.7929936305732485,False,249,0.7929936305732485,False,False
2026-07-01,314,243,0.7738853503184714,False,314,241,0.767515923566879,False,241,0.767515923566879,False,314,253,0.8057324840764332,False,314,251,0.7993630573248408,False,251,0.7993630573248408,False,False
2026-07-02,312,239,0.7660256410256411,False,312,239,0.7660256410256411,False,239,0.7660256410256411,False,312,249,0.7980769230769231,False,312,249,0.7980769230769231,False,249,0.7980769230769231,False,False
2026-07-03,314,240,0.7643312101910829,False,314,240,0.7643312101910829,False,240,0.7643312101910829,False,314,250,0.7961783439490446,False,314,250,0.7961783439490446,False,250,0.7961783439490446,False,False
2026-07-06,311,237,0.7620578778135049,False,311,237,0.7620578778135049,False,237,0.7620578778135049,False,311,248,0.797427652733119,False,311,248,0.797427652733119,False,248,0.797427652733119,False,False
2026-07-07,312,237,0.7596153846153846,False,312,237,0.7596153846153846,False,237,0.7596153846153846,False,312,248,0.7948717948717948,False,312,248,0.7948717948717948,False,248,0.7948717948717948,False,False
2026-07-08,312,240,0.7692307692307693,False,312,240,0.7692307692307693,False,240,0.7692307692307693,False,312,251,0.8044871794871795,False,312,251,0.8044871794871795,False,251,0.8044871794871795,False,False
2026-07-09,312,240,0.7692307692307693,False,312,240,0.7692307692307693,False,240,0.7692307692307693,False,312,251,0.8044871794871795,False,312,251,0.8044871794871795,False,251,0.8044871794871795,False,False
2026-07-10,312,240,0.7692307692307693,False,312,240,0.7692307692307693,False,240,0.7692307692307693,False,312,251,0.8044871794871795,False,312,251,0.8044871794871795,False,251,0.8044871794871795,False,False
2026-07-13,311,239,0.7684887459807074,False,311,239,0.7684887459807074,False,239,0.7684887459807074,False,311,250,0.8038585209003215,False,311,250,0.8038585209003215,False,250,0.8038585209003215,False,False
2026-07-14,309,237,0.7669902912621359,False,309,237,0.7669902912621359,False,237,0.7669902912621359,False,309,248,0.8025889967637541,False,309,248,0.8025889967637541,False,248,0.8025889967637541,False,False
2026-07-15,308,237,0.7694805194805194,False,308,237,0.7694805194805194,False,237,0.7694805194805194,False,308,248,0.8051948051948052,False,308,248,0.8051948051948052,False,248,0.8051948051948052,False,False
2026-07-16,306,236,0.7712418300653595,False,306,236,0.7712418300653595,False,236,0.7712418300653595,False,306,247,0.8071895424836601,False,306,247,0.8071895424836601,False,247,0.8071895424836601,False,False
2026-07-17,303,236,0.7788778877887789,False,303,236,0.7788778877887789,False,236,0.7788778877887789,False,303,246,0.8118811881188119,False,303,246,0.8118811881188119,False,246,0.8118811881188119,False,False
